Copyright 1986-2022 Xilinx, Inc. All Rights Reserved. Copyright 2022-2025 Advanced Micro Devices, Inc. All Rights Reserved.
---------------------------------------------------------------------------------------------------------------------------------------------
| Tool Version : Vivado v.2025.1 (lin64) Build 6140274 Wed May 21 22:58:25 MDT 2025
| Date         : Wed Sep 30 23:34:34 2026
| Host         : gondor running 64-bit Ubuntu 24.04.5 LTS
| Command      : report_timing_summary -max_paths 10 -file /home/elfo/Documents/Aster/build/timing/fpga/aster_bram/timing_summary.rpt
| Design       : timing_aster_bram
| Device       : 7z020-clg400
| Speed File   : -1  PRODUCTION 1.12 2019-11-22
| Design State : Routed
---------------------------------------------------------------------------------------------------------------------------------------------

Timing Summary Report

------------------------------------------------------------------------------------------------
| Timer Settings
| --------------
------------------------------------------------------------------------------------------------

  Enable Multi Corner Analysis               :  Yes
  Enable Pessimism Removal                   :  Yes
  Pessimism Removal Resolution               :  Nearest Common Node
  Enable Input Delay Default Clock           :  No
  Enable Preset / Clear Arcs                 :  No
  Disable Flight Delays                      :  No
  Ignore I/O Paths                           :  No
  Timing Early Launch at Borrowing Latches   :  No
  Borrow Time for Max Delay Exceptions       :  Yes
  Merge Timing Exceptions                    :  Yes
  Inter-SLR Compensation                     :  Conservative

  Corner  Analyze    Analyze    
  Name    Max Paths  Min Paths  
  ------  ---------  ---------  
  Slow    Yes        Yes        
  Fast    Yes        Yes        


------------------------------------------------------------------------------------------------
| Report Methodology
| ------------------
------------------------------------------------------------------------------------------------

No report available as report_methodology has not been run prior. Run report_methodology on the current design for the summary of methodology violations.



check_timing report

Table of Contents
-----------------
1. checking no_clock (0)
2. checking constant_clock (0)
3. checking pulse_width_clock (0)
4. checking unconstrained_internal_endpoints (0)
5. checking no_input_delay (1)
6. checking no_output_delay (33)
7. checking multiple_clock (0)
8. checking generated_clocks (0)
9. checking loops (0)
10. checking partial_input_delay (0)
11. checking partial_output_delay (0)
12. checking latch_loops (0)

1. checking no_clock (0)
------------------------
 There are 0 register/latch pins with no clock.


2. checking constant_clock (0)
------------------------------
 There are 0 register/latch pins with constant_clock.


3. checking pulse_width_clock (0)
---------------------------------
 There are 0 register/latch pins which need pulse_width check


4. checking unconstrained_internal_endpoints (0)
------------------------------------------------
 There are 0 pins that are not constrained for maximum delay.

 There are 0 pins that are not constrained for maximum delay due to constant clock.


5. checking no_input_delay (1)
------------------------------
 There is 1 input port with no input delay specified. (HIGH)

 There are 0 input ports with no input delay but user has a false path constraint.


6. checking no_output_delay (33)
--------------------------------
 There are 33 ports with no output delay specified. (HIGH)

 There are 0 ports with no output delay but user has a false path constraint

 There are 0 ports with no output delay but with a timing clock defined on it or propagating through it


7. checking multiple_clock (0)
------------------------------
 There are 0 register/latch pins with multiple clocks.


8. checking generated_clocks (0)
--------------------------------
 There are 0 generated clocks that are not connected to a clock source.


9. checking loops (0)
---------------------
 There are 0 combinational loops in the design.


10. checking partial_input_delay (0)
------------------------------------
 There are 0 input ports with partial input delay specified.


11. checking partial_output_delay (0)
-------------------------------------
 There are 0 ports with partial output delay specified.


12. checking latch_loops (0)
----------------------------
 There are 0 combinational latch loops in the design through latch input



------------------------------------------------------------------------------------------------
| Design Timing Summary
| ---------------------
------------------------------------------------------------------------------------------------

    WNS(ns)      TNS(ns)  TNS Failing Endpoints  TNS Total Endpoints      WHS(ns)      THS(ns)  THS Failing Endpoints  THS Total Endpoints     WPWS(ns)     TPWS(ns)  TPWS Failing Endpoints  TPWS Total Endpoints  
    -------      -------  ---------------------  -------------------      -------      -------  ---------------------  -------------------     --------     --------  ----------------------  --------------------  
      0.137        0.000                      0                 3401        0.097        0.000                      0                 3401        3.750        0.000                       0                   919  


All user specified timing constraints are met.


------------------------------------------------------------------------------------------------
| Clock Summary
| -------------
------------------------------------------------------------------------------------------------

Clock  Waveform(ns)       Period(ns)      Frequency(MHz)
-----  ------------       ----------      --------------
clk    {0.000 5.000}      10.000          100.000         


------------------------------------------------------------------------------------------------
| Intra Clock Table
| -----------------
------------------------------------------------------------------------------------------------

Clock             WNS(ns)      TNS(ns)  TNS Failing Endpoints  TNS Total Endpoints      WHS(ns)      THS(ns)  THS Failing Endpoints  THS Total Endpoints     WPWS(ns)     TPWS(ns)  TPWS Failing Endpoints  TPWS Total Endpoints  
-----             -------      -------  ---------------------  -------------------      -------      -------  ---------------------  -------------------     --------     --------  ----------------------  --------------------  
clk                 0.137        0.000                      0                 3401        0.097        0.000                      0                 3401        3.750        0.000                       0                   919  


------------------------------------------------------------------------------------------------
| Inter Clock Table
| -----------------
------------------------------------------------------------------------------------------------

From Clock    To Clock          WNS(ns)      TNS(ns)  TNS Failing Endpoints  TNS Total Endpoints      WHS(ns)      THS(ns)  THS Failing Endpoints  THS Total Endpoints  
----------    --------          -------      -------  ---------------------  -------------------      -------      -------  ---------------------  -------------------  


------------------------------------------------------------------------------------------------
| Other Path Groups Table
| -----------------------
------------------------------------------------------------------------------------------------

Path Group    From Clock    To Clock          WNS(ns)      TNS(ns)  TNS Failing Endpoints  TNS Total Endpoints      WHS(ns)      THS(ns)  THS Failing Endpoints  THS Total Endpoints  
----------    ----------    --------          -------      -------  ---------------------  -------------------      -------      -------  ---------------------  -------------------  


------------------------------------------------------------------------------------------------
| Timing Details
| --------------
------------------------------------------------------------------------------------------------


---------------------------------------------------------------------------------------------------
From Clock:  clk
  To Clock:  clk

Setup :            0  Failing Endpoints,  Worst Slack        0.137ns,  Total Violation        0.000ns
Hold  :            0  Failing Endpoints,  Worst Slack        0.097ns,  Total Violation        0.000ns
PW    :            0  Failing Endpoints,  Worst Slack        3.750ns,  Total Violation        0.000ns
---------------------------------------------------------------------------------------------------


Max Delay Paths
--------------------------------------------------------------------------------------
Slack (MET) :             0.137ns  (required time - arrival time)
  Source:                 core/fsel1_reg[0]/C
                            (rising edge-triggered cell FDSE clocked by clk  {rise@0.000ns fall@5.000ns period=10.000ns})
  Destination:            bram_samples_request.ram_reg_1_0_7/WEA[0]
                            (rising edge-triggered cell RAMB36E1 clocked by clk  {rise@0.000ns fall@5.000ns period=10.000ns})
  Path Group:             clk
  Path Type:              Setup (Max at Slow Process Corner)
  Requirement:            10.000ns  (clk rise@10.000ns - clk rise@0.000ns)
  Data Path Delay:        9.039ns  (logic 2.921ns (32.315%)  route 6.118ns (67.685%))
  Logic Levels:           13  (CARRY4=6 LUT2=1 LUT3=1 LUT4=2 LUT5=2 LUT6=1)
  Clock Path Skew:        -0.049ns (DCD - SCD + CPR)
    Destination Clock Delay (DCD):    0.924ns = ( 10.924 - 10.000 ) 
    Source Clock Delay      (SCD):    0.973ns
    Clock Pessimism Removal (CPR):    0.000ns
  Clock Uncertainty:      0.035ns  ((TSJ^2 + TIJ^2)^1/2 + DJ) / 2 + PE
    Total System Jitter     (TSJ):    0.071ns
    Total Input Jitter      (TIJ):    0.000ns
    Discrete Jitter          (DJ):    0.000ns
    Phase Error              (PE):    0.000ns

    Location             Delay type                Incr(ns)  Path(ns)    Netlist Resource(s)
  -------------------------------------------------------------------    -------------------
                         (clock clk rise edge)        0.000     0.000 r  
                                                      0.000     0.000 r  clk (IN)
                         net (fo=918, unset)          0.973     0.973    core/clk
    SLICE_X28Y14         FDSE                                         r  core/fsel1_reg[0]/C
  -------------------------------------------------------------------    -------------------
    SLICE_X28Y14         FDSE (Prop_fdse_C_Q)         0.456     1.429 r  core/fsel1_reg[0]/Q
                         net (fo=32, routed)          1.010     2.439    core/fetch/m1[result][29]_i_6[0]
    SLICE_X32Y14         LUT4 (Prop_lut4_I1_O)        0.124     2.563 r  core/fetch/e_rs1v[7]_i_3/O
                         net (fo=3, routed)           0.579     3.143    core/fetch/e_rs1v_reg[7]
    SLICE_X32Y14         LUT5 (Prop_lut5_I4_O)        0.117     3.260 r  core/fetch/e_rs1v[7]_i_2/O
                         net (fo=11, routed)          0.751     4.010    core/fetch/fsel1_reg[1]_7
    SLICE_X27Y15         LUT2 (Prop_lut2_I0_O)        0.348     4.358 r  core/fetch/bram_samples_request.ram_reg_0_0_0_i_35/O
                         net (fo=1, routed)           0.000     4.358    core/fetch/bram_samples_request.ram_reg_0_0_0_i_35_n_0
    SLICE_X27Y15         CARRY4 (Prop_carry4_S[3]_CO[3])
                                                      0.401     4.759 r  core/fetch/bram_samples_request.ram_reg_0_0_0_i_5/CO[3]
                         net (fo=1, routed)           0.000     4.759    core/fetch/bram_samples_request.ram_reg_0_0_0_i_5_n_0
    SLICE_X27Y16         CARRY4 (Prop_carry4_CI_CO[3])
                                                      0.114     4.873 r  core/fetch/bram_samples_request.ram_reg_0_0_0_i_4/CO[3]
                         net (fo=1, routed)           0.000     4.873    core/fetch/bram_samples_request.ram_reg_0_0_0_i_4_n_0
    SLICE_X27Y17         CARRY4 (Prop_carry4_CI_CO[3])
                                                      0.114     4.987 r  core/fetch/bram_samples_request.ram_reg_0_0_0_i_3/CO[3]
                         net (fo=1, routed)           0.000     4.987    core/fetch/bram_samples_request.ram_reg_0_0_0_i_3_n_0
    SLICE_X27Y18         CARRY4 (Prop_carry4_CI_CO[3])
                                                      0.114     5.101 r  core/fetch/bram_samples_request.ram_reg_0_0_0_i_2/CO[3]
                         net (fo=1, routed)           0.000     5.101    core/fetch/bram_samples_request.ram_reg_0_0_0_i_2_n_0
    SLICE_X27Y19         CARRY4 (Prop_carry4_CI_CO[3])
                                                      0.114     5.215 r  core/fetch/observe_reg[23]_i_2/CO[3]
                         net (fo=1, routed)           0.000     5.215    core/fetch/observe_reg[23]_i_2_n_0
    SLICE_X27Y20         CARRY4 (Prop_carry4_CI_O[3])
                                                      0.313     5.528 f  core/fetch/observe_reg[27]_i_2/O[3]
                         net (fo=3, routed)           0.675     6.203    core/d_req_addr[27]
    SLICE_X24Y21         LUT4 (Prop_lut4_I0_O)        0.306     6.509 r  core/d_err1_i_4/O
                         net (fo=1, routed)           0.671     7.180    core/d_err1_i_4_n_0
    SLICE_X31Y20         LUT6 (Prop_lut6_I4_O)        0.124     7.304 f  core/d_err1_i_2/O
                         net (fo=3, routed)           0.289     7.594    core/d_err1_i_2_0
    SLICE_X31Y20         LUT3 (Prop_lut3_I2_O)        0.124     7.718 r  core/bram_samples_request.ram_reg_0_0_0_i_43/O
                         net (fo=12, routed)          0.718     8.435    core/bram_samples_request.ram_reg_0_0_0_i_43_n_0
    SLICE_X31Y20         LUT5 (Prop_lut5_I4_O)        0.152     8.587 r  core/bram_samples_request.ram_reg_1_0_5_i_2/O
                         net (fo=3, routed)           1.425    10.012    core_n_97
    RAMB36_X0Y5          RAMB36E1                                     r  bram_samples_request.ram_reg_1_0_7/WEA[0]
  -------------------------------------------------------------------    -------------------

                         (clock clk rise edge)       10.000    10.000 r  
                                                      0.000    10.000 r  clk (IN)
                         net (fo=918, unset)          0.924    10.924    clk
    RAMB36_X0Y5          RAMB36E1                                     r  bram_samples_request.ram_reg_1_0_7/CLKARDCLK
                         clock pessimism              0.000    10.924    
                         clock uncertainty           -0.035    10.889    
    RAMB36_X0Y5          RAMB36E1 (Setup_ramb36e1_CLKARDCLK_WEA[0])
                                                     -0.740    10.149    bram_samples_request.ram_reg_1_0_7
  -------------------------------------------------------------------
                         required time                         10.149    
                         arrival time                         -10.012    
  -------------------------------------------------------------------
                         slack                                  0.137    

Slack (MET) :             0.150ns  (required time - arrival time)
  Source:                 core/fsel1_reg[0]/C
                            (rising edge-triggered cell FDSE clocked by clk  {rise@0.000ns fall@5.000ns period=10.000ns})
  Destination:            bram_samples_request.ram_reg_3_0_0/WEA[0]
                            (rising edge-triggered cell RAMB36E1 clocked by clk  {rise@0.000ns fall@5.000ns period=10.000ns})
  Path Group:             clk
  Path Type:              Setup (Max at Slow Process Corner)
  Requirement:            10.000ns  (clk rise@10.000ns - clk rise@0.000ns)
  Data Path Delay:        9.234ns  (logic 2.893ns (31.331%)  route 6.341ns (68.669%))
  Logic Levels:           13  (CARRY4=6 LUT2=1 LUT3=1 LUT4=2 LUT5=2 LUT6=1)
  Clock Path Skew:        -0.049ns (DCD - SCD + CPR)
    Destination Clock Delay (DCD):    0.924ns = ( 10.924 - 10.000 ) 
    Source Clock Delay      (SCD):    0.973ns
    Clock Pessimism Removal (CPR):    0.000ns
  Clock Uncertainty:      0.035ns  ((TSJ^2 + TIJ^2)^1/2 + DJ) / 2 + PE
    Total System Jitter     (TSJ):    0.071ns
    Total Input Jitter      (TIJ):    0.000ns
    Discrete Jitter          (DJ):    0.000ns
    Phase Error              (PE):    0.000ns

    Location             Delay type                Incr(ns)  Path(ns)    Netlist Resource(s)
  -------------------------------------------------------------------    -------------------
                         (clock clk rise edge)        0.000     0.000 r  
                                                      0.000     0.000 r  clk (IN)
                         net (fo=918, unset)          0.973     0.973    core/clk
    SLICE_X28Y14         FDSE                                         r  core/fsel1_reg[0]/C
  -------------------------------------------------------------------    -------------------
    SLICE_X28Y14         FDSE (Prop_fdse_C_Q)         0.456     1.429 r  core/fsel1_reg[0]/Q
                         net (fo=32, routed)          1.010     2.439    core/fetch/m1[result][29]_i_6[0]
    SLICE_X32Y14         LUT4 (Prop_lut4_I1_O)        0.124     2.563 r  core/fetch/e_rs1v[7]_i_3/O
                         net (fo=3, routed)           0.579     3.143    core/fetch/e_rs1v_reg[7]
    SLICE_X32Y14         LUT5 (Prop_lut5_I4_O)        0.117     3.260 r  core/fetch/e_rs1v[7]_i_2/O
                         net (fo=11, routed)          0.751     4.010    core/fetch/fsel1_reg[1]_7
    SLICE_X27Y15         LUT2 (Prop_lut2_I0_O)        0.348     4.358 r  core/fetch/bram_samples_request.ram_reg_0_0_0_i_35/O
                         net (fo=1, routed)           0.000     4.358    core/fetch/bram_samples_request.ram_reg_0_0_0_i_35_n_0
    SLICE_X27Y15         CARRY4 (Prop_carry4_S[3]_CO[3])
                                                      0.401     4.759 r  core/fetch/bram_samples_request.ram_reg_0_0_0_i_5/CO[3]
                         net (fo=1, routed)           0.000     4.759    core/fetch/bram_samples_request.ram_reg_0_0_0_i_5_n_0
    SLICE_X27Y16         CARRY4 (Prop_carry4_CI_CO[3])
                                                      0.114     4.873 r  core/fetch/bram_samples_request.ram_reg_0_0_0_i_4/CO[3]
                         net (fo=1, routed)           0.000     4.873    core/fetch/bram_samples_request.ram_reg_0_0_0_i_4_n_0
    SLICE_X27Y17         CARRY4 (Prop_carry4_CI_CO[3])
                                                      0.114     4.987 r  core/fetch/bram_samples_request.ram_reg_0_0_0_i_3/CO[3]
                         net (fo=1, routed)           0.000     4.987    core/fetch/bram_samples_request.ram_reg_0_0_0_i_3_n_0
    SLICE_X27Y18         CARRY4 (Prop_carry4_CI_CO[3])
                                                      0.114     5.101 r  core/fetch/bram_samples_request.ram_reg_0_0_0_i_2/CO[3]
                         net (fo=1, routed)           0.000     5.101    core/fetch/bram_samples_request.ram_reg_0_0_0_i_2_n_0
    SLICE_X27Y19         CARRY4 (Prop_carry4_CI_CO[3])
                                                      0.114     5.215 r  core/fetch/observe_reg[23]_i_2/CO[3]
                         net (fo=1, routed)           0.000     5.215    core/fetch/observe_reg[23]_i_2_n_0
    SLICE_X27Y20         CARRY4 (Prop_carry4_CI_O[3])
                                                      0.313     5.528 f  core/fetch/observe_reg[27]_i_2/O[3]
                         net (fo=3, routed)           0.675     6.203    core/d_req_addr[27]
    SLICE_X24Y21         LUT4 (Prop_lut4_I0_O)        0.306     6.509 r  core/d_err1_i_4/O
                         net (fo=1, routed)           0.671     7.180    core/d_err1_i_4_n_0
    SLICE_X31Y20         LUT6 (Prop_lut6_I4_O)        0.124     7.304 f  core/d_err1_i_2/O
                         net (fo=3, routed)           0.289     7.594    core/d_err1_i_2_0
    SLICE_X31Y20         LUT3 (Prop_lut3_I2_O)        0.124     7.718 r  core/bram_samples_request.ram_reg_0_0_0_i_43/O
                         net (fo=12, routed)          0.718     8.435    core/bram_samples_request.ram_reg_0_0_0_i_43_n_0
    SLICE_X31Y20         LUT5 (Prop_lut5_I4_O)        0.124     8.559 r  core/bram_samples_request.ram_reg_3_0_0_i_2/O
                         net (fo=3, routed)           1.648    10.207    core_n_87
    RAMB36_X1Y9          RAMB36E1                                     r  bram_samples_request.ram_reg_3_0_0/WEA[0]
  -------------------------------------------------------------------    -------------------

                         (clock clk rise edge)       10.000    10.000 r  
                                                      0.000    10.000 r  clk (IN)
                         net (fo=918, unset)          0.924    10.924    clk
    RAMB36_X1Y9          RAMB36E1                                     r  bram_samples_request.ram_reg_3_0_0/CLKARDCLK
                         clock pessimism              0.000    10.924    
                         clock uncertainty           -0.035    10.889    
    RAMB36_X1Y9          RAMB36E1 (Setup_ramb36e1_CLKARDCLK_WEA[0])
                                                     -0.532    10.357    bram_samples_request.ram_reg_3_0_0
  -------------------------------------------------------------------
                         required time                         10.357    
                         arrival time                         -10.207    
  -------------------------------------------------------------------
                         slack                                  0.150    

Slack (MET) :             0.315ns  (required time - arrival time)
  Source:                 core/fsel1_reg[0]/C
                            (rising edge-triggered cell FDSE clocked by clk  {rise@0.000ns fall@5.000ns period=10.000ns})
  Destination:            bram_samples_request.ram_reg_1_0_0/WEA[0]
                            (rising edge-triggered cell RAMB36E1 clocked by clk  {rise@0.000ns fall@5.000ns period=10.000ns})
  Path Group:             clk
  Path Type:              Setup (Max at Slow Process Corner)
  Requirement:            10.000ns  (clk rise@10.000ns - clk rise@0.000ns)
  Data Path Delay:        9.069ns  (logic 2.893ns (31.899%)  route 6.176ns (68.101%))
  Logic Levels:           13  (CARRY4=6 LUT2=1 LUT3=1 LUT4=2 LUT5=2 LUT6=1)
  Clock Path Skew:        -0.049ns (DCD - SCD + CPR)
    Destination Clock Delay (DCD):    0.924ns = ( 10.924 - 10.000 ) 
    Source Clock Delay      (SCD):    0.973ns
    Clock Pessimism Removal (CPR):    0.000ns
  Clock Uncertainty:      0.035ns  ((TSJ^2 + TIJ^2)^1/2 + DJ) / 2 + PE
    Total System Jitter     (TSJ):    0.071ns
    Total Input Jitter      (TIJ):    0.000ns
    Discrete Jitter          (DJ):    0.000ns
    Phase Error              (PE):    0.000ns

    Location             Delay type                Incr(ns)  Path(ns)    Netlist Resource(s)
  -------------------------------------------------------------------    -------------------
                         (clock clk rise edge)        0.000     0.000 r  
                                                      0.000     0.000 r  clk (IN)
                         net (fo=918, unset)          0.973     0.973    core/clk
    SLICE_X28Y14         FDSE                                         r  core/fsel1_reg[0]/C
  -------------------------------------------------------------------    -------------------
    SLICE_X28Y14         FDSE (Prop_fdse_C_Q)         0.456     1.429 r  core/fsel1_reg[0]/Q
                         net (fo=32, routed)          1.010     2.439    core/fetch/m1[result][29]_i_6[0]
    SLICE_X32Y14         LUT4 (Prop_lut4_I1_O)        0.124     2.563 r  core/fetch/e_rs1v[7]_i_3/O
                         net (fo=3, routed)           0.579     3.143    core/fetch/e_rs1v_reg[7]
    SLICE_X32Y14         LUT5 (Prop_lut5_I4_O)        0.117     3.260 r  core/fetch/e_rs1v[7]_i_2/O
                         net (fo=11, routed)          0.751     4.010    core/fetch/fsel1_reg[1]_7
    SLICE_X27Y15         LUT2 (Prop_lut2_I0_O)        0.348     4.358 r  core/fetch/bram_samples_request.ram_reg_0_0_0_i_35/O
                         net (fo=1, routed)           0.000     4.358    core/fetch/bram_samples_request.ram_reg_0_0_0_i_35_n_0
    SLICE_X27Y15         CARRY4 (Prop_carry4_S[3]_CO[3])
                                                      0.401     4.759 r  core/fetch/bram_samples_request.ram_reg_0_0_0_i_5/CO[3]
                         net (fo=1, routed)           0.000     4.759    core/fetch/bram_samples_request.ram_reg_0_0_0_i_5_n_0
    SLICE_X27Y16         CARRY4 (Prop_carry4_CI_CO[3])
                                                      0.114     4.873 r  core/fetch/bram_samples_request.ram_reg_0_0_0_i_4/CO[3]
                         net (fo=1, routed)           0.000     4.873    core/fetch/bram_samples_request.ram_reg_0_0_0_i_4_n_0
    SLICE_X27Y17         CARRY4 (Prop_carry4_CI_CO[3])
                                                      0.114     4.987 r  core/fetch/bram_samples_request.ram_reg_0_0_0_i_3/CO[3]
                         net (fo=1, routed)           0.000     4.987    core/fetch/bram_samples_request.ram_reg_0_0_0_i_3_n_0
    SLICE_X27Y18         CARRY4 (Prop_carry4_CI_CO[3])
                                                      0.114     5.101 r  core/fetch/bram_samples_request.ram_reg_0_0_0_i_2/CO[3]
                         net (fo=1, routed)           0.000     5.101    core/fetch/bram_samples_request.ram_reg_0_0_0_i_2_n_0
    SLICE_X27Y19         CARRY4 (Prop_carry4_CI_CO[3])
                                                      0.114     5.215 r  core/fetch/observe_reg[23]_i_2/CO[3]
                         net (fo=1, routed)           0.000     5.215    core/fetch/observe_reg[23]_i_2_n_0
    SLICE_X27Y20         CARRY4 (Prop_carry4_CI_O[3])
                                                      0.313     5.528 f  core/fetch/observe_reg[27]_i_2/O[3]
                         net (fo=3, routed)           0.675     6.203    core/d_req_addr[27]
    SLICE_X24Y21         LUT4 (Prop_lut4_I0_O)        0.306     6.509 r  core/d_err1_i_4/O
                         net (fo=1, routed)           0.671     7.180    core/d_err1_i_4_n_0
    SLICE_X31Y20         LUT6 (Prop_lut6_I4_O)        0.124     7.304 f  core/d_err1_i_2/O
                         net (fo=3, routed)           0.289     7.594    core/d_err1_i_2_0
    SLICE_X31Y20         LUT3 (Prop_lut3_I2_O)        0.124     7.718 r  core/bram_samples_request.ram_reg_0_0_0_i_43/O
                         net (fo=12, routed)          0.846     8.563    core/bram_samples_request.ram_reg_0_0_0_i_43_n_0
    SLICE_X29Y12         LUT5 (Prop_lut5_I4_O)        0.124     8.687 r  core/bram_samples_request.ram_reg_1_0_0_i_2/O
                         net (fo=3, routed)           1.355    10.042    core_n_95
    RAMB36_X3Y2          RAMB36E1                                     r  bram_samples_request.ram_reg_1_0_0/WEA[0]
  -------------------------------------------------------------------    -------------------

                         (clock clk rise edge)       10.000    10.000 r  
                                                      0.000    10.000 r  clk (IN)
                         net (fo=918, unset)          0.924    10.924    clk
    RAMB36_X3Y2          RAMB36E1                                     r  bram_samples_request.ram_reg_1_0_0/CLKARDCLK
                         clock pessimism              0.000    10.924    
                         clock uncertainty           -0.035    10.889    
    RAMB36_X3Y2          RAMB36E1 (Setup_ramb36e1_CLKARDCLK_WEA[0])
                                                     -0.532    10.357    bram_samples_request.ram_reg_1_0_0
  -------------------------------------------------------------------
                         required time                         10.357    
                         arrival time                         -10.042    
  -------------------------------------------------------------------
                         slack                                  0.315    

Slack (MET) :             0.359ns  (required time - arrival time)
  Source:                 core/fsel1_reg[0]/C
                            (rising edge-triggered cell FDSE clocked by clk  {rise@0.000ns fall@5.000ns period=10.000ns})
  Destination:            bram_samples_request.ram_reg_0_0_2/WEA[0]
                            (rising edge-triggered cell RAMB36E1 clocked by clk  {rise@0.000ns fall@5.000ns period=10.000ns})
  Path Group:             clk
  Path Type:              Setup (Max at Slow Process Corner)
  Requirement:            10.000ns  (clk rise@10.000ns - clk rise@0.000ns)
  Data Path Delay:        9.025ns  (logic 2.893ns (32.054%)  route 6.132ns (67.946%))
  Logic Levels:           13  (CARRY4=6 LUT2=1 LUT3=1 LUT4=3 LUT5=1 LUT6=1)
  Clock Path Skew:        -0.049ns (DCD - SCD + CPR)
    Destination Clock Delay (DCD):    0.924ns = ( 10.924 - 10.000 ) 
    Source Clock Delay      (SCD):    0.973ns
    Clock Pessimism Removal (CPR):    0.000ns
  Clock Uncertainty:      0.035ns  ((TSJ^2 + TIJ^2)^1/2 + DJ) / 2 + PE
    Total System Jitter     (TSJ):    0.071ns
    Total Input Jitter      (TIJ):    0.000ns
    Discrete Jitter          (DJ):    0.000ns
    Phase Error              (PE):    0.000ns

    Location             Delay type                Incr(ns)  Path(ns)    Netlist Resource(s)
  -------------------------------------------------------------------    -------------------
                         (clock clk rise edge)        0.000     0.000 r  
                                                      0.000     0.000 r  clk (IN)
                         net (fo=918, unset)          0.973     0.973    core/clk
    SLICE_X28Y14         FDSE                                         r  core/fsel1_reg[0]/C
  -------------------------------------------------------------------    -------------------
    SLICE_X28Y14         FDSE (Prop_fdse_C_Q)         0.456     1.429 r  core/fsel1_reg[0]/Q
                         net (fo=32, routed)          1.010     2.439    core/fetch/m1[result][29]_i_6[0]
    SLICE_X32Y14         LUT4 (Prop_lut4_I1_O)        0.124     2.563 r  core/fetch/e_rs1v[7]_i_3/O
                         net (fo=3, routed)           0.579     3.143    core/fetch/e_rs1v_reg[7]
    SLICE_X32Y14         LUT5 (Prop_lut5_I4_O)        0.117     3.260 r  core/fetch/e_rs1v[7]_i_2/O
                         net (fo=11, routed)          0.751     4.010    core/fetch/fsel1_reg[1]_7
    SLICE_X27Y15         LUT2 (Prop_lut2_I0_O)        0.348     4.358 r  core/fetch/bram_samples_request.ram_reg_0_0_0_i_35/O
                         net (fo=1, routed)           0.000     4.358    core/fetch/bram_samples_request.ram_reg_0_0_0_i_35_n_0
    SLICE_X27Y15         CARRY4 (Prop_carry4_S[3]_CO[3])
                                                      0.401     4.759 r  core/fetch/bram_samples_request.ram_reg_0_0_0_i_5/CO[3]
                         net (fo=1, routed)           0.000     4.759    core/fetch/bram_samples_request.ram_reg_0_0_0_i_5_n_0
    SLICE_X27Y16         CARRY4 (Prop_carry4_CI_CO[3])
                                                      0.114     4.873 r  core/fetch/bram_samples_request.ram_reg_0_0_0_i_4/CO[3]
                         net (fo=1, routed)           0.000     4.873    core/fetch/bram_samples_request.ram_reg_0_0_0_i_4_n_0
    SLICE_X27Y17         CARRY4 (Prop_carry4_CI_CO[3])
                                                      0.114     4.987 r  core/fetch/bram_samples_request.ram_reg_0_0_0_i_3/CO[3]
                         net (fo=1, routed)           0.000     4.987    core/fetch/bram_samples_request.ram_reg_0_0_0_i_3_n_0
    SLICE_X27Y18         CARRY4 (Prop_carry4_CI_CO[3])
                                                      0.114     5.101 r  core/fetch/bram_samples_request.ram_reg_0_0_0_i_2/CO[3]
                         net (fo=1, routed)           0.000     5.101    core/fetch/bram_samples_request.ram_reg_0_0_0_i_2_n_0
    SLICE_X27Y19         CARRY4 (Prop_carry4_CI_CO[3])
                                                      0.114     5.215 r  core/fetch/observe_reg[23]_i_2/CO[3]
                         net (fo=1, routed)           0.000     5.215    core/fetch/observe_reg[23]_i_2_n_0
    SLICE_X27Y20         CARRY4 (Prop_carry4_CI_O[3])
                                                      0.313     5.528 f  core/fetch/observe_reg[27]_i_2/O[3]
                         net (fo=3, routed)           0.675     6.203    core/d_req_addr[27]
    SLICE_X24Y21         LUT4 (Prop_lut4_I0_O)        0.306     6.509 r  core/d_err1_i_4/O
                         net (fo=1, routed)           0.671     7.180    core/d_err1_i_4_n_0
    SLICE_X31Y20         LUT6 (Prop_lut6_I4_O)        0.124     7.304 f  core/d_err1_i_2/O
                         net (fo=3, routed)           0.289     7.594    core/d_err1_i_2_0
    SLICE_X31Y20         LUT3 (Prop_lut3_I2_O)        0.124     7.718 r  core/bram_samples_request.ram_reg_0_0_0_i_43/O
                         net (fo=12, routed)          0.810     8.527    core/bram_samples_request.ram_reg_0_0_0_i_43_n_0
    SLICE_X32Y14         LUT4 (Prop_lut4_I3_O)        0.124     8.651 r  core/bram_samples_request.ram_reg_0_0_0_i_22/O
                         net (fo=3, routed)           1.347     9.998    core_n_99
    RAMB36_X1Y1          RAMB36E1                                     r  bram_samples_request.ram_reg_0_0_2/WEA[0]
  -------------------------------------------------------------------    -------------------

                         (clock clk rise edge)       10.000    10.000 r  
                                                      0.000    10.000 r  clk (IN)
                         net (fo=918, unset)          0.924    10.924    clk
    RAMB36_X1Y1          RAMB36E1                                     r  bram_samples_request.ram_reg_0_0_2/CLKARDCLK
                         clock pessimism              0.000    10.924    
                         clock uncertainty           -0.035    10.889    
    RAMB36_X1Y1          RAMB36E1 (Setup_ramb36e1_CLKARDCLK_WEA[0])
                                                     -0.532    10.357    bram_samples_request.ram_reg_0_0_2
  -------------------------------------------------------------------
                         required time                         10.357    
                         arrival time                          -9.998    
  -------------------------------------------------------------------
                         slack                                  0.359    

Slack (MET) :             0.390ns  (required time - arrival time)
  Source:                 core/fsel1_reg[0]/C
                            (rising edge-triggered cell FDSE clocked by clk  {rise@0.000ns fall@5.000ns period=10.000ns})
  Destination:            bram_samples_request.ram_reg_3_0_2/WEA[0]
                            (rising edge-triggered cell RAMB36E1 clocked by clk  {rise@0.000ns fall@5.000ns period=10.000ns})
  Path Group:             clk
  Path Type:              Setup (Max at Slow Process Corner)
  Requirement:            10.000ns  (clk rise@10.000ns - clk rise@0.000ns)
  Data Path Delay:        8.993ns  (logic 2.893ns (32.168%)  route 6.100ns (67.832%))
  Logic Levels:           13  (CARRY4=6 LUT2=1 LUT3=1 LUT4=2 LUT5=2 LUT6=1)
  Clock Path Skew:        -0.049ns (DCD - SCD + CPR)
    Destination Clock Delay (DCD):    0.924ns = ( 10.924 - 10.000 ) 
    Source Clock Delay      (SCD):    0.973ns
    Clock Pessimism Removal (CPR):    0.000ns
  Clock Uncertainty:      0.035ns  ((TSJ^2 + TIJ^2)^1/2 + DJ) / 2 + PE
    Total System Jitter     (TSJ):    0.071ns
    Total Input Jitter      (TIJ):    0.000ns
    Discrete Jitter          (DJ):    0.000ns
    Phase Error              (PE):    0.000ns

    Location             Delay type                Incr(ns)  Path(ns)    Netlist Resource(s)
  -------------------------------------------------------------------    -------------------
                         (clock clk rise edge)        0.000     0.000 r  
                                                      0.000     0.000 r  clk (IN)
                         net (fo=918, unset)          0.973     0.973    core/clk
    SLICE_X28Y14         FDSE                                         r  core/fsel1_reg[0]/C
  -------------------------------------------------------------------    -------------------
    SLICE_X28Y14         FDSE (Prop_fdse_C_Q)         0.456     1.429 r  core/fsel1_reg[0]/Q
                         net (fo=32, routed)          1.010     2.439    core/fetch/m1[result][29]_i_6[0]
    SLICE_X32Y14         LUT4 (Prop_lut4_I1_O)        0.124     2.563 r  core/fetch/e_rs1v[7]_i_3/O
                         net (fo=3, routed)           0.579     3.143    core/fetch/e_rs1v_reg[7]
    SLICE_X32Y14         LUT5 (Prop_lut5_I4_O)        0.117     3.260 r  core/fetch/e_rs1v[7]_i_2/O
                         net (fo=11, routed)          0.751     4.010    core/fetch/fsel1_reg[1]_7
    SLICE_X27Y15         LUT2 (Prop_lut2_I0_O)        0.348     4.358 r  core/fetch/bram_samples_request.ram_reg_0_0_0_i_35/O
                         net (fo=1, routed)           0.000     4.358    core/fetch/bram_samples_request.ram_reg_0_0_0_i_35_n_0
    SLICE_X27Y15         CARRY4 (Prop_carry4_S[3]_CO[3])
                                                      0.401     4.759 r  core/fetch/bram_samples_request.ram_reg_0_0_0_i_5/CO[3]
                         net (fo=1, routed)           0.000     4.759    core/fetch/bram_samples_request.ram_reg_0_0_0_i_5_n_0
    SLICE_X27Y16         CARRY4 (Prop_carry4_CI_CO[3])
                                                      0.114     4.873 r  core/fetch/bram_samples_request.ram_reg_0_0_0_i_4/CO[3]
                         net (fo=1, routed)           0.000     4.873    core/fetch/bram_samples_request.ram_reg_0_0_0_i_4_n_0
    SLICE_X27Y17         CARRY4 (Prop_carry4_CI_CO[3])
                                                      0.114     4.987 r  core/fetch/bram_samples_request.ram_reg_0_0_0_i_3/CO[3]
                         net (fo=1, routed)           0.000     4.987    core/fetch/bram_samples_request.ram_reg_0_0_0_i_3_n_0
    SLICE_X27Y18         CARRY4 (Prop_carry4_CI_CO[3])
                                                      0.114     5.101 r  core/fetch/bram_samples_request.ram_reg_0_0_0_i_2/CO[3]
                         net (fo=1, routed)           0.000     5.101    core/fetch/bram_samples_request.ram_reg_0_0_0_i_2_n_0
    SLICE_X27Y19         CARRY4 (Prop_carry4_CI_CO[3])
                                                      0.114     5.215 r  core/fetch/observe_reg[23]_i_2/CO[3]
                         net (fo=1, routed)           0.000     5.215    core/fetch/observe_reg[23]_i_2_n_0
    SLICE_X27Y20         CARRY4 (Prop_carry4_CI_O[3])
                                                      0.313     5.528 f  core/fetch/observe_reg[27]_i_2/O[3]
                         net (fo=3, routed)           0.675     6.203    core/d_req_addr[27]
    SLICE_X24Y21         LUT4 (Prop_lut4_I0_O)        0.306     6.509 r  core/d_err1_i_4/O
                         net (fo=1, routed)           0.671     7.180    core/d_err1_i_4_n_0
    SLICE_X31Y20         LUT6 (Prop_lut6_I4_O)        0.124     7.304 f  core/d_err1_i_2/O
                         net (fo=3, routed)           0.289     7.594    core/d_err1_i_2_0
    SLICE_X31Y20         LUT3 (Prop_lut3_I2_O)        0.124     7.718 r  core/bram_samples_request.ram_reg_0_0_0_i_43/O
                         net (fo=12, routed)          0.718     8.435    core/bram_samples_request.ram_reg_0_0_0_i_43_n_0
    SLICE_X31Y20         LUT5 (Prop_lut5_I4_O)        0.124     8.559 r  core/bram_samples_request.ram_reg_3_0_0_i_2/O
                         net (fo=3, routed)           1.407     9.966    core_n_87
    RAMB36_X2Y8          RAMB36E1                                     r  bram_samples_request.ram_reg_3_0_2/WEA[0]
  -------------------------------------------------------------------    -------------------

                         (clock clk rise edge)       10.000    10.000 r  
                                                      0.000    10.000 r  clk (IN)
                         net (fo=918, unset)          0.924    10.924    clk
    RAMB36_X2Y8          RAMB36E1                                     r  bram_samples_request.ram_reg_3_0_2/CLKARDCLK
                         clock pessimism              0.000    10.924    
                         clock uncertainty           -0.035    10.889    
    RAMB36_X2Y8          RAMB36E1 (Setup_ramb36e1_CLKARDCLK_WEA[0])
                                                     -0.532    10.357    bram_samples_request.ram_reg_3_0_2
  -------------------------------------------------------------------
                         required time                         10.357    
                         arrival time                          -9.966    
  -------------------------------------------------------------------
                         slack                                  0.390    

Slack (MET) :             0.409ns  (required time - arrival time)
  Source:                 core/fsel1_reg[0]/C
                            (rising edge-triggered cell FDSE clocked by clk  {rise@0.000ns fall@5.000ns period=10.000ns})
  Destination:            bram_samples_request.ram_reg_2_0_3/WEA[0]
                            (rising edge-triggered cell RAMB36E1 clocked by clk  {rise@0.000ns fall@5.000ns period=10.000ns})
  Path Group:             clk
  Path Type:              Setup (Max at Slow Process Corner)
  Requirement:            10.000ns  (clk rise@10.000ns - clk rise@0.000ns)
  Data Path Delay:        8.771ns  (logic 2.885ns (32.893%)  route 5.886ns (67.107%))
  Logic Levels:           13  (CARRY4=6 LUT2=1 LUT3=1 LUT4=2 LUT5=2 LUT6=1)
  Clock Path Skew:        -0.049ns (DCD - SCD + CPR)
    Destination Clock Delay (DCD):    0.924ns = ( 10.924 - 10.000 ) 
    Source Clock Delay      (SCD):    0.973ns
    Clock Pessimism Removal (CPR):    0.000ns
  Clock Uncertainty:      0.035ns  ((TSJ^2 + TIJ^2)^1/2 + DJ) / 2 + PE
    Total System Jitter     (TSJ):    0.071ns
    Total Input Jitter      (TIJ):    0.000ns
    Discrete Jitter          (DJ):    0.000ns
    Phase Error              (PE):    0.000ns

    Location             Delay type                Incr(ns)  Path(ns)    Netlist Resource(s)
  -------------------------------------------------------------------    -------------------
                         (clock clk rise edge)        0.000     0.000 r  
                                                      0.000     0.000 r  clk (IN)
                         net (fo=918, unset)          0.973     0.973    core/clk
    SLICE_X28Y14         FDSE                                         r  core/fsel1_reg[0]/C
  -------------------------------------------------------------------    -------------------
    SLICE_X28Y14         FDSE (Prop_fdse_C_Q)         0.456     1.429 r  core/fsel1_reg[0]/Q
                         net (fo=32, routed)          1.010     2.439    core/fetch/m1[result][29]_i_6[0]
    SLICE_X32Y14         LUT4 (Prop_lut4_I1_O)        0.124     2.563 r  core/fetch/e_rs1v[7]_i_3/O
                         net (fo=3, routed)           0.579     3.143    core/fetch/e_rs1v_reg[7]
    SLICE_X32Y14         LUT5 (Prop_lut5_I4_O)        0.117     3.260 r  core/fetch/e_rs1v[7]_i_2/O
                         net (fo=11, routed)          0.751     4.010    core/fetch/fsel1_reg[1]_7
    SLICE_X27Y15         LUT2 (Prop_lut2_I0_O)        0.348     4.358 r  core/fetch/bram_samples_request.ram_reg_0_0_0_i_35/O
                         net (fo=1, routed)           0.000     4.358    core/fetch/bram_samples_request.ram_reg_0_0_0_i_35_n_0
    SLICE_X27Y15         CARRY4 (Prop_carry4_S[3]_CO[3])
                                                      0.401     4.759 r  core/fetch/bram_samples_request.ram_reg_0_0_0_i_5/CO[3]
                         net (fo=1, routed)           0.000     4.759    core/fetch/bram_samples_request.ram_reg_0_0_0_i_5_n_0
    SLICE_X27Y16         CARRY4 (Prop_carry4_CI_CO[3])
                                                      0.114     4.873 r  core/fetch/bram_samples_request.ram_reg_0_0_0_i_4/CO[3]
                         net (fo=1, routed)           0.000     4.873    core/fetch/bram_samples_request.ram_reg_0_0_0_i_4_n_0
    SLICE_X27Y17         CARRY4 (Prop_carry4_CI_CO[3])
                                                      0.114     4.987 r  core/fetch/bram_samples_request.ram_reg_0_0_0_i_3/CO[3]
                         net (fo=1, routed)           0.000     4.987    core/fetch/bram_samples_request.ram_reg_0_0_0_i_3_n_0
    SLICE_X27Y18         CARRY4 (Prop_carry4_CI_CO[3])
                                                      0.114     5.101 r  core/fetch/bram_samples_request.ram_reg_0_0_0_i_2/CO[3]
                         net (fo=1, routed)           0.000     5.101    core/fetch/bram_samples_request.ram_reg_0_0_0_i_2_n_0
    SLICE_X27Y19         CARRY4 (Prop_carry4_CI_CO[3])
                                                      0.114     5.215 r  core/fetch/observe_reg[23]_i_2/CO[3]
                         net (fo=1, routed)           0.000     5.215    core/fetch/observe_reg[23]_i_2_n_0
    SLICE_X27Y20         CARRY4 (Prop_carry4_CI_O[3])
                                                      0.313     5.528 f  core/fetch/observe_reg[27]_i_2/O[3]
                         net (fo=3, routed)           0.675     6.203    core/d_req_addr[27]
    SLICE_X24Y21         LUT4 (Prop_lut4_I0_O)        0.306     6.509 r  core/d_err1_i_4/O
                         net (fo=1, routed)           0.671     7.180    core/d_err1_i_4_n_0
    SLICE_X31Y20         LUT6 (Prop_lut6_I4_O)        0.124     7.304 f  core/d_err1_i_2/O
                         net (fo=3, routed)           0.289     7.594    core/d_err1_i_2_0
    SLICE_X31Y20         LUT3 (Prop_lut3_I2_O)        0.124     7.718 r  core/bram_samples_request.ram_reg_0_0_0_i_43/O
                         net (fo=12, routed)          0.730     8.448    core/bram_samples_request.ram_reg_0_0_0_i_43_n_0
    SLICE_X34Y21         LUT5 (Prop_lut5_I4_O)        0.116     8.564 r  core/bram_samples_request.ram_reg_2_0_2_i_2/O
                         net (fo=2, routed)           1.180     9.744    core_n_90
    RAMB36_X3Y4          RAMB36E1                                     r  bram_samples_request.ram_reg_2_0_3/WEA[0]
  -------------------------------------------------------------------    -------------------

                         (clock clk rise edge)       10.000    10.000 r  
                                                      0.000    10.000 r  clk (IN)
                         net (fo=918, unset)          0.924    10.924    clk
    RAMB36_X3Y4          RAMB36E1                                     r  bram_samples_request.ram_reg_2_0_3/CLKARDCLK
                         clock pessimism              0.000    10.924    
                         clock uncertainty           -0.035    10.889    
    RAMB36_X3Y4          RAMB36E1 (Setup_ramb36e1_CLKARDCLK_WEA[0])
                                                     -0.736    10.153    bram_samples_request.ram_reg_2_0_3
  -------------------------------------------------------------------
                         required time                         10.153    
                         arrival time                          -9.744    
  -------------------------------------------------------------------
                         slack                                  0.409    

Slack (MET) :             0.426ns  (required time - arrival time)
  Source:                 core/fsel1_reg[0]/C
                            (rising edge-triggered cell FDSE clocked by clk  {rise@0.000ns fall@5.000ns period=10.000ns})
  Destination:            bram_samples_request.ram_reg_0_0_0/WEA[0]
                            (rising edge-triggered cell RAMB36E1 clocked by clk  {rise@0.000ns fall@5.000ns period=10.000ns})
  Path Group:             clk
  Path Type:              Setup (Max at Slow Process Corner)
  Requirement:            10.000ns  (clk rise@10.000ns - clk rise@0.000ns)
  Data Path Delay:        8.958ns  (logic 2.893ns (32.295%)  route 6.065ns (67.705%))
  Logic Levels:           13  (CARRY4=6 LUT2=1 LUT3=1 LUT4=3 LUT5=1 LUT6=1)
  Clock Path Skew:        -0.049ns (DCD - SCD + CPR)
    Destination Clock Delay (DCD):    0.924ns = ( 10.924 - 10.000 ) 
    Source Clock Delay      (SCD):    0.973ns
    Clock Pessimism Removal (CPR):    0.000ns
  Clock Uncertainty:      0.035ns  ((TSJ^2 + TIJ^2)^1/2 + DJ) / 2 + PE
    Total System Jitter     (TSJ):    0.071ns
    Total Input Jitter      (TIJ):    0.000ns
    Discrete Jitter          (DJ):    0.000ns
    Phase Error              (PE):    0.000ns

    Location             Delay type                Incr(ns)  Path(ns)    Netlist Resource(s)
  -------------------------------------------------------------------    -------------------
                         (clock clk rise edge)        0.000     0.000 r  
                                                      0.000     0.000 r  clk (IN)
                         net (fo=918, unset)          0.973     0.973    core/clk
    SLICE_X28Y14         FDSE                                         r  core/fsel1_reg[0]/C
  -------------------------------------------------------------------    -------------------
    SLICE_X28Y14         FDSE (Prop_fdse_C_Q)         0.456     1.429 r  core/fsel1_reg[0]/Q
                         net (fo=32, routed)          1.010     2.439    core/fetch/m1[result][29]_i_6[0]
    SLICE_X32Y14         LUT4 (Prop_lut4_I1_O)        0.124     2.563 r  core/fetch/e_rs1v[7]_i_3/O
                         net (fo=3, routed)           0.579     3.143    core/fetch/e_rs1v_reg[7]
    SLICE_X32Y14         LUT5 (Prop_lut5_I4_O)        0.117     3.260 r  core/fetch/e_rs1v[7]_i_2/O
                         net (fo=11, routed)          0.751     4.010    core/fetch/fsel1_reg[1]_7
    SLICE_X27Y15         LUT2 (Prop_lut2_I0_O)        0.348     4.358 r  core/fetch/bram_samples_request.ram_reg_0_0_0_i_35/O
                         net (fo=1, routed)           0.000     4.358    core/fetch/bram_samples_request.ram_reg_0_0_0_i_35_n_0
    SLICE_X27Y15         CARRY4 (Prop_carry4_S[3]_CO[3])
                                                      0.401     4.759 r  core/fetch/bram_samples_request.ram_reg_0_0_0_i_5/CO[3]
                         net (fo=1, routed)           0.000     4.759    core/fetch/bram_samples_request.ram_reg_0_0_0_i_5_n_0
    SLICE_X27Y16         CARRY4 (Prop_carry4_CI_CO[3])
                                                      0.114     4.873 r  core/fetch/bram_samples_request.ram_reg_0_0_0_i_4/CO[3]
                         net (fo=1, routed)           0.000     4.873    core/fetch/bram_samples_request.ram_reg_0_0_0_i_4_n_0
    SLICE_X27Y17         CARRY4 (Prop_carry4_CI_CO[3])
                                                      0.114     4.987 r  core/fetch/bram_samples_request.ram_reg_0_0_0_i_3/CO[3]
                         net (fo=1, routed)           0.000     4.987    core/fetch/bram_samples_request.ram_reg_0_0_0_i_3_n_0
    SLICE_X27Y18         CARRY4 (Prop_carry4_CI_CO[3])
                                                      0.114     5.101 r  core/fetch/bram_samples_request.ram_reg_0_0_0_i_2/CO[3]
                         net (fo=1, routed)           0.000     5.101    core/fetch/bram_samples_request.ram_reg_0_0_0_i_2_n_0
    SLICE_X27Y19         CARRY4 (Prop_carry4_CI_CO[3])
                                                      0.114     5.215 r  core/fetch/observe_reg[23]_i_2/CO[3]
                         net (fo=1, routed)           0.000     5.215    core/fetch/observe_reg[23]_i_2_n_0
    SLICE_X27Y20         CARRY4 (Prop_carry4_CI_O[3])
                                                      0.313     5.528 f  core/fetch/observe_reg[27]_i_2/O[3]
                         net (fo=3, routed)           0.675     6.203    core/d_req_addr[27]
    SLICE_X24Y21         LUT4 (Prop_lut4_I0_O)        0.306     6.509 r  core/d_err1_i_4/O
                         net (fo=1, routed)           0.671     7.180    core/d_err1_i_4_n_0
    SLICE_X31Y20         LUT6 (Prop_lut6_I4_O)        0.124     7.304 f  core/d_err1_i_2/O
                         net (fo=3, routed)           0.289     7.594    core/d_err1_i_2_0
    SLICE_X31Y20         LUT3 (Prop_lut3_I2_O)        0.124     7.718 r  core/bram_samples_request.ram_reg_0_0_0_i_43/O
                         net (fo=12, routed)          0.810     8.527    core/bram_samples_request.ram_reg_0_0_0_i_43_n_0
    SLICE_X32Y14         LUT4 (Prop_lut4_I3_O)        0.124     8.651 r  core/bram_samples_request.ram_reg_0_0_0_i_22/O
                         net (fo=3, routed)           1.280     9.931    core_n_99
    RAMB36_X1Y0          RAMB36E1                                     r  bram_samples_request.ram_reg_0_0_0/WEA[0]
  -------------------------------------------------------------------    -------------------

                         (clock clk rise edge)       10.000    10.000 r  
                                                      0.000    10.000 r  clk (IN)
                         net (fo=918, unset)          0.924    10.924    clk
    RAMB36_X1Y0          RAMB36E1                                     r  bram_samples_request.ram_reg_0_0_0/CLKARDCLK
                         clock pessimism              0.000    10.924    
                         clock uncertainty           -0.035    10.889    
    RAMB36_X1Y0          RAMB36E1 (Setup_ramb36e1_CLKARDCLK_WEA[0])
                                                     -0.532    10.357    bram_samples_request.ram_reg_0_0_0
  -------------------------------------------------------------------
                         required time                         10.357    
                         arrival time                          -9.931    
  -------------------------------------------------------------------
                         slack                                  0.426    

Slack (MET) :             0.451ns  (required time - arrival time)
  Source:                 core/fsel1_reg[0]/C
                            (rising edge-triggered cell FDSE clocked by clk  {rise@0.000ns fall@5.000ns period=10.000ns})
  Destination:            bram_samples_request.ram_reg_1_0_5/WEA[0]
                            (rising edge-triggered cell RAMB36E1 clocked by clk  {rise@0.000ns fall@5.000ns period=10.000ns})
  Path Group:             clk
  Path Type:              Setup (Max at Slow Process Corner)
  Requirement:            10.000ns  (clk rise@10.000ns - clk rise@0.000ns)
  Data Path Delay:        8.725ns  (logic 2.921ns (33.479%)  route 5.804ns (66.521%))
  Logic Levels:           13  (CARRY4=6 LUT2=1 LUT3=1 LUT4=2 LUT5=2 LUT6=1)
  Clock Path Skew:        -0.049ns (DCD - SCD + CPR)
    Destination Clock Delay (DCD):    0.924ns = ( 10.924 - 10.000 ) 
    Source Clock Delay      (SCD):    0.973ns
    Clock Pessimism Removal (CPR):    0.000ns
  Clock Uncertainty:      0.035ns  ((TSJ^2 + TIJ^2)^1/2 + DJ) / 2 + PE
    Total System Jitter     (TSJ):    0.071ns
    Total Input Jitter      (TIJ):    0.000ns
    Discrete Jitter          (DJ):    0.000ns
    Phase Error              (PE):    0.000ns

    Location             Delay type                Incr(ns)  Path(ns)    Netlist Resource(s)
  -------------------------------------------------------------------    -------------------
                         (clock clk rise edge)        0.000     0.000 r  
                                                      0.000     0.000 r  clk (IN)
                         net (fo=918, unset)          0.973     0.973    core/clk
    SLICE_X28Y14         FDSE                                         r  core/fsel1_reg[0]/C
  -------------------------------------------------------------------    -------------------
    SLICE_X28Y14         FDSE (Prop_fdse_C_Q)         0.456     1.429 r  core/fsel1_reg[0]/Q
                         net (fo=32, routed)          1.010     2.439    core/fetch/m1[result][29]_i_6[0]
    SLICE_X32Y14         LUT4 (Prop_lut4_I1_O)        0.124     2.563 r  core/fetch/e_rs1v[7]_i_3/O
                         net (fo=3, routed)           0.579     3.143    core/fetch/e_rs1v_reg[7]
    SLICE_X32Y14         LUT5 (Prop_lut5_I4_O)        0.117     3.260 r  core/fetch/e_rs1v[7]_i_2/O
                         net (fo=11, routed)          0.751     4.010    core/fetch/fsel1_reg[1]_7
    SLICE_X27Y15         LUT2 (Prop_lut2_I0_O)        0.348     4.358 r  core/fetch/bram_samples_request.ram_reg_0_0_0_i_35/O
                         net (fo=1, routed)           0.000     4.358    core/fetch/bram_samples_request.ram_reg_0_0_0_i_35_n_0
    SLICE_X27Y15         CARRY4 (Prop_carry4_S[3]_CO[3])
                                                      0.401     4.759 r  core/fetch/bram_samples_request.ram_reg_0_0_0_i_5/CO[3]
                         net (fo=1, routed)           0.000     4.759    core/fetch/bram_samples_request.ram_reg_0_0_0_i_5_n_0
    SLICE_X27Y16         CARRY4 (Prop_carry4_CI_CO[3])
                                                      0.114     4.873 r  core/fetch/bram_samples_request.ram_reg_0_0_0_i_4/CO[3]
                         net (fo=1, routed)           0.000     4.873    core/fetch/bram_samples_request.ram_reg_0_0_0_i_4_n_0
    SLICE_X27Y17         CARRY4 (Prop_carry4_CI_CO[3])
                                                      0.114     4.987 r  core/fetch/bram_samples_request.ram_reg_0_0_0_i_3/CO[3]
                         net (fo=1, routed)           0.000     4.987    core/fetch/bram_samples_request.ram_reg_0_0_0_i_3_n_0
    SLICE_X27Y18         CARRY4 (Prop_carry4_CI_CO[3])
                                                      0.114     5.101 r  core/fetch/bram_samples_request.ram_reg_0_0_0_i_2/CO[3]
                         net (fo=1, routed)           0.000     5.101    core/fetch/bram_samples_request.ram_reg_0_0_0_i_2_n_0
    SLICE_X27Y19         CARRY4 (Prop_carry4_CI_CO[3])
                                                      0.114     5.215 r  core/fetch/observe_reg[23]_i_2/CO[3]
                         net (fo=1, routed)           0.000     5.215    core/fetch/observe_reg[23]_i_2_n_0
    SLICE_X27Y20         CARRY4 (Prop_carry4_CI_O[3])
                                                      0.313     5.528 f  core/fetch/observe_reg[27]_i_2/O[3]
                         net (fo=3, routed)           0.675     6.203    core/d_req_addr[27]
    SLICE_X24Y21         LUT4 (Prop_lut4_I0_O)        0.306     6.509 r  core/d_err1_i_4/O
                         net (fo=1, routed)           0.671     7.180    core/d_err1_i_4_n_0
    SLICE_X31Y20         LUT6 (Prop_lut6_I4_O)        0.124     7.304 f  core/d_err1_i_2/O
                         net (fo=3, routed)           0.289     7.594    core/d_err1_i_2_0
    SLICE_X31Y20         LUT3 (Prop_lut3_I2_O)        0.124     7.718 r  core/bram_samples_request.ram_reg_0_0_0_i_43/O
                         net (fo=12, routed)          0.718     8.435    core/bram_samples_request.ram_reg_0_0_0_i_43_n_0
    SLICE_X31Y20         LUT5 (Prop_lut5_I4_O)        0.152     8.587 r  core/bram_samples_request.ram_reg_1_0_5_i_2/O
                         net (fo=3, routed)           1.111     9.698    core_n_97
    RAMB36_X1Y6          RAMB36E1                                     r  bram_samples_request.ram_reg_1_0_5/WEA[0]
  -------------------------------------------------------------------    -------------------

                         (clock clk rise edge)       10.000    10.000 r  
                                                      0.000    10.000 r  clk (IN)
                         net (fo=918, unset)          0.924    10.924    clk
    RAMB36_X1Y6          RAMB36E1                                     r  bram_samples_request.ram_reg_1_0_5/CLKARDCLK
                         clock pessimism              0.000    10.924    
                         clock uncertainty           -0.035    10.889    
    RAMB36_X1Y6          RAMB36E1 (Setup_ramb36e1_CLKARDCLK_WEA[0])
                                                     -0.740    10.149    bram_samples_request.ram_reg_1_0_5
  -------------------------------------------------------------------
                         required time                         10.149    
                         arrival time                          -9.698    
  -------------------------------------------------------------------
                         slack                                  0.451    

Slack (MET) :             0.452ns  (required time - arrival time)
  Source:                 core/fsel1_reg[0]/C
                            (rising edge-triggered cell FDSE clocked by clk  {rise@0.000ns fall@5.000ns period=10.000ns})
  Destination:            bram_samples_request.ram_reg_3_0_5/WEA[0]
                            (rising edge-triggered cell RAMB36E1 clocked by clk  {rise@0.000ns fall@5.000ns period=10.000ns})
  Path Group:             clk
  Path Type:              Setup (Max at Slow Process Corner)
  Requirement:            10.000ns  (clk rise@10.000ns - clk rise@0.000ns)
  Data Path Delay:        8.724ns  (logic 2.888ns (33.103%)  route 5.836ns (66.897%))
  Logic Levels:           13  (CARRY4=6 LUT2=1 LUT3=1 LUT4=2 LUT5=2 LUT6=1)
  Clock Path Skew:        -0.049ns (DCD - SCD + CPR)
    Destination Clock Delay (DCD):    0.924ns = ( 10.924 - 10.000 ) 
    Source Clock Delay      (SCD):    0.973ns
    Clock Pessimism Removal (CPR):    0.000ns
  Clock Uncertainty:      0.035ns  ((TSJ^2 + TIJ^2)^1/2 + DJ) / 2 + PE
    Total System Jitter     (TSJ):    0.071ns
    Total Input Jitter      (TIJ):    0.000ns
    Discrete Jitter          (DJ):    0.000ns
    Phase Error              (PE):    0.000ns

    Location             Delay type                Incr(ns)  Path(ns)    Netlist Resource(s)
  -------------------------------------------------------------------    -------------------
                         (clock clk rise edge)        0.000     0.000 r  
                                                      0.000     0.000 r  clk (IN)
                         net (fo=918, unset)          0.973     0.973    core/clk
    SLICE_X28Y14         FDSE                                         r  core/fsel1_reg[0]/C
  -------------------------------------------------------------------    -------------------
    SLICE_X28Y14         FDSE (Prop_fdse_C_Q)         0.456     1.429 r  core/fsel1_reg[0]/Q
                         net (fo=32, routed)          1.010     2.439    core/fetch/m1[result][29]_i_6[0]
    SLICE_X32Y14         LUT4 (Prop_lut4_I1_O)        0.124     2.563 r  core/fetch/e_rs1v[7]_i_3/O
                         net (fo=3, routed)           0.579     3.143    core/fetch/e_rs1v_reg[7]
    SLICE_X32Y14         LUT5 (Prop_lut5_I4_O)        0.117     3.260 r  core/fetch/e_rs1v[7]_i_2/O
                         net (fo=11, routed)          0.751     4.010    core/fetch/fsel1_reg[1]_7
    SLICE_X27Y15         LUT2 (Prop_lut2_I0_O)        0.348     4.358 r  core/fetch/bram_samples_request.ram_reg_0_0_0_i_35/O
                         net (fo=1, routed)           0.000     4.358    core/fetch/bram_samples_request.ram_reg_0_0_0_i_35_n_0
    SLICE_X27Y15         CARRY4 (Prop_carry4_S[3]_CO[3])
                                                      0.401     4.759 r  core/fetch/bram_samples_request.ram_reg_0_0_0_i_5/CO[3]
                         net (fo=1, routed)           0.000     4.759    core/fetch/bram_samples_request.ram_reg_0_0_0_i_5_n_0
    SLICE_X27Y16         CARRY4 (Prop_carry4_CI_CO[3])
                                                      0.114     4.873 r  core/fetch/bram_samples_request.ram_reg_0_0_0_i_4/CO[3]
                         net (fo=1, routed)           0.000     4.873    core/fetch/bram_samples_request.ram_reg_0_0_0_i_4_n_0
    SLICE_X27Y17         CARRY4 (Prop_carry4_CI_CO[3])
                                                      0.114     4.987 r  core/fetch/bram_samples_request.ram_reg_0_0_0_i_3/CO[3]
                         net (fo=1, routed)           0.000     4.987    core/fetch/bram_samples_request.ram_reg_0_0_0_i_3_n_0
    SLICE_X27Y18         CARRY4 (Prop_carry4_CI_CO[3])
                                                      0.114     5.101 r  core/fetch/bram_samples_request.ram_reg_0_0_0_i_2/CO[3]
                         net (fo=1, routed)           0.000     5.101    core/fetch/bram_samples_request.ram_reg_0_0_0_i_2_n_0
    SLICE_X27Y19         CARRY4 (Prop_carry4_CI_CO[3])
                                                      0.114     5.215 r  core/fetch/observe_reg[23]_i_2/CO[3]
                         net (fo=1, routed)           0.000     5.215    core/fetch/observe_reg[23]_i_2_n_0
    SLICE_X27Y20         CARRY4 (Prop_carry4_CI_O[3])
                                                      0.313     5.528 f  core/fetch/observe_reg[27]_i_2/O[3]
                         net (fo=3, routed)           0.675     6.203    core/d_req_addr[27]
    SLICE_X24Y21         LUT4 (Prop_lut4_I0_O)        0.306     6.509 r  core/d_err1_i_4/O
                         net (fo=1, routed)           0.671     7.180    core/d_err1_i_4_n_0
    SLICE_X31Y20         LUT6 (Prop_lut6_I4_O)        0.124     7.304 f  core/d_err1_i_2/O
                         net (fo=3, routed)           0.289     7.594    core/d_err1_i_2_0
    SLICE_X31Y20         LUT3 (Prop_lut3_I2_O)        0.124     7.718 r  core/bram_samples_request.ram_reg_0_0_0_i_43/O
                         net (fo=12, routed)          0.725     8.443    core/bram_samples_request.ram_reg_0_0_0_i_43_n_0
    SLICE_X23Y20         LUT5 (Prop_lut5_I4_O)        0.119     8.562 r  core/bram_samples_request.ram_reg_3_0_5_i_2/O
                         net (fo=3, routed)           1.136     9.697    core_n_89
    RAMB36_X0Y3          RAMB36E1                                     r  bram_samples_request.ram_reg_3_0_5/WEA[0]
  -------------------------------------------------------------------    -------------------

                         (clock clk rise edge)       10.000    10.000 r  
                                                      0.000    10.000 r  clk (IN)
                         net (fo=918, unset)          0.924    10.924    clk
    RAMB36_X0Y3          RAMB36E1                                     r  bram_samples_request.ram_reg_3_0_5/CLKARDCLK
                         clock pessimism              0.000    10.924    
                         clock uncertainty           -0.035    10.889    
    RAMB36_X0Y3          RAMB36E1 (Setup_ramb36e1_CLKARDCLK_WEA[0])
                                                     -0.740    10.149    bram_samples_request.ram_reg_3_0_5
  -------------------------------------------------------------------
                         required time                         10.149    
                         arrival time                          -9.697    
  -------------------------------------------------------------------
                         slack                                  0.452    

Slack (MET) :             0.454ns  (required time - arrival time)
  Source:                 core/fsel1_reg[0]/C
                            (rising edge-triggered cell FDSE clocked by clk  {rise@0.000ns fall@5.000ns period=10.000ns})
  Destination:            bram_samples_request.ram_reg_0_0_6/WEA[0]
                            (rising edge-triggered cell RAMB36E1 clocked by clk  {rise@0.000ns fall@5.000ns period=10.000ns})
  Path Group:             clk
  Path Type:              Setup (Max at Slow Process Corner)
  Requirement:            10.000ns  (clk rise@10.000ns - clk rise@0.000ns)
  Data Path Delay:        8.930ns  (logic 2.893ns (32.395%)  route 6.037ns (67.605%))
  Logic Levels:           13  (CARRY4=6 LUT2=1 LUT3=1 LUT4=3 LUT5=1 LUT6=1)
  Clock Path Skew:        -0.049ns (DCD - SCD + CPR)
    Destination Clock Delay (DCD):    0.924ns = ( 10.924 - 10.000 ) 
    Source Clock Delay      (SCD):    0.973ns
    Clock Pessimism Removal (CPR):    0.000ns
  Clock Uncertainty:      0.035ns  ((TSJ^2 + TIJ^2)^1/2 + DJ) / 2 + PE
    Total System Jitter     (TSJ):    0.071ns
    Total Input Jitter      (TIJ):    0.000ns
    Discrete Jitter          (DJ):    0.000ns
    Phase Error              (PE):    0.000ns

    Location             Delay type                Incr(ns)  Path(ns)    Netlist Resource(s)
  -------------------------------------------------------------------    -------------------
                         (clock clk rise edge)        0.000     0.000 r  
                                                      0.000     0.000 r  clk (IN)
                         net (fo=918, unset)          0.973     0.973    core/clk
    SLICE_X28Y14         FDSE                                         r  core/fsel1_reg[0]/C
  -------------------------------------------------------------------    -------------------
    SLICE_X28Y14         FDSE (Prop_fdse_C_Q)         0.456     1.429 r  core/fsel1_reg[0]/Q
                         net (fo=32, routed)          1.010     2.439    core/fetch/m1[result][29]_i_6[0]
    SLICE_X32Y14         LUT4 (Prop_lut4_I1_O)        0.124     2.563 r  core/fetch/e_rs1v[7]_i_3/O
                         net (fo=3, routed)           0.579     3.143    core/fetch/e_rs1v_reg[7]
    SLICE_X32Y14         LUT5 (Prop_lut5_I4_O)        0.117     3.260 r  core/fetch/e_rs1v[7]_i_2/O
                         net (fo=11, routed)          0.751     4.010    core/fetch/fsel1_reg[1]_7
    SLICE_X27Y15         LUT2 (Prop_lut2_I0_O)        0.348     4.358 r  core/fetch/bram_samples_request.ram_reg_0_0_0_i_35/O
                         net (fo=1, routed)           0.000     4.358    core/fetch/bram_samples_request.ram_reg_0_0_0_i_35_n_0
    SLICE_X27Y15         CARRY4 (Prop_carry4_S[3]_CO[3])
                                                      0.401     4.759 r  core/fetch/bram_samples_request.ram_reg_0_0_0_i_5/CO[3]
                         net (fo=1, routed)           0.000     4.759    core/fetch/bram_samples_request.ram_reg_0_0_0_i_5_n_0
    SLICE_X27Y16         CARRY4 (Prop_carry4_CI_CO[3])
                                                      0.114     4.873 r  core/fetch/bram_samples_request.ram_reg_0_0_0_i_4/CO[3]
                         net (fo=1, routed)           0.000     4.873    core/fetch/bram_samples_request.ram_reg_0_0_0_i_4_n_0
    SLICE_X27Y17         CARRY4 (Prop_carry4_CI_CO[3])
                                                      0.114     4.987 r  core/fetch/bram_samples_request.ram_reg_0_0_0_i_3/CO[3]
                         net (fo=1, routed)           0.000     4.987    core/fetch/bram_samples_request.ram_reg_0_0_0_i_3_n_0
    SLICE_X27Y18         CARRY4 (Prop_carry4_CI_CO[3])
                                                      0.114     5.101 r  core/fetch/bram_samples_request.ram_reg_0_0_0_i_2/CO[3]
                         net (fo=1, routed)           0.000     5.101    core/fetch/bram_samples_request.ram_reg_0_0_0_i_2_n_0
    SLICE_X27Y19         CARRY4 (Prop_carry4_CI_CO[3])
                                                      0.114     5.215 r  core/fetch/observe_reg[23]_i_2/CO[3]
                         net (fo=1, routed)           0.000     5.215    core/fetch/observe_reg[23]_i_2_n_0
    SLICE_X27Y20         CARRY4 (Prop_carry4_CI_O[3])
                                                      0.313     5.528 f  core/fetch/observe_reg[27]_i_2/O[3]
                         net (fo=3, routed)           0.675     6.203    core/d_req_addr[27]
    SLICE_X24Y21         LUT4 (Prop_lut4_I0_O)        0.306     6.509 r  core/d_err1_i_4/O
                         net (fo=1, routed)           0.671     7.180    core/d_err1_i_4_n_0
    SLICE_X31Y20         LUT6 (Prop_lut6_I4_O)        0.124     7.304 f  core/d_err1_i_2/O
                         net (fo=3, routed)           0.289     7.594    core/d_err1_i_2_0
    SLICE_X31Y20         LUT3 (Prop_lut3_I2_O)        0.124     7.718 r  core/bram_samples_request.ram_reg_0_0_0_i_43/O
                         net (fo=12, routed)          0.638     8.355    core/bram_samples_request.ram_reg_0_0_0_i_43_n_0
    SLICE_X37Y20         LUT4 (Prop_lut4_I3_O)        0.124     8.479 r  core/bram_samples_request.ram_reg_0_0_5_i_2/O
                         net (fo=3, routed)           1.424     9.903    core_n_101
    RAMB36_X3Y1          RAMB36E1                                     r  bram_samples_request.ram_reg_0_0_6/WEA[0]
  -------------------------------------------------------------------    -------------------

                         (clock clk rise edge)       10.000    10.000 r  
                                                      0.000    10.000 r  clk (IN)
                         net (fo=918, unset)          0.924    10.924    clk
    RAMB36_X3Y1          RAMB36E1                                     r  bram_samples_request.ram_reg_0_0_6/CLKARDCLK
                         clock pessimism              0.000    10.924    
                         clock uncertainty           -0.035    10.889    
    RAMB36_X3Y1          RAMB36E1 (Setup_ramb36e1_CLKARDCLK_WEA[0])
                                                     -0.532    10.357    bram_samples_request.ram_reg_0_0_6
  -------------------------------------------------------------------
                         required time                         10.357    
                         arrival time                          -9.903    
  -------------------------------------------------------------------
                         slack                                  0.454    





Min Delay Paths
--------------------------------------------------------------------------------------
Slack (MET) :             0.097ns  (arrival time - required time)
  Source:                 core/w_reg[result][26]/C
                            (rising edge-triggered cell FDRE clocked by clk  {rise@0.000ns fall@5.000ns period=10.000ns})
  Destination:            core/rf_reg_r1_0_31_24_29/RAMB/I
                            (rising edge-triggered cell RAMD32 clocked by clk  {rise@0.000ns fall@5.000ns period=10.000ns})
  Path Group:             clk
  Path Type:              Hold (Min at Fast Process Corner)
  Requirement:            0.000ns  (clk rise@0.000ns - clk rise@0.000ns)
  Data Path Delay:        0.265ns  (logic 0.141ns (53.293%)  route 0.124ns (46.707%))
  Logic Levels:           0  
  Clock Path Skew:        0.022ns (DCD - SCD - CPR)
    Destination Clock Delay (DCD):    0.432ns
    Source Clock Delay      (SCD):    0.410ns
    Clock Pessimism Removal (CPR):    -0.000ns

    Location             Delay type                Incr(ns)  Path(ns)    Netlist Resource(s)
  -------------------------------------------------------------------    -------------------
                         (clock clk rise edge)        0.000     0.000 r  
                                                      0.000     0.000 r  clk (IN)
                         net (fo=918, unset)          0.410     0.410    core/clk
    SLICE_X25Y21         FDRE                                         r  core/w_reg[result][26]/C
  -------------------------------------------------------------------    -------------------
    SLICE_X25Y21         FDRE (Prop_fdre_C_Q)         0.141     0.551 r  core/w_reg[result][26]/Q
                         net (fo=7, routed)           0.124     0.675    core/rf_reg_r1_0_31_24_29/DIB0
    SLICE_X26Y20         RAMD32                                       r  core/rf_reg_r1_0_31_24_29/RAMB/I
  -------------------------------------------------------------------    -------------------

                         (clock clk rise edge)        0.000     0.000 r  
                                                      0.000     0.000 r  clk (IN)
                         net (fo=918, unset)          0.432     0.432    core/rf_reg_r1_0_31_24_29/WCLK
    SLICE_X26Y20         RAMD32                                       r  core/rf_reg_r1_0_31_24_29/RAMB/CLK
                         clock pessimism              0.000     0.432    
    SLICE_X26Y20         RAMD32 (Hold_ramd32_CLK_I)
                                                      0.146     0.578    core/rf_reg_r1_0_31_24_29/RAMB
  -------------------------------------------------------------------
                         required time                         -0.578    
                         arrival time                           0.675    
  -------------------------------------------------------------------
                         slack                                  0.097    

Slack (MET) :             0.100ns  (arrival time - required time)
  Source:                 core/fetch/rsp_pc_reg[16]/C
                            (rising edge-triggered cell FDRE clocked by clk  {rise@0.000ns fall@5.000ns period=10.000ns})
  Destination:            core/fetch/buf_pc_reg_0_3_12_17/RAMB/I
                            (rising edge-triggered cell RAMD32 clocked by clk  {rise@0.000ns fall@5.000ns period=10.000ns})
  Path Group:             clk
  Path Type:              Hold (Min at Fast Process Corner)
  Requirement:            0.000ns  (clk rise@0.000ns - clk rise@0.000ns)
  Data Path Delay:        0.267ns  (logic 0.141ns (52.755%)  route 0.126ns (47.245%))
  Logic Levels:           0  
  Clock Path Skew:        0.022ns (DCD - SCD - CPR)
    Destination Clock Delay (DCD):    0.432ns
    Source Clock Delay      (SCD):    0.410ns
    Clock Pessimism Removal (CPR):    -0.000ns

    Location             Delay type                Incr(ns)  Path(ns)    Netlist Resource(s)
  -------------------------------------------------------------------    -------------------
                         (clock clk rise edge)        0.000     0.000 r  
                                                      0.000     0.000 r  clk (IN)
                         net (fo=918, unset)          0.410     0.410    core/fetch/clk
    SLICE_X17Y5          FDRE                                         r  core/fetch/rsp_pc_reg[16]/C
  -------------------------------------------------------------------    -------------------
    SLICE_X17Y5          FDRE (Prop_fdre_C_Q)         0.141     0.551 r  core/fetch/rsp_pc_reg[16]/Q
                         net (fo=4, routed)           0.126     0.677    core/fetch/buf_pc_reg_0_3_12_17/DIB0
    SLICE_X18Y6          RAMD32                                       r  core/fetch/buf_pc_reg_0_3_12_17/RAMB/I
  -------------------------------------------------------------------    -------------------

                         (clock clk rise edge)        0.000     0.000 r  
                                                      0.000     0.000 r  clk (IN)
                         net (fo=918, unset)          0.432     0.432    core/fetch/buf_pc_reg_0_3_12_17/WCLK
    SLICE_X18Y6          RAMD32                                       r  core/fetch/buf_pc_reg_0_3_12_17/RAMB/CLK
                         clock pessimism              0.000     0.432    
    SLICE_X18Y6          RAMD32 (Hold_ramd32_CLK_I)
                                                      0.146     0.578    core/fetch/buf_pc_reg_0_3_12_17/RAMB
  -------------------------------------------------------------------
                         required time                         -0.578    
                         arrival time                           0.677    
  -------------------------------------------------------------------
                         slack                                  0.100    

Slack (MET) :             0.106ns  (arrival time - required time)
  Source:                 core/fetch/rsp_pc_reg[28]/C
                            (rising edge-triggered cell FDRE clocked by clk  {rise@0.000ns fall@5.000ns period=10.000ns})
  Destination:            core/fetch/buf_pc_reg_0_3_24_29/RAMB/I
                            (rising edge-triggered cell RAMD32 clocked by clk  {rise@0.000ns fall@5.000ns period=10.000ns})
  Path Group:             clk
  Path Type:              Hold (Min at Fast Process Corner)
  Requirement:            0.000ns  (clk rise@0.000ns - clk rise@0.000ns)
  Data Path Delay:        0.274ns  (logic 0.141ns (51.511%)  route 0.133ns (48.489%))
  Logic Levels:           0  
  Clock Path Skew:        0.022ns (DCD - SCD - CPR)
    Destination Clock Delay (DCD):    0.432ns
    Source Clock Delay      (SCD):    0.410ns
    Clock Pessimism Removal (CPR):    -0.000ns

    Location             Delay type                Incr(ns)  Path(ns)    Netlist Resource(s)
  -------------------------------------------------------------------    -------------------
                         (clock clk rise edge)        0.000     0.000 r  
                                                      0.000     0.000 r  clk (IN)
                         net (fo=918, unset)          0.410     0.410    core/fetch/clk
    SLICE_X17Y9          FDRE                                         r  core/fetch/rsp_pc_reg[28]/C
  -------------------------------------------------------------------    -------------------
    SLICE_X17Y9          FDRE (Prop_fdre_C_Q)         0.141     0.551 r  core/fetch/rsp_pc_reg[28]/Q
                         net (fo=5, routed)           0.133     0.684    core/fetch/buf_pc_reg_0_3_24_29/DIB0
    SLICE_X18Y8          RAMD32                                       r  core/fetch/buf_pc_reg_0_3_24_29/RAMB/I
  -------------------------------------------------------------------    -------------------

                         (clock clk rise edge)        0.000     0.000 r  
                                                      0.000     0.000 r  clk (IN)
                         net (fo=918, unset)          0.432     0.432    core/fetch/buf_pc_reg_0_3_24_29/WCLK
    SLICE_X18Y8          RAMD32                                       r  core/fetch/buf_pc_reg_0_3_24_29/RAMB/CLK
                         clock pessimism              0.000     0.432    
    SLICE_X18Y8          RAMD32 (Hold_ramd32_CLK_I)
                                                      0.146     0.578    core/fetch/buf_pc_reg_0_3_24_29/RAMB
  -------------------------------------------------------------------
                         required time                         -0.578    
                         arrival time                           0.684    
  -------------------------------------------------------------------
                         slack                                  0.106    

Slack (MET) :             0.107ns  (arrival time - required time)
  Source:                 core/w_reg[result][6]/C
                            (rising edge-triggered cell FDRE clocked by clk  {rise@0.000ns fall@5.000ns period=10.000ns})
  Destination:            core/rf_reg_r1_0_31_6_11/RAMA/I
                            (rising edge-triggered cell RAMD32 clocked by clk  {rise@0.000ns fall@5.000ns period=10.000ns})
  Path Group:             clk
  Path Type:              Hold (Min at Fast Process Corner)
  Requirement:            0.000ns  (clk rise@0.000ns - clk rise@0.000ns)
  Data Path Delay:        0.275ns  (logic 0.141ns (51.228%)  route 0.134ns (48.772%))
  Logic Levels:           0  
  Clock Path Skew:        0.022ns (DCD - SCD - CPR)
    Destination Clock Delay (DCD):    0.432ns
    Source Clock Delay      (SCD):    0.410ns
    Clock Pessimism Removal (CPR):    -0.000ns

    Location             Delay type                Incr(ns)  Path(ns)    Netlist Resource(s)
  -------------------------------------------------------------------    -------------------
                         (clock clk rise edge)        0.000     0.000 r  
                                                      0.000     0.000 r  clk (IN)
                         net (fo=918, unset)          0.410     0.410    core/clk
    SLICE_X28Y15         FDRE                                         r  core/w_reg[result][6]/C
  -------------------------------------------------------------------    -------------------
    SLICE_X28Y15         FDRE (Prop_fdre_C_Q)         0.141     0.551 r  core/w_reg[result][6]/Q
                         net (fo=7, routed)           0.134     0.685    core/rf_reg_r1_0_31_6_11/DIA0
    SLICE_X30Y14         RAMD32                                       r  core/rf_reg_r1_0_31_6_11/RAMA/I
  -------------------------------------------------------------------    -------------------

                         (clock clk rise edge)        0.000     0.000 r  
                                                      0.000     0.000 r  clk (IN)
                         net (fo=918, unset)          0.432     0.432    core/rf_reg_r1_0_31_6_11/WCLK
    SLICE_X30Y14         RAMD32                                       r  core/rf_reg_r1_0_31_6_11/RAMA/CLK
                         clock pessimism              0.000     0.432    
    SLICE_X30Y14         RAMD32 (Hold_ramd32_CLK_I)
                                                      0.147     0.579    core/rf_reg_r1_0_31_6_11/RAMA
  -------------------------------------------------------------------
                         required time                         -0.579    
                         arrival time                           0.685    
  -------------------------------------------------------------------
                         slack                                  0.107    

Slack (MET) :             0.107ns  (arrival time - required time)
  Source:                 core/fetch/rsp_pc_reg[6]/C
                            (rising edge-triggered cell FDRE clocked by clk  {rise@0.000ns fall@5.000ns period=10.000ns})
  Destination:            core/fetch/buf_pc_reg_0_3_0_5/RAMC/I
                            (rising edge-triggered cell RAMD32 clocked by clk  {rise@0.000ns fall@5.000ns period=10.000ns})
  Path Group:             clk
  Path Type:              Hold (Min at Fast Process Corner)
  Requirement:            0.000ns  (clk rise@0.000ns - clk rise@0.000ns)
  Data Path Delay:        0.273ns  (logic 0.141ns (51.676%)  route 0.132ns (48.324%))
  Logic Levels:           0  
  Clock Path Skew:        0.022ns (DCD - SCD - CPR)
    Destination Clock Delay (DCD):    0.432ns
    Source Clock Delay      (SCD):    0.410ns
    Clock Pessimism Removal (CPR):    -0.000ns

    Location             Delay type                Incr(ns)  Path(ns)    Netlist Resource(s)
  -------------------------------------------------------------------    -------------------
                         (clock clk rise edge)        0.000     0.000 r  
                                                      0.000     0.000 r  clk (IN)
                         net (fo=918, unset)          0.410     0.410    core/fetch/clk
    SLICE_X17Y3          FDRE                                         r  core/fetch/rsp_pc_reg[6]/C
  -------------------------------------------------------------------    -------------------
    SLICE_X17Y3          FDRE (Prop_fdre_C_Q)         0.141     0.551 r  core/fetch/rsp_pc_reg[6]/Q
                         net (fo=4, routed)           0.132     0.683    core/fetch/buf_pc_reg_0_3_0_5/DIC0
    SLICE_X18Y3          RAMD32                                       r  core/fetch/buf_pc_reg_0_3_0_5/RAMC/I
  -------------------------------------------------------------------    -------------------

                         (clock clk rise edge)        0.000     0.000 r  
                                                      0.000     0.000 r  clk (IN)
                         net (fo=918, unset)          0.432     0.432    core/fetch/buf_pc_reg_0_3_0_5/WCLK
    SLICE_X18Y3          RAMD32                                       r  core/fetch/buf_pc_reg_0_3_0_5/RAMC/CLK
                         clock pessimism              0.000     0.432    
    SLICE_X18Y3          RAMD32 (Hold_ramd32_CLK_I)
                                                      0.144     0.576    core/fetch/buf_pc_reg_0_3_0_5/RAMC
  -------------------------------------------------------------------
                         required time                         -0.576    
                         arrival time                           0.683    
  -------------------------------------------------------------------
                         slack                                  0.107    

Slack (MET) :             0.108ns  (arrival time - required time)
  Source:                 core/w_reg[result][24]/C
                            (rising edge-triggered cell FDRE clocked by clk  {rise@0.000ns fall@5.000ns period=10.000ns})
  Destination:            core/rf_reg_r1_0_31_24_29/RAMA/I
                            (rising edge-triggered cell RAMD32 clocked by clk  {rise@0.000ns fall@5.000ns period=10.000ns})
  Path Group:             clk
  Path Type:              Hold (Min at Fast Process Corner)
  Requirement:            0.000ns  (clk rise@0.000ns - clk rise@0.000ns)
  Data Path Delay:        0.277ns  (logic 0.141ns (50.944%)  route 0.136ns (49.056%))
  Logic Levels:           0  
  Clock Path Skew:        0.022ns (DCD - SCD - CPR)
    Destination Clock Delay (DCD):    0.432ns
    Source Clock Delay      (SCD):    0.410ns
    Clock Pessimism Removal (CPR):    -0.000ns

    Location             Delay type                Incr(ns)  Path(ns)    Netlist Resource(s)
  -------------------------------------------------------------------    -------------------
                         (clock clk rise edge)        0.000     0.000 r  
                                                      0.000     0.000 r  clk (IN)
                         net (fo=918, unset)          0.410     0.410    core/clk
    SLICE_X25Y21         FDRE                                         r  core/w_reg[result][24]/C
  -------------------------------------------------------------------    -------------------
    SLICE_X25Y21         FDRE (Prop_fdre_C_Q)         0.141     0.551 r  core/w_reg[result][24]/Q
                         net (fo=7, routed)           0.136     0.687    core/rf_reg_r1_0_31_24_29/DIA0
    SLICE_X26Y20         RAMD32                                       r  core/rf_reg_r1_0_31_24_29/RAMA/I
  -------------------------------------------------------------------    -------------------

                         (clock clk rise edge)        0.000     0.000 r  
                                                      0.000     0.000 r  clk (IN)
                         net (fo=918, unset)          0.432     0.432    core/rf_reg_r1_0_31_24_29/WCLK
    SLICE_X26Y20         RAMD32                                       r  core/rf_reg_r1_0_31_24_29/RAMA/CLK
                         clock pessimism              0.000     0.432    
    SLICE_X26Y20         RAMD32 (Hold_ramd32_CLK_I)
                                                      0.147     0.579    core/rf_reg_r1_0_31_24_29/RAMA
  -------------------------------------------------------------------
                         required time                         -0.579    
                         arrival time                           0.687    
  -------------------------------------------------------------------
                         slack                                  0.108    

Slack (MET) :             0.111ns  (arrival time - required time)
  Source:                 core/fetch/rsp_pc_reg[27]/C
                            (rising edge-triggered cell FDRE clocked by clk  {rise@0.000ns fall@5.000ns period=10.000ns})
  Destination:            core/fetch/buf_pc_reg_0_3_24_29/RAMA_D1/I
                            (rising edge-triggered cell RAMD32 clocked by clk  {rise@0.000ns fall@5.000ns period=10.000ns})
  Path Group:             clk
  Path Type:              Hold (Min at Fast Process Corner)
  Requirement:            0.000ns  (clk rise@0.000ns - clk rise@0.000ns)
  Data Path Delay:        0.252ns  (logic 0.141ns (55.869%)  route 0.111ns (44.131%))
  Logic Levels:           0  
  Clock Path Skew:        0.022ns (DCD - SCD - CPR)
    Destination Clock Delay (DCD):    0.432ns
    Source Clock Delay      (SCD):    0.410ns
    Clock Pessimism Removal (CPR):    -0.000ns

    Location             Delay type                Incr(ns)  Path(ns)    Netlist Resource(s)
  -------------------------------------------------------------------    -------------------
                         (clock clk rise edge)        0.000     0.000 r  
                                                      0.000     0.000 r  clk (IN)
                         net (fo=918, unset)          0.410     0.410    core/fetch/clk
    SLICE_X17Y9          FDRE                                         r  core/fetch/rsp_pc_reg[27]/C
  -------------------------------------------------------------------    -------------------
    SLICE_X17Y9          FDRE (Prop_fdre_C_Q)         0.141     0.551 r  core/fetch/rsp_pc_reg[27]/Q
                         net (fo=5, routed)           0.111     0.663    core/fetch/buf_pc_reg_0_3_24_29/DIA1
    SLICE_X18Y8          RAMD32                                       r  core/fetch/buf_pc_reg_0_3_24_29/RAMA_D1/I
  -------------------------------------------------------------------    -------------------

                         (clock clk rise edge)        0.000     0.000 r  
                                                      0.000     0.000 r  clk (IN)
                         net (fo=918, unset)          0.432     0.432    core/fetch/buf_pc_reg_0_3_24_29/WCLK
    SLICE_X18Y8          RAMD32                                       r  core/fetch/buf_pc_reg_0_3_24_29/RAMA_D1/CLK
                         clock pessimism              0.000     0.432    
    SLICE_X18Y8          RAMD32 (Hold_ramd32_CLK_I)
                                                      0.120     0.552    core/fetch/buf_pc_reg_0_3_24_29/RAMA_D1
  -------------------------------------------------------------------
                         required time                         -0.552    
                         arrival time                           0.663    
  -------------------------------------------------------------------
                         slack                                  0.111    

Slack (MET) :             0.120ns  (arrival time - required time)
  Source:                 core/fetch/rsp_pc_reg[4]/C
                            (rising edge-triggered cell FDRE clocked by clk  {rise@0.000ns fall@5.000ns period=10.000ns})
  Destination:            core/fetch/buf_pc_reg_0_3_0_5/RAMB/I
                            (rising edge-triggered cell RAMD32 clocked by clk  {rise@0.000ns fall@5.000ns period=10.000ns})
  Path Group:             clk
  Path Type:              Hold (Min at Fast Process Corner)
  Requirement:            0.000ns  (clk rise@0.000ns - clk rise@0.000ns)
  Data Path Delay:        0.288ns  (logic 0.164ns (57.016%)  route 0.124ns (42.984%))
  Logic Levels:           0  
  Clock Path Skew:        0.022ns (DCD - SCD - CPR)
    Destination Clock Delay (DCD):    0.432ns
    Source Clock Delay      (SCD):    0.410ns
    Clock Pessimism Removal (CPR):    -0.000ns

    Location             Delay type                Incr(ns)  Path(ns)    Netlist Resource(s)
  -------------------------------------------------------------------    -------------------
                         (clock clk rise edge)        0.000     0.000 r  
                                                      0.000     0.000 r  clk (IN)
                         net (fo=918, unset)          0.410     0.410    core/fetch/clk
    SLICE_X16Y2          FDRE                                         r  core/fetch/rsp_pc_reg[4]/C
  -------------------------------------------------------------------    -------------------
    SLICE_X16Y2          FDRE (Prop_fdre_C_Q)         0.164     0.574 r  core/fetch/rsp_pc_reg[4]/Q
                         net (fo=3, routed)           0.124     0.698    core/fetch/buf_pc_reg_0_3_0_5/DIB0
    SLICE_X18Y3          RAMD32                                       r  core/fetch/buf_pc_reg_0_3_0_5/RAMB/I
  -------------------------------------------------------------------    -------------------

                         (clock clk rise edge)        0.000     0.000 r  
                                                      0.000     0.000 r  clk (IN)
                         net (fo=918, unset)          0.432     0.432    core/fetch/buf_pc_reg_0_3_0_5/WCLK
    SLICE_X18Y3          RAMD32                                       r  core/fetch/buf_pc_reg_0_3_0_5/RAMB/CLK
                         clock pessimism              0.000     0.432    
    SLICE_X18Y3          RAMD32 (Hold_ramd32_CLK_I)
                                                      0.146     0.578    core/fetch/buf_pc_reg_0_3_0_5/RAMB
  -------------------------------------------------------------------
                         required time                         -0.578    
                         arrival time                           0.698    
  -------------------------------------------------------------------
                         slack                                  0.120    

Slack (MET) :             0.122ns  (arrival time - required time)
  Source:                 core/fetch/rsp_pc_reg[5]/C
                            (rising edge-triggered cell FDRE clocked by clk  {rise@0.000ns fall@5.000ns period=10.000ns})
  Destination:            core/fetch/buf_pc_reg_0_3_0_5/RAMB_D1/I
                            (rising edge-triggered cell RAMD32 clocked by clk  {rise@0.000ns fall@5.000ns period=10.000ns})
  Path Group:             clk
  Path Type:              Hold (Min at Fast Process Corner)
  Requirement:            0.000ns  (clk rise@0.000ns - clk rise@0.000ns)
  Data Path Delay:        0.267ns  (logic 0.141ns (52.760%)  route 0.126ns (47.240%))
  Logic Levels:           0  
  Clock Path Skew:        0.022ns (DCD - SCD - CPR)
    Destination Clock Delay (DCD):    0.432ns
    Source Clock Delay      (SCD):    0.410ns
    Clock Pessimism Removal (CPR):    -0.000ns

    Location             Delay type                Incr(ns)  Path(ns)    Netlist Resource(s)
  -------------------------------------------------------------------    -------------------
                         (clock clk rise edge)        0.000     0.000 r  
                                                      0.000     0.000 r  clk (IN)
                         net (fo=918, unset)          0.410     0.410    core/fetch/clk
    SLICE_X17Y3          FDRE                                         r  core/fetch/rsp_pc_reg[5]/C
  -------------------------------------------------------------------    -------------------
    SLICE_X17Y3          FDRE (Prop_fdre_C_Q)         0.141     0.551 r  core/fetch/rsp_pc_reg[5]/Q
                         net (fo=4, routed)           0.126     0.677    core/fetch/buf_pc_reg_0_3_0_5/DIB1
    SLICE_X18Y3          RAMD32                                       r  core/fetch/buf_pc_reg_0_3_0_5/RAMB_D1/I
  -------------------------------------------------------------------    -------------------

                         (clock clk rise edge)        0.000     0.000 r  
                                                      0.000     0.000 r  clk (IN)
                         net (fo=918, unset)          0.432     0.432    core/fetch/buf_pc_reg_0_3_0_5/WCLK
    SLICE_X18Y3          RAMD32                                       r  core/fetch/buf_pc_reg_0_3_0_5/RAMB_D1/CLK
                         clock pessimism              0.000     0.432    
    SLICE_X18Y3          RAMD32 (Hold_ramd32_CLK_I)
                                                      0.124     0.556    core/fetch/buf_pc_reg_0_3_0_5/RAMB_D1
  -------------------------------------------------------------------
                         required time                         -0.556    
                         arrival time                           0.677    
  -------------------------------------------------------------------
                         slack                                  0.122    

Slack (MET) :             0.126ns  (arrival time - required time)
  Source:                 core/w_reg[result][2]/C
                            (rising edge-triggered cell FDRE clocked by clk  {rise@0.000ns fall@5.000ns period=10.000ns})
  Destination:            core/rf_reg_r2_0_31_0_5/RAMB/I
                            (rising edge-triggered cell RAMD32 clocked by clk  {rise@0.000ns fall@5.000ns period=10.000ns})
  Path Group:             clk
  Path Type:              Hold (Min at Fast Process Corner)
  Requirement:            0.000ns  (clk rise@0.000ns - clk rise@0.000ns)
  Data Path Delay:        0.294ns  (logic 0.141ns (47.990%)  route 0.153ns (52.010%))
  Logic Levels:           0  
  Clock Path Skew:        0.022ns (DCD - SCD - CPR)
    Destination Clock Delay (DCD):    0.432ns
    Source Clock Delay      (SCD):    0.410ns
    Clock Pessimism Removal (CPR):    -0.000ns

    Location             Delay type                Incr(ns)  Path(ns)    Netlist Resource(s)
  -------------------------------------------------------------------    -------------------
                         (clock clk rise edge)        0.000     0.000 r  
                                                      0.000     0.000 r  clk (IN)
                         net (fo=918, unset)          0.410     0.410    core/clk
    SLICE_X29Y12         FDRE                                         r  core/w_reg[result][2]/C
  -------------------------------------------------------------------    -------------------
    SLICE_X29Y12         FDRE (Prop_fdre_C_Q)         0.141     0.551 r  core/w_reg[result][2]/Q
                         net (fo=8, routed)           0.153     0.704    core/rf_reg_r2_0_31_0_5/DIB0
    SLICE_X30Y11         RAMD32                                       r  core/rf_reg_r2_0_31_0_5/RAMB/I
  -------------------------------------------------------------------    -------------------

                         (clock clk rise edge)        0.000     0.000 r  
                                                      0.000     0.000 r  clk (IN)
                         net (fo=918, unset)          0.432     0.432    core/rf_reg_r2_0_31_0_5/WCLK
    SLICE_X30Y11         RAMD32                                       r  core/rf_reg_r2_0_31_0_5/RAMB/CLK
                         clock pessimism              0.000     0.432    
    SLICE_X30Y11         RAMD32 (Hold_ramd32_CLK_I)
                                                      0.146     0.578    core/rf_reg_r2_0_31_0_5/RAMB
  -------------------------------------------------------------------
                         required time                         -0.578    
                         arrival time                           0.704    
  -------------------------------------------------------------------
                         slack                                  0.126    





Pulse Width Checks
--------------------------------------------------------------------------------------
Clock Name:         clk
Waveform(ns):       { 0.000 5.000 }
Period(ns):         10.000
Sources:            { clk }

Check Type        Corner  Lib Pin             Reference Pin  Required(ns)  Actual(ns)  Slack(ns)  Location     Pin
Min Period        n/a     RAMB36E1/CLKARDCLK  n/a            2.944         10.000      7.056      RAMB36_X1Y0  bram_samples_request.ram_reg_0_0_0/CLKARDCLK
Min Period        n/a     RAMB36E1/CLKARDCLK  n/a            2.944         10.000      7.056      RAMB36_X1Y3  bram_samples_request.ram_reg_0_0_1/CLKARDCLK
Min Period        n/a     RAMB36E1/CLKARDCLK  n/a            2.944         10.000      7.056      RAMB36_X1Y1  bram_samples_request.ram_reg_0_0_2/CLKARDCLK
Min Period        n/a     RAMB36E1/CLKARDCLK  n/a            2.944         10.000      7.056      RAMB36_X0Y2  bram_samples_request.ram_reg_0_0_3/CLKARDCLK
Min Period        n/a     RAMB36E1/CLKARDCLK  n/a            2.944         10.000      7.056      RAMB36_X0Y0  bram_samples_request.ram_reg_0_0_4/CLKARDCLK
Min Period        n/a     RAMB36E1/CLKARDCLK  n/a            2.944         10.000      7.056      RAMB36_X3Y0  bram_samples_request.ram_reg_0_0_5/CLKARDCLK
Min Period        n/a     RAMB36E1/CLKARDCLK  n/a            2.944         10.000      7.056      RAMB36_X3Y1  bram_samples_request.ram_reg_0_0_6/CLKARDCLK
Min Period        n/a     RAMB36E1/CLKARDCLK  n/a            2.944         10.000      7.056      RAMB36_X2Y0  bram_samples_request.ram_reg_0_0_7/CLKARDCLK
Min Period        n/a     RAMB36E1/CLKARDCLK  n/a            2.944         10.000      7.056      RAMB36_X3Y2  bram_samples_request.ram_reg_1_0_0/CLKARDCLK
Min Period        n/a     RAMB36E1/CLKARDCLK  n/a            2.944         10.000      7.056      RAMB36_X1Y2  bram_samples_request.ram_reg_1_0_1/CLKARDCLK
Low Pulse Width   Slow    RAMD32/CLK          n/a            1.250         5.000       3.750      SLICE_X20Y4  core/fetch/buf_err_reg_0_3_0_0/DP/CLK
Low Pulse Width   Fast    RAMD32/CLK          n/a            1.250         5.000       3.750      SLICE_X20Y4  core/fetch/buf_err_reg_0_3_0_0/DP/CLK
Low Pulse Width   Slow    RAMD32/CLK          n/a            1.250         5.000       3.750      SLICE_X20Y4  core/fetch/buf_err_reg_0_3_0_0/SP/CLK
Low Pulse Width   Fast    RAMD32/CLK          n/a            1.250         5.000       3.750      SLICE_X20Y4  core/fetch/buf_err_reg_0_3_0_0/SP/CLK
Low Pulse Width   Slow    RAMD32/CLK          n/a            1.250         5.000       3.750      SLICE_X22Y2  core/fetch/buf_insn_reg_0_3_0_5/RAMA/CLK
Low Pulse Width   Fast    RAMD32/CLK          n/a            1.250         5.000       3.750      SLICE_X22Y2  core/fetch/buf_insn_reg_0_3_0_5/RAMA/CLK
Low Pulse Width   Slow    RAMD32/CLK          n/a            1.250         5.000       3.750      SLICE_X22Y2  core/fetch/buf_insn_reg_0_3_0_5/RAMA_D1/CLK
Low Pulse Width   Fast    RAMD32/CLK          n/a            1.250         5.000       3.750      SLICE_X22Y2  core/fetch/buf_insn_reg_0_3_0_5/RAMA_D1/CLK
Low Pulse Width   Slow    RAMD32/CLK          n/a            1.250         5.000       3.750      SLICE_X22Y2  core/fetch/buf_insn_reg_0_3_0_5/RAMB/CLK
Low Pulse Width   Fast    RAMD32/CLK          n/a            1.250         5.000       3.750      SLICE_X22Y2  core/fetch/buf_insn_reg_0_3_0_5/RAMB/CLK
High Pulse Width  Slow    RAMD32/CLK          n/a            1.250         5.000       3.750      SLICE_X20Y4  core/fetch/buf_err_reg_0_3_0_0/DP/CLK
High Pulse Width  Fast    RAMD32/CLK          n/a            1.250         5.000       3.750      SLICE_X20Y4  core/fetch/buf_err_reg_0_3_0_0/DP/CLK
High Pulse Width  Slow    RAMD32/CLK          n/a            1.250         5.000       3.750      SLICE_X20Y4  core/fetch/buf_err_reg_0_3_0_0/SP/CLK
High Pulse Width  Fast    RAMD32/CLK          n/a            1.250         5.000       3.750      SLICE_X20Y4  core/fetch/buf_err_reg_0_3_0_0/SP/CLK
High Pulse Width  Slow    RAMD32/CLK          n/a            1.250         5.000       3.750      SLICE_X22Y2  core/fetch/buf_insn_reg_0_3_0_5/RAMA/CLK
High Pulse Width  Fast    RAMD32/CLK          n/a            1.250         5.000       3.750      SLICE_X22Y2  core/fetch/buf_insn_reg_0_3_0_5/RAMA/CLK
High Pulse Width  Slow    RAMD32/CLK          n/a            1.250         5.000       3.750      SLICE_X22Y2  core/fetch/buf_insn_reg_0_3_0_5/RAMA_D1/CLK
High Pulse Width  Fast    RAMD32/CLK          n/a            1.250         5.000       3.750      SLICE_X22Y2  core/fetch/buf_insn_reg_0_3_0_5/RAMA_D1/CLK
High Pulse Width  Slow    RAMD32/CLK          n/a            1.250         5.000       3.750      SLICE_X22Y2  core/fetch/buf_insn_reg_0_3_0_5/RAMB/CLK
High Pulse Width  Fast    RAMD32/CLK          n/a            1.250         5.000       3.750      SLICE_X22Y2  core/fetch/buf_insn_reg_0_3_0_5/RAMB/CLK



