Copyright 1986-2022 Xilinx, Inc. All Rights Reserved. Copyright 2022-2025 Advanced Micro Devices, Inc. All Rights Reserved.
---------------------------------------------------------------------------------------------------------------------------------------------
| Tool Version : Vivado v.2025.1 (lin64) Build 6140274 Wed May 21 22:58:25 MDT 2025
| Date         : Fri Oct  2 11:39:49 2026
| Host         : gondor running 64-bit Ubuntu 24.04.5 LTS
| Command      : report_timing_summary -max_paths 10 -file /home/elfo/Documents/Aster/build/timing/fpga/aster/timing_summary.rpt
| Design       : timing_aster
| Device       : 7z020-clg400
| Speed File   : -1  PRODUCTION 1.12 2019-11-22
| Design State : Routed
---------------------------------------------------------------------------------------------------------------------------------------------

Timing Summary Report

------------------------------------------------------------------------------------------------
| Timer Settings
| --------------
------------------------------------------------------------------------------------------------

  Enable Multi Corner Analysis               :  Yes
  Enable Pessimism Removal                   :  Yes
  Pessimism Removal Resolution               :  Nearest Common Node
  Enable Input Delay Default Clock           :  No
  Enable Preset / Clear Arcs                 :  No
  Disable Flight Delays                      :  No
  Ignore I/O Paths                           :  No
  Timing Early Launch at Borrowing Latches   :  No
  Borrow Time for Max Delay Exceptions       :  Yes
  Merge Timing Exceptions                    :  Yes
  Inter-SLR Compensation                     :  Conservative

  Corner  Analyze    Analyze    
  Name    Max Paths  Min Paths  
  ------  ---------  ---------  
  Slow    Yes        Yes        
  Fast    Yes        Yes        


------------------------------------------------------------------------------------------------
| Report Methodology
| ------------------
------------------------------------------------------------------------------------------------

No report available as report_methodology has not been run prior. Run report_methodology on the current design for the summary of methodology violations.



check_timing report

Table of Contents
-----------------
1. checking no_clock (0)
2. checking constant_clock (0)
3. checking pulse_width_clock (0)
4. checking unconstrained_internal_endpoints (0)
5. checking no_input_delay (74)
6. checking no_output_delay (101)
7. checking multiple_clock (0)
8. checking generated_clocks (0)
9. checking loops (0)
10. checking partial_input_delay (0)
11. checking partial_output_delay (0)
12. checking latch_loops (0)

1. checking no_clock (0)
------------------------
 There are 0 register/latch pins with no clock.


2. checking constant_clock (0)
------------------------------
 There are 0 register/latch pins with constant_clock.


3. checking pulse_width_clock (0)
---------------------------------
 There are 0 register/latch pins which need pulse_width check


4. checking unconstrained_internal_endpoints (0)
------------------------------------------------
 There are 0 pins that are not constrained for maximum delay.

 There are 0 pins that are not constrained for maximum delay due to constant clock.


5. checking no_input_delay (74)
-------------------------------
 There are 74 input ports with no input delay specified. (HIGH)

 There are 0 input ports with no input delay but user has a false path constraint.


6. checking no_output_delay (101)
---------------------------------
 There are 101 ports with no output delay specified. (HIGH)

 There are 0 ports with no output delay but user has a false path constraint

 There are 0 ports with no output delay but with a timing clock defined on it or propagating through it


7. checking multiple_clock (0)
------------------------------
 There are 0 register/latch pins with multiple clocks.


8. checking generated_clocks (0)
--------------------------------
 There are 0 generated clocks that are not connected to a clock source.


9. checking loops (0)
---------------------
 There are 0 combinational loops in the design.


10. checking partial_input_delay (0)
------------------------------------
 There are 0 input ports with partial input delay specified.


11. checking partial_output_delay (0)
-------------------------------------
 There are 0 ports with partial output delay specified.


12. checking latch_loops (0)
----------------------------
 There are 0 combinational latch loops in the design through latch input



------------------------------------------------------------------------------------------------
| Design Timing Summary
| ---------------------
------------------------------------------------------------------------------------------------

    WNS(ns)      TNS(ns)  TNS Failing Endpoints  TNS Total Endpoints      WHS(ns)      THS(ns)  THS Failing Endpoints  THS Total Endpoints     WPWS(ns)     TPWS(ns)  TPWS Failing Endpoints  TPWS Total Endpoints  
    -------      -------  ---------------------  -------------------      -------      -------  ---------------------  -------------------     --------     --------  ----------------------  --------------------  
      0.716        0.000                      0                 3904        0.108        0.000                      0                 3904        3.750        0.000                       0                  1531  


All user specified timing constraints are met.


------------------------------------------------------------------------------------------------
| Clock Summary
| -------------
------------------------------------------------------------------------------------------------

Clock  Waveform(ns)       Period(ns)      Frequency(MHz)
-----  ------------       ----------      --------------
clk    {0.000 5.000}      10.000          100.000         


------------------------------------------------------------------------------------------------
| Intra Clock Table
| -----------------
------------------------------------------------------------------------------------------------

Clock             WNS(ns)      TNS(ns)  TNS Failing Endpoints  TNS Total Endpoints      WHS(ns)      THS(ns)  THS Failing Endpoints  THS Total Endpoints     WPWS(ns)     TPWS(ns)  TPWS Failing Endpoints  TPWS Total Endpoints  
-----             -------      -------  ---------------------  -------------------      -------      -------  ---------------------  -------------------     --------     --------  ----------------------  --------------------  
clk                 0.716        0.000                      0                 3904        0.108        0.000                      0                 3904        3.750        0.000                       0                  1531  


------------------------------------------------------------------------------------------------
| Inter Clock Table
| -----------------
------------------------------------------------------------------------------------------------

From Clock    To Clock          WNS(ns)      TNS(ns)  TNS Failing Endpoints  TNS Total Endpoints      WHS(ns)      THS(ns)  THS Failing Endpoints  THS Total Endpoints  
----------    --------          -------      -------  ---------------------  -------------------      -------      -------  ---------------------  -------------------  


------------------------------------------------------------------------------------------------
| Other Path Groups Table
| -----------------------
------------------------------------------------------------------------------------------------

Path Group    From Clock    To Clock          WNS(ns)      TNS(ns)  TNS Failing Endpoints  TNS Total Endpoints      WHS(ns)      THS(ns)  THS Failing Endpoints  THS Total Endpoints  
----------    ----------    --------          -------      -------  ---------------------  -------------------      -------      -------  ---------------------  -------------------  


------------------------------------------------------------------------------------------------
| Timing Details
| --------------
------------------------------------------------------------------------------------------------


---------------------------------------------------------------------------------------------------
From Clock:  clk
  To Clock:  clk

Setup :            0  Failing Endpoints,  Worst Slack        0.716ns,  Total Violation        0.000ns
Hold  :            0  Failing Endpoints,  Worst Slack        0.108ns,  Total Violation        0.000ns
PW    :            0  Failing Endpoints,  Worst Slack        3.750ns,  Total Violation        0.000ns
---------------------------------------------------------------------------------------------------


Max Delay Paths
--------------------------------------------------------------------------------------
Slack (MET) :             0.716ns  (required time - arrival time)
  Source:                 core/w_reg[result][1]/C
                            (rising edge-triggered cell FDRE clocked by clk  {rise@0.000ns fall@5.000ns period=10.000ns})
  Destination:            core/m1_reg[result][17]/D
                            (rising edge-triggered cell FDRE clocked by clk  {rise@0.000ns fall@5.000ns period=10.000ns})
  Path Group:             clk
  Path Type:              Setup (Max at Slow Process Corner)
  Requirement:            10.000ns  (clk rise@10.000ns - clk rise@0.000ns)
  Data Path Delay:        9.231ns  (logic 2.977ns (32.250%)  route 6.254ns (67.750%))
  Logic Levels:           14  (CARRY4=5 LUT2=1 LUT3=1 LUT4=2 LUT5=3 LUT6=2)
  Clock Path Skew:        -0.049ns (DCD - SCD + CPR)
    Destination Clock Delay (DCD):    0.924ns = ( 10.924 - 10.000 ) 
    Source Clock Delay      (SCD):    0.973ns
    Clock Pessimism Removal (CPR):    0.000ns
  Clock Uncertainty:      0.035ns  ((TSJ^2 + TIJ^2)^1/2 + DJ) / 2 + PE
    Total System Jitter     (TSJ):    0.071ns
    Total Input Jitter      (TIJ):    0.000ns
    Discrete Jitter          (DJ):    0.000ns
    Phase Error              (PE):    0.000ns

    Location             Delay type                Incr(ns)  Path(ns)    Netlist Resource(s)
  -------------------------------------------------------------------    -------------------
                         (clock clk rise edge)        0.000     0.000 r  
                                                      0.000     0.000 r  clk (IN)
                         net (fo=1530, unset)         0.973     0.973    core/clk
    SLICE_X56Y27         FDRE                                         r  core/w_reg[result][1]/C
  -------------------------------------------------------------------    -------------------
    SLICE_X56Y27         FDRE (Prop_fdre_C_Q)         0.456     1.429 f  core/w_reg[result][1]/Q
                         net (fo=7, routed)           1.067     2.496    core/fetch/d_req_wdata[31]_INST_0_i_1_1[1]
    SLICE_X64Y29         LUT4 (Prop_lut4_I1_O)        0.124     2.620 f  core/fetch/d_req_wdata[25]_INST_0_i_4/O
                         net (fo=1, routed)           0.407     3.027    core/fetch/d_req_wdata[25]_INST_0_i_4_n_0
    SLICE_X65Y29         LUT5 (Prop_lut5_I4_O)        0.124     3.151 f  core/fetch/d_req_wdata[25]_INST_0_i_1/O
                         net (fo=19, routed)          0.876     4.027    core/d_req_wdata[1]
    SLICE_X69Y33         LUT3 (Prop_lut3_I2_O)        0.124     4.151 r  core/m1[result][31]_i_13/O
                         net (fo=97, routed)          0.767     4.918    core/m1[result][31]_i_13_n_0
    SLICE_X74Y36         LUT2 (Prop_lut2_I0_O)        0.124     5.042 r  core/m1[result][0]_i_35/O
                         net (fo=1, routed)           0.000     5.042    core/m1[result][0]_i_35_n_0
    SLICE_X74Y36         CARRY4 (Prop_carry4_S[1]_CO[3])
                                                      0.550     5.592 r  core/m1_reg[result][0]_i_11/CO[3]
                         net (fo=1, routed)           0.000     5.592    core/m1_reg[result][0]_i_11_n_0
    SLICE_X74Y37         CARRY4 (Prop_carry4_CI_CO[3])
                                                      0.114     5.706 r  core/m1_reg[result][7]_i_15/CO[3]
                         net (fo=1, routed)           0.000     5.706    core/m1_reg[result][7]_i_15_n_0
    SLICE_X74Y38         CARRY4 (Prop_carry4_CI_CO[3])
                                                      0.114     5.820 r  core/m1_reg[result][15]_i_19/CO[3]
                         net (fo=1, routed)           0.000     5.820    core/m1_reg[result][15]_i_19_n_0
    SLICE_X74Y39         CARRY4 (Prop_carry4_CI_CO[3])
                                                      0.114     5.934 r  core/m1_reg[result][15]_i_14/CO[3]
                         net (fo=1, routed)           0.000     5.934    core/m1_reg[result][15]_i_14_n_0
    SLICE_X74Y40         CARRY4 (Prop_carry4_CI_O[1])
                                                      0.334     6.268 r  core/m1_reg[result][19]_i_19/O[1]
                         net (fo=1, routed)           0.588     6.856    core/p_1_out[17]
    SLICE_X72Y43         LUT4 (Prop_lut4_I0_O)        0.303     7.159 r  core/m1[result][17]_i_15/O
                         net (fo=1, routed)           0.622     7.781    core/m1[result][17]_i_15_n_0
    SLICE_X72Y43         LUT5 (Prop_lut5_I3_O)        0.124     7.905 r  core/m1[result][17]_i_12/O
                         net (fo=1, routed)           0.640     8.545    core/m1[result][17]_i_12_n_0
    SLICE_X75Y37         LUT6 (Prop_lut6_I4_O)        0.124     8.669 r  core/m1[result][17]_i_7/O
                         net (fo=1, routed)           0.797     9.466    core/m1[result][17]_i_7_n_0
    SLICE_X76Y28         LUT5 (Prop_lut5_I0_O)        0.124     9.590 r  core/m1[result][17]_i_4/O
                         net (fo=1, routed)           0.490    10.080    core/m1[result][17]_i_4_n_0
    SLICE_X76Y28         LUT6 (Prop_lut6_I5_O)        0.124    10.204 r  core/m1[result][17]_i_1/O
                         net (fo=1, routed)           0.000    10.204    core/result_return[17]
    SLICE_X76Y28         FDRE                                         r  core/m1_reg[result][17]/D
  -------------------------------------------------------------------    -------------------

                         (clock clk rise edge)       10.000    10.000 r  
                                                      0.000    10.000 r  clk (IN)
                         net (fo=1530, unset)         0.924    10.924    core/clk
    SLICE_X76Y28         FDRE                                         r  core/m1_reg[result][17]/C
                         clock pessimism              0.000    10.924    
                         clock uncertainty           -0.035    10.889    
    SLICE_X76Y28         FDRE (Setup_fdre_C_D)        0.031    10.920    core/m1_reg[result][17]
  -------------------------------------------------------------------
                         required time                         10.920    
                         arrival time                         -10.204    
  -------------------------------------------------------------------
                         slack                                  0.716    

Slack (MET) :             0.744ns  (required time - arrival time)
  Source:                 core/w_reg[result][11]/C
                            (rising edge-triggered cell FDRE clocked by clk  {rise@0.000ns fall@5.000ns period=10.000ns})
  Destination:            core/m1_reg[result][29]/D
                            (rising edge-triggered cell FDRE clocked by clk  {rise@0.000ns fall@5.000ns period=10.000ns})
  Path Group:             clk
  Path Type:              Setup (Max at Slow Process Corner)
  Requirement:            10.000ns  (clk rise@10.000ns - clk rise@0.000ns)
  Data Path Delay:        9.091ns  (logic 2.942ns (32.361%)  route 6.149ns (67.639%))
  Logic Levels:           15  (CARRY4=6 LUT2=1 LUT3=1 LUT4=2 LUT5=3 LUT6=2)
  Clock Path Skew:        -0.049ns (DCD - SCD + CPR)
    Destination Clock Delay (DCD):    0.924ns = ( 10.924 - 10.000 ) 
    Source Clock Delay      (SCD):    0.973ns
    Clock Pessimism Removal (CPR):    0.000ns
  Clock Uncertainty:      0.035ns  ((TSJ^2 + TIJ^2)^1/2 + DJ) / 2 + PE
    Total System Jitter     (TSJ):    0.071ns
    Total Input Jitter      (TIJ):    0.000ns
    Discrete Jitter          (DJ):    0.000ns
    Phase Error              (PE):    0.000ns

    Location             Delay type                Incr(ns)  Path(ns)    Netlist Resource(s)
  -------------------------------------------------------------------    -------------------
                         (clock clk rise edge)        0.000     0.000 r  
                                                      0.000     0.000 r  clk (IN)
                         net (fo=1530, unset)         0.973     0.973    core/clk
    SLICE_X53Y28         FDRE                                         r  core/w_reg[result][11]/C
  -------------------------------------------------------------------    -------------------
    SLICE_X53Y28         FDRE (Prop_fdre_C_Q)         0.456     1.429 f  core/w_reg[result][11]/Q
                         net (fo=6, routed)           1.130     2.559    core/fetch/d_req_wdata[31]_INST_0_i_1_1[11]
    SLICE_X60Y29         LUT4 (Prop_lut4_I1_O)        0.124     2.683 f  core/fetch/d_req_wdata[27]_INST_0_i_4/O
                         net (fo=1, routed)           0.667     3.350    core/fetch/d_req_wdata[27]_INST_0_i_4_n_0
    SLICE_X60Y29         LUT5 (Prop_lut5_I4_O)        0.124     3.474 r  core/fetch/d_req_wdata[27]_INST_0_i_1/O
                         net (fo=16, routed)          1.039     4.513    core/fetch_n_57
    SLICE_X73Y38         LUT3 (Prop_lut3_I1_O)        0.124     4.637 r  core/m1[result][11]_i_10/O
                         net (fo=7, routed)           0.610     5.247    core/m1[result][11]_i_10_n_0
    SLICE_X72Y34         LUT2 (Prop_lut2_I1_O)        0.124     5.371 r  core/m1[result][9]_i_25/O
                         net (fo=1, routed)           0.000     5.371    core/m1[result][9]_i_25_n_0
    SLICE_X72Y34         CARRY4 (Prop_carry4_S[3]_CO[3])
                                                      0.401     5.772 r  core/m1_reg[result][9]_i_17/CO[3]
                         net (fo=1, routed)           0.000     5.772    core/m1_reg[result][9]_i_17_n_0
    SLICE_X72Y35         CARRY4 (Prop_carry4_CI_CO[3])
                                                      0.114     5.886 r  core/m1_reg[result][15]_i_15/CO[3]
                         net (fo=1, routed)           0.000     5.886    core/m1_reg[result][15]_i_15_n_0
    SLICE_X72Y36         CARRY4 (Prop_carry4_CI_CO[3])
                                                      0.114     6.000 r  core/m1_reg[result][23]_i_16/CO[3]
                         net (fo=1, routed)           0.000     6.000    core/m1_reg[result][23]_i_16_n_0
    SLICE_X72Y37         CARRY4 (Prop_carry4_CI_CO[3])
                                                      0.114     6.114 r  core/m1_reg[result][23]_i_12/CO[3]
                         net (fo=1, routed)           0.000     6.114    core/m1_reg[result][23]_i_12_n_0
    SLICE_X72Y38         CARRY4 (Prop_carry4_CI_CO[3])
                                                      0.114     6.228 r  core/m1_reg[result][27]_i_23/CO[3]
                         net (fo=1, routed)           0.000     6.228    core/m1_reg[result][27]_i_23_n_0
    SLICE_X72Y39         CARRY4 (Prop_carry4_CI_O[1])
                                                      0.334     6.562 r  core/m1_reg[result][31]_i_34/O[1]
                         net (fo=1, routed)           0.624     7.187    core/p_3_out[29]
    SLICE_X76Y36         LUT4 (Prop_lut4_I2_O)        0.303     7.490 r  core/m1[result][29]_i_10/O
                         net (fo=1, routed)           0.441     7.931    core/m1[result][29]_i_10_n_0
    SLICE_X77Y35         LUT5 (Prop_lut5_I2_O)        0.124     8.055 r  core/m1[result][29]_i_9/O
                         net (fo=1, routed)           0.289     8.344    core/m1[result][29]_i_9_n_0
    SLICE_X77Y36         LUT6 (Prop_lut6_I4_O)        0.124     8.468 r  core/m1[result][29]_i_5/O
                         net (fo=1, routed)           0.434     8.902    core/m1[result][29]_i_5_n_0
    SLICE_X77Y33         LUT6 (Prop_lut6_I0_O)        0.124     9.026 r  core/m1[result][29]_i_3/O
                         net (fo=1, routed)           0.395     9.421    core/m1[result][29]_i_3_n_0
    SLICE_X79Y33         LUT5 (Prop_lut5_I4_O)        0.124     9.545 r  core/m1[result][29]_i_1/O
                         net (fo=1, routed)           0.519    10.064    core/result_return[29]
    SLICE_X79Y33         FDRE                                         r  core/m1_reg[result][29]/D
  -------------------------------------------------------------------    -------------------

                         (clock clk rise edge)       10.000    10.000 r  
                                                      0.000    10.000 r  clk (IN)
                         net (fo=1530, unset)         0.924    10.924    core/clk
    SLICE_X79Y33         FDRE                                         r  core/m1_reg[result][29]/C
                         clock pessimism              0.000    10.924    
                         clock uncertainty           -0.035    10.889    
    SLICE_X79Y33         FDRE (Setup_fdre_C_D)       -0.081    10.808    core/m1_reg[result][29]
  -------------------------------------------------------------------
                         required time                         10.808    
                         arrival time                         -10.064    
  -------------------------------------------------------------------
                         slack                                  0.744    

Slack (MET) :             0.785ns  (required time - arrival time)
  Source:                 core/w_reg[result][15]/C
                            (rising edge-triggered cell FDRE clocked by clk  {rise@0.000ns fall@5.000ns period=10.000ns})
  Destination:            core/m1_reg[result][0]/D
                            (rising edge-triggered cell FDRE clocked by clk  {rise@0.000ns fall@5.000ns period=10.000ns})
  Path Group:             clk
  Path Type:              Setup (Max at Slow Process Corner)
  Requirement:            10.000ns  (clk rise@10.000ns - clk rise@0.000ns)
  Data Path Delay:        9.160ns  (logic 2.294ns (25.043%)  route 6.866ns (74.957%))
  Logic Levels:           11  (CARRY4=3 LUT3=1 LUT4=1 LUT5=1 LUT6=5)
  Clock Path Skew:        -0.049ns (DCD - SCD + CPR)
    Destination Clock Delay (DCD):    0.924ns = ( 10.924 - 10.000 ) 
    Source Clock Delay      (SCD):    0.973ns
    Clock Pessimism Removal (CPR):    0.000ns
  Clock Uncertainty:      0.035ns  ((TSJ^2 + TIJ^2)^1/2 + DJ) / 2 + PE
    Total System Jitter     (TSJ):    0.071ns
    Total Input Jitter      (TIJ):    0.000ns
    Discrete Jitter          (DJ):    0.000ns
    Phase Error              (PE):    0.000ns

    Location             Delay type                Incr(ns)  Path(ns)    Netlist Resource(s)
  -------------------------------------------------------------------    -------------------
                         (clock clk rise edge)        0.000     0.000 r  
                                                      0.000     0.000 r  clk (IN)
                         net (fo=1530, unset)         0.973     0.973    core/clk
    SLICE_X52Y29         FDRE                                         r  core/w_reg[result][15]/C
  -------------------------------------------------------------------    -------------------
    SLICE_X52Y29         FDRE (Prop_fdre_C_Q)         0.456     1.429 r  core/w_reg[result][15]/Q
                         net (fo=6, routed)           1.080     2.509    core/fetch/d_req_wdata[31]_INST_0_i_1_1[15]
    SLICE_X54Y28         LUT4 (Prop_lut4_I1_O)        0.124     2.633 r  core/fetch/d_req_wdata[31]_INST_0_i_5/O
                         net (fo=1, routed)           0.670     3.303    core/fetch/d_req_wdata[31]_INST_0_i_5_n_0
    SLICE_X54Y28         LUT5 (Prop_lut5_I4_O)        0.124     3.427 f  core/fetch/d_req_wdata[31]_INST_0_i_2/O
                         net (fo=18, routed)          1.508     4.935    core/fetch_n_64
    SLICE_X74Y39         LUT3 (Prop_lut3_I1_O)        0.149     5.084 f  core/m1[result][15]_i_11/O
                         net (fo=3, routed)           0.628     5.712    core/m1[result][15]_i_11_n_0
    SLICE_X77Y36         LUT6 (Prop_lut6_I1_O)        0.332     6.044 r  core/m1[result][0]_i_52/O
                         net (fo=2, routed)           0.624     6.669    core/m1[result][0]_i_52_n_0
    SLICE_X76Y38         CARRY4 (Prop_carry4_DI[3]_CO[3])
                                                      0.385     7.054 r  core/m1_reg[result][0]_i_37/CO[3]
                         net (fo=1, routed)           0.000     7.054    core/m1_reg[result][0]_i_37_n_0
    SLICE_X76Y39         CARRY4 (Prop_carry4_CI_CO[3])
                                                      0.114     7.168 r  core/m1_reg[result][0]_i_13/CO[3]
                         net (fo=1, routed)           0.000     7.168    core/m1_reg[result][0]_i_13_n_0
    SLICE_X76Y40         CARRY4 (Prop_carry4_CI_CO[3])
                                                      0.114     7.282 r  core/m1_reg[result][0]_i_9/CO[3]
                         net (fo=1, routed)           1.027     8.309    core/p_14_in
    SLICE_X76Y36         LUT6 (Prop_lut6_I1_O)        0.124     8.433 r  core/m1[result][0]_i_7/O
                         net (fo=1, routed)           0.421     8.854    core/m1[result][0]_i_7_n_0
    SLICE_X76Y34         LUT6 (Prop_lut6_I2_O)        0.124     8.978 r  core/m1[result][0]_i_5/O
                         net (fo=1, routed)           0.307     9.284    core/m1[result][0]_i_5_n_0
    SLICE_X73Y34         LUT6 (Prop_lut6_I5_O)        0.124     9.408 r  core/m1[result][0]_i_3/O
                         net (fo=1, routed)           0.601    10.009    core/m1[result][0]_i_3_n_0
    SLICE_X71Y29         LUT6 (Prop_lut6_I5_O)        0.124    10.133 r  core/m1[result][0]_i_1/O
                         net (fo=1, routed)           0.000    10.133    core/result_return[0]
    SLICE_X71Y29         FDRE                                         r  core/m1_reg[result][0]/D
  -------------------------------------------------------------------    -------------------

                         (clock clk rise edge)       10.000    10.000 r  
                                                      0.000    10.000 r  clk (IN)
                         net (fo=1530, unset)         0.924    10.924    core/clk
    SLICE_X71Y29         FDRE                                         r  core/m1_reg[result][0]/C
                         clock pessimism              0.000    10.924    
                         clock uncertainty           -0.035    10.889    
    SLICE_X71Y29         FDRE (Setup_fdre_C_D)        0.029    10.918    core/m1_reg[result][0]
  -------------------------------------------------------------------
                         required time                         10.918    
                         arrival time                         -10.133    
  -------------------------------------------------------------------
                         slack                                  0.785    

Slack (MET) :             0.797ns  (required time - arrival time)
  Source:                 core/w_reg[result][11]/C
                            (rising edge-triggered cell FDRE clocked by clk  {rise@0.000ns fall@5.000ns period=10.000ns})
  Destination:            core/m1_reg[result][13]/D
                            (rising edge-triggered cell FDRE clocked by clk  {rise@0.000ns fall@5.000ns period=10.000ns})
  Path Group:             clk
  Path Type:              Setup (Max at Slow Process Corner)
  Requirement:            10.000ns  (clk rise@10.000ns - clk rise@0.000ns)
  Data Path Delay:        9.148ns  (logic 2.610ns (28.530%)  route 6.538ns (71.470%))
  Logic Levels:           12  (CARRY4=2 LUT2=1 LUT3=1 LUT4=2 LUT5=5 LUT6=1)
  Clock Path Skew:        -0.049ns (DCD - SCD + CPR)
    Destination Clock Delay (DCD):    0.924ns = ( 10.924 - 10.000 ) 
    Source Clock Delay      (SCD):    0.973ns
    Clock Pessimism Removal (CPR):    0.000ns
  Clock Uncertainty:      0.035ns  ((TSJ^2 + TIJ^2)^1/2 + DJ) / 2 + PE
    Total System Jitter     (TSJ):    0.071ns
    Total Input Jitter      (TIJ):    0.000ns
    Discrete Jitter          (DJ):    0.000ns
    Phase Error              (PE):    0.000ns

    Location             Delay type                Incr(ns)  Path(ns)    Netlist Resource(s)
  -------------------------------------------------------------------    -------------------
                         (clock clk rise edge)        0.000     0.000 r  
                                                      0.000     0.000 r  clk (IN)
                         net (fo=1530, unset)         0.973     0.973    core/clk
    SLICE_X53Y28         FDRE                                         r  core/w_reg[result][11]/C
  -------------------------------------------------------------------    -------------------
    SLICE_X53Y28         FDRE (Prop_fdre_C_Q)         0.456     1.429 f  core/w_reg[result][11]/Q
                         net (fo=6, routed)           1.130     2.559    core/fetch/d_req_wdata[31]_INST_0_i_1_1[11]
    SLICE_X60Y29         LUT4 (Prop_lut4_I1_O)        0.124     2.683 f  core/fetch/d_req_wdata[27]_INST_0_i_4/O
                         net (fo=1, routed)           0.667     3.350    core/fetch/d_req_wdata[27]_INST_0_i_4_n_0
    SLICE_X60Y29         LUT5 (Prop_lut5_I4_O)        0.124     3.474 r  core/fetch/d_req_wdata[27]_INST_0_i_1/O
                         net (fo=16, routed)          1.039     4.513    core/fetch_n_57
    SLICE_X73Y38         LUT3 (Prop_lut3_I1_O)        0.124     4.637 r  core/m1[result][11]_i_10/O
                         net (fo=7, routed)           0.610     5.247    core/m1[result][11]_i_10_n_0
    SLICE_X72Y34         LUT2 (Prop_lut2_I1_O)        0.124     5.371 r  core/m1[result][9]_i_25/O
                         net (fo=1, routed)           0.000     5.371    core/m1[result][9]_i_25_n_0
    SLICE_X72Y34         CARRY4 (Prop_carry4_S[3]_CO[3])
                                                      0.401     5.772 r  core/m1_reg[result][9]_i_17/CO[3]
                         net (fo=1, routed)           0.000     5.772    core/m1_reg[result][9]_i_17_n_0
    SLICE_X72Y35         CARRY4 (Prop_carry4_CI_O[1])
                                                      0.334     6.106 r  core/m1_reg[result][15]_i_15/O[1]
                         net (fo=1, routed)           0.613     6.719    core/p_3_out[13]
    SLICE_X73Y42         LUT4 (Prop_lut4_I0_O)        0.303     7.022 r  core/m1[result][13]_i_15/O
                         net (fo=1, routed)           0.557     7.579    core/m1[result][13]_i_15_n_0
    SLICE_X77Y42         LUT5 (Prop_lut5_I4_O)        0.124     7.703 r  core/m1[result][13]_i_11/O
                         net (fo=1, routed)           0.424     8.127    core/m1[result][13]_i_11_n_0
    SLICE_X79Y42         LUT6 (Prop_lut6_I4_O)        0.124     8.251 r  core/m1[result][13]_i_8/O
                         net (fo=1, routed)           0.851     9.102    core/m1[result][13]_i_8_n_0
    SLICE_X79Y28         LUT5 (Prop_lut5_I1_O)        0.124     9.226 r  core/m1[result][13]_i_6/O
                         net (fo=1, routed)           0.296     9.523    core/m1[result][13]_i_6_n_0
    SLICE_X77Y27         LUT5 (Prop_lut5_I4_O)        0.124     9.647 r  core/m1[result][13]_i_3/O
                         net (fo=1, routed)           0.351     9.997    core/m1[result][13]_i_3_n_0
    SLICE_X76Y27         LUT5 (Prop_lut5_I4_O)        0.124    10.121 r  core/m1[result][13]_i_1/O
                         net (fo=1, routed)           0.000    10.121    core/result_return[13]
    SLICE_X76Y27         FDRE                                         r  core/m1_reg[result][13]/D
  -------------------------------------------------------------------    -------------------

                         (clock clk rise edge)       10.000    10.000 r  
                                                      0.000    10.000 r  clk (IN)
                         net (fo=1530, unset)         0.924    10.924    core/clk
    SLICE_X76Y27         FDRE                                         r  core/m1_reg[result][13]/C
                         clock pessimism              0.000    10.924    
                         clock uncertainty           -0.035    10.889    
    SLICE_X76Y27         FDRE (Setup_fdre_C_D)        0.029    10.918    core/m1_reg[result][13]
  -------------------------------------------------------------------
                         required time                         10.918    
                         arrival time                         -10.121    
  -------------------------------------------------------------------
                         slack                                  0.797    

Slack (MET) :             0.867ns  (required time - arrival time)
  Source:                 core/w_reg[result][11]/C
                            (rising edge-triggered cell FDRE clocked by clk  {rise@0.000ns fall@5.000ns period=10.000ns})
  Destination:            core/m1_reg[result][31]/D
                            (rising edge-triggered cell FDRE clocked by clk  {rise@0.000ns fall@5.000ns period=10.000ns})
  Path Group:             clk
  Path Type:              Setup (Max at Slow Process Corner)
  Requirement:            10.000ns  (clk rise@10.000ns - clk rise@0.000ns)
  Data Path Delay:        9.078ns  (logic 2.924ns (32.210%)  route 6.154ns (67.790%))
  Logic Levels:           15  (CARRY4=6 LUT2=1 LUT3=1 LUT4=2 LUT5=1 LUT6=4)
  Clock Path Skew:        -0.049ns (DCD - SCD + CPR)
    Destination Clock Delay (DCD):    0.924ns = ( 10.924 - 10.000 ) 
    Source Clock Delay      (SCD):    0.973ns
    Clock Pessimism Removal (CPR):    0.000ns
  Clock Uncertainty:      0.035ns  ((TSJ^2 + TIJ^2)^1/2 + DJ) / 2 + PE
    Total System Jitter     (TSJ):    0.071ns
    Total Input Jitter      (TIJ):    0.000ns
    Discrete Jitter          (DJ):    0.000ns
    Phase Error              (PE):    0.000ns

    Location             Delay type                Incr(ns)  Path(ns)    Netlist Resource(s)
  -------------------------------------------------------------------    -------------------
                         (clock clk rise edge)        0.000     0.000 r  
                                                      0.000     0.000 r  clk (IN)
                         net (fo=1530, unset)         0.973     0.973    core/clk
    SLICE_X53Y28         FDRE                                         r  core/w_reg[result][11]/C
  -------------------------------------------------------------------    -------------------
    SLICE_X53Y28         FDRE (Prop_fdre_C_Q)         0.456     1.429 f  core/w_reg[result][11]/Q
                         net (fo=6, routed)           1.130     2.559    core/fetch/d_req_wdata[31]_INST_0_i_1_1[11]
    SLICE_X60Y29         LUT4 (Prop_lut4_I1_O)        0.124     2.683 f  core/fetch/d_req_wdata[27]_INST_0_i_4/O
                         net (fo=1, routed)           0.667     3.350    core/fetch/d_req_wdata[27]_INST_0_i_4_n_0
    SLICE_X60Y29         LUT5 (Prop_lut5_I4_O)        0.124     3.474 r  core/fetch/d_req_wdata[27]_INST_0_i_1/O
                         net (fo=16, routed)          1.039     4.513    core/fetch_n_57
    SLICE_X73Y38         LUT3 (Prop_lut3_I1_O)        0.124     4.637 r  core/m1[result][11]_i_10/O
                         net (fo=7, routed)           0.610     5.247    core/m1[result][11]_i_10_n_0
    SLICE_X72Y34         LUT2 (Prop_lut2_I1_O)        0.124     5.371 r  core/m1[result][9]_i_25/O
                         net (fo=1, routed)           0.000     5.371    core/m1[result][9]_i_25_n_0
    SLICE_X72Y34         CARRY4 (Prop_carry4_S[3]_CO[3])
                                                      0.401     5.772 r  core/m1_reg[result][9]_i_17/CO[3]
                         net (fo=1, routed)           0.000     5.772    core/m1_reg[result][9]_i_17_n_0
    SLICE_X72Y35         CARRY4 (Prop_carry4_CI_CO[3])
                                                      0.114     5.886 r  core/m1_reg[result][15]_i_15/CO[3]
                         net (fo=1, routed)           0.000     5.886    core/m1_reg[result][15]_i_15_n_0
    SLICE_X72Y36         CARRY4 (Prop_carry4_CI_CO[3])
                                                      0.114     6.000 r  core/m1_reg[result][23]_i_16/CO[3]
                         net (fo=1, routed)           0.000     6.000    core/m1_reg[result][23]_i_16_n_0
    SLICE_X72Y37         CARRY4 (Prop_carry4_CI_CO[3])
                                                      0.114     6.114 r  core/m1_reg[result][23]_i_12/CO[3]
                         net (fo=1, routed)           0.000     6.114    core/m1_reg[result][23]_i_12_n_0
    SLICE_X72Y38         CARRY4 (Prop_carry4_CI_CO[3])
                                                      0.114     6.228 r  core/m1_reg[result][27]_i_23/CO[3]
                         net (fo=1, routed)           0.000     6.228    core/m1_reg[result][27]_i_23_n_0
    SLICE_X72Y39         CARRY4 (Prop_carry4_CI_O[3])
                                                      0.313     6.541 r  core/m1_reg[result][31]_i_34/O[3]
                         net (fo=1, routed)           0.587     7.128    core/p_3_out[31]
    SLICE_X73Y45         LUT4 (Prop_lut4_I2_O)        0.306     7.434 r  core/m1[result][31]_i_26/O
                         net (fo=1, routed)           0.395     7.829    core/m1[result][31]_i_26_n_0
    SLICE_X75Y46         LUT6 (Prop_lut6_I5_O)        0.124     7.953 r  core/m1[result][31]_i_22/O
                         net (fo=1, routed)           0.549     8.502    core/m1[result][31]_i_22_n_0
    SLICE_X75Y43         LUT6 (Prop_lut6_I3_O)        0.124     8.626 r  core/m1[result][31]_i_16/O
                         net (fo=1, routed)           0.583     9.209    core/m1[result][31]_i_16_n_0
    SLICE_X75Y39         LUT6 (Prop_lut6_I2_O)        0.124     9.333 r  core/m1[result][31]_i_6/O
                         net (fo=1, routed)           0.594     9.927    core/m1[result][31]_i_6_n_0
    SLICE_X74Y33         LUT6 (Prop_lut6_I4_O)        0.124    10.051 r  core/m1[result][31]_i_1/O
                         net (fo=1, routed)           0.000    10.051    core/result_return[31]
    SLICE_X74Y33         FDRE                                         r  core/m1_reg[result][31]/D
  -------------------------------------------------------------------    -------------------

                         (clock clk rise edge)       10.000    10.000 r  
                                                      0.000    10.000 r  clk (IN)
                         net (fo=1530, unset)         0.924    10.924    core/clk
    SLICE_X74Y33         FDRE                                         r  core/m1_reg[result][31]/C
                         clock pessimism              0.000    10.924    
                         clock uncertainty           -0.035    10.889    
    SLICE_X74Y33         FDRE (Setup_fdre_C_D)        0.029    10.918    core/m1_reg[result][31]
  -------------------------------------------------------------------
                         required time                         10.918    
                         arrival time                         -10.051    
  -------------------------------------------------------------------
                         slack                                  0.867    

Slack (MET) :             0.917ns  (required time - arrival time)
  Source:                 core/w_reg[result][15]/C
                            (rising edge-triggered cell FDRE clocked by clk  {rise@0.000ns fall@5.000ns period=10.000ns})
  Destination:            core/m1_reg[csr_we]/D
                            (rising edge-triggered cell FDRE clocked by clk  {rise@0.000ns fall@5.000ns period=10.000ns})
  Path Group:             clk
  Path Type:              Setup (Max at Slow Process Corner)
  Requirement:            10.000ns  (clk rise@10.000ns - clk rise@0.000ns)
  Data Path Delay:        8.918ns  (logic 2.397ns (26.880%)  route 6.521ns (73.120%))
  Logic Levels:           12  (CARRY4=3 LUT2=1 LUT4=3 LUT5=2 LUT6=3)
  Clock Path Skew:        -0.049ns (DCD - SCD + CPR)
    Destination Clock Delay (DCD):    0.924ns = ( 10.924 - 10.000 ) 
    Source Clock Delay      (SCD):    0.973ns
    Clock Pessimism Removal (CPR):    0.000ns
  Clock Uncertainty:      0.035ns  ((TSJ^2 + TIJ^2)^1/2 + DJ) / 2 + PE
    Total System Jitter     (TSJ):    0.071ns
    Total Input Jitter      (TIJ):    0.000ns
    Discrete Jitter          (DJ):    0.000ns
    Phase Error              (PE):    0.000ns

    Location             Delay type                Incr(ns)  Path(ns)    Netlist Resource(s)
  -------------------------------------------------------------------    -------------------
                         (clock clk rise edge)        0.000     0.000 r  
                                                      0.000     0.000 r  clk (IN)
                         net (fo=1530, unset)         0.973     0.973    core/clk
    SLICE_X52Y29         FDRE                                         r  core/w_reg[result][15]/C
  -------------------------------------------------------------------    -------------------
    SLICE_X52Y29         FDRE (Prop_fdre_C_Q)         0.456     1.429 f  core/w_reg[result][15]/Q
                         net (fo=6, routed)           1.080     2.509    core/fetch/d_req_wdata[31]_INST_0_i_1_1[15]
    SLICE_X54Y28         LUT4 (Prop_lut4_I1_O)        0.124     2.633 f  core/fetch/d_req_wdata[31]_INST_0_i_5/O
                         net (fo=1, routed)           0.670     3.303    core/fetch/d_req_wdata[31]_INST_0_i_5_n_0
    SLICE_X54Y28         LUT5 (Prop_lut5_I4_O)        0.124     3.427 r  core/fetch/d_req_wdata[31]_INST_0_i_2/O
                         net (fo=18, routed)          1.354     4.781    core/fetch/m1_reg[result][15]
    SLICE_X60Y33         LUT4 (Prop_lut4_I0_O)        0.124     4.905 r  core/fetch/e_pending_i_104/O
                         net (fo=1, routed)           0.000     4.905    core/fetch/e_pending_i_104_n_0
    SLICE_X60Y33         CARRY4 (Prop_carry4_S[3]_CO[3])
                                                      0.401     5.306 r  core/fetch/e_pending_reg_i_62/CO[3]
                         net (fo=1, routed)           0.000     5.306    core/fetch/e_pending_reg_i_62_n_0
    SLICE_X60Y34         CARRY4 (Prop_carry4_CI_CO[3])
                                                      0.114     5.420 r  core/fetch/e_pending_reg_i_27/CO[3]
                         net (fo=1, routed)           0.000     5.420    core/fetch/e_pending_reg_i_27_n_0
    SLICE_X60Y35         CARRY4 (Prop_carry4_CI_CO[3])
                                                      0.114     5.534 f  core/fetch/e_pending_reg_i_12/CO[3]
                         net (fo=1, routed)           0.883     6.418    core/fetch/e_pending_reg_i_12_n_0
    SLICE_X65Y35         LUT6 (Prop_lut6_I0_O)        0.124     6.542 f  core/fetch/e_pending_i_6/O
                         net (fo=1, routed)           0.433     6.975    core/fetch/e_pending_i_6_n_0
    SLICE_X65Y35         LUT6 (Prop_lut6_I0_O)        0.124     7.099 f  core/fetch/e_pending_i_3/O
                         net (fo=2, routed)           0.592     7.691    core/fetch_n_147
    SLICE_X68Y36         LUT2 (Prop_lut2_I1_O)        0.124     7.815 r  core/m1[next_pc][1]_i_2/O
                         net (fo=33, routed)          0.408     8.223    core/m1[next_pc][1]_i_2_n_0
    SLICE_X70Y36         LUT4 (Prop_lut4_I0_O)        0.124     8.347 f  core/m1[writes_rd]_i_7/O
                         net (fo=2, routed)           0.429     8.776    core/m1[writes_rd]_i_7_n_0
    SLICE_X70Y35         LUT5 (Prop_lut5_I0_O)        0.118     8.894 f  core/m1[writes_rd]_i_6/O
                         net (fo=8, routed)           0.339     9.233    core/m1[writes_rd]_i_6_n_0
    SLICE_X68Y35         LUT6 (Prop_lut6_I3_O)        0.326     9.559 r  core/m1[csr_we]_i_1/O
                         net (fo=1, routed)           0.332     9.891    core/e_slot[csr_we]
    SLICE_X68Y35         FDRE                                         r  core/m1_reg[csr_we]/D
  -------------------------------------------------------------------    -------------------

                         (clock clk rise edge)       10.000    10.000 r  
                                                      0.000    10.000 r  clk (IN)
                         net (fo=1530, unset)         0.924    10.924    core/clk
    SLICE_X68Y35         FDRE                                         r  core/m1_reg[csr_we]/C
                         clock pessimism              0.000    10.924    
                         clock uncertainty           -0.035    10.889    
    SLICE_X68Y35         FDRE (Setup_fdre_C_D)       -0.081    10.808    core/m1_reg[csr_we]
  -------------------------------------------------------------------
                         required time                         10.808    
                         arrival time                          -9.891    
  -------------------------------------------------------------------
                         slack                                  0.917    

Slack (MET) :             0.949ns  (required time - arrival time)
  Source:                 core/w_reg[result][11]/C
                            (rising edge-triggered cell FDRE clocked by clk  {rise@0.000ns fall@5.000ns period=10.000ns})
  Destination:            core/m1_reg[result][28]/D
                            (rising edge-triggered cell FDRE clocked by clk  {rise@0.000ns fall@5.000ns period=10.000ns})
  Path Group:             clk
  Path Type:              Setup (Max at Slow Process Corner)
  Requirement:            10.000ns  (clk rise@10.000ns - clk rise@0.000ns)
  Data Path Delay:        8.998ns  (logic 2.826ns (31.407%)  route 6.172ns (68.593%))
  Logic Levels:           15  (CARRY4=6 LUT2=1 LUT3=1 LUT4=2 LUT5=3 LUT6=2)
  Clock Path Skew:        -0.049ns (DCD - SCD + CPR)
    Destination Clock Delay (DCD):    0.924ns = ( 10.924 - 10.000 ) 
    Source Clock Delay      (SCD):    0.973ns
    Clock Pessimism Removal (CPR):    0.000ns
  Clock Uncertainty:      0.035ns  ((TSJ^2 + TIJ^2)^1/2 + DJ) / 2 + PE
    Total System Jitter     (TSJ):    0.071ns
    Total Input Jitter      (TIJ):    0.000ns
    Discrete Jitter          (DJ):    0.000ns
    Phase Error              (PE):    0.000ns

    Location             Delay type                Incr(ns)  Path(ns)    Netlist Resource(s)
  -------------------------------------------------------------------    -------------------
                         (clock clk rise edge)        0.000     0.000 r  
                                                      0.000     0.000 r  clk (IN)
                         net (fo=1530, unset)         0.973     0.973    core/clk
    SLICE_X53Y28         FDRE                                         r  core/w_reg[result][11]/C
  -------------------------------------------------------------------    -------------------
    SLICE_X53Y28         FDRE (Prop_fdre_C_Q)         0.456     1.429 f  core/w_reg[result][11]/Q
                         net (fo=6, routed)           1.130     2.559    core/fetch/d_req_wdata[31]_INST_0_i_1_1[11]
    SLICE_X60Y29         LUT4 (Prop_lut4_I1_O)        0.124     2.683 f  core/fetch/d_req_wdata[27]_INST_0_i_4/O
                         net (fo=1, routed)           0.667     3.350    core/fetch/d_req_wdata[27]_INST_0_i_4_n_0
    SLICE_X60Y29         LUT5 (Prop_lut5_I4_O)        0.124     3.474 r  core/fetch/d_req_wdata[27]_INST_0_i_1/O
                         net (fo=16, routed)          1.039     4.513    core/fetch_n_57
    SLICE_X73Y38         LUT3 (Prop_lut3_I1_O)        0.124     4.637 r  core/m1[result][11]_i_10/O
                         net (fo=7, routed)           0.610     5.247    core/m1[result][11]_i_10_n_0
    SLICE_X72Y34         LUT2 (Prop_lut2_I1_O)        0.124     5.371 r  core/m1[result][9]_i_25/O
                         net (fo=1, routed)           0.000     5.371    core/m1[result][9]_i_25_n_0
    SLICE_X72Y34         CARRY4 (Prop_carry4_S[3]_CO[3])
                                                      0.401     5.772 r  core/m1_reg[result][9]_i_17/CO[3]
                         net (fo=1, routed)           0.000     5.772    core/m1_reg[result][9]_i_17_n_0
    SLICE_X72Y35         CARRY4 (Prop_carry4_CI_CO[3])
                                                      0.114     5.886 r  core/m1_reg[result][15]_i_15/CO[3]
                         net (fo=1, routed)           0.000     5.886    core/m1_reg[result][15]_i_15_n_0
    SLICE_X72Y36         CARRY4 (Prop_carry4_CI_CO[3])
                                                      0.114     6.000 r  core/m1_reg[result][23]_i_16/CO[3]
                         net (fo=1, routed)           0.000     6.000    core/m1_reg[result][23]_i_16_n_0
    SLICE_X72Y37         CARRY4 (Prop_carry4_CI_CO[3])
                                                      0.114     6.114 r  core/m1_reg[result][23]_i_12/CO[3]
                         net (fo=1, routed)           0.000     6.114    core/m1_reg[result][23]_i_12_n_0
    SLICE_X72Y38         CARRY4 (Prop_carry4_CI_CO[3])
                                                      0.114     6.228 r  core/m1_reg[result][27]_i_23/CO[3]
                         net (fo=1, routed)           0.000     6.228    core/m1_reg[result][27]_i_23_n_0
    SLICE_X72Y39         CARRY4 (Prop_carry4_CI_O[0])
                                                      0.222     6.450 r  core/m1_reg[result][31]_i_34/O[0]
                         net (fo=1, routed)           0.516     6.966    core/p_3_out[28]
    SLICE_X74Y46         LUT4 (Prop_lut4_I0_O)        0.299     7.265 r  core/m1[result][28]_i_16/O
                         net (fo=1, routed)           0.493     7.758    core/m1[result][28]_i_16_n_0
    SLICE_X74Y46         LUT5 (Prop_lut5_I4_O)        0.124     7.882 r  core/m1[result][28]_i_11/O
                         net (fo=1, routed)           0.593     8.474    core/m1[result][28]_i_11_n_0
    SLICE_X78Y43         LUT6 (Prop_lut6_I0_O)        0.124     8.598 r  core/m1[result][28]_i_6/O
                         net (fo=1, routed)           0.832     9.431    core/m1[result][28]_i_6_n_0
    SLICE_X79Y33         LUT5 (Prop_lut5_I1_O)        0.124     9.555 r  core/m1[result][28]_i_2/O
                         net (fo=1, routed)           0.292     9.847    core/m1[result][28]_i_2_n_0
    SLICE_X79Y32         LUT6 (Prop_lut6_I0_O)        0.124     9.971 r  core/m1[result][28]_i_1/O
                         net (fo=1, routed)           0.000     9.971    core/result_return[28]
    SLICE_X79Y32         FDRE                                         r  core/m1_reg[result][28]/D
  -------------------------------------------------------------------    -------------------

                         (clock clk rise edge)       10.000    10.000 r  
                                                      0.000    10.000 r  clk (IN)
                         net (fo=1530, unset)         0.924    10.924    core/clk
    SLICE_X79Y32         FDRE                                         r  core/m1_reg[result][28]/C
                         clock pessimism              0.000    10.924    
                         clock uncertainty           -0.035    10.889    
    SLICE_X79Y32         FDRE (Setup_fdre_C_D)        0.031    10.920    core/m1_reg[result][28]
  -------------------------------------------------------------------
                         required time                         10.920    
                         arrival time                          -9.971    
  -------------------------------------------------------------------
                         slack                                  0.949    

Slack (MET) :             0.952ns  (required time - arrival time)
  Source:                 core/w_reg[result][11]/C
                            (rising edge-triggered cell FDRE clocked by clk  {rise@0.000ns fall@5.000ns period=10.000ns})
  Destination:            core/m1_reg[result][22]/D
                            (rising edge-triggered cell FDRE clocked by clk  {rise@0.000ns fall@5.000ns period=10.000ns})
  Path Group:             clk
  Path Type:              Setup (Max at Slow Process Corner)
  Requirement:            10.000ns  (clk rise@10.000ns - clk rise@0.000ns)
  Data Path Delay:        8.993ns  (logic 2.742ns (30.492%)  route 6.251ns (69.508%))
  Logic Levels:           14  (CARRY4=4 LUT2=1 LUT3=1 LUT4=2 LUT5=4 LUT6=2)
  Clock Path Skew:        -0.049ns (DCD - SCD + CPR)
    Destination Clock Delay (DCD):    0.924ns = ( 10.924 - 10.000 ) 
    Source Clock Delay      (SCD):    0.973ns
    Clock Pessimism Removal (CPR):    0.000ns
  Clock Uncertainty:      0.035ns  ((TSJ^2 + TIJ^2)^1/2 + DJ) / 2 + PE
    Total System Jitter     (TSJ):    0.071ns
    Total Input Jitter      (TIJ):    0.000ns
    Discrete Jitter          (DJ):    0.000ns
    Phase Error              (PE):    0.000ns

    Location             Delay type                Incr(ns)  Path(ns)    Netlist Resource(s)
  -------------------------------------------------------------------    -------------------
                         (clock clk rise edge)        0.000     0.000 r  
                                                      0.000     0.000 r  clk (IN)
                         net (fo=1530, unset)         0.973     0.973    core/clk
    SLICE_X53Y28         FDRE                                         r  core/w_reg[result][11]/C
  -------------------------------------------------------------------    -------------------
    SLICE_X53Y28         FDRE (Prop_fdre_C_Q)         0.456     1.429 f  core/w_reg[result][11]/Q
                         net (fo=6, routed)           1.130     2.559    core/fetch/d_req_wdata[31]_INST_0_i_1_1[11]
    SLICE_X60Y29         LUT4 (Prop_lut4_I1_O)        0.124     2.683 f  core/fetch/d_req_wdata[27]_INST_0_i_4/O
                         net (fo=1, routed)           0.667     3.350    core/fetch/d_req_wdata[27]_INST_0_i_4_n_0
    SLICE_X60Y29         LUT5 (Prop_lut5_I4_O)        0.124     3.474 r  core/fetch/d_req_wdata[27]_INST_0_i_1/O
                         net (fo=16, routed)          1.039     4.513    core/fetch_n_57
    SLICE_X73Y38         LUT3 (Prop_lut3_I1_O)        0.124     4.637 r  core/m1[result][11]_i_10/O
                         net (fo=7, routed)           0.610     5.247    core/m1[result][11]_i_10_n_0
    SLICE_X72Y34         LUT2 (Prop_lut2_I1_O)        0.124     5.371 r  core/m1[result][9]_i_25/O
                         net (fo=1, routed)           0.000     5.371    core/m1[result][9]_i_25_n_0
    SLICE_X72Y34         CARRY4 (Prop_carry4_S[3]_CO[3])
                                                      0.401     5.772 r  core/m1_reg[result][9]_i_17/CO[3]
                         net (fo=1, routed)           0.000     5.772    core/m1_reg[result][9]_i_17_n_0
    SLICE_X72Y35         CARRY4 (Prop_carry4_CI_CO[3])
                                                      0.114     5.886 r  core/m1_reg[result][15]_i_15/CO[3]
                         net (fo=1, routed)           0.000     5.886    core/m1_reg[result][15]_i_15_n_0
    SLICE_X72Y36         CARRY4 (Prop_carry4_CI_CO[3])
                                                      0.114     6.000 r  core/m1_reg[result][23]_i_16/CO[3]
                         net (fo=1, routed)           0.000     6.000    core/m1_reg[result][23]_i_16_n_0
    SLICE_X72Y37         CARRY4 (Prop_carry4_CI_O[2])
                                                      0.239     6.239 r  core/m1_reg[result][23]_i_12/O[2]
                         net (fo=1, routed)           0.407     6.646    core/p_3_out[22]
    SLICE_X73Y37         LUT4 (Prop_lut4_I0_O)        0.302     6.948 r  core/m1[result][22]_i_18/O
                         net (fo=1, routed)           0.487     7.435    core/m1[result][22]_i_18_n_0
    SLICE_X78Y41         LUT6 (Prop_lut6_I5_O)        0.124     7.559 r  core/m1[result][22]_i_16/O
                         net (fo=1, routed)           0.405     7.963    core/m1[result][22]_i_16_n_0
    SLICE_X79Y39         LUT6 (Prop_lut6_I4_O)        0.124     8.087 r  core/m1[result][22]_i_12/O
                         net (fo=1, routed)           0.651     8.739    core/m1[result][22]_i_12_n_0
    SLICE_X76Y31         LUT5 (Prop_lut5_I0_O)        0.124     8.863 r  core/m1[result][22]_i_10/O
                         net (fo=1, routed)           0.452     9.315    core/m1[result][22]_i_10_n_0
    SLICE_X75Y31         LUT5 (Prop_lut5_I4_O)        0.124     9.439 r  core/m1[result][22]_i_4/O
                         net (fo=1, routed)           0.403     9.842    core/m1[result][22]_i_4_n_0
    SLICE_X75Y31         LUT5 (Prop_lut5_I4_O)        0.124     9.966 r  core/m1[result][22]_i_1/O
                         net (fo=1, routed)           0.000     9.966    core/result_return[22]
    SLICE_X75Y31         FDRE                                         r  core/m1_reg[result][22]/D
  -------------------------------------------------------------------    -------------------

                         (clock clk rise edge)       10.000    10.000 r  
                                                      0.000    10.000 r  clk (IN)
                         net (fo=1530, unset)         0.924    10.924    core/clk
    SLICE_X75Y31         FDRE                                         r  core/m1_reg[result][22]/C
                         clock pessimism              0.000    10.924    
                         clock uncertainty           -0.035    10.889    
    SLICE_X75Y31         FDRE (Setup_fdre_C_D)        0.029    10.918    core/m1_reg[result][22]
  -------------------------------------------------------------------
                         required time                         10.918    
                         arrival time                          -9.966    
  -------------------------------------------------------------------
                         slack                                  0.952    

Slack (MET) :             0.960ns  (required time - arrival time)
  Source:                 core/w_reg[result][11]/C
                            (rising edge-triggered cell FDRE clocked by clk  {rise@0.000ns fall@5.000ns period=10.000ns})
  Destination:            core/m1_reg[result][21]/D
                            (rising edge-triggered cell FDRE clocked by clk  {rise@0.000ns fall@5.000ns period=10.000ns})
  Path Group:             clk
  Path Type:              Setup (Max at Slow Process Corner)
  Requirement:            10.000ns  (clk rise@10.000ns - clk rise@0.000ns)
  Data Path Delay:        8.987ns  (logic 2.838ns (31.579%)  route 6.149ns (68.421%))
  Logic Levels:           14  (CARRY4=4 LUT2=1 LUT3=1 LUT4=2 LUT5=5 LUT6=1)
  Clock Path Skew:        -0.049ns (DCD - SCD + CPR)
    Destination Clock Delay (DCD):    0.924ns = ( 10.924 - 10.000 ) 
    Source Clock Delay      (SCD):    0.973ns
    Clock Pessimism Removal (CPR):    0.000ns
  Clock Uncertainty:      0.035ns  ((TSJ^2 + TIJ^2)^1/2 + DJ) / 2 + PE
    Total System Jitter     (TSJ):    0.071ns
    Total Input Jitter      (TIJ):    0.000ns
    Discrete Jitter          (DJ):    0.000ns
    Phase Error              (PE):    0.000ns

    Location             Delay type                Incr(ns)  Path(ns)    Netlist Resource(s)
  -------------------------------------------------------------------    -------------------
                         (clock clk rise edge)        0.000     0.000 r  
                                                      0.000     0.000 r  clk (IN)
                         net (fo=1530, unset)         0.973     0.973    core/clk
    SLICE_X53Y28         FDRE                                         r  core/w_reg[result][11]/C
  -------------------------------------------------------------------    -------------------
    SLICE_X53Y28         FDRE (Prop_fdre_C_Q)         0.456     1.429 f  core/w_reg[result][11]/Q
                         net (fo=6, routed)           1.130     2.559    core/fetch/d_req_wdata[31]_INST_0_i_1_1[11]
    SLICE_X60Y29         LUT4 (Prop_lut4_I1_O)        0.124     2.683 f  core/fetch/d_req_wdata[27]_INST_0_i_4/O
                         net (fo=1, routed)           0.667     3.350    core/fetch/d_req_wdata[27]_INST_0_i_4_n_0
    SLICE_X60Y29         LUT5 (Prop_lut5_I4_O)        0.124     3.474 r  core/fetch/d_req_wdata[27]_INST_0_i_1/O
                         net (fo=16, routed)          1.039     4.513    core/fetch_n_57
    SLICE_X73Y38         LUT3 (Prop_lut3_I1_O)        0.124     4.637 r  core/m1[result][11]_i_10/O
                         net (fo=7, routed)           0.610     5.247    core/m1[result][11]_i_10_n_0
    SLICE_X72Y34         LUT2 (Prop_lut2_I1_O)        0.124     5.371 r  core/m1[result][9]_i_25/O
                         net (fo=1, routed)           0.000     5.371    core/m1[result][9]_i_25_n_0
    SLICE_X72Y34         CARRY4 (Prop_carry4_S[3]_CO[3])
                                                      0.401     5.772 r  core/m1_reg[result][9]_i_17/CO[3]
                         net (fo=1, routed)           0.000     5.772    core/m1_reg[result][9]_i_17_n_0
    SLICE_X72Y35         CARRY4 (Prop_carry4_CI_CO[3])
                                                      0.114     5.886 r  core/m1_reg[result][15]_i_15/CO[3]
                         net (fo=1, routed)           0.000     5.886    core/m1_reg[result][15]_i_15_n_0
    SLICE_X72Y36         CARRY4 (Prop_carry4_CI_CO[3])
                                                      0.114     6.000 r  core/m1_reg[result][23]_i_16/CO[3]
                         net (fo=1, routed)           0.000     6.000    core/m1_reg[result][23]_i_16_n_0
    SLICE_X72Y37         CARRY4 (Prop_carry4_CI_O[1])
                                                      0.334     6.334 r  core/m1_reg[result][23]_i_12/O[1]
                         net (fo=1, routed)           0.719     7.053    core/p_3_out[21]
    SLICE_X76Y41         LUT4 (Prop_lut4_I2_O)        0.303     7.356 r  core/m1[result][21]_i_13/O
                         net (fo=1, routed)           0.279     7.636    core/m1[result][21]_i_13_n_0
    SLICE_X76Y41         LUT5 (Prop_lut5_I3_O)        0.124     7.760 r  core/m1[result][21]_i_11/O
                         net (fo=1, routed)           0.158     7.918    core/m1[result][21]_i_11_n_0
    SLICE_X76Y41         LUT6 (Prop_lut6_I4_O)        0.124     8.042 r  core/m1[result][21]_i_9/O
                         net (fo=1, routed)           0.809     8.851    core/m1[result][21]_i_9_n_0
    SLICE_X74Y32         LUT5 (Prop_lut5_I1_O)        0.124     8.975 r  core/m1[result][21]_i_6/O
                         net (fo=1, routed)           0.579     9.553    core/m1[result][21]_i_6_n_0
    SLICE_X74Y31         LUT5 (Prop_lut5_I4_O)        0.124     9.677 r  core/m1[result][21]_i_3/O
                         net (fo=1, routed)           0.159     9.836    core/m1[result][21]_i_3_n_0
    SLICE_X74Y31         LUT5 (Prop_lut5_I4_O)        0.124     9.960 r  core/m1[result][21]_i_1/O
                         net (fo=1, routed)           0.000     9.960    core/result_return[21]
    SLICE_X74Y31         FDRE                                         r  core/m1_reg[result][21]/D
  -------------------------------------------------------------------    -------------------

                         (clock clk rise edge)       10.000    10.000 r  
                                                      0.000    10.000 r  clk (IN)
                         net (fo=1530, unset)         0.924    10.924    core/clk
    SLICE_X74Y31         FDRE                                         r  core/m1_reg[result][21]/C
                         clock pessimism              0.000    10.924    
                         clock uncertainty           -0.035    10.889    
    SLICE_X74Y31         FDRE (Setup_fdre_C_D)        0.031    10.920    core/m1_reg[result][21]
  -------------------------------------------------------------------
                         required time                         10.920    
                         arrival time                          -9.960    
  -------------------------------------------------------------------
                         slack                                  0.960    

Slack (MET) :             0.969ns  (required time - arrival time)
  Source:                 core/w_reg[result][11]/C
                            (rising edge-triggered cell FDRE clocked by clk  {rise@0.000ns fall@5.000ns period=10.000ns})
  Destination:            core/m1_reg[result][25]/D
                            (rising edge-triggered cell FDRE clocked by clk  {rise@0.000ns fall@5.000ns period=10.000ns})
  Path Group:             clk
  Path Type:              Setup (Max at Slow Process Corner)
  Requirement:            10.000ns  (clk rise@10.000ns - clk rise@0.000ns)
  Data Path Delay:        8.976ns  (logic 2.828ns (31.508%)  route 6.148ns (68.492%))
  Logic Levels:           14  (CARRY4=5 LUT2=1 LUT3=1 LUT4=2 LUT5=2 LUT6=3)
  Clock Path Skew:        -0.049ns (DCD - SCD + CPR)
    Destination Clock Delay (DCD):    0.924ns = ( 10.924 - 10.000 ) 
    Source Clock Delay      (SCD):    0.973ns
    Clock Pessimism Removal (CPR):    0.000ns
  Clock Uncertainty:      0.035ns  ((TSJ^2 + TIJ^2)^1/2 + DJ) / 2 + PE
    Total System Jitter     (TSJ):    0.071ns
    Total Input Jitter      (TIJ):    0.000ns
    Discrete Jitter          (DJ):    0.000ns
    Phase Error              (PE):    0.000ns

    Location             Delay type                Incr(ns)  Path(ns)    Netlist Resource(s)
  -------------------------------------------------------------------    -------------------
                         (clock clk rise edge)        0.000     0.000 r  
                                                      0.000     0.000 r  clk (IN)
                         net (fo=1530, unset)         0.973     0.973    core/clk
    SLICE_X53Y28         FDRE                                         r  core/w_reg[result][11]/C
  -------------------------------------------------------------------    -------------------
    SLICE_X53Y28         FDRE (Prop_fdre_C_Q)         0.456     1.429 f  core/w_reg[result][11]/Q
                         net (fo=6, routed)           1.130     2.559    core/fetch/d_req_wdata[31]_INST_0_i_1_1[11]
    SLICE_X60Y29         LUT4 (Prop_lut4_I1_O)        0.124     2.683 f  core/fetch/d_req_wdata[27]_INST_0_i_4/O
                         net (fo=1, routed)           0.667     3.350    core/fetch/d_req_wdata[27]_INST_0_i_4_n_0
    SLICE_X60Y29         LUT5 (Prop_lut5_I4_O)        0.124     3.474 r  core/fetch/d_req_wdata[27]_INST_0_i_1/O
                         net (fo=16, routed)          1.039     4.513    core/fetch_n_57
    SLICE_X73Y38         LUT3 (Prop_lut3_I1_O)        0.124     4.637 r  core/m1[result][11]_i_10/O
                         net (fo=7, routed)           0.610     5.247    core/m1[result][11]_i_10_n_0
    SLICE_X72Y34         LUT2 (Prop_lut2_I1_O)        0.124     5.371 r  core/m1[result][9]_i_25/O
                         net (fo=1, routed)           0.000     5.371    core/m1[result][9]_i_25_n_0
    SLICE_X72Y34         CARRY4 (Prop_carry4_S[3]_CO[3])
                                                      0.401     5.772 r  core/m1_reg[result][9]_i_17/CO[3]
                         net (fo=1, routed)           0.000     5.772    core/m1_reg[result][9]_i_17_n_0
    SLICE_X72Y35         CARRY4 (Prop_carry4_CI_CO[3])
                                                      0.114     5.886 r  core/m1_reg[result][15]_i_15/CO[3]
                         net (fo=1, routed)           0.000     5.886    core/m1_reg[result][15]_i_15_n_0
    SLICE_X72Y36         CARRY4 (Prop_carry4_CI_CO[3])
                                                      0.114     6.000 r  core/m1_reg[result][23]_i_16/CO[3]
                         net (fo=1, routed)           0.000     6.000    core/m1_reg[result][23]_i_16_n_0
    SLICE_X72Y37         CARRY4 (Prop_carry4_CI_CO[3])
                                                      0.114     6.114 r  core/m1_reg[result][23]_i_12/CO[3]
                         net (fo=1, routed)           0.000     6.114    core/m1_reg[result][23]_i_12_n_0
    SLICE_X72Y38         CARRY4 (Prop_carry4_CI_O[1])
                                                      0.334     6.448 r  core/m1_reg[result][27]_i_23/O[1]
                         net (fo=1, routed)           0.906     7.354    core/p_3_out[25]
    SLICE_X76Y45         LUT4 (Prop_lut4_I2_O)        0.303     7.657 r  core/m1[result][25]_i_13/O
                         net (fo=1, routed)           0.158     7.815    core/m1[result][25]_i_13_n_0
    SLICE_X76Y45         LUT6 (Prop_lut6_I4_O)        0.124     7.939 r  core/m1[result][25]_i_12/O
                         net (fo=1, routed)           0.431     8.369    core/m1[result][25]_i_12_n_0
    SLICE_X77Y44         LUT6 (Prop_lut6_I4_O)        0.124     8.493 r  core/m1[result][25]_i_8/O
                         net (fo=1, routed)           0.804     9.298    core/m1[result][25]_i_8_n_0
    SLICE_X79Y32         LUT5 (Prop_lut5_I1_O)        0.124     9.422 r  core/m1[result][25]_i_4/O
                         net (fo=1, routed)           0.403     9.825    core/m1[result][25]_i_4_n_0
    SLICE_X79Y32         LUT6 (Prop_lut6_I5_O)        0.124     9.949 r  core/m1[result][25]_i_1/O
                         net (fo=1, routed)           0.000     9.949    core/result_return[25]
    SLICE_X79Y32         FDRE                                         r  core/m1_reg[result][25]/D
  -------------------------------------------------------------------    -------------------

                         (clock clk rise edge)       10.000    10.000 r  
                                                      0.000    10.000 r  clk (IN)
                         net (fo=1530, unset)         0.924    10.924    core/clk
    SLICE_X79Y32         FDRE                                         r  core/m1_reg[result][25]/C
                         clock pessimism              0.000    10.924    
                         clock uncertainty           -0.035    10.889    
    SLICE_X79Y32         FDRE (Setup_fdre_C_D)        0.029    10.918    core/m1_reg[result][25]
  -------------------------------------------------------------------
                         required time                         10.918    
                         arrival time                          -9.949    
  -------------------------------------------------------------------
                         slack                                  0.969    





Min Delay Paths
--------------------------------------------------------------------------------------
Slack (MET) :             0.108ns  (arrival time - required time)
  Source:                 core/m1_reg[rdata][4]/C
                            (rising edge-triggered cell FDRE clocked by clk  {rise@0.000ns fall@5.000ns period=10.000ns})
  Destination:            core/m2_reg[rdata][4]/D
                            (rising edge-triggered cell FDRE clocked by clk  {rise@0.000ns fall@5.000ns period=10.000ns})
  Path Group:             clk
  Path Type:              Hold (Min at Fast Process Corner)
  Requirement:            0.000ns  (clk rise@0.000ns - clk rise@0.000ns)
  Data Path Delay:        0.251ns  (logic 0.186ns (74.103%)  route 0.065ns (25.897%))
  Logic Levels:           1  (LUT6=1)
  Clock Path Skew:        0.022ns (DCD - SCD - CPR)
    Destination Clock Delay (DCD):    0.432ns
    Source Clock Delay      (SCD):    0.410ns
    Clock Pessimism Removal (CPR):    -0.000ns

    Location             Delay type                Incr(ns)  Path(ns)    Netlist Resource(s)
  -------------------------------------------------------------------    -------------------
                         (clock clk rise edge)        0.000     0.000 r  
                                                      0.000     0.000 r  clk (IN)
                         net (fo=1530, unset)         0.410     0.410    core/clk
    SLICE_X55Y26         FDRE                                         r  core/m1_reg[rdata][4]/C
  -------------------------------------------------------------------    -------------------
    SLICE_X55Y26         FDRE (Prop_fdre_C_Q)         0.141     0.551 r  core/m1_reg[rdata][4]/Q
                         net (fo=2, routed)           0.065     0.616    core/m1_reg[rdata][4]
    SLICE_X54Y26         LUT6 (Prop_lut6_I2_O)        0.045     0.661 r  core/m2[rdata][4]_i_1/O
                         net (fo=1, routed)           0.000     0.661    core/m2[rdata][4]_i_1_n_0
    SLICE_X54Y26         FDRE                                         r  core/m2_reg[rdata][4]/D
  -------------------------------------------------------------------    -------------------

                         (clock clk rise edge)        0.000     0.000 r  
                                                      0.000     0.000 r  clk (IN)
                         net (fo=1530, unset)         0.432     0.432    core/clk
    SLICE_X54Y26         FDRE                                         r  core/m2_reg[rdata][4]/C
                         clock pessimism              0.000     0.432    
    SLICE_X54Y26         FDRE (Hold_fdre_C_D)         0.121     0.553    core/m2_reg[rdata][4]
  -------------------------------------------------------------------
                         required time                         -0.553    
                         arrival time                           0.661    
  -------------------------------------------------------------------
                         slack                                  0.108    

Slack (MET) :             0.112ns  (arrival time - required time)
  Source:                 core/w_reg[rd][2]/C
                            (rising edge-triggered cell FDRE clocked by clk  {rise@0.000ns fall@5.000ns period=10.000ns})
  Destination:            core/rf_reg_r1_0_31_24_29/RAMA/WADR2
                            (rising edge-triggered cell RAMD32 clocked by clk  {rise@0.000ns fall@5.000ns period=10.000ns})
  Path Group:             clk
  Path Type:              Hold (Min at Fast Process Corner)
  Requirement:            0.000ns  (clk rise@0.000ns - clk rise@0.000ns)
  Data Path Delay:        0.388ns  (logic 0.164ns (42.284%)  route 0.224ns (57.716%))
  Logic Levels:           0  
  Clock Path Skew:        0.022ns (DCD - SCD - CPR)
    Destination Clock Delay (DCD):    0.432ns
    Source Clock Delay      (SCD):    0.410ns
    Clock Pessimism Removal (CPR):    -0.000ns

    Location             Delay type                Incr(ns)  Path(ns)    Netlist Resource(s)
  -------------------------------------------------------------------    -------------------
                         (clock clk rise edge)        0.000     0.000 r  
                                                      0.000     0.000 r  clk (IN)
                         net (fo=1530, unset)         0.410     0.410    core/clk
    SLICE_X62Y32         FDRE                                         r  core/w_reg[rd][2]/C
  -------------------------------------------------------------------    -------------------
    SLICE_X62Y32         FDRE (Prop_fdre_C_Q)         0.164     0.574 r  core/w_reg[rd][2]/Q
                         net (fo=92, routed)          0.224     0.798    core/rf_reg_r1_0_31_24_29/ADDRD2
    SLICE_X58Y32         RAMD32                                       r  core/rf_reg_r1_0_31_24_29/RAMA/WADR2
  -------------------------------------------------------------------    -------------------

                         (clock clk rise edge)        0.000     0.000 r  
                                                      0.000     0.000 r  clk (IN)
                         net (fo=1530, unset)         0.432     0.432    core/rf_reg_r1_0_31_24_29/WCLK
    SLICE_X58Y32         RAMD32                                       r  core/rf_reg_r1_0_31_24_29/RAMA/CLK
                         clock pessimism              0.000     0.432    
    SLICE_X58Y32         RAMD32 (Hold_ramd32_CLK_WADR2)
                                                      0.254     0.686    core/rf_reg_r1_0_31_24_29/RAMA
  -------------------------------------------------------------------
                         required time                         -0.686    
                         arrival time                           0.798    
  -------------------------------------------------------------------
                         slack                                  0.112    

Slack (MET) :             0.112ns  (arrival time - required time)
  Source:                 core/w_reg[rd][2]/C
                            (rising edge-triggered cell FDRE clocked by clk  {rise@0.000ns fall@5.000ns period=10.000ns})
  Destination:            core/rf_reg_r1_0_31_24_29/RAMA_D1/WADR2
                            (rising edge-triggered cell RAMD32 clocked by clk  {rise@0.000ns fall@5.000ns period=10.000ns})
  Path Group:             clk
  Path Type:              Hold (Min at Fast Process Corner)
  Requirement:            0.000ns  (clk rise@0.000ns - clk rise@0.000ns)
  Data Path Delay:        0.388ns  (logic 0.164ns (42.284%)  route 0.224ns (57.716%))
  Logic Levels:           0  
  Clock Path Skew:        0.022ns (DCD - SCD - CPR)
    Destination Clock Delay (DCD):    0.432ns
    Source Clock Delay      (SCD):    0.410ns
    Clock Pessimism Removal (CPR):    -0.000ns

    Location             Delay type                Incr(ns)  Path(ns)    Netlist Resource(s)
  -------------------------------------------------------------------    -------------------
                         (clock clk rise edge)        0.000     0.000 r  
                                                      0.000     0.000 r  clk (IN)
                         net (fo=1530, unset)         0.410     0.410    core/clk
    SLICE_X62Y32         FDRE                                         r  core/w_reg[rd][2]/C
  -------------------------------------------------------------------    -------------------
    SLICE_X62Y32         FDRE (Prop_fdre_C_Q)         0.164     0.574 r  core/w_reg[rd][2]/Q
                         net (fo=92, routed)          0.224     0.798    core/rf_reg_r1_0_31_24_29/ADDRD2
    SLICE_X58Y32         RAMD32                                       r  core/rf_reg_r1_0_31_24_29/RAMA_D1/WADR2
  -------------------------------------------------------------------    -------------------

                         (clock clk rise edge)        0.000     0.000 r  
                                                      0.000     0.000 r  clk (IN)
                         net (fo=1530, unset)         0.432     0.432    core/rf_reg_r1_0_31_24_29/WCLK
    SLICE_X58Y32         RAMD32                                       r  core/rf_reg_r1_0_31_24_29/RAMA_D1/CLK
                         clock pessimism              0.000     0.432    
    SLICE_X58Y32         RAMD32 (Hold_ramd32_CLK_WADR2)
                                                      0.254     0.686    core/rf_reg_r1_0_31_24_29/RAMA_D1
  -------------------------------------------------------------------
                         required time                         -0.686    
                         arrival time                           0.798    
  -------------------------------------------------------------------
                         slack                                  0.112    

Slack (MET) :             0.112ns  (arrival time - required time)
  Source:                 core/w_reg[rd][2]/C
                            (rising edge-triggered cell FDRE clocked by clk  {rise@0.000ns fall@5.000ns period=10.000ns})
  Destination:            core/rf_reg_r1_0_31_24_29/RAMB/WADR2
                            (rising edge-triggered cell RAMD32 clocked by clk  {rise@0.000ns fall@5.000ns period=10.000ns})
  Path Group:             clk
  Path Type:              Hold (Min at Fast Process Corner)
  Requirement:            0.000ns  (clk rise@0.000ns - clk rise@0.000ns)
  Data Path Delay:        0.388ns  (logic 0.164ns (42.284%)  route 0.224ns (57.716%))
  Logic Levels:           0  
  Clock Path Skew:        0.022ns (DCD - SCD - CPR)
    Destination Clock Delay (DCD):    0.432ns
    Source Clock Delay      (SCD):    0.410ns
    Clock Pessimism Removal (CPR):    -0.000ns

    Location             Delay type                Incr(ns)  Path(ns)    Netlist Resource(s)
  -------------------------------------------------------------------    -------------------
                         (clock clk rise edge)        0.000     0.000 r  
                                                      0.000     0.000 r  clk (IN)
                         net (fo=1530, unset)         0.410     0.410    core/clk
    SLICE_X62Y32         FDRE                                         r  core/w_reg[rd][2]/C
  -------------------------------------------------------------------    -------------------
    SLICE_X62Y32         FDRE (Prop_fdre_C_Q)         0.164     0.574 r  core/w_reg[rd][2]/Q
                         net (fo=92, routed)          0.224     0.798    core/rf_reg_r1_0_31_24_29/ADDRD2
    SLICE_X58Y32         RAMD32                                       r  core/rf_reg_r1_0_31_24_29/RAMB/WADR2
  -------------------------------------------------------------------    -------------------

                         (clock clk rise edge)        0.000     0.000 r  
                                                      0.000     0.000 r  clk (IN)
                         net (fo=1530, unset)         0.432     0.432    core/rf_reg_r1_0_31_24_29/WCLK
    SLICE_X58Y32         RAMD32                                       r  core/rf_reg_r1_0_31_24_29/RAMB/CLK
                         clock pessimism              0.000     0.432    
    SLICE_X58Y32         RAMD32 (Hold_ramd32_CLK_WADR2)
                                                      0.254     0.686    core/rf_reg_r1_0_31_24_29/RAMB
  -------------------------------------------------------------------
                         required time                         -0.686    
                         arrival time                           0.798    
  -------------------------------------------------------------------
                         slack                                  0.112    

Slack (MET) :             0.112ns  (arrival time - required time)
  Source:                 core/w_reg[rd][2]/C
                            (rising edge-triggered cell FDRE clocked by clk  {rise@0.000ns fall@5.000ns period=10.000ns})
  Destination:            core/rf_reg_r1_0_31_24_29/RAMB_D1/WADR2
                            (rising edge-triggered cell RAMD32 clocked by clk  {rise@0.000ns fall@5.000ns period=10.000ns})
  Path Group:             clk
  Path Type:              Hold (Min at Fast Process Corner)
  Requirement:            0.000ns  (clk rise@0.000ns - clk rise@0.000ns)
  Data Path Delay:        0.388ns  (logic 0.164ns (42.284%)  route 0.224ns (57.716%))
  Logic Levels:           0  
  Clock Path Skew:        0.022ns (DCD - SCD - CPR)
    Destination Clock Delay (DCD):    0.432ns
    Source Clock Delay      (SCD):    0.410ns
    Clock Pessimism Removal (CPR):    -0.000ns

    Location             Delay type                Incr(ns)  Path(ns)    Netlist Resource(s)
  -------------------------------------------------------------------    -------------------
                         (clock clk rise edge)        0.000     0.000 r  
                                                      0.000     0.000 r  clk (IN)
                         net (fo=1530, unset)         0.410     0.410    core/clk
    SLICE_X62Y32         FDRE                                         r  core/w_reg[rd][2]/C
  -------------------------------------------------------------------    -------------------
    SLICE_X62Y32         FDRE (Prop_fdre_C_Q)         0.164     0.574 r  core/w_reg[rd][2]/Q
                         net (fo=92, routed)          0.224     0.798    core/rf_reg_r1_0_31_24_29/ADDRD2
    SLICE_X58Y32         RAMD32                                       r  core/rf_reg_r1_0_31_24_29/RAMB_D1/WADR2
  -------------------------------------------------------------------    -------------------

                         (clock clk rise edge)        0.000     0.000 r  
                                                      0.000     0.000 r  clk (IN)
                         net (fo=1530, unset)         0.432     0.432    core/rf_reg_r1_0_31_24_29/WCLK
    SLICE_X58Y32         RAMD32                                       r  core/rf_reg_r1_0_31_24_29/RAMB_D1/CLK
                         clock pessimism              0.000     0.432    
    SLICE_X58Y32         RAMD32 (Hold_ramd32_CLK_WADR2)
                                                      0.254     0.686    core/rf_reg_r1_0_31_24_29/RAMB_D1
  -------------------------------------------------------------------
                         required time                         -0.686    
                         arrival time                           0.798    
  -------------------------------------------------------------------
                         slack                                  0.112    

Slack (MET) :             0.112ns  (arrival time - required time)
  Source:                 core/w_reg[rd][2]/C
                            (rising edge-triggered cell FDRE clocked by clk  {rise@0.000ns fall@5.000ns period=10.000ns})
  Destination:            core/rf_reg_r1_0_31_24_29/RAMC/WADR2
                            (rising edge-triggered cell RAMD32 clocked by clk  {rise@0.000ns fall@5.000ns period=10.000ns})
  Path Group:             clk
  Path Type:              Hold (Min at Fast Process Corner)
  Requirement:            0.000ns  (clk rise@0.000ns - clk rise@0.000ns)
  Data Path Delay:        0.388ns  (logic 0.164ns (42.284%)  route 0.224ns (57.716%))
  Logic Levels:           0  
  Clock Path Skew:        0.022ns (DCD - SCD - CPR)
    Destination Clock Delay (DCD):    0.432ns
    Source Clock Delay      (SCD):    0.410ns
    Clock Pessimism Removal (CPR):    -0.000ns

    Location             Delay type                Incr(ns)  Path(ns)    Netlist Resource(s)
  -------------------------------------------------------------------    -------------------
                         (clock clk rise edge)        0.000     0.000 r  
                                                      0.000     0.000 r  clk (IN)
                         net (fo=1530, unset)         0.410     0.410    core/clk
    SLICE_X62Y32         FDRE                                         r  core/w_reg[rd][2]/C
  -------------------------------------------------------------------    -------------------
    SLICE_X62Y32         FDRE (Prop_fdre_C_Q)         0.164     0.574 r  core/w_reg[rd][2]/Q
                         net (fo=92, routed)          0.224     0.798    core/rf_reg_r1_0_31_24_29/ADDRD2
    SLICE_X58Y32         RAMD32                                       r  core/rf_reg_r1_0_31_24_29/RAMC/WADR2
  -------------------------------------------------------------------    -------------------

                         (clock clk rise edge)        0.000     0.000 r  
                                                      0.000     0.000 r  clk (IN)
                         net (fo=1530, unset)         0.432     0.432    core/rf_reg_r1_0_31_24_29/WCLK
    SLICE_X58Y32         RAMD32                                       r  core/rf_reg_r1_0_31_24_29/RAMC/CLK
                         clock pessimism              0.000     0.432    
    SLICE_X58Y32         RAMD32 (Hold_ramd32_CLK_WADR2)
                                                      0.254     0.686    core/rf_reg_r1_0_31_24_29/RAMC
  -------------------------------------------------------------------
                         required time                         -0.686    
                         arrival time                           0.798    
  -------------------------------------------------------------------
                         slack                                  0.112    

Slack (MET) :             0.112ns  (arrival time - required time)
  Source:                 core/w_reg[rd][2]/C
                            (rising edge-triggered cell FDRE clocked by clk  {rise@0.000ns fall@5.000ns period=10.000ns})
  Destination:            core/rf_reg_r1_0_31_24_29/RAMC_D1/WADR2
                            (rising edge-triggered cell RAMD32 clocked by clk  {rise@0.000ns fall@5.000ns period=10.000ns})
  Path Group:             clk
  Path Type:              Hold (Min at Fast Process Corner)
  Requirement:            0.000ns  (clk rise@0.000ns - clk rise@0.000ns)
  Data Path Delay:        0.388ns  (logic 0.164ns (42.284%)  route 0.224ns (57.716%))
  Logic Levels:           0  
  Clock Path Skew:        0.022ns (DCD - SCD - CPR)
    Destination Clock Delay (DCD):    0.432ns
    Source Clock Delay      (SCD):    0.410ns
    Clock Pessimism Removal (CPR):    -0.000ns

    Location             Delay type                Incr(ns)  Path(ns)    Netlist Resource(s)
  -------------------------------------------------------------------    -------------------
                         (clock clk rise edge)        0.000     0.000 r  
                                                      0.000     0.000 r  clk (IN)
                         net (fo=1530, unset)         0.410     0.410    core/clk
    SLICE_X62Y32         FDRE                                         r  core/w_reg[rd][2]/C
  -------------------------------------------------------------------    -------------------
    SLICE_X62Y32         FDRE (Prop_fdre_C_Q)         0.164     0.574 r  core/w_reg[rd][2]/Q
                         net (fo=92, routed)          0.224     0.798    core/rf_reg_r1_0_31_24_29/ADDRD2
    SLICE_X58Y32         RAMD32                                       r  core/rf_reg_r1_0_31_24_29/RAMC_D1/WADR2
  -------------------------------------------------------------------    -------------------

                         (clock clk rise edge)        0.000     0.000 r  
                                                      0.000     0.000 r  clk (IN)
                         net (fo=1530, unset)         0.432     0.432    core/rf_reg_r1_0_31_24_29/WCLK
    SLICE_X58Y32         RAMD32                                       r  core/rf_reg_r1_0_31_24_29/RAMC_D1/CLK
                         clock pessimism              0.000     0.432    
    SLICE_X58Y32         RAMD32 (Hold_ramd32_CLK_WADR2)
                                                      0.254     0.686    core/rf_reg_r1_0_31_24_29/RAMC_D1
  -------------------------------------------------------------------
                         required time                         -0.686    
                         arrival time                           0.798    
  -------------------------------------------------------------------
                         slack                                  0.112    

Slack (MET) :             0.112ns  (arrival time - required time)
  Source:                 core/w_reg[rd][2]/C
                            (rising edge-triggered cell FDRE clocked by clk  {rise@0.000ns fall@5.000ns period=10.000ns})
  Destination:            core/rf_reg_r1_0_31_24_29/RAMD/ADR2
                            (rising edge-triggered cell RAMS32 clocked by clk  {rise@0.000ns fall@5.000ns period=10.000ns})
  Path Group:             clk
  Path Type:              Hold (Min at Fast Process Corner)
  Requirement:            0.000ns  (clk rise@0.000ns - clk rise@0.000ns)
  Data Path Delay:        0.388ns  (logic 0.164ns (42.284%)  route 0.224ns (57.716%))
  Logic Levels:           0  
  Clock Path Skew:        0.022ns (DCD - SCD - CPR)
    Destination Clock Delay (DCD):    0.432ns
    Source Clock Delay      (SCD):    0.410ns
    Clock Pessimism Removal (CPR):    -0.000ns

    Location             Delay type                Incr(ns)  Path(ns)    Netlist Resource(s)
  -------------------------------------------------------------------    -------------------
                         (clock clk rise edge)        0.000     0.000 r  
                                                      0.000     0.000 r  clk (IN)
                         net (fo=1530, unset)         0.410     0.410    core/clk
    SLICE_X62Y32         FDRE                                         r  core/w_reg[rd][2]/C
  -------------------------------------------------------------------    -------------------
    SLICE_X62Y32         FDRE (Prop_fdre_C_Q)         0.164     0.574 r  core/w_reg[rd][2]/Q
                         net (fo=92, routed)          0.224     0.798    core/rf_reg_r1_0_31_24_29/ADDRD2
    SLICE_X58Y32         RAMS32                                       r  core/rf_reg_r1_0_31_24_29/RAMD/ADR2
  -------------------------------------------------------------------    -------------------

                         (clock clk rise edge)        0.000     0.000 r  
                                                      0.000     0.000 r  clk (IN)
                         net (fo=1530, unset)         0.432     0.432    core/rf_reg_r1_0_31_24_29/WCLK
    SLICE_X58Y32         RAMS32                                       r  core/rf_reg_r1_0_31_24_29/RAMD/CLK
                         clock pessimism              0.000     0.432    
    SLICE_X58Y32         RAMS32 (Hold_rams32_CLK_ADR2)
                                                      0.254     0.686    core/rf_reg_r1_0_31_24_29/RAMD
  -------------------------------------------------------------------
                         required time                         -0.686    
                         arrival time                           0.798    
  -------------------------------------------------------------------
                         slack                                  0.112    

Slack (MET) :             0.112ns  (arrival time - required time)
  Source:                 core/w_reg[rd][2]/C
                            (rising edge-triggered cell FDRE clocked by clk  {rise@0.000ns fall@5.000ns period=10.000ns})
  Destination:            core/rf_reg_r1_0_31_24_29/RAMD_D1/ADR2
                            (rising edge-triggered cell RAMS32 clocked by clk  {rise@0.000ns fall@5.000ns period=10.000ns})
  Path Group:             clk
  Path Type:              Hold (Min at Fast Process Corner)
  Requirement:            0.000ns  (clk rise@0.000ns - clk rise@0.000ns)
  Data Path Delay:        0.388ns  (logic 0.164ns (42.284%)  route 0.224ns (57.716%))
  Logic Levels:           0  
  Clock Path Skew:        0.022ns (DCD - SCD - CPR)
    Destination Clock Delay (DCD):    0.432ns
    Source Clock Delay      (SCD):    0.410ns
    Clock Pessimism Removal (CPR):    -0.000ns

    Location             Delay type                Incr(ns)  Path(ns)    Netlist Resource(s)
  -------------------------------------------------------------------    -------------------
                         (clock clk rise edge)        0.000     0.000 r  
                                                      0.000     0.000 r  clk (IN)
                         net (fo=1530, unset)         0.410     0.410    core/clk
    SLICE_X62Y32         FDRE                                         r  core/w_reg[rd][2]/C
  -------------------------------------------------------------------    -------------------
    SLICE_X62Y32         FDRE (Prop_fdre_C_Q)         0.164     0.574 r  core/w_reg[rd][2]/Q
                         net (fo=92, routed)          0.224     0.798    core/rf_reg_r1_0_31_24_29/ADDRD2
    SLICE_X58Y32         RAMS32                                       r  core/rf_reg_r1_0_31_24_29/RAMD_D1/ADR2
  -------------------------------------------------------------------    -------------------

                         (clock clk rise edge)        0.000     0.000 r  
                                                      0.000     0.000 r  clk (IN)
                         net (fo=1530, unset)         0.432     0.432    core/rf_reg_r1_0_31_24_29/WCLK
    SLICE_X58Y32         RAMS32                                       r  core/rf_reg_r1_0_31_24_29/RAMD_D1/CLK
                         clock pessimism              0.000     0.432    
    SLICE_X58Y32         RAMS32 (Hold_rams32_CLK_ADR2)
                                                      0.254     0.686    core/rf_reg_r1_0_31_24_29/RAMD_D1
  -------------------------------------------------------------------
                         required time                         -0.686    
                         arrival time                           0.798    
  -------------------------------------------------------------------
                         slack                                  0.112    

Slack (MET) :             0.119ns  (arrival time - required time)
  Source:                 core/fetch/rsp_pc_reg[28]/C
                            (rising edge-triggered cell FDRE clocked by clk  {rise@0.000ns fall@5.000ns period=10.000ns})
  Destination:            core/fetch/buf_pc_reg_0_3_24_29/RAMB/I
                            (rising edge-triggered cell RAMD32 clocked by clk  {rise@0.000ns fall@5.000ns period=10.000ns})
  Path Group:             clk
  Path Type:              Hold (Min at Fast Process Corner)
  Requirement:            0.000ns  (clk rise@0.000ns - clk rise@0.000ns)
  Data Path Delay:        0.286ns  (logic 0.141ns (49.244%)  route 0.145ns (50.756%))
  Logic Levels:           0  
  Clock Path Skew:        0.022ns (DCD - SCD - CPR)
    Destination Clock Delay (DCD):    0.432ns
    Source Clock Delay      (SCD):    0.410ns
    Clock Pessimism Removal (CPR):    -0.000ns

    Location             Delay type                Incr(ns)  Path(ns)    Netlist Resource(s)
  -------------------------------------------------------------------    -------------------
                         (clock clk rise edge)        0.000     0.000 r  
                                                      0.000     0.000 r  clk (IN)
                         net (fo=1530, unset)         0.410     0.410    core/fetch/clk
    SLICE_X48Y45         FDRE                                         r  core/fetch/rsp_pc_reg[28]/C
  -------------------------------------------------------------------    -------------------
    SLICE_X48Y45         FDRE (Prop_fdre_C_Q)         0.141     0.551 r  core/fetch/rsp_pc_reg[28]/Q
                         net (fo=5, routed)           0.145     0.696    core/fetch/buf_pc_reg_0_3_24_29/DIB0
    SLICE_X46Y45         RAMD32                                       r  core/fetch/buf_pc_reg_0_3_24_29/RAMB/I
  -------------------------------------------------------------------    -------------------

                         (clock clk rise edge)        0.000     0.000 r  
                                                      0.000     0.000 r  clk (IN)
                         net (fo=1530, unset)         0.432     0.432    core/fetch/buf_pc_reg_0_3_24_29/WCLK
    SLICE_X46Y45         RAMD32                                       r  core/fetch/buf_pc_reg_0_3_24_29/RAMB/CLK
                         clock pessimism              0.000     0.432    
    SLICE_X46Y45         RAMD32 (Hold_ramd32_CLK_I)
                                                      0.146     0.578    core/fetch/buf_pc_reg_0_3_24_29/RAMB
  -------------------------------------------------------------------
                         required time                         -0.578    
                         arrival time                           0.696    
  -------------------------------------------------------------------
                         slack                                  0.119    





Pulse Width Checks
--------------------------------------------------------------------------------------
Clock Name:         clk
Waveform(ns):       { 0.000 5.000 }
Period(ns):         10.000
Sources:            { clk }

Check Type        Corner  Lib Pin      Reference Pin  Required(ns)  Actual(ns)  Slack(ns)  Location      Pin
Min Period        n/a     DSP48E1/CLK  n/a            3.884         10.000      6.116      DSP48_X2Y10   core/pp_lh_reg/CLK
Min Period        n/a     DSP48E1/CLK  n/a            3.884         10.000      6.116      DSP48_X2Y11   core/pp_ll_reg/CLK
Min Period        n/a     DSP48E1/CLK  n/a            3.687         10.000      6.313      DSP48_X2Y13   core/pp_hl_reg/CLK
Min Period        n/a     DSP48E1/CLK  n/a            2.154         10.000      7.846      DSP48_X2Y12   core/pp_hh_reg/CLK
Min Period        n/a     FDRE/C       n/a            1.000         10.000      9.000      SLICE_X58Y36  core/cy_inhibit_reg/C
Min Period        n/a     FDRE/C       n/a            1.000         10.000      9.000      SLICE_X66Y35  core/d_acc_last_reg/C
Min Period        n/a     FDRE/C       n/a            1.000         10.000      9.000      SLICE_X67Y36  core/d_err_reg/C
Min Period        n/a     FDRE/C       n/a            1.000         10.000      9.000      SLICE_X67Y36  core/d_insn_reg[0]/C
Min Period        n/a     FDRE/C       n/a            1.000         10.000      9.000      SLICE_X67Y36  core/d_insn_reg[10]/C
Min Period        n/a     FDRE/C       n/a            1.000         10.000      9.000      SLICE_X70Y37  core/d_insn_reg[11]/C
Low Pulse Width   Slow    RAMD32/CLK   n/a            1.250         5.000       3.750      SLICE_X50Y41  core/fetch/buf_err_reg_0_3_0_0/DP/CLK
Low Pulse Width   Fast    RAMD32/CLK   n/a            1.250         5.000       3.750      SLICE_X50Y41  core/fetch/buf_err_reg_0_3_0_0/DP/CLK
Low Pulse Width   Slow    RAMD32/CLK   n/a            1.250         5.000       3.750      SLICE_X50Y41  core/fetch/buf_err_reg_0_3_0_0/SP/CLK
Low Pulse Width   Fast    RAMD32/CLK   n/a            1.250         5.000       3.750      SLICE_X50Y41  core/fetch/buf_err_reg_0_3_0_0/SP/CLK
Low Pulse Width   Slow    RAMD32/CLK   n/a            1.250         5.000       3.750      SLICE_X50Y36  core/fetch/buf_insn_reg_0_3_0_5/RAMA/CLK
Low Pulse Width   Fast    RAMD32/CLK   n/a            1.250         5.000       3.750      SLICE_X50Y36  core/fetch/buf_insn_reg_0_3_0_5/RAMA/CLK
Low Pulse Width   Slow    RAMD32/CLK   n/a            1.250         5.000       3.750      SLICE_X50Y36  core/fetch/buf_insn_reg_0_3_0_5/RAMA_D1/CLK
Low Pulse Width   Fast    RAMD32/CLK   n/a            1.250         5.000       3.750      SLICE_X50Y36  core/fetch/buf_insn_reg_0_3_0_5/RAMA_D1/CLK
Low Pulse Width   Slow    RAMD32/CLK   n/a            1.250         5.000       3.750      SLICE_X50Y36  core/fetch/buf_insn_reg_0_3_0_5/RAMB/CLK
Low Pulse Width   Fast    RAMD32/CLK   n/a            1.250         5.000       3.750      SLICE_X50Y36  core/fetch/buf_insn_reg_0_3_0_5/RAMB/CLK
High Pulse Width  Slow    RAMD32/CLK   n/a            1.250         5.000       3.750      SLICE_X50Y41  core/fetch/buf_err_reg_0_3_0_0/DP/CLK
High Pulse Width  Fast    RAMD32/CLK   n/a            1.250         5.000       3.750      SLICE_X50Y41  core/fetch/buf_err_reg_0_3_0_0/DP/CLK
High Pulse Width  Slow    RAMD32/CLK   n/a            1.250         5.000       3.750      SLICE_X50Y41  core/fetch/buf_err_reg_0_3_0_0/SP/CLK
High Pulse Width  Fast    RAMD32/CLK   n/a            1.250         5.000       3.750      SLICE_X50Y41  core/fetch/buf_err_reg_0_3_0_0/SP/CLK
High Pulse Width  Slow    RAMD32/CLK   n/a            1.250         5.000       3.750      SLICE_X50Y36  core/fetch/buf_insn_reg_0_3_0_5/RAMA/CLK
High Pulse Width  Fast    RAMD32/CLK   n/a            1.250         5.000       3.750      SLICE_X50Y36  core/fetch/buf_insn_reg_0_3_0_5/RAMA/CLK
High Pulse Width  Slow    RAMD32/CLK   n/a            1.250         5.000       3.750      SLICE_X50Y36  core/fetch/buf_insn_reg_0_3_0_5/RAMA_D1/CLK
High Pulse Width  Fast    RAMD32/CLK   n/a            1.250         5.000       3.750      SLICE_X50Y36  core/fetch/buf_insn_reg_0_3_0_5/RAMA_D1/CLK
High Pulse Width  Slow    RAMD32/CLK   n/a            1.250         5.000       3.750      SLICE_X50Y36  core/fetch/buf_insn_reg_0_3_0_5/RAMB/CLK
High Pulse Width  Fast    RAMD32/CLK   n/a            1.250         5.000       3.750      SLICE_X50Y36  core/fetch/buf_insn_reg_0_3_0_5/RAMB/CLK



