mkdir -p /tmp/aster-phase7-dma-regressions-694ae0e/build/dma_cache_l10_w1_n1
verilator --cc --exe --build --timing --Wall --unroll-count 2048 --unroll-stmts 100000 --assert -DASTER_COHERENCE_ASSERT \
	--top-module aster_coherent_cache "-GENABLE_CACHE=1'b0" "-GENABLE_DMA=1'b1" \
	-GLINE_WORDS=1 -GLINE_COUNT=1 \
	-CFLAGS '-DASTER_CACHE_ENABLE=0 -DASTER_LINE_WORDS=1 -DASTER_LINE_COUNT=1' \
	--Mdir /tmp/aster-phase7-dma-regressions-694ae0e/build/dma_cache_l10_w1_n1/obj -o /tmp/aster-phase7-dma-regressions-694ae0e/build/dma_cache_l10_w1_n1/aster_dma_cache_sim \
	/tmp/aster-phase7-regression-source-IZ343g/rtl/cache/aster_coherent_cache.sv /tmp/aster-phase7-regression-source-IZ343g/verification/unit/tb_aster_dma_cache.cpp
make[2]: warning: jobserver unavailable: using -j1.  Add '+' to parent make rule.
g++  -I.  -MMD -I/home/elfo/tools/verilator/root/include -I/home/elfo/tools/verilator/root/include/vltstd -DVM_COVERAGE=0 -DVM_SC=0 -DVM_TRACE=0 -DVM_TRACE_FST=0 -DVM_TRACE_VCD=0 -faligned-new -fcf-protection=none -Wno-bool-operation -Wno-overloaded-virtual -Wno-shadow -Wno-sign-compare -Wno-uninitialized -Wno-unused-but-set-parameter -Wno-unused-but-set-variable -Wno-unused-parameter -Wno-unused-variable     -DASTER_CACHE_ENABLE=0 -DASTER_LINE_WORDS=1 -DASTER_LINE_COUNT=1   -Os -c -o tb_aster_dma_cache.o /tmp/aster-phase7-regression-source-IZ343g/verification/unit/tb_aster_dma_cache.cpp
g++ -Os  -I.  -MMD -I/home/elfo/tools/verilator/root/include -I/home/elfo/tools/verilator/root/include/vltstd -DVM_COVERAGE=0 -DVM_SC=0 -DVM_TRACE=0 -DVM_TRACE_FST=0 -DVM_TRACE_VCD=0 -faligned-new -fcf-protection=none -Wno-bool-operation -Wno-overloaded-virtual -Wno-shadow -Wno-sign-compare -Wno-uninitialized -Wno-unused-but-set-parameter -Wno-unused-but-set-variable -Wno-unused-parameter -Wno-unused-variable     -DASTER_CACHE_ENABLE=0 -DASTER_LINE_WORDS=1 -DASTER_LINE_COUNT=1   -c -o verilated.o /home/elfo/tools/verilator/root/include/verilated.cpp
g++ -Os  -I.  -MMD -I/home/elfo/tools/verilator/root/include -I/home/elfo/tools/verilator/root/include/vltstd -DVM_COVERAGE=0 -DVM_SC=0 -DVM_TRACE=0 -DVM_TRACE_FST=0 -DVM_TRACE_VCD=0 -faligned-new -fcf-protection=none -Wno-bool-operation -Wno-overloaded-virtual -Wno-shadow -Wno-sign-compare -Wno-uninitialized -Wno-unused-but-set-parameter -Wno-unused-but-set-variable -Wno-unused-parameter -Wno-unused-variable     -DASTER_CACHE_ENABLE=0 -DASTER_LINE_WORDS=1 -DASTER_LINE_COUNT=1   -c -o verilated_threads.o /home/elfo/tools/verilator/root/include/verilated_threads.cpp
/usr/bin/python3 /home/elfo/tools/verilator/root/bin/verilator_includer -DVL_INCLUDE_OPT=include Vaster_coherent_cache.cpp Vaster_coherent_cache___024root__DepSet_h70c9d35b__0.cpp Vaster_coherent_cache___024root__DepSet_ha6ca8359__0.cpp Vaster_coherent_cache___024root__Slow.cpp Vaster_coherent_cache___024root__DepSet_h70c9d35b__0__Slow.cpp Vaster_coherent_cache___024root__DepSet_ha6ca8359__0__Slow.cpp Vaster_coherent_cache__Syms.cpp > Vaster_coherent_cache__ALL.cpp
g++ -Os  -I.  -MMD -I/home/elfo/tools/verilator/root/include -I/home/elfo/tools/verilator/root/include/vltstd -DVM_COVERAGE=0 -DVM_SC=0 -DVM_TRACE=0 -DVM_TRACE_FST=0 -DVM_TRACE_VCD=0 -faligned-new -fcf-protection=none -Wno-bool-operation -Wno-overloaded-virtual -Wno-shadow -Wno-sign-compare -Wno-uninitialized -Wno-unused-but-set-parameter -Wno-unused-but-set-variable -Wno-unused-parameter -Wno-unused-variable     -DASTER_CACHE_ENABLE=0 -DASTER_LINE_WORDS=1 -DASTER_LINE_COUNT=1   -c -o Vaster_coherent_cache__ALL.o Vaster_coherent_cache__ALL.cpp
echo "" > Vaster_coherent_cache__ALL.verilator_deplist.tmp
Archive ar -rcs Vaster_coherent_cache__ALL.a Vaster_coherent_cache__ALL.o
g++     tb_aster_dma_cache.o verilated.o verilated_threads.o Vaster_coherent_cache__ALL.a    -pthread -lpthread -latomic   -o /tmp/aster-phase7-dma-regressions-694ae0e/build/dma_cache_l10_w1_n1/aster_dma_cache_sim
rm Vaster_coherent_cache__ALL.verilator_deplist.tmp
PASS: DMA cache enabled=0 geometry=1x1 seed=1 delay=0 cpu=2900 device=1466 forward=0 invalidated=0 dirty_words=0 commits=1297 flushes=136 stalls=0; latest-byte oracle, M/S/I snoops, whole-line dirty neighbor preservation, no device allocation, exact backing history/events, RAM-code visibility, selective/global flush
PASS: DMA cache enabled=0 geometry=1x1 seed=1 delay=1 cpu=2900 device=1466 forward=0 invalidated=0 dirty_words=0 commits=1297 flushes=136 stalls=4366; latest-byte oracle, M/S/I snoops, whole-line dirty neighbor preservation, no device allocation, exact backing history/events, RAM-code visibility, selective/global flush
PASS: DMA cache enabled=0 geometry=1x1 seed=1 delay=17 cpu=2900 device=1466 forward=0 invalidated=0 dirty_words=0 commits=1297 flushes=136 stalls=74222; latest-byte oracle, M/S/I snoops, whole-line dirty neighbor preservation, no device allocation, exact backing history/events, RAM-code visibility, selective/global flush
PASS: DMA cache enabled=0 geometry=1x1 seed=1 delay=-1 cpu=2922 device=1444 forward=0 invalidated=0 dirty_words=0 commits=1272 flushes=136 stalls=86777; latest-byte oracle, M/S/I snoops, whole-line dirty neighbor preservation, no device allocation, exact backing history/events, RAM-code visibility, selective/global flush
PASS: DMA cache enabled=0 geometry=1x1 seed=677863 delay=0 cpu=2802 device=1564 forward=0 invalidated=0 dirty_words=0 commits=1380 flushes=136 stalls=0; latest-byte oracle, M/S/I snoops, whole-line dirty neighbor preservation, no device allocation, exact backing history/events, RAM-code visibility, selective/global flush
PASS: DMA cache enabled=0 geometry=1x1 seed=677863 delay=1 cpu=2802 device=1564 forward=0 invalidated=0 dirty_words=0 commits=1380 flushes=136 stalls=4366; latest-byte oracle, M/S/I snoops, whole-line dirty neighbor preservation, no device allocation, exact backing history/events, RAM-code visibility, selective/global flush
PASS: DMA cache enabled=0 geometry=1x1 seed=677863 delay=17 cpu=2802 device=1564 forward=0 invalidated=0 dirty_words=0 commits=1380 flushes=136 stalls=74222; latest-byte oracle, M/S/I snoops, whole-line dirty neighbor preservation, no device allocation, exact backing history/events, RAM-code visibility, selective/global flush
PASS: DMA cache enabled=0 geometry=1x1 seed=677863 delay=-1 cpu=2919 device=1447 forward=0 invalidated=0 dirty_words=0 commits=1301 flushes=136 stalls=88256; latest-byte oracle, M/S/I snoops, whole-line dirty neighbor preservation, no device allocation, exact backing history/events, RAM-code visibility, selective/global flush
PASS: DMA cache enabled=0 geometry=1x1 seed=12648430 delay=0 cpu=2858 device=1508 forward=0 invalidated=0 dirty_words=0 commits=1338 flushes=136 stalls=0; latest-byte oracle, M/S/I snoops, whole-line dirty neighbor preservation, no device allocation, exact backing history/events, RAM-code visibility, selective/global flush
PASS: DMA cache enabled=0 geometry=1x1 seed=12648430 delay=1 cpu=2858 device=1508 forward=0 invalidated=0 dirty_words=0 commits=1338 flushes=136 stalls=4366; latest-byte oracle, M/S/I snoops, whole-line dirty neighbor preservation, no device allocation, exact backing history/events, RAM-code visibility, selective/global flush
PASS: DMA cache enabled=0 geometry=1x1 seed=12648430 delay=17 cpu=2858 device=1508 forward=0 invalidated=0 dirty_words=0 commits=1338 flushes=136 stalls=74222; latest-byte oracle, M/S/I snoops, whole-line dirty neighbor preservation, no device allocation, exact backing history/events, RAM-code visibility, selective/global flush
PASS: DMA cache enabled=0 geometry=1x1 seed=12648430 delay=-1 cpu=2871 device=1495 forward=0 invalidated=0 dirty_words=0 commits=1329 flushes=136 stalls=86645; latest-byte oracle, M/S/I snoops, whole-line dirty neighbor preservation, no device allocation, exact backing history/events, RAM-code visibility, selective/global flush
mkdir -p /tmp/aster-phase7-dma-regressions-694ae0e/build/dma_cache_l10_w1_n4
verilator --cc --exe --build --timing --Wall --unroll-count 2048 --unroll-stmts 100000 --assert -DASTER_COHERENCE_ASSERT \
	--top-module aster_coherent_cache "-GENABLE_CACHE=1'b0" "-GENABLE_DMA=1'b1" \
	-GLINE_WORDS=1 -GLINE_COUNT=4 \
	-CFLAGS '-DASTER_CACHE_ENABLE=0 -DASTER_LINE_WORDS=1 -DASTER_LINE_COUNT=4' \
	--Mdir /tmp/aster-phase7-dma-regressions-694ae0e/build/dma_cache_l10_w1_n4/obj -o /tmp/aster-phase7-dma-regressions-694ae0e/build/dma_cache_l10_w1_n4/aster_dma_cache_sim \
	/tmp/aster-phase7-regression-source-IZ343g/rtl/cache/aster_coherent_cache.sv /tmp/aster-phase7-regression-source-IZ343g/verification/unit/tb_aster_dma_cache.cpp
make[2]: warning: jobserver unavailable: using -j1.  Add '+' to parent make rule.
g++  -I.  -MMD -I/home/elfo/tools/verilator/root/include -I/home/elfo/tools/verilator/root/include/vltstd -DVM_COVERAGE=0 -DVM_SC=0 -DVM_TRACE=0 -DVM_TRACE_FST=0 -DVM_TRACE_VCD=0 -faligned-new -fcf-protection=none -Wno-bool-operation -Wno-overloaded-virtual -Wno-shadow -Wno-sign-compare -Wno-uninitialized -Wno-unused-but-set-parameter -Wno-unused-but-set-variable -Wno-unused-parameter -Wno-unused-variable     -DASTER_CACHE_ENABLE=0 -DASTER_LINE_WORDS=1 -DASTER_LINE_COUNT=4   -Os -c -o tb_aster_dma_cache.o /tmp/aster-phase7-regression-source-IZ343g/verification/unit/tb_aster_dma_cache.cpp
g++ -Os  -I.  -MMD -I/home/elfo/tools/verilator/root/include -I/home/elfo/tools/verilator/root/include/vltstd -DVM_COVERAGE=0 -DVM_SC=0 -DVM_TRACE=0 -DVM_TRACE_FST=0 -DVM_TRACE_VCD=0 -faligned-new -fcf-protection=none -Wno-bool-operation -Wno-overloaded-virtual -Wno-shadow -Wno-sign-compare -Wno-uninitialized -Wno-unused-but-set-parameter -Wno-unused-but-set-variable -Wno-unused-parameter -Wno-unused-variable     -DASTER_CACHE_ENABLE=0 -DASTER_LINE_WORDS=1 -DASTER_LINE_COUNT=4   -c -o verilated.o /home/elfo/tools/verilator/root/include/verilated.cpp
g++ -Os  -I.  -MMD -I/home/elfo/tools/verilator/root/include -I/home/elfo/tools/verilator/root/include/vltstd -DVM_COVERAGE=0 -DVM_SC=0 -DVM_TRACE=0 -DVM_TRACE_FST=0 -DVM_TRACE_VCD=0 -faligned-new -fcf-protection=none -Wno-bool-operation -Wno-overloaded-virtual -Wno-shadow -Wno-sign-compare -Wno-uninitialized -Wno-unused-but-set-parameter -Wno-unused-but-set-variable -Wno-unused-parameter -Wno-unused-variable     -DASTER_CACHE_ENABLE=0 -DASTER_LINE_WORDS=1 -DASTER_LINE_COUNT=4   -c -o verilated_threads.o /home/elfo/tools/verilator/root/include/verilated_threads.cpp
/usr/bin/python3 /home/elfo/tools/verilator/root/bin/verilator_includer -DVL_INCLUDE_OPT=include Vaster_coherent_cache.cpp Vaster_coherent_cache___024root__DepSet_h70c9d35b__0.cpp Vaster_coherent_cache___024root__DepSet_ha6ca8359__0.cpp Vaster_coherent_cache___024root__Slow.cpp Vaster_coherent_cache___024root__DepSet_h70c9d35b__0__Slow.cpp Vaster_coherent_cache___024root__DepSet_ha6ca8359__0__Slow.cpp Vaster_coherent_cache__Syms.cpp > Vaster_coherent_cache__ALL.cpp
g++ -Os  -I.  -MMD -I/home/elfo/tools/verilator/root/include -I/home/elfo/tools/verilator/root/include/vltstd -DVM_COVERAGE=0 -DVM_SC=0 -DVM_TRACE=0 -DVM_TRACE_FST=0 -DVM_TRACE_VCD=0 -faligned-new -fcf-protection=none -Wno-bool-operation -Wno-overloaded-virtual -Wno-shadow -Wno-sign-compare -Wno-uninitialized -Wno-unused-but-set-parameter -Wno-unused-but-set-variable -Wno-unused-parameter -Wno-unused-variable     -DASTER_CACHE_ENABLE=0 -DASTER_LINE_WORDS=1 -DASTER_LINE_COUNT=4   -c -o Vaster_coherent_cache__ALL.o Vaster_coherent_cache__ALL.cpp
echo "" > Vaster_coherent_cache__ALL.verilator_deplist.tmp
Archive ar -rcs Vaster_coherent_cache__ALL.a Vaster_coherent_cache__ALL.o
g++     tb_aster_dma_cache.o verilated.o verilated_threads.o Vaster_coherent_cache__ALL.a    -pthread -lpthread -latomic   -o /tmp/aster-phase7-dma-regressions-694ae0e/build/dma_cache_l10_w1_n4/aster_dma_cache_sim
rm Vaster_coherent_cache__ALL.verilator_deplist.tmp
PASS: DMA cache enabled=0 geometry=1x4 seed=1 delay=0 cpu=2900 device=1466 forward=0 invalidated=0 dirty_words=0 commits=1297 flushes=136 stalls=0; latest-byte oracle, M/S/I snoops, whole-line dirty neighbor preservation, no device allocation, exact backing history/events, RAM-code visibility, selective/global flush
PASS: DMA cache enabled=0 geometry=1x4 seed=1 delay=1 cpu=2900 device=1466 forward=0 invalidated=0 dirty_words=0 commits=1297 flushes=136 stalls=4366; latest-byte oracle, M/S/I snoops, whole-line dirty neighbor preservation, no device allocation, exact backing history/events, RAM-code visibility, selective/global flush
PASS: DMA cache enabled=0 geometry=1x4 seed=1 delay=17 cpu=2900 device=1466 forward=0 invalidated=0 dirty_words=0 commits=1297 flushes=136 stalls=74222; latest-byte oracle, M/S/I snoops, whole-line dirty neighbor preservation, no device allocation, exact backing history/events, RAM-code visibility, selective/global flush
PASS: DMA cache enabled=0 geometry=1x4 seed=1 delay=-1 cpu=2922 device=1444 forward=0 invalidated=0 dirty_words=0 commits=1272 flushes=136 stalls=86777; latest-byte oracle, M/S/I snoops, whole-line dirty neighbor preservation, no device allocation, exact backing history/events, RAM-code visibility, selective/global flush
PASS: DMA cache enabled=0 geometry=1x4 seed=677863 delay=0 cpu=2802 device=1564 forward=0 invalidated=0 dirty_words=0 commits=1380 flushes=136 stalls=0; latest-byte oracle, M/S/I snoops, whole-line dirty neighbor preservation, no device allocation, exact backing history/events, RAM-code visibility, selective/global flush
PASS: DMA cache enabled=0 geometry=1x4 seed=677863 delay=1 cpu=2802 device=1564 forward=0 invalidated=0 dirty_words=0 commits=1380 flushes=136 stalls=4366; latest-byte oracle, M/S/I snoops, whole-line dirty neighbor preservation, no device allocation, exact backing history/events, RAM-code visibility, selective/global flush
PASS: DMA cache enabled=0 geometry=1x4 seed=677863 delay=17 cpu=2802 device=1564 forward=0 invalidated=0 dirty_words=0 commits=1380 flushes=136 stalls=74222; latest-byte oracle, M/S/I snoops, whole-line dirty neighbor preservation, no device allocation, exact backing history/events, RAM-code visibility, selective/global flush
PASS: DMA cache enabled=0 geometry=1x4 seed=677863 delay=-1 cpu=2919 device=1447 forward=0 invalidated=0 dirty_words=0 commits=1301 flushes=136 stalls=88256; latest-byte oracle, M/S/I snoops, whole-line dirty neighbor preservation, no device allocation, exact backing history/events, RAM-code visibility, selective/global flush
PASS: DMA cache enabled=0 geometry=1x4 seed=12648430 delay=0 cpu=2858 device=1508 forward=0 invalidated=0 dirty_words=0 commits=1338 flushes=136 stalls=0; latest-byte oracle, M/S/I snoops, whole-line dirty neighbor preservation, no device allocation, exact backing history/events, RAM-code visibility, selective/global flush
PASS: DMA cache enabled=0 geometry=1x4 seed=12648430 delay=1 cpu=2858 device=1508 forward=0 invalidated=0 dirty_words=0 commits=1338 flushes=136 stalls=4366; latest-byte oracle, M/S/I snoops, whole-line dirty neighbor preservation, no device allocation, exact backing history/events, RAM-code visibility, selective/global flush
PASS: DMA cache enabled=0 geometry=1x4 seed=12648430 delay=17 cpu=2858 device=1508 forward=0 invalidated=0 dirty_words=0 commits=1338 flushes=136 stalls=74222; latest-byte oracle, M/S/I snoops, whole-line dirty neighbor preservation, no device allocation, exact backing history/events, RAM-code visibility, selective/global flush
PASS: DMA cache enabled=0 geometry=1x4 seed=12648430 delay=-1 cpu=2871 device=1495 forward=0 invalidated=0 dirty_words=0 commits=1329 flushes=136 stalls=86645; latest-byte oracle, M/S/I snoops, whole-line dirty neighbor preservation, no device allocation, exact backing history/events, RAM-code visibility, selective/global flush
mkdir -p /tmp/aster-phase7-dma-regressions-694ae0e/build/dma_cache_l10_w1_n16
verilator --cc --exe --build --timing --Wall --unroll-count 2048 --unroll-stmts 100000 --assert -DASTER_COHERENCE_ASSERT \
	--top-module aster_coherent_cache "-GENABLE_CACHE=1'b0" "-GENABLE_DMA=1'b1" \
	-GLINE_WORDS=1 -GLINE_COUNT=16 \
	-CFLAGS '-DASTER_CACHE_ENABLE=0 -DASTER_LINE_WORDS=1 -DASTER_LINE_COUNT=16' \
	--Mdir /tmp/aster-phase7-dma-regressions-694ae0e/build/dma_cache_l10_w1_n16/obj -o /tmp/aster-phase7-dma-regressions-694ae0e/build/dma_cache_l10_w1_n16/aster_dma_cache_sim \
	/tmp/aster-phase7-regression-source-IZ343g/rtl/cache/aster_coherent_cache.sv /tmp/aster-phase7-regression-source-IZ343g/verification/unit/tb_aster_dma_cache.cpp
make[2]: warning: jobserver unavailable: using -j1.  Add '+' to parent make rule.
g++  -I.  -MMD -I/home/elfo/tools/verilator/root/include -I/home/elfo/tools/verilator/root/include/vltstd -DVM_COVERAGE=0 -DVM_SC=0 -DVM_TRACE=0 -DVM_TRACE_FST=0 -DVM_TRACE_VCD=0 -faligned-new -fcf-protection=none -Wno-bool-operation -Wno-overloaded-virtual -Wno-shadow -Wno-sign-compare -Wno-uninitialized -Wno-unused-but-set-parameter -Wno-unused-but-set-variable -Wno-unused-parameter -Wno-unused-variable     -DASTER_CACHE_ENABLE=0 -DASTER_LINE_WORDS=1 -DASTER_LINE_COUNT=16   -Os -c -o tb_aster_dma_cache.o /tmp/aster-phase7-regression-source-IZ343g/verification/unit/tb_aster_dma_cache.cpp
g++ -Os  -I.  -MMD -I/home/elfo/tools/verilator/root/include -I/home/elfo/tools/verilator/root/include/vltstd -DVM_COVERAGE=0 -DVM_SC=0 -DVM_TRACE=0 -DVM_TRACE_FST=0 -DVM_TRACE_VCD=0 -faligned-new -fcf-protection=none -Wno-bool-operation -Wno-overloaded-virtual -Wno-shadow -Wno-sign-compare -Wno-uninitialized -Wno-unused-but-set-parameter -Wno-unused-but-set-variable -Wno-unused-parameter -Wno-unused-variable     -DASTER_CACHE_ENABLE=0 -DASTER_LINE_WORDS=1 -DASTER_LINE_COUNT=16   -c -o verilated.o /home/elfo/tools/verilator/root/include/verilated.cpp
g++ -Os  -I.  -MMD -I/home/elfo/tools/verilator/root/include -I/home/elfo/tools/verilator/root/include/vltstd -DVM_COVERAGE=0 -DVM_SC=0 -DVM_TRACE=0 -DVM_TRACE_FST=0 -DVM_TRACE_VCD=0 -faligned-new -fcf-protection=none -Wno-bool-operation -Wno-overloaded-virtual -Wno-shadow -Wno-sign-compare -Wno-uninitialized -Wno-unused-but-set-parameter -Wno-unused-but-set-variable -Wno-unused-parameter -Wno-unused-variable     -DASTER_CACHE_ENABLE=0 -DASTER_LINE_WORDS=1 -DASTER_LINE_COUNT=16   -c -o verilated_threads.o /home/elfo/tools/verilator/root/include/verilated_threads.cpp
/usr/bin/python3 /home/elfo/tools/verilator/root/bin/verilator_includer -DVL_INCLUDE_OPT=include Vaster_coherent_cache.cpp Vaster_coherent_cache___024root__DepSet_h70c9d35b__0.cpp Vaster_coherent_cache___024root__DepSet_ha6ca8359__0.cpp Vaster_coherent_cache___024root__Slow.cpp Vaster_coherent_cache___024root__DepSet_h70c9d35b__0__Slow.cpp Vaster_coherent_cache___024root__DepSet_ha6ca8359__0__Slow.cpp Vaster_coherent_cache__Syms.cpp > Vaster_coherent_cache__ALL.cpp
g++ -Os  -I.  -MMD -I/home/elfo/tools/verilator/root/include -I/home/elfo/tools/verilator/root/include/vltstd -DVM_COVERAGE=0 -DVM_SC=0 -DVM_TRACE=0 -DVM_TRACE_FST=0 -DVM_TRACE_VCD=0 -faligned-new -fcf-protection=none -Wno-bool-operation -Wno-overloaded-virtual -Wno-shadow -Wno-sign-compare -Wno-uninitialized -Wno-unused-but-set-parameter -Wno-unused-but-set-variable -Wno-unused-parameter -Wno-unused-variable     -DASTER_CACHE_ENABLE=0 -DASTER_LINE_WORDS=1 -DASTER_LINE_COUNT=16   -c -o Vaster_coherent_cache__ALL.o Vaster_coherent_cache__ALL.cpp
echo "" > Vaster_coherent_cache__ALL.verilator_deplist.tmp
Archive ar -rcs Vaster_coherent_cache__ALL.a Vaster_coherent_cache__ALL.o
g++     tb_aster_dma_cache.o verilated.o verilated_threads.o Vaster_coherent_cache__ALL.a    -pthread -lpthread -latomic   -o /tmp/aster-phase7-dma-regressions-694ae0e/build/dma_cache_l10_w1_n16/aster_dma_cache_sim
rm Vaster_coherent_cache__ALL.verilator_deplist.tmp
PASS: DMA cache enabled=0 geometry=1x16 seed=1 delay=0 cpu=2900 device=1466 forward=0 invalidated=0 dirty_words=0 commits=1297 flushes=136 stalls=0; latest-byte oracle, M/S/I snoops, whole-line dirty neighbor preservation, no device allocation, exact backing history/events, RAM-code visibility, selective/global flush
PASS: DMA cache enabled=0 geometry=1x16 seed=1 delay=1 cpu=2900 device=1466 forward=0 invalidated=0 dirty_words=0 commits=1297 flushes=136 stalls=4366; latest-byte oracle, M/S/I snoops, whole-line dirty neighbor preservation, no device allocation, exact backing history/events, RAM-code visibility, selective/global flush
PASS: DMA cache enabled=0 geometry=1x16 seed=1 delay=17 cpu=2900 device=1466 forward=0 invalidated=0 dirty_words=0 commits=1297 flushes=136 stalls=74222; latest-byte oracle, M/S/I snoops, whole-line dirty neighbor preservation, no device allocation, exact backing history/events, RAM-code visibility, selective/global flush
PASS: DMA cache enabled=0 geometry=1x16 seed=1 delay=-1 cpu=2922 device=1444 forward=0 invalidated=0 dirty_words=0 commits=1272 flushes=136 stalls=86777; latest-byte oracle, M/S/I snoops, whole-line dirty neighbor preservation, no device allocation, exact backing history/events, RAM-code visibility, selective/global flush
PASS: DMA cache enabled=0 geometry=1x16 seed=677863 delay=0 cpu=2802 device=1564 forward=0 invalidated=0 dirty_words=0 commits=1380 flushes=136 stalls=0; latest-byte oracle, M/S/I snoops, whole-line dirty neighbor preservation, no device allocation, exact backing history/events, RAM-code visibility, selective/global flush
PASS: DMA cache enabled=0 geometry=1x16 seed=677863 delay=1 cpu=2802 device=1564 forward=0 invalidated=0 dirty_words=0 commits=1380 flushes=136 stalls=4366; latest-byte oracle, M/S/I snoops, whole-line dirty neighbor preservation, no device allocation, exact backing history/events, RAM-code visibility, selective/global flush
PASS: DMA cache enabled=0 geometry=1x16 seed=677863 delay=17 cpu=2802 device=1564 forward=0 invalidated=0 dirty_words=0 commits=1380 flushes=136 stalls=74222; latest-byte oracle, M/S/I snoops, whole-line dirty neighbor preservation, no device allocation, exact backing history/events, RAM-code visibility, selective/global flush
PASS: DMA cache enabled=0 geometry=1x16 seed=677863 delay=-1 cpu=2919 device=1447 forward=0 invalidated=0 dirty_words=0 commits=1301 flushes=136 stalls=88256; latest-byte oracle, M/S/I snoops, whole-line dirty neighbor preservation, no device allocation, exact backing history/events, RAM-code visibility, selective/global flush
PASS: DMA cache enabled=0 geometry=1x16 seed=12648430 delay=0 cpu=2858 device=1508 forward=0 invalidated=0 dirty_words=0 commits=1338 flushes=136 stalls=0; latest-byte oracle, M/S/I snoops, whole-line dirty neighbor preservation, no device allocation, exact backing history/events, RAM-code visibility, selective/global flush
PASS: DMA cache enabled=0 geometry=1x16 seed=12648430 delay=1 cpu=2858 device=1508 forward=0 invalidated=0 dirty_words=0 commits=1338 flushes=136 stalls=4366; latest-byte oracle, M/S/I snoops, whole-line dirty neighbor preservation, no device allocation, exact backing history/events, RAM-code visibility, selective/global flush
PASS: DMA cache enabled=0 geometry=1x16 seed=12648430 delay=17 cpu=2858 device=1508 forward=0 invalidated=0 dirty_words=0 commits=1338 flushes=136 stalls=74222; latest-byte oracle, M/S/I snoops, whole-line dirty neighbor preservation, no device allocation, exact backing history/events, RAM-code visibility, selective/global flush
PASS: DMA cache enabled=0 geometry=1x16 seed=12648430 delay=-1 cpu=2871 device=1495 forward=0 invalidated=0 dirty_words=0 commits=1329 flushes=136 stalls=86645; latest-byte oracle, M/S/I snoops, whole-line dirty neighbor preservation, no device allocation, exact backing history/events, RAM-code visibility, selective/global flush
mkdir -p /tmp/aster-phase7-dma-regressions-694ae0e/build/dma_cache_l10_w4_n1
verilator --cc --exe --build --timing --Wall --unroll-count 2048 --unroll-stmts 100000 --assert -DASTER_COHERENCE_ASSERT \
	--top-module aster_coherent_cache "-GENABLE_CACHE=1'b0" "-GENABLE_DMA=1'b1" \
	-GLINE_WORDS=4 -GLINE_COUNT=1 \
	-CFLAGS '-DASTER_CACHE_ENABLE=0 -DASTER_LINE_WORDS=4 -DASTER_LINE_COUNT=1' \
	--Mdir /tmp/aster-phase7-dma-regressions-694ae0e/build/dma_cache_l10_w4_n1/obj -o /tmp/aster-phase7-dma-regressions-694ae0e/build/dma_cache_l10_w4_n1/aster_dma_cache_sim \
	/tmp/aster-phase7-regression-source-IZ343g/rtl/cache/aster_coherent_cache.sv /tmp/aster-phase7-regression-source-IZ343g/verification/unit/tb_aster_dma_cache.cpp
make[2]: warning: jobserver unavailable: using -j1.  Add '+' to parent make rule.
g++  -I.  -MMD -I/home/elfo/tools/verilator/root/include -I/home/elfo/tools/verilator/root/include/vltstd -DVM_COVERAGE=0 -DVM_SC=0 -DVM_TRACE=0 -DVM_TRACE_FST=0 -DVM_TRACE_VCD=0 -faligned-new -fcf-protection=none -Wno-bool-operation -Wno-overloaded-virtual -Wno-shadow -Wno-sign-compare -Wno-uninitialized -Wno-unused-but-set-parameter -Wno-unused-but-set-variable -Wno-unused-parameter -Wno-unused-variable     -DASTER_CACHE_ENABLE=0 -DASTER_LINE_WORDS=4 -DASTER_LINE_COUNT=1   -Os -c -o tb_aster_dma_cache.o /tmp/aster-phase7-regression-source-IZ343g/verification/unit/tb_aster_dma_cache.cpp
g++ -Os  -I.  -MMD -I/home/elfo/tools/verilator/root/include -I/home/elfo/tools/verilator/root/include/vltstd -DVM_COVERAGE=0 -DVM_SC=0 -DVM_TRACE=0 -DVM_TRACE_FST=0 -DVM_TRACE_VCD=0 -faligned-new -fcf-protection=none -Wno-bool-operation -Wno-overloaded-virtual -Wno-shadow -Wno-sign-compare -Wno-uninitialized -Wno-unused-but-set-parameter -Wno-unused-but-set-variable -Wno-unused-parameter -Wno-unused-variable     -DASTER_CACHE_ENABLE=0 -DASTER_LINE_WORDS=4 -DASTER_LINE_COUNT=1   -c -o verilated.o /home/elfo/tools/verilator/root/include/verilated.cpp
g++ -Os  -I.  -MMD -I/home/elfo/tools/verilator/root/include -I/home/elfo/tools/verilator/root/include/vltstd -DVM_COVERAGE=0 -DVM_SC=0 -DVM_TRACE=0 -DVM_TRACE_FST=0 -DVM_TRACE_VCD=0 -faligned-new -fcf-protection=none -Wno-bool-operation -Wno-overloaded-virtual -Wno-shadow -Wno-sign-compare -Wno-uninitialized -Wno-unused-but-set-parameter -Wno-unused-but-set-variable -Wno-unused-parameter -Wno-unused-variable     -DASTER_CACHE_ENABLE=0 -DASTER_LINE_WORDS=4 -DASTER_LINE_COUNT=1   -c -o verilated_threads.o /home/elfo/tools/verilator/root/include/verilated_threads.cpp
/usr/bin/python3 /home/elfo/tools/verilator/root/bin/verilator_includer -DVL_INCLUDE_OPT=include Vaster_coherent_cache.cpp Vaster_coherent_cache___024root__DepSet_h70c9d35b__0.cpp Vaster_coherent_cache___024root__DepSet_ha6ca8359__0.cpp Vaster_coherent_cache___024root__Slow.cpp Vaster_coherent_cache___024root__DepSet_h70c9d35b__0__Slow.cpp Vaster_coherent_cache___024root__DepSet_ha6ca8359__0__Slow.cpp Vaster_coherent_cache__Syms.cpp > Vaster_coherent_cache__ALL.cpp
g++ -Os  -I.  -MMD -I/home/elfo/tools/verilator/root/include -I/home/elfo/tools/verilator/root/include/vltstd -DVM_COVERAGE=0 -DVM_SC=0 -DVM_TRACE=0 -DVM_TRACE_FST=0 -DVM_TRACE_VCD=0 -faligned-new -fcf-protection=none -Wno-bool-operation -Wno-overloaded-virtual -Wno-shadow -Wno-sign-compare -Wno-uninitialized -Wno-unused-but-set-parameter -Wno-unused-but-set-variable -Wno-unused-parameter -Wno-unused-variable     -DASTER_CACHE_ENABLE=0 -DASTER_LINE_WORDS=4 -DASTER_LINE_COUNT=1   -c -o Vaster_coherent_cache__ALL.o Vaster_coherent_cache__ALL.cpp
echo "" > Vaster_coherent_cache__ALL.verilator_deplist.tmp
Archive ar -rcs Vaster_coherent_cache__ALL.a Vaster_coherent_cache__ALL.o
g++     tb_aster_dma_cache.o verilated.o verilated_threads.o Vaster_coherent_cache__ALL.a    -pthread -lpthread -latomic   -o /tmp/aster-phase7-dma-regressions-694ae0e/build/dma_cache_l10_w4_n1/aster_dma_cache_sim
rm Vaster_coherent_cache__ALL.verilator_deplist.tmp
PASS: DMA cache enabled=0 geometry=4x1 seed=1 delay=0 cpu=2990 device=1466 forward=0 invalidated=0 dirty_words=0 commits=1297 flushes=136 stalls=0; latest-byte oracle, M/S/I snoops, whole-line dirty neighbor preservation, no device allocation, exact backing history/events, RAM-code visibility, selective/global flush
PASS: DMA cache enabled=0 geometry=4x1 seed=1 delay=1 cpu=2990 device=1466 forward=0 invalidated=0 dirty_words=0 commits=1297 flushes=136 stalls=4456; latest-byte oracle, M/S/I snoops, whole-line dirty neighbor preservation, no device allocation, exact backing history/events, RAM-code visibility, selective/global flush
PASS: DMA cache enabled=0 geometry=4x1 seed=1 delay=17 cpu=2990 device=1466 forward=0 invalidated=0 dirty_words=0 commits=1297 flushes=136 stalls=75752; latest-byte oracle, M/S/I snoops, whole-line dirty neighbor preservation, no device allocation, exact backing history/events, RAM-code visibility, selective/global flush
PASS: DMA cache enabled=0 geometry=4x1 seed=1 delay=-1 cpu=3003 device=1453 forward=0 invalidated=0 dirty_words=0 commits=1275 flushes=136 stalls=88380; latest-byte oracle, M/S/I snoops, whole-line dirty neighbor preservation, no device allocation, exact backing history/events, RAM-code visibility, selective/global flush
PASS: DMA cache enabled=0 geometry=4x1 seed=677863 delay=0 cpu=2892 device=1564 forward=0 invalidated=0 dirty_words=0 commits=1380 flushes=136 stalls=0; latest-byte oracle, M/S/I snoops, whole-line dirty neighbor preservation, no device allocation, exact backing history/events, RAM-code visibility, selective/global flush
PASS: DMA cache enabled=0 geometry=4x1 seed=677863 delay=1 cpu=2892 device=1564 forward=0 invalidated=0 dirty_words=0 commits=1380 flushes=136 stalls=4456; latest-byte oracle, M/S/I snoops, whole-line dirty neighbor preservation, no device allocation, exact backing history/events, RAM-code visibility, selective/global flush
PASS: DMA cache enabled=0 geometry=4x1 seed=677863 delay=17 cpu=2892 device=1564 forward=0 invalidated=0 dirty_words=0 commits=1380 flushes=136 stalls=75752; latest-byte oracle, M/S/I snoops, whole-line dirty neighbor preservation, no device allocation, exact backing history/events, RAM-code visibility, selective/global flush
PASS: DMA cache enabled=0 geometry=4x1 seed=677863 delay=-1 cpu=2947 device=1509 forward=0 invalidated=0 dirty_words=0 commits=1353 flushes=136 stalls=89278; latest-byte oracle, M/S/I snoops, whole-line dirty neighbor preservation, no device allocation, exact backing history/events, RAM-code visibility, selective/global flush
PASS: DMA cache enabled=0 geometry=4x1 seed=12648430 delay=0 cpu=2948 device=1508 forward=0 invalidated=0 dirty_words=0 commits=1338 flushes=136 stalls=0; latest-byte oracle, M/S/I snoops, whole-line dirty neighbor preservation, no device allocation, exact backing history/events, RAM-code visibility, selective/global flush
PASS: DMA cache enabled=0 geometry=4x1 seed=12648430 delay=1 cpu=2948 device=1508 forward=0 invalidated=0 dirty_words=0 commits=1338 flushes=136 stalls=4456; latest-byte oracle, M/S/I snoops, whole-line dirty neighbor preservation, no device allocation, exact backing history/events, RAM-code visibility, selective/global flush
PASS: DMA cache enabled=0 geometry=4x1 seed=12648430 delay=17 cpu=2948 device=1508 forward=0 invalidated=0 dirty_words=0 commits=1338 flushes=136 stalls=75752; latest-byte oracle, M/S/I snoops, whole-line dirty neighbor preservation, no device allocation, exact backing history/events, RAM-code visibility, selective/global flush
PASS: DMA cache enabled=0 geometry=4x1 seed=12648430 delay=-1 cpu=2938 device=1518 forward=0 invalidated=0 dirty_words=0 commits=1355 flushes=136 stalls=89455; latest-byte oracle, M/S/I snoops, whole-line dirty neighbor preservation, no device allocation, exact backing history/events, RAM-code visibility, selective/global flush
mkdir -p /tmp/aster-phase7-dma-regressions-694ae0e/build/dma_cache_l10_w4_n4
verilator --cc --exe --build --timing --Wall --unroll-count 2048 --unroll-stmts 100000 --assert -DASTER_COHERENCE_ASSERT \
	--top-module aster_coherent_cache "-GENABLE_CACHE=1'b0" "-GENABLE_DMA=1'b1" \
	-GLINE_WORDS=4 -GLINE_COUNT=4 \
	-CFLAGS '-DASTER_CACHE_ENABLE=0 -DASTER_LINE_WORDS=4 -DASTER_LINE_COUNT=4' \
	--Mdir /tmp/aster-phase7-dma-regressions-694ae0e/build/dma_cache_l10_w4_n4/obj -o /tmp/aster-phase7-dma-regressions-694ae0e/build/dma_cache_l10_w4_n4/aster_dma_cache_sim \
	/tmp/aster-phase7-regression-source-IZ343g/rtl/cache/aster_coherent_cache.sv /tmp/aster-phase7-regression-source-IZ343g/verification/unit/tb_aster_dma_cache.cpp
make[2]: warning: jobserver unavailable: using -j1.  Add '+' to parent make rule.
g++  -I.  -MMD -I/home/elfo/tools/verilator/root/include -I/home/elfo/tools/verilator/root/include/vltstd -DVM_COVERAGE=0 -DVM_SC=0 -DVM_TRACE=0 -DVM_TRACE_FST=0 -DVM_TRACE_VCD=0 -faligned-new -fcf-protection=none -Wno-bool-operation -Wno-overloaded-virtual -Wno-shadow -Wno-sign-compare -Wno-uninitialized -Wno-unused-but-set-parameter -Wno-unused-but-set-variable -Wno-unused-parameter -Wno-unused-variable     -DASTER_CACHE_ENABLE=0 -DASTER_LINE_WORDS=4 -DASTER_LINE_COUNT=4   -Os -c -o tb_aster_dma_cache.o /tmp/aster-phase7-regression-source-IZ343g/verification/unit/tb_aster_dma_cache.cpp
g++ -Os  -I.  -MMD -I/home/elfo/tools/verilator/root/include -I/home/elfo/tools/verilator/root/include/vltstd -DVM_COVERAGE=0 -DVM_SC=0 -DVM_TRACE=0 -DVM_TRACE_FST=0 -DVM_TRACE_VCD=0 -faligned-new -fcf-protection=none -Wno-bool-operation -Wno-overloaded-virtual -Wno-shadow -Wno-sign-compare -Wno-uninitialized -Wno-unused-but-set-parameter -Wno-unused-but-set-variable -Wno-unused-parameter -Wno-unused-variable     -DASTER_CACHE_ENABLE=0 -DASTER_LINE_WORDS=4 -DASTER_LINE_COUNT=4   -c -o verilated.o /home/elfo/tools/verilator/root/include/verilated.cpp
g++ -Os  -I.  -MMD -I/home/elfo/tools/verilator/root/include -I/home/elfo/tools/verilator/root/include/vltstd -DVM_COVERAGE=0 -DVM_SC=0 -DVM_TRACE=0 -DVM_TRACE_FST=0 -DVM_TRACE_VCD=0 -faligned-new -fcf-protection=none -Wno-bool-operation -Wno-overloaded-virtual -Wno-shadow -Wno-sign-compare -Wno-uninitialized -Wno-unused-but-set-parameter -Wno-unused-but-set-variable -Wno-unused-parameter -Wno-unused-variable     -DASTER_CACHE_ENABLE=0 -DASTER_LINE_WORDS=4 -DASTER_LINE_COUNT=4   -c -o verilated_threads.o /home/elfo/tools/verilator/root/include/verilated_threads.cpp
/usr/bin/python3 /home/elfo/tools/verilator/root/bin/verilator_includer -DVL_INCLUDE_OPT=include Vaster_coherent_cache.cpp Vaster_coherent_cache___024root__DepSet_h70c9d35b__0.cpp Vaster_coherent_cache___024root__DepSet_ha6ca8359__0.cpp Vaster_coherent_cache___024root__Slow.cpp Vaster_coherent_cache___024root__DepSet_h70c9d35b__0__Slow.cpp Vaster_coherent_cache___024root__DepSet_ha6ca8359__0__Slow.cpp Vaster_coherent_cache__Syms.cpp > Vaster_coherent_cache__ALL.cpp
g++ -Os  -I.  -MMD -I/home/elfo/tools/verilator/root/include -I/home/elfo/tools/verilator/root/include/vltstd -DVM_COVERAGE=0 -DVM_SC=0 -DVM_TRACE=0 -DVM_TRACE_FST=0 -DVM_TRACE_VCD=0 -faligned-new -fcf-protection=none -Wno-bool-operation -Wno-overloaded-virtual -Wno-shadow -Wno-sign-compare -Wno-uninitialized -Wno-unused-but-set-parameter -Wno-unused-but-set-variable -Wno-unused-parameter -Wno-unused-variable     -DASTER_CACHE_ENABLE=0 -DASTER_LINE_WORDS=4 -DASTER_LINE_COUNT=4   -c -o Vaster_coherent_cache__ALL.o Vaster_coherent_cache__ALL.cpp
echo "" > Vaster_coherent_cache__ALL.verilator_deplist.tmp
Archive ar -rcs Vaster_coherent_cache__ALL.a Vaster_coherent_cache__ALL.o
g++     tb_aster_dma_cache.o verilated.o verilated_threads.o Vaster_coherent_cache__ALL.a    -pthread -lpthread -latomic   -o /tmp/aster-phase7-dma-regressions-694ae0e/build/dma_cache_l10_w4_n4/aster_dma_cache_sim
rm Vaster_coherent_cache__ALL.verilator_deplist.tmp
PASS: DMA cache enabled=0 geometry=4x4 seed=1 delay=0 cpu=2990 device=1466 forward=0 invalidated=0 dirty_words=0 commits=1297 flushes=136 stalls=0; latest-byte oracle, M/S/I snoops, whole-line dirty neighbor preservation, no device allocation, exact backing history/events, RAM-code visibility, selective/global flush
PASS: DMA cache enabled=0 geometry=4x4 seed=1 delay=1 cpu=2990 device=1466 forward=0 invalidated=0 dirty_words=0 commits=1297 flushes=136 stalls=4456; latest-byte oracle, M/S/I snoops, whole-line dirty neighbor preservation, no device allocation, exact backing history/events, RAM-code visibility, selective/global flush
PASS: DMA cache enabled=0 geometry=4x4 seed=1 delay=17 cpu=2990 device=1466 forward=0 invalidated=0 dirty_words=0 commits=1297 flushes=136 stalls=75752; latest-byte oracle, M/S/I snoops, whole-line dirty neighbor preservation, no device allocation, exact backing history/events, RAM-code visibility, selective/global flush
PASS: DMA cache enabled=0 geometry=4x4 seed=1 delay=-1 cpu=3003 device=1453 forward=0 invalidated=0 dirty_words=0 commits=1275 flushes=136 stalls=88380; latest-byte oracle, M/S/I snoops, whole-line dirty neighbor preservation, no device allocation, exact backing history/events, RAM-code visibility, selective/global flush
PASS: DMA cache enabled=0 geometry=4x4 seed=677863 delay=0 cpu=2892 device=1564 forward=0 invalidated=0 dirty_words=0 commits=1380 flushes=136 stalls=0; latest-byte oracle, M/S/I snoops, whole-line dirty neighbor preservation, no device allocation, exact backing history/events, RAM-code visibility, selective/global flush
PASS: DMA cache enabled=0 geometry=4x4 seed=677863 delay=1 cpu=2892 device=1564 forward=0 invalidated=0 dirty_words=0 commits=1380 flushes=136 stalls=4456; latest-byte oracle, M/S/I snoops, whole-line dirty neighbor preservation, no device allocation, exact backing history/events, RAM-code visibility, selective/global flush
PASS: DMA cache enabled=0 geometry=4x4 seed=677863 delay=17 cpu=2892 device=1564 forward=0 invalidated=0 dirty_words=0 commits=1380 flushes=136 stalls=75752; latest-byte oracle, M/S/I snoops, whole-line dirty neighbor preservation, no device allocation, exact backing history/events, RAM-code visibility, selective/global flush
PASS: DMA cache enabled=0 geometry=4x4 seed=677863 delay=-1 cpu=2947 device=1509 forward=0 invalidated=0 dirty_words=0 commits=1353 flushes=136 stalls=89278; latest-byte oracle, M/S/I snoops, whole-line dirty neighbor preservation, no device allocation, exact backing history/events, RAM-code visibility, selective/global flush
PASS: DMA cache enabled=0 geometry=4x4 seed=12648430 delay=0 cpu=2948 device=1508 forward=0 invalidated=0 dirty_words=0 commits=1338 flushes=136 stalls=0; latest-byte oracle, M/S/I snoops, whole-line dirty neighbor preservation, no device allocation, exact backing history/events, RAM-code visibility, selective/global flush
PASS: DMA cache enabled=0 geometry=4x4 seed=12648430 delay=1 cpu=2948 device=1508 forward=0 invalidated=0 dirty_words=0 commits=1338 flushes=136 stalls=4456; latest-byte oracle, M/S/I snoops, whole-line dirty neighbor preservation, no device allocation, exact backing history/events, RAM-code visibility, selective/global flush
PASS: DMA cache enabled=0 geometry=4x4 seed=12648430 delay=17 cpu=2948 device=1508 forward=0 invalidated=0 dirty_words=0 commits=1338 flushes=136 stalls=75752; latest-byte oracle, M/S/I snoops, whole-line dirty neighbor preservation, no device allocation, exact backing history/events, RAM-code visibility, selective/global flush
PASS: DMA cache enabled=0 geometry=4x4 seed=12648430 delay=-1 cpu=2938 device=1518 forward=0 invalidated=0 dirty_words=0 commits=1355 flushes=136 stalls=89455; latest-byte oracle, M/S/I snoops, whole-line dirty neighbor preservation, no device allocation, exact backing history/events, RAM-code visibility, selective/global flush
mkdir -p /tmp/aster-phase7-dma-regressions-694ae0e/build/dma_cache_l10_w4_n16
verilator --cc --exe --build --timing --Wall --unroll-count 2048 --unroll-stmts 100000 --assert -DASTER_COHERENCE_ASSERT \
	--top-module aster_coherent_cache "-GENABLE_CACHE=1'b0" "-GENABLE_DMA=1'b1" \
	-GLINE_WORDS=4 -GLINE_COUNT=16 \
	-CFLAGS '-DASTER_CACHE_ENABLE=0 -DASTER_LINE_WORDS=4 -DASTER_LINE_COUNT=16' \
	--Mdir /tmp/aster-phase7-dma-regressions-694ae0e/build/dma_cache_l10_w4_n16/obj -o /tmp/aster-phase7-dma-regressions-694ae0e/build/dma_cache_l10_w4_n16/aster_dma_cache_sim \
	/tmp/aster-phase7-regression-source-IZ343g/rtl/cache/aster_coherent_cache.sv /tmp/aster-phase7-regression-source-IZ343g/verification/unit/tb_aster_dma_cache.cpp
make[2]: warning: jobserver unavailable: using -j1.  Add '+' to parent make rule.
g++  -I.  -MMD -I/home/elfo/tools/verilator/root/include -I/home/elfo/tools/verilator/root/include/vltstd -DVM_COVERAGE=0 -DVM_SC=0 -DVM_TRACE=0 -DVM_TRACE_FST=0 -DVM_TRACE_VCD=0 -faligned-new -fcf-protection=none -Wno-bool-operation -Wno-overloaded-virtual -Wno-shadow -Wno-sign-compare -Wno-uninitialized -Wno-unused-but-set-parameter -Wno-unused-but-set-variable -Wno-unused-parameter -Wno-unused-variable     -DASTER_CACHE_ENABLE=0 -DASTER_LINE_WORDS=4 -DASTER_LINE_COUNT=16   -Os -c -o tb_aster_dma_cache.o /tmp/aster-phase7-regression-source-IZ343g/verification/unit/tb_aster_dma_cache.cpp
g++ -Os  -I.  -MMD -I/home/elfo/tools/verilator/root/include -I/home/elfo/tools/verilator/root/include/vltstd -DVM_COVERAGE=0 -DVM_SC=0 -DVM_TRACE=0 -DVM_TRACE_FST=0 -DVM_TRACE_VCD=0 -faligned-new -fcf-protection=none -Wno-bool-operation -Wno-overloaded-virtual -Wno-shadow -Wno-sign-compare -Wno-uninitialized -Wno-unused-but-set-parameter -Wno-unused-but-set-variable -Wno-unused-parameter -Wno-unused-variable     -DASTER_CACHE_ENABLE=0 -DASTER_LINE_WORDS=4 -DASTER_LINE_COUNT=16   -c -o verilated.o /home/elfo/tools/verilator/root/include/verilated.cpp
g++ -Os  -I.  -MMD -I/home/elfo/tools/verilator/root/include -I/home/elfo/tools/verilator/root/include/vltstd -DVM_COVERAGE=0 -DVM_SC=0 -DVM_TRACE=0 -DVM_TRACE_FST=0 -DVM_TRACE_VCD=0 -faligned-new -fcf-protection=none -Wno-bool-operation -Wno-overloaded-virtual -Wno-shadow -Wno-sign-compare -Wno-uninitialized -Wno-unused-but-set-parameter -Wno-unused-but-set-variable -Wno-unused-parameter -Wno-unused-variable     -DASTER_CACHE_ENABLE=0 -DASTER_LINE_WORDS=4 -DASTER_LINE_COUNT=16   -c -o verilated_threads.o /home/elfo/tools/verilator/root/include/verilated_threads.cpp
/usr/bin/python3 /home/elfo/tools/verilator/root/bin/verilator_includer -DVL_INCLUDE_OPT=include Vaster_coherent_cache.cpp Vaster_coherent_cache___024root__DepSet_h70c9d35b__0.cpp Vaster_coherent_cache___024root__DepSet_ha6ca8359__0.cpp Vaster_coherent_cache___024root__Slow.cpp Vaster_coherent_cache___024root__DepSet_h70c9d35b__0__Slow.cpp Vaster_coherent_cache___024root__DepSet_ha6ca8359__0__Slow.cpp Vaster_coherent_cache__Syms.cpp > Vaster_coherent_cache__ALL.cpp
g++ -Os  -I.  -MMD -I/home/elfo/tools/verilator/root/include -I/home/elfo/tools/verilator/root/include/vltstd -DVM_COVERAGE=0 -DVM_SC=0 -DVM_TRACE=0 -DVM_TRACE_FST=0 -DVM_TRACE_VCD=0 -faligned-new -fcf-protection=none -Wno-bool-operation -Wno-overloaded-virtual -Wno-shadow -Wno-sign-compare -Wno-uninitialized -Wno-unused-but-set-parameter -Wno-unused-but-set-variable -Wno-unused-parameter -Wno-unused-variable     -DASTER_CACHE_ENABLE=0 -DASTER_LINE_WORDS=4 -DASTER_LINE_COUNT=16   -c -o Vaster_coherent_cache__ALL.o Vaster_coherent_cache__ALL.cpp
echo "" > Vaster_coherent_cache__ALL.verilator_deplist.tmp
Archive ar -rcs Vaster_coherent_cache__ALL.a Vaster_coherent_cache__ALL.o
g++     tb_aster_dma_cache.o verilated.o verilated_threads.o Vaster_coherent_cache__ALL.a    -pthread -lpthread -latomic   -o /tmp/aster-phase7-dma-regressions-694ae0e/build/dma_cache_l10_w4_n16/aster_dma_cache_sim
rm Vaster_coherent_cache__ALL.verilator_deplist.tmp
PASS: DMA cache enabled=0 geometry=4x16 seed=1 delay=0 cpu=2990 device=1466 forward=0 invalidated=0 dirty_words=0 commits=1297 flushes=136 stalls=0; latest-byte oracle, M/S/I snoops, whole-line dirty neighbor preservation, no device allocation, exact backing history/events, RAM-code visibility, selective/global flush
PASS: DMA cache enabled=0 geometry=4x16 seed=1 delay=1 cpu=2990 device=1466 forward=0 invalidated=0 dirty_words=0 commits=1297 flushes=136 stalls=4456; latest-byte oracle, M/S/I snoops, whole-line dirty neighbor preservation, no device allocation, exact backing history/events, RAM-code visibility, selective/global flush
PASS: DMA cache enabled=0 geometry=4x16 seed=1 delay=17 cpu=2990 device=1466 forward=0 invalidated=0 dirty_words=0 commits=1297 flushes=136 stalls=75752; latest-byte oracle, M/S/I snoops, whole-line dirty neighbor preservation, no device allocation, exact backing history/events, RAM-code visibility, selective/global flush
PASS: DMA cache enabled=0 geometry=4x16 seed=1 delay=-1 cpu=3003 device=1453 forward=0 invalidated=0 dirty_words=0 commits=1275 flushes=136 stalls=88380; latest-byte oracle, M/S/I snoops, whole-line dirty neighbor preservation, no device allocation, exact backing history/events, RAM-code visibility, selective/global flush
PASS: DMA cache enabled=0 geometry=4x16 seed=677863 delay=0 cpu=2892 device=1564 forward=0 invalidated=0 dirty_words=0 commits=1380 flushes=136 stalls=0; latest-byte oracle, M/S/I snoops, whole-line dirty neighbor preservation, no device allocation, exact backing history/events, RAM-code visibility, selective/global flush
PASS: DMA cache enabled=0 geometry=4x16 seed=677863 delay=1 cpu=2892 device=1564 forward=0 invalidated=0 dirty_words=0 commits=1380 flushes=136 stalls=4456; latest-byte oracle, M/S/I snoops, whole-line dirty neighbor preservation, no device allocation, exact backing history/events, RAM-code visibility, selective/global flush
PASS: DMA cache enabled=0 geometry=4x16 seed=677863 delay=17 cpu=2892 device=1564 forward=0 invalidated=0 dirty_words=0 commits=1380 flushes=136 stalls=75752; latest-byte oracle, M/S/I snoops, whole-line dirty neighbor preservation, no device allocation, exact backing history/events, RAM-code visibility, selective/global flush
PASS: DMA cache enabled=0 geometry=4x16 seed=677863 delay=-1 cpu=2947 device=1509 forward=0 invalidated=0 dirty_words=0 commits=1353 flushes=136 stalls=89278; latest-byte oracle, M/S/I snoops, whole-line dirty neighbor preservation, no device allocation, exact backing history/events, RAM-code visibility, selective/global flush
PASS: DMA cache enabled=0 geometry=4x16 seed=12648430 delay=0 cpu=2948 device=1508 forward=0 invalidated=0 dirty_words=0 commits=1338 flushes=136 stalls=0; latest-byte oracle, M/S/I snoops, whole-line dirty neighbor preservation, no device allocation, exact backing history/events, RAM-code visibility, selective/global flush
PASS: DMA cache enabled=0 geometry=4x16 seed=12648430 delay=1 cpu=2948 device=1508 forward=0 invalidated=0 dirty_words=0 commits=1338 flushes=136 stalls=4456; latest-byte oracle, M/S/I snoops, whole-line dirty neighbor preservation, no device allocation, exact backing history/events, RAM-code visibility, selective/global flush
PASS: DMA cache enabled=0 geometry=4x16 seed=12648430 delay=17 cpu=2948 device=1508 forward=0 invalidated=0 dirty_words=0 commits=1338 flushes=136 stalls=75752; latest-byte oracle, M/S/I snoops, whole-line dirty neighbor preservation, no device allocation, exact backing history/events, RAM-code visibility, selective/global flush
PASS: DMA cache enabled=0 geometry=4x16 seed=12648430 delay=-1 cpu=2938 device=1518 forward=0 invalidated=0 dirty_words=0 commits=1355 flushes=136 stalls=89455; latest-byte oracle, M/S/I snoops, whole-line dirty neighbor preservation, no device allocation, exact backing history/events, RAM-code visibility, selective/global flush
mkdir -p /tmp/aster-phase7-dma-regressions-694ae0e/build/dma_cache_l10_w8_n1
verilator --cc --exe --build --timing --Wall --unroll-count 2048 --unroll-stmts 100000 --assert -DASTER_COHERENCE_ASSERT \
	--top-module aster_coherent_cache "-GENABLE_CACHE=1'b0" "-GENABLE_DMA=1'b1" \
	-GLINE_WORDS=8 -GLINE_COUNT=1 \
	-CFLAGS '-DASTER_CACHE_ENABLE=0 -DASTER_LINE_WORDS=8 -DASTER_LINE_COUNT=1' \
	--Mdir /tmp/aster-phase7-dma-regressions-694ae0e/build/dma_cache_l10_w8_n1/obj -o /tmp/aster-phase7-dma-regressions-694ae0e/build/dma_cache_l10_w8_n1/aster_dma_cache_sim \
	/tmp/aster-phase7-regression-source-IZ343g/rtl/cache/aster_coherent_cache.sv /tmp/aster-phase7-regression-source-IZ343g/verification/unit/tb_aster_dma_cache.cpp
make[2]: warning: jobserver unavailable: using -j1.  Add '+' to parent make rule.
g++  -I.  -MMD -I/home/elfo/tools/verilator/root/include -I/home/elfo/tools/verilator/root/include/vltstd -DVM_COVERAGE=0 -DVM_SC=0 -DVM_TRACE=0 -DVM_TRACE_FST=0 -DVM_TRACE_VCD=0 -faligned-new -fcf-protection=none -Wno-bool-operation -Wno-overloaded-virtual -Wno-shadow -Wno-sign-compare -Wno-uninitialized -Wno-unused-but-set-parameter -Wno-unused-but-set-variable -Wno-unused-parameter -Wno-unused-variable     -DASTER_CACHE_ENABLE=0 -DASTER_LINE_WORDS=8 -DASTER_LINE_COUNT=1   -Os -c -o tb_aster_dma_cache.o /tmp/aster-phase7-regression-source-IZ343g/verification/unit/tb_aster_dma_cache.cpp
g++ -Os  -I.  -MMD -I/home/elfo/tools/verilator/root/include -I/home/elfo/tools/verilator/root/include/vltstd -DVM_COVERAGE=0 -DVM_SC=0 -DVM_TRACE=0 -DVM_TRACE_FST=0 -DVM_TRACE_VCD=0 -faligned-new -fcf-protection=none -Wno-bool-operation -Wno-overloaded-virtual -Wno-shadow -Wno-sign-compare -Wno-uninitialized -Wno-unused-but-set-parameter -Wno-unused-but-set-variable -Wno-unused-parameter -Wno-unused-variable     -DASTER_CACHE_ENABLE=0 -DASTER_LINE_WORDS=8 -DASTER_LINE_COUNT=1   -c -o verilated.o /home/elfo/tools/verilator/root/include/verilated.cpp
g++ -Os  -I.  -MMD -I/home/elfo/tools/verilator/root/include -I/home/elfo/tools/verilator/root/include/vltstd -DVM_COVERAGE=0 -DVM_SC=0 -DVM_TRACE=0 -DVM_TRACE_FST=0 -DVM_TRACE_VCD=0 -faligned-new -fcf-protection=none -Wno-bool-operation -Wno-overloaded-virtual -Wno-shadow -Wno-sign-compare -Wno-uninitialized -Wno-unused-but-set-parameter -Wno-unused-but-set-variable -Wno-unused-parameter -Wno-unused-variable     -DASTER_CACHE_ENABLE=0 -DASTER_LINE_WORDS=8 -DASTER_LINE_COUNT=1   -c -o verilated_threads.o /home/elfo/tools/verilator/root/include/verilated_threads.cpp
/usr/bin/python3 /home/elfo/tools/verilator/root/bin/verilator_includer -DVL_INCLUDE_OPT=include Vaster_coherent_cache.cpp Vaster_coherent_cache___024root__DepSet_h70c9d35b__0.cpp Vaster_coherent_cache___024root__DepSet_ha6ca8359__0.cpp Vaster_coherent_cache___024root__Slow.cpp Vaster_coherent_cache___024root__DepSet_h70c9d35b__0__Slow.cpp Vaster_coherent_cache___024root__DepSet_ha6ca8359__0__Slow.cpp Vaster_coherent_cache__Syms.cpp > Vaster_coherent_cache__ALL.cpp
g++ -Os  -I.  -MMD -I/home/elfo/tools/verilator/root/include -I/home/elfo/tools/verilator/root/include/vltstd -DVM_COVERAGE=0 -DVM_SC=0 -DVM_TRACE=0 -DVM_TRACE_FST=0 -DVM_TRACE_VCD=0 -faligned-new -fcf-protection=none -Wno-bool-operation -Wno-overloaded-virtual -Wno-shadow -Wno-sign-compare -Wno-uninitialized -Wno-unused-but-set-parameter -Wno-unused-but-set-variable -Wno-unused-parameter -Wno-unused-variable     -DASTER_CACHE_ENABLE=0 -DASTER_LINE_WORDS=8 -DASTER_LINE_COUNT=1   -c -o Vaster_coherent_cache__ALL.o Vaster_coherent_cache__ALL.cpp
echo "" > Vaster_coherent_cache__ALL.verilator_deplist.tmp
Archive ar -rcs Vaster_coherent_cache__ALL.a Vaster_coherent_cache__ALL.o
g++     tb_aster_dma_cache.o verilated.o verilated_threads.o Vaster_coherent_cache__ALL.a    -pthread -lpthread -latomic   -o /tmp/aster-phase7-dma-regressions-694ae0e/build/dma_cache_l10_w8_n1/aster_dma_cache_sim
rm Vaster_coherent_cache__ALL.verilator_deplist.tmp
PASS: DMA cache enabled=0 geometry=8x1 seed=1 delay=0 cpu=3110 device=1466 forward=0 invalidated=0 dirty_words=0 commits=1297 flushes=136 stalls=0; latest-byte oracle, M/S/I snoops, whole-line dirty neighbor preservation, no device allocation, exact backing history/events, RAM-code visibility, selective/global flush
PASS: DMA cache enabled=0 geometry=8x1 seed=1 delay=1 cpu=3110 device=1466 forward=0 invalidated=0 dirty_words=0 commits=1297 flushes=136 stalls=4576; latest-byte oracle, M/S/I snoops, whole-line dirty neighbor preservation, no device allocation, exact backing history/events, RAM-code visibility, selective/global flush
PASS: DMA cache enabled=0 geometry=8x1 seed=1 delay=17 cpu=3110 device=1466 forward=0 invalidated=0 dirty_words=0 commits=1297 flushes=136 stalls=77792; latest-byte oracle, M/S/I snoops, whole-line dirty neighbor preservation, no device allocation, exact backing history/events, RAM-code visibility, selective/global flush
PASS: DMA cache enabled=0 geometry=8x1 seed=1 delay=-1 cpu=3139 device=1437 forward=0 invalidated=0 dirty_words=0 commits=1269 flushes=136 stalls=91022; latest-byte oracle, M/S/I snoops, whole-line dirty neighbor preservation, no device allocation, exact backing history/events, RAM-code visibility, selective/global flush
PASS: DMA cache enabled=0 geometry=8x1 seed=677863 delay=0 cpu=3012 device=1564 forward=0 invalidated=0 dirty_words=0 commits=1380 flushes=136 stalls=0; latest-byte oracle, M/S/I snoops, whole-line dirty neighbor preservation, no device allocation, exact backing history/events, RAM-code visibility, selective/global flush
PASS: DMA cache enabled=0 geometry=8x1 seed=677863 delay=1 cpu=3012 device=1564 forward=0 invalidated=0 dirty_words=0 commits=1380 flushes=136 stalls=4576; latest-byte oracle, M/S/I snoops, whole-line dirty neighbor preservation, no device allocation, exact backing history/events, RAM-code visibility, selective/global flush
PASS: DMA cache enabled=0 geometry=8x1 seed=677863 delay=17 cpu=3012 device=1564 forward=0 invalidated=0 dirty_words=0 commits=1380 flushes=136 stalls=77792; latest-byte oracle, M/S/I snoops, whole-line dirty neighbor preservation, no device allocation, exact backing history/events, RAM-code visibility, selective/global flush
PASS: DMA cache enabled=0 geometry=8x1 seed=677863 delay=-1 cpu=3090 device=1486 forward=0 invalidated=0 dirty_words=0 commits=1337 flushes=136 stalls=92255; latest-byte oracle, M/S/I snoops, whole-line dirty neighbor preservation, no device allocation, exact backing history/events, RAM-code visibility, selective/global flush
PASS: DMA cache enabled=0 geometry=8x1 seed=12648430 delay=0 cpu=3068 device=1508 forward=0 invalidated=0 dirty_words=0 commits=1338 flushes=136 stalls=0; latest-byte oracle, M/S/I snoops, whole-line dirty neighbor preservation, no device allocation, exact backing history/events, RAM-code visibility, selective/global flush
PASS: DMA cache enabled=0 geometry=8x1 seed=12648430 delay=1 cpu=3068 device=1508 forward=0 invalidated=0 dirty_words=0 commits=1338 flushes=136 stalls=4576; latest-byte oracle, M/S/I snoops, whole-line dirty neighbor preservation, no device allocation, exact backing history/events, RAM-code visibility, selective/global flush
PASS: DMA cache enabled=0 geometry=8x1 seed=12648430 delay=17 cpu=3068 device=1508 forward=0 invalidated=0 dirty_words=0 commits=1338 flushes=136 stalls=77792; latest-byte oracle, M/S/I snoops, whole-line dirty neighbor preservation, no device allocation, exact backing history/events, RAM-code visibility, selective/global flush
PASS: DMA cache enabled=0 geometry=8x1 seed=12648430 delay=-1 cpu=3093 device=1483 forward=0 invalidated=0 dirty_words=0 commits=1320 flushes=136 stalls=91063; latest-byte oracle, M/S/I snoops, whole-line dirty neighbor preservation, no device allocation, exact backing history/events, RAM-code visibility, selective/global flush
mkdir -p /tmp/aster-phase7-dma-regressions-694ae0e/build/dma_cache_l10_w8_n4
verilator --cc --exe --build --timing --Wall --unroll-count 2048 --unroll-stmts 100000 --assert -DASTER_COHERENCE_ASSERT \
	--top-module aster_coherent_cache "-GENABLE_CACHE=1'b0" "-GENABLE_DMA=1'b1" \
	-GLINE_WORDS=8 -GLINE_COUNT=4 \
	-CFLAGS '-DASTER_CACHE_ENABLE=0 -DASTER_LINE_WORDS=8 -DASTER_LINE_COUNT=4' \
	--Mdir /tmp/aster-phase7-dma-regressions-694ae0e/build/dma_cache_l10_w8_n4/obj -o /tmp/aster-phase7-dma-regressions-694ae0e/build/dma_cache_l10_w8_n4/aster_dma_cache_sim \
	/tmp/aster-phase7-regression-source-IZ343g/rtl/cache/aster_coherent_cache.sv /tmp/aster-phase7-regression-source-IZ343g/verification/unit/tb_aster_dma_cache.cpp
make[2]: warning: jobserver unavailable: using -j1.  Add '+' to parent make rule.
g++  -I.  -MMD -I/home/elfo/tools/verilator/root/include -I/home/elfo/tools/verilator/root/include/vltstd -DVM_COVERAGE=0 -DVM_SC=0 -DVM_TRACE=0 -DVM_TRACE_FST=0 -DVM_TRACE_VCD=0 -faligned-new -fcf-protection=none -Wno-bool-operation -Wno-overloaded-virtual -Wno-shadow -Wno-sign-compare -Wno-uninitialized -Wno-unused-but-set-parameter -Wno-unused-but-set-variable -Wno-unused-parameter -Wno-unused-variable     -DASTER_CACHE_ENABLE=0 -DASTER_LINE_WORDS=8 -DASTER_LINE_COUNT=4   -Os -c -o tb_aster_dma_cache.o /tmp/aster-phase7-regression-source-IZ343g/verification/unit/tb_aster_dma_cache.cpp
g++ -Os  -I.  -MMD -I/home/elfo/tools/verilator/root/include -I/home/elfo/tools/verilator/root/include/vltstd -DVM_COVERAGE=0 -DVM_SC=0 -DVM_TRACE=0 -DVM_TRACE_FST=0 -DVM_TRACE_VCD=0 -faligned-new -fcf-protection=none -Wno-bool-operation -Wno-overloaded-virtual -Wno-shadow -Wno-sign-compare -Wno-uninitialized -Wno-unused-but-set-parameter -Wno-unused-but-set-variable -Wno-unused-parameter -Wno-unused-variable     -DASTER_CACHE_ENABLE=0 -DASTER_LINE_WORDS=8 -DASTER_LINE_COUNT=4   -c -o verilated.o /home/elfo/tools/verilator/root/include/verilated.cpp
g++ -Os  -I.  -MMD -I/home/elfo/tools/verilator/root/include -I/home/elfo/tools/verilator/root/include/vltstd -DVM_COVERAGE=0 -DVM_SC=0 -DVM_TRACE=0 -DVM_TRACE_FST=0 -DVM_TRACE_VCD=0 -faligned-new -fcf-protection=none -Wno-bool-operation -Wno-overloaded-virtual -Wno-shadow -Wno-sign-compare -Wno-uninitialized -Wno-unused-but-set-parameter -Wno-unused-but-set-variable -Wno-unused-parameter -Wno-unused-variable     -DASTER_CACHE_ENABLE=0 -DASTER_LINE_WORDS=8 -DASTER_LINE_COUNT=4   -c -o verilated_threads.o /home/elfo/tools/verilator/root/include/verilated_threads.cpp
/usr/bin/python3 /home/elfo/tools/verilator/root/bin/verilator_includer -DVL_INCLUDE_OPT=include Vaster_coherent_cache.cpp Vaster_coherent_cache___024root__DepSet_h70c9d35b__0.cpp Vaster_coherent_cache___024root__DepSet_ha6ca8359__0.cpp Vaster_coherent_cache___024root__Slow.cpp Vaster_coherent_cache___024root__DepSet_h70c9d35b__0__Slow.cpp Vaster_coherent_cache___024root__DepSet_ha6ca8359__0__Slow.cpp Vaster_coherent_cache__Syms.cpp > Vaster_coherent_cache__ALL.cpp
g++ -Os  -I.  -MMD -I/home/elfo/tools/verilator/root/include -I/home/elfo/tools/verilator/root/include/vltstd -DVM_COVERAGE=0 -DVM_SC=0 -DVM_TRACE=0 -DVM_TRACE_FST=0 -DVM_TRACE_VCD=0 -faligned-new -fcf-protection=none -Wno-bool-operation -Wno-overloaded-virtual -Wno-shadow -Wno-sign-compare -Wno-uninitialized -Wno-unused-but-set-parameter -Wno-unused-but-set-variable -Wno-unused-parameter -Wno-unused-variable     -DASTER_CACHE_ENABLE=0 -DASTER_LINE_WORDS=8 -DASTER_LINE_COUNT=4   -c -o Vaster_coherent_cache__ALL.o Vaster_coherent_cache__ALL.cpp
echo "" > Vaster_coherent_cache__ALL.verilator_deplist.tmp
Archive ar -rcs Vaster_coherent_cache__ALL.a Vaster_coherent_cache__ALL.o
g++     tb_aster_dma_cache.o verilated.o verilated_threads.o Vaster_coherent_cache__ALL.a    -pthread -lpthread -latomic   -o /tmp/aster-phase7-dma-regressions-694ae0e/build/dma_cache_l10_w8_n4/aster_dma_cache_sim
rm Vaster_coherent_cache__ALL.verilator_deplist.tmp
PASS: DMA cache enabled=0 geometry=8x4 seed=1 delay=0 cpu=3110 device=1466 forward=0 invalidated=0 dirty_words=0 commits=1297 flushes=136 stalls=0; latest-byte oracle, M/S/I snoops, whole-line dirty neighbor preservation, no device allocation, exact backing history/events, RAM-code visibility, selective/global flush
PASS: DMA cache enabled=0 geometry=8x4 seed=1 delay=1 cpu=3110 device=1466 forward=0 invalidated=0 dirty_words=0 commits=1297 flushes=136 stalls=4576; latest-byte oracle, M/S/I snoops, whole-line dirty neighbor preservation, no device allocation, exact backing history/events, RAM-code visibility, selective/global flush
PASS: DMA cache enabled=0 geometry=8x4 seed=1 delay=17 cpu=3110 device=1466 forward=0 invalidated=0 dirty_words=0 commits=1297 flushes=136 stalls=77792; latest-byte oracle, M/S/I snoops, whole-line dirty neighbor preservation, no device allocation, exact backing history/events, RAM-code visibility, selective/global flush
PASS: DMA cache enabled=0 geometry=8x4 seed=1 delay=-1 cpu=3139 device=1437 forward=0 invalidated=0 dirty_words=0 commits=1269 flushes=136 stalls=91022; latest-byte oracle, M/S/I snoops, whole-line dirty neighbor preservation, no device allocation, exact backing history/events, RAM-code visibility, selective/global flush
PASS: DMA cache enabled=0 geometry=8x4 seed=677863 delay=0 cpu=3012 device=1564 forward=0 invalidated=0 dirty_words=0 commits=1380 flushes=136 stalls=0; latest-byte oracle, M/S/I snoops, whole-line dirty neighbor preservation, no device allocation, exact backing history/events, RAM-code visibility, selective/global flush
PASS: DMA cache enabled=0 geometry=8x4 seed=677863 delay=1 cpu=3012 device=1564 forward=0 invalidated=0 dirty_words=0 commits=1380 flushes=136 stalls=4576; latest-byte oracle, M/S/I snoops, whole-line dirty neighbor preservation, no device allocation, exact backing history/events, RAM-code visibility, selective/global flush
PASS: DMA cache enabled=0 geometry=8x4 seed=677863 delay=17 cpu=3012 device=1564 forward=0 invalidated=0 dirty_words=0 commits=1380 flushes=136 stalls=77792; latest-byte oracle, M/S/I snoops, whole-line dirty neighbor preservation, no device allocation, exact backing history/events, RAM-code visibility, selective/global flush
PASS: DMA cache enabled=0 geometry=8x4 seed=677863 delay=-1 cpu=3090 device=1486 forward=0 invalidated=0 dirty_words=0 commits=1337 flushes=136 stalls=92255; latest-byte oracle, M/S/I snoops, whole-line dirty neighbor preservation, no device allocation, exact backing history/events, RAM-code visibility, selective/global flush
PASS: DMA cache enabled=0 geometry=8x4 seed=12648430 delay=0 cpu=3068 device=1508 forward=0 invalidated=0 dirty_words=0 commits=1338 flushes=136 stalls=0; latest-byte oracle, M/S/I snoops, whole-line dirty neighbor preservation, no device allocation, exact backing history/events, RAM-code visibility, selective/global flush
PASS: DMA cache enabled=0 geometry=8x4 seed=12648430 delay=1 cpu=3068 device=1508 forward=0 invalidated=0 dirty_words=0 commits=1338 flushes=136 stalls=4576; latest-byte oracle, M/S/I snoops, whole-line dirty neighbor preservation, no device allocation, exact backing history/events, RAM-code visibility, selective/global flush
PASS: DMA cache enabled=0 geometry=8x4 seed=12648430 delay=17 cpu=3068 device=1508 forward=0 invalidated=0 dirty_words=0 commits=1338 flushes=136 stalls=77792; latest-byte oracle, M/S/I snoops, whole-line dirty neighbor preservation, no device allocation, exact backing history/events, RAM-code visibility, selective/global flush
PASS: DMA cache enabled=0 geometry=8x4 seed=12648430 delay=-1 cpu=3093 device=1483 forward=0 invalidated=0 dirty_words=0 commits=1320 flushes=136 stalls=91063; latest-byte oracle, M/S/I snoops, whole-line dirty neighbor preservation, no device allocation, exact backing history/events, RAM-code visibility, selective/global flush
mkdir -p /tmp/aster-phase7-dma-regressions-694ae0e/build/dma_cache_l10_w8_n16
verilator --cc --exe --build --timing --Wall --unroll-count 2048 --unroll-stmts 100000 --assert -DASTER_COHERENCE_ASSERT \
	--top-module aster_coherent_cache "-GENABLE_CACHE=1'b0" "-GENABLE_DMA=1'b1" \
	-GLINE_WORDS=8 -GLINE_COUNT=16 \
	-CFLAGS '-DASTER_CACHE_ENABLE=0 -DASTER_LINE_WORDS=8 -DASTER_LINE_COUNT=16' \
	--Mdir /tmp/aster-phase7-dma-regressions-694ae0e/build/dma_cache_l10_w8_n16/obj -o /tmp/aster-phase7-dma-regressions-694ae0e/build/dma_cache_l10_w8_n16/aster_dma_cache_sim \
	/tmp/aster-phase7-regression-source-IZ343g/rtl/cache/aster_coherent_cache.sv /tmp/aster-phase7-regression-source-IZ343g/verification/unit/tb_aster_dma_cache.cpp
make[2]: warning: jobserver unavailable: using -j1.  Add '+' to parent make rule.
g++  -I.  -MMD -I/home/elfo/tools/verilator/root/include -I/home/elfo/tools/verilator/root/include/vltstd -DVM_COVERAGE=0 -DVM_SC=0 -DVM_TRACE=0 -DVM_TRACE_FST=0 -DVM_TRACE_VCD=0 -faligned-new -fcf-protection=none -Wno-bool-operation -Wno-overloaded-virtual -Wno-shadow -Wno-sign-compare -Wno-uninitialized -Wno-unused-but-set-parameter -Wno-unused-but-set-variable -Wno-unused-parameter -Wno-unused-variable     -DASTER_CACHE_ENABLE=0 -DASTER_LINE_WORDS=8 -DASTER_LINE_COUNT=16   -Os -c -o tb_aster_dma_cache.o /tmp/aster-phase7-regression-source-IZ343g/verification/unit/tb_aster_dma_cache.cpp
g++ -Os  -I.  -MMD -I/home/elfo/tools/verilator/root/include -I/home/elfo/tools/verilator/root/include/vltstd -DVM_COVERAGE=0 -DVM_SC=0 -DVM_TRACE=0 -DVM_TRACE_FST=0 -DVM_TRACE_VCD=0 -faligned-new -fcf-protection=none -Wno-bool-operation -Wno-overloaded-virtual -Wno-shadow -Wno-sign-compare -Wno-uninitialized -Wno-unused-but-set-parameter -Wno-unused-but-set-variable -Wno-unused-parameter -Wno-unused-variable     -DASTER_CACHE_ENABLE=0 -DASTER_LINE_WORDS=8 -DASTER_LINE_COUNT=16   -c -o verilated.o /home/elfo/tools/verilator/root/include/verilated.cpp
g++ -Os  -I.  -MMD -I/home/elfo/tools/verilator/root/include -I/home/elfo/tools/verilator/root/include/vltstd -DVM_COVERAGE=0 -DVM_SC=0 -DVM_TRACE=0 -DVM_TRACE_FST=0 -DVM_TRACE_VCD=0 -faligned-new -fcf-protection=none -Wno-bool-operation -Wno-overloaded-virtual -Wno-shadow -Wno-sign-compare -Wno-uninitialized -Wno-unused-but-set-parameter -Wno-unused-but-set-variable -Wno-unused-parameter -Wno-unused-variable     -DASTER_CACHE_ENABLE=0 -DASTER_LINE_WORDS=8 -DASTER_LINE_COUNT=16   -c -o verilated_threads.o /home/elfo/tools/verilator/root/include/verilated_threads.cpp
/usr/bin/python3 /home/elfo/tools/verilator/root/bin/verilator_includer -DVL_INCLUDE_OPT=include Vaster_coherent_cache.cpp Vaster_coherent_cache___024root__DepSet_h70c9d35b__0.cpp Vaster_coherent_cache___024root__DepSet_ha6ca8359__0.cpp Vaster_coherent_cache___024root__Slow.cpp Vaster_coherent_cache___024root__DepSet_h70c9d35b__0__Slow.cpp Vaster_coherent_cache___024root__DepSet_ha6ca8359__0__Slow.cpp Vaster_coherent_cache__Syms.cpp > Vaster_coherent_cache__ALL.cpp
g++ -Os  -I.  -MMD -I/home/elfo/tools/verilator/root/include -I/home/elfo/tools/verilator/root/include/vltstd -DVM_COVERAGE=0 -DVM_SC=0 -DVM_TRACE=0 -DVM_TRACE_FST=0 -DVM_TRACE_VCD=0 -faligned-new -fcf-protection=none -Wno-bool-operation -Wno-overloaded-virtual -Wno-shadow -Wno-sign-compare -Wno-uninitialized -Wno-unused-but-set-parameter -Wno-unused-but-set-variable -Wno-unused-parameter -Wno-unused-variable     -DASTER_CACHE_ENABLE=0 -DASTER_LINE_WORDS=8 -DASTER_LINE_COUNT=16   -c -o Vaster_coherent_cache__ALL.o Vaster_coherent_cache__ALL.cpp
echo "" > Vaster_coherent_cache__ALL.verilator_deplist.tmp
Archive ar -rcs Vaster_coherent_cache__ALL.a Vaster_coherent_cache__ALL.o
g++     tb_aster_dma_cache.o verilated.o verilated_threads.o Vaster_coherent_cache__ALL.a    -pthread -lpthread -latomic   -o /tmp/aster-phase7-dma-regressions-694ae0e/build/dma_cache_l10_w8_n16/aster_dma_cache_sim
rm Vaster_coherent_cache__ALL.verilator_deplist.tmp
PASS: DMA cache enabled=0 geometry=8x16 seed=1 delay=0 cpu=3110 device=1466 forward=0 invalidated=0 dirty_words=0 commits=1297 flushes=136 stalls=0; latest-byte oracle, M/S/I snoops, whole-line dirty neighbor preservation, no device allocation, exact backing history/events, RAM-code visibility, selective/global flush
PASS: DMA cache enabled=0 geometry=8x16 seed=1 delay=1 cpu=3110 device=1466 forward=0 invalidated=0 dirty_words=0 commits=1297 flushes=136 stalls=4576; latest-byte oracle, M/S/I snoops, whole-line dirty neighbor preservation, no device allocation, exact backing history/events, RAM-code visibility, selective/global flush
PASS: DMA cache enabled=0 geometry=8x16 seed=1 delay=17 cpu=3110 device=1466 forward=0 invalidated=0 dirty_words=0 commits=1297 flushes=136 stalls=77792; latest-byte oracle, M/S/I snoops, whole-line dirty neighbor preservation, no device allocation, exact backing history/events, RAM-code visibility, selective/global flush
PASS: DMA cache enabled=0 geometry=8x16 seed=1 delay=-1 cpu=3139 device=1437 forward=0 invalidated=0 dirty_words=0 commits=1269 flushes=136 stalls=91022; latest-byte oracle, M/S/I snoops, whole-line dirty neighbor preservation, no device allocation, exact backing history/events, RAM-code visibility, selective/global flush
PASS: DMA cache enabled=0 geometry=8x16 seed=677863 delay=0 cpu=3012 device=1564 forward=0 invalidated=0 dirty_words=0 commits=1380 flushes=136 stalls=0; latest-byte oracle, M/S/I snoops, whole-line dirty neighbor preservation, no device allocation, exact backing history/events, RAM-code visibility, selective/global flush
PASS: DMA cache enabled=0 geometry=8x16 seed=677863 delay=1 cpu=3012 device=1564 forward=0 invalidated=0 dirty_words=0 commits=1380 flushes=136 stalls=4576; latest-byte oracle, M/S/I snoops, whole-line dirty neighbor preservation, no device allocation, exact backing history/events, RAM-code visibility, selective/global flush
PASS: DMA cache enabled=0 geometry=8x16 seed=677863 delay=17 cpu=3012 device=1564 forward=0 invalidated=0 dirty_words=0 commits=1380 flushes=136 stalls=77792; latest-byte oracle, M/S/I snoops, whole-line dirty neighbor preservation, no device allocation, exact backing history/events, RAM-code visibility, selective/global flush
PASS: DMA cache enabled=0 geometry=8x16 seed=677863 delay=-1 cpu=3090 device=1486 forward=0 invalidated=0 dirty_words=0 commits=1337 flushes=136 stalls=92255; latest-byte oracle, M/S/I snoops, whole-line dirty neighbor preservation, no device allocation, exact backing history/events, RAM-code visibility, selective/global flush
PASS: DMA cache enabled=0 geometry=8x16 seed=12648430 delay=0 cpu=3068 device=1508 forward=0 invalidated=0 dirty_words=0 commits=1338 flushes=136 stalls=0; latest-byte oracle, M/S/I snoops, whole-line dirty neighbor preservation, no device allocation, exact backing history/events, RAM-code visibility, selective/global flush
PASS: DMA cache enabled=0 geometry=8x16 seed=12648430 delay=1 cpu=3068 device=1508 forward=0 invalidated=0 dirty_words=0 commits=1338 flushes=136 stalls=4576; latest-byte oracle, M/S/I snoops, whole-line dirty neighbor preservation, no device allocation, exact backing history/events, RAM-code visibility, selective/global flush
PASS: DMA cache enabled=0 geometry=8x16 seed=12648430 delay=17 cpu=3068 device=1508 forward=0 invalidated=0 dirty_words=0 commits=1338 flushes=136 stalls=77792; latest-byte oracle, M/S/I snoops, whole-line dirty neighbor preservation, no device allocation, exact backing history/events, RAM-code visibility, selective/global flush
PASS: DMA cache enabled=0 geometry=8x16 seed=12648430 delay=-1 cpu=3093 device=1483 forward=0 invalidated=0 dirty_words=0 commits=1320 flushes=136 stalls=91063; latest-byte oracle, M/S/I snoops, whole-line dirty neighbor preservation, no device allocation, exact backing history/events, RAM-code visibility, selective/global flush
mkdir -p /tmp/aster-phase7-dma-regressions-694ae0e/build/dma_cache_l11_w1_n1
verilator --cc --exe --build --timing --Wall --unroll-count 2048 --unroll-stmts 100000 --assert -DASTER_COHERENCE_ASSERT \
	--top-module aster_coherent_cache "-GENABLE_CACHE=1'b1" "-GENABLE_DMA=1'b1" \
	-GLINE_WORDS=1 -GLINE_COUNT=1 \
	-CFLAGS '-DASTER_CACHE_ENABLE=1 -DASTER_LINE_WORDS=1 -DASTER_LINE_COUNT=1' \
	--Mdir /tmp/aster-phase7-dma-regressions-694ae0e/build/dma_cache_l11_w1_n1/obj -o /tmp/aster-phase7-dma-regressions-694ae0e/build/dma_cache_l11_w1_n1/aster_dma_cache_sim \
	/tmp/aster-phase7-regression-source-IZ343g/rtl/cache/aster_coherent_cache.sv /tmp/aster-phase7-regression-source-IZ343g/verification/unit/tb_aster_dma_cache.cpp
make[2]: warning: jobserver unavailable: using -j1.  Add '+' to parent make rule.
g++  -I.  -MMD -I/home/elfo/tools/verilator/root/include -I/home/elfo/tools/verilator/root/include/vltstd -DVM_COVERAGE=0 -DVM_SC=0 -DVM_TRACE=0 -DVM_TRACE_FST=0 -DVM_TRACE_VCD=0 -faligned-new -fcf-protection=none -Wno-bool-operation -Wno-overloaded-virtual -Wno-shadow -Wno-sign-compare -Wno-uninitialized -Wno-unused-but-set-parameter -Wno-unused-but-set-variable -Wno-unused-parameter -Wno-unused-variable     -DASTER_CACHE_ENABLE=1 -DASTER_LINE_WORDS=1 -DASTER_LINE_COUNT=1   -Os -c -o tb_aster_dma_cache.o /tmp/aster-phase7-regression-source-IZ343g/verification/unit/tb_aster_dma_cache.cpp
g++ -Os  -I.  -MMD -I/home/elfo/tools/verilator/root/include -I/home/elfo/tools/verilator/root/include/vltstd -DVM_COVERAGE=0 -DVM_SC=0 -DVM_TRACE=0 -DVM_TRACE_FST=0 -DVM_TRACE_VCD=0 -faligned-new -fcf-protection=none -Wno-bool-operation -Wno-overloaded-virtual -Wno-shadow -Wno-sign-compare -Wno-uninitialized -Wno-unused-but-set-parameter -Wno-unused-but-set-variable -Wno-unused-parameter -Wno-unused-variable     -DASTER_CACHE_ENABLE=1 -DASTER_LINE_WORDS=1 -DASTER_LINE_COUNT=1   -c -o verilated.o /home/elfo/tools/verilator/root/include/verilated.cpp
g++ -Os  -I.  -MMD -I/home/elfo/tools/verilator/root/include -I/home/elfo/tools/verilator/root/include/vltstd -DVM_COVERAGE=0 -DVM_SC=0 -DVM_TRACE=0 -DVM_TRACE_FST=0 -DVM_TRACE_VCD=0 -faligned-new -fcf-protection=none -Wno-bool-operation -Wno-overloaded-virtual -Wno-shadow -Wno-sign-compare -Wno-uninitialized -Wno-unused-but-set-parameter -Wno-unused-but-set-variable -Wno-unused-parameter -Wno-unused-variable     -DASTER_CACHE_ENABLE=1 -DASTER_LINE_WORDS=1 -DASTER_LINE_COUNT=1   -c -o verilated_threads.o /home/elfo/tools/verilator/root/include/verilated_threads.cpp
/usr/bin/python3 /home/elfo/tools/verilator/root/bin/verilator_includer -DVL_INCLUDE_OPT=include Vaster_coherent_cache.cpp Vaster_coherent_cache___024root__DepSet_h70c9d35b__0.cpp Vaster_coherent_cache___024root__DepSet_ha6ca8359__0.cpp Vaster_coherent_cache___024root__Slow.cpp Vaster_coherent_cache___024root__DepSet_h70c9d35b__0__Slow.cpp Vaster_coherent_cache___024root__DepSet_ha6ca8359__0__Slow.cpp Vaster_coherent_cache__Syms.cpp > Vaster_coherent_cache__ALL.cpp
g++ -Os  -I.  -MMD -I/home/elfo/tools/verilator/root/include -I/home/elfo/tools/verilator/root/include/vltstd -DVM_COVERAGE=0 -DVM_SC=0 -DVM_TRACE=0 -DVM_TRACE_FST=0 -DVM_TRACE_VCD=0 -faligned-new -fcf-protection=none -Wno-bool-operation -Wno-overloaded-virtual -Wno-shadow -Wno-sign-compare -Wno-uninitialized -Wno-unused-but-set-parameter -Wno-unused-but-set-variable -Wno-unused-parameter -Wno-unused-variable     -DASTER_CACHE_ENABLE=1 -DASTER_LINE_WORDS=1 -DASTER_LINE_COUNT=1   -c -o Vaster_coherent_cache__ALL.o Vaster_coherent_cache__ALL.cpp
echo "" > Vaster_coherent_cache__ALL.verilator_deplist.tmp
Archive ar -rcs Vaster_coherent_cache__ALL.a Vaster_coherent_cache__ALL.o
g++     tb_aster_dma_cache.o verilated.o verilated_threads.o Vaster_coherent_cache__ALL.a    -pthread -lpthread -latomic   -o /tmp/aster-phase7-dma-regressions-694ae0e/build/dma_cache_l11_w1_n1/aster_dma_cache_sim
rm Vaster_coherent_cache__ALL.verilator_deplist.tmp
PASS: DMA cache enabled=1 geometry=1x1 seed=1 delay=0 cpu=2900 device=1466 forward=90 invalidated=90 dirty_words=30 commits=1297 flushes=136 stalls=0; latest-byte oracle, M/S/I snoops, whole-line dirty neighbor preservation, no device allocation, exact backing history/events, RAM-code visibility, selective/global flush
PASS: DMA cache enabled=1 geometry=1x1 seed=1 delay=1 cpu=2900 device=1466 forward=90 invalidated=90 dirty_words=30 commits=1297 flushes=136 stalls=6548; latest-byte oracle, M/S/I snoops, whole-line dirty neighbor preservation, no device allocation, exact backing history/events, RAM-code visibility, selective/global flush
PASS: DMA cache enabled=1 geometry=1x1 seed=1 delay=17 cpu=2900 device=1466 forward=90 invalidated=90 dirty_words=30 commits=1297 flushes=136 stalls=111316; latest-byte oracle, M/S/I snoops, whole-line dirty neighbor preservation, no device allocation, exact backing history/events, RAM-code visibility, selective/global flush
PASS: DMA cache enabled=1 geometry=1x1 seed=1 delay=-1 cpu=2845 device=1521 forward=90 invalidated=90 dirty_words=30 commits=1354 flushes=136 stalls=132274; latest-byte oracle, M/S/I snoops, whole-line dirty neighbor preservation, no device allocation, exact backing history/events, RAM-code visibility, selective/global flush
PASS: DMA cache enabled=1 geometry=1x1 seed=677863 delay=0 cpu=2802 device=1564 forward=90 invalidated=92 dirty_words=32 commits=1380 flushes=136 stalls=0; latest-byte oracle, M/S/I snoops, whole-line dirty neighbor preservation, no device allocation, exact backing history/events, RAM-code visibility, selective/global flush
PASS: DMA cache enabled=1 geometry=1x1 seed=677863 delay=1 cpu=2802 device=1564 forward=90 invalidated=92 dirty_words=32 commits=1380 flushes=136 stalls=6518; latest-byte oracle, M/S/I snoops, whole-line dirty neighbor preservation, no device allocation, exact backing history/events, RAM-code visibility, selective/global flush
PASS: DMA cache enabled=1 geometry=1x1 seed=677863 delay=17 cpu=2802 device=1564 forward=90 invalidated=92 dirty_words=32 commits=1380 flushes=136 stalls=110806; latest-byte oracle, M/S/I snoops, whole-line dirty neighbor preservation, no device allocation, exact backing history/events, RAM-code visibility, selective/global flush
PASS: DMA cache enabled=1 geometry=1x1 seed=677863 delay=-1 cpu=2913 device=1453 forward=90 invalidated=91 dirty_words=31 commits=1288 flushes=136 stalls=132941; latest-byte oracle, M/S/I snoops, whole-line dirty neighbor preservation, no device allocation, exact backing history/events, RAM-code visibility, selective/global flush
PASS: DMA cache enabled=1 geometry=1x1 seed=12648430 delay=0 cpu=2858 device=1508 forward=91 invalidated=92 dirty_words=32 commits=1338 flushes=136 stalls=0; latest-byte oracle, M/S/I snoops, whole-line dirty neighbor preservation, no device allocation, exact backing history/events, RAM-code visibility, selective/global flush
PASS: DMA cache enabled=1 geometry=1x1 seed=12648430 delay=1 cpu=2858 device=1508 forward=91 invalidated=92 dirty_words=32 commits=1338 flushes=136 stalls=6555; latest-byte oracle, M/S/I snoops, whole-line dirty neighbor preservation, no device allocation, exact backing history/events, RAM-code visibility, selective/global flush
PASS: DMA cache enabled=1 geometry=1x1 seed=12648430 delay=17 cpu=2858 device=1508 forward=91 invalidated=92 dirty_words=32 commits=1338 flushes=136 stalls=111435; latest-byte oracle, M/S/I snoops, whole-line dirty neighbor preservation, no device allocation, exact backing history/events, RAM-code visibility, selective/global flush
PASS: DMA cache enabled=1 geometry=1x1 seed=12648430 delay=-1 cpu=2853 device=1513 forward=90 invalidated=91 dirty_words=31 commits=1338 flushes=136 stalls=130949; latest-byte oracle, M/S/I snoops, whole-line dirty neighbor preservation, no device allocation, exact backing history/events, RAM-code visibility, selective/global flush
mkdir -p /tmp/aster-phase7-dma-regressions-694ae0e/build/dma_cache_l11_w1_n4
verilator --cc --exe --build --timing --Wall --unroll-count 2048 --unroll-stmts 100000 --assert -DASTER_COHERENCE_ASSERT \
	--top-module aster_coherent_cache "-GENABLE_CACHE=1'b1" "-GENABLE_DMA=1'b1" \
	-GLINE_WORDS=1 -GLINE_COUNT=4 \
	-CFLAGS '-DASTER_CACHE_ENABLE=1 -DASTER_LINE_WORDS=1 -DASTER_LINE_COUNT=4' \
	--Mdir /tmp/aster-phase7-dma-regressions-694ae0e/build/dma_cache_l11_w1_n4/obj -o /tmp/aster-phase7-dma-regressions-694ae0e/build/dma_cache_l11_w1_n4/aster_dma_cache_sim \
	/tmp/aster-phase7-regression-source-IZ343g/rtl/cache/aster_coherent_cache.sv /tmp/aster-phase7-regression-source-IZ343g/verification/unit/tb_aster_dma_cache.cpp
make[2]: warning: jobserver unavailable: using -j1.  Add '+' to parent make rule.
g++  -I.  -MMD -I/home/elfo/tools/verilator/root/include -I/home/elfo/tools/verilator/root/include/vltstd -DVM_COVERAGE=0 -DVM_SC=0 -DVM_TRACE=0 -DVM_TRACE_FST=0 -DVM_TRACE_VCD=0 -faligned-new -fcf-protection=none -Wno-bool-operation -Wno-overloaded-virtual -Wno-shadow -Wno-sign-compare -Wno-uninitialized -Wno-unused-but-set-parameter -Wno-unused-but-set-variable -Wno-unused-parameter -Wno-unused-variable     -DASTER_CACHE_ENABLE=1 -DASTER_LINE_WORDS=1 -DASTER_LINE_COUNT=4   -Os -c -o tb_aster_dma_cache.o /tmp/aster-phase7-regression-source-IZ343g/verification/unit/tb_aster_dma_cache.cpp
g++ -Os  -I.  -MMD -I/home/elfo/tools/verilator/root/include -I/home/elfo/tools/verilator/root/include/vltstd -DVM_COVERAGE=0 -DVM_SC=0 -DVM_TRACE=0 -DVM_TRACE_FST=0 -DVM_TRACE_VCD=0 -faligned-new -fcf-protection=none -Wno-bool-operation -Wno-overloaded-virtual -Wno-shadow -Wno-sign-compare -Wno-uninitialized -Wno-unused-but-set-parameter -Wno-unused-but-set-variable -Wno-unused-parameter -Wno-unused-variable     -DASTER_CACHE_ENABLE=1 -DASTER_LINE_WORDS=1 -DASTER_LINE_COUNT=4   -c -o verilated.o /home/elfo/tools/verilator/root/include/verilated.cpp
g++ -Os  -I.  -MMD -I/home/elfo/tools/verilator/root/include -I/home/elfo/tools/verilator/root/include/vltstd -DVM_COVERAGE=0 -DVM_SC=0 -DVM_TRACE=0 -DVM_TRACE_FST=0 -DVM_TRACE_VCD=0 -faligned-new -fcf-protection=none -Wno-bool-operation -Wno-overloaded-virtual -Wno-shadow -Wno-sign-compare -Wno-uninitialized -Wno-unused-but-set-parameter -Wno-unused-but-set-variable -Wno-unused-parameter -Wno-unused-variable     -DASTER_CACHE_ENABLE=1 -DASTER_LINE_WORDS=1 -DASTER_LINE_COUNT=4   -c -o verilated_threads.o /home/elfo/tools/verilator/root/include/verilated_threads.cpp
/usr/bin/python3 /home/elfo/tools/verilator/root/bin/verilator_includer -DVL_INCLUDE_OPT=include Vaster_coherent_cache.cpp Vaster_coherent_cache___024root__DepSet_h70c9d35b__0.cpp Vaster_coherent_cache___024root__DepSet_ha6ca8359__0.cpp Vaster_coherent_cache___024root__Slow.cpp Vaster_coherent_cache___024root__DepSet_h70c9d35b__0__Slow.cpp Vaster_coherent_cache___024root__DepSet_ha6ca8359__0__Slow.cpp Vaster_coherent_cache__Syms.cpp > Vaster_coherent_cache__ALL.cpp
g++ -Os  -I.  -MMD -I/home/elfo/tools/verilator/root/include -I/home/elfo/tools/verilator/root/include/vltstd -DVM_COVERAGE=0 -DVM_SC=0 -DVM_TRACE=0 -DVM_TRACE_FST=0 -DVM_TRACE_VCD=0 -faligned-new -fcf-protection=none -Wno-bool-operation -Wno-overloaded-virtual -Wno-shadow -Wno-sign-compare -Wno-uninitialized -Wno-unused-but-set-parameter -Wno-unused-but-set-variable -Wno-unused-parameter -Wno-unused-variable     -DASTER_CACHE_ENABLE=1 -DASTER_LINE_WORDS=1 -DASTER_LINE_COUNT=4   -c -o Vaster_coherent_cache__ALL.o Vaster_coherent_cache__ALL.cpp
echo "" > Vaster_coherent_cache__ALL.verilator_deplist.tmp
Archive ar -rcs Vaster_coherent_cache__ALL.a Vaster_coherent_cache__ALL.o
g++     tb_aster_dma_cache.o verilated.o verilated_threads.o Vaster_coherent_cache__ALL.a    -pthread -lpthread -latomic   -o /tmp/aster-phase7-dma-regressions-694ae0e/build/dma_cache_l11_w1_n4/aster_dma_cache_sim
rm Vaster_coherent_cache__ALL.verilator_deplist.tmp
PASS: DMA cache enabled=1 geometry=1x4 seed=1 delay=0 cpu=2900 device=1466 forward=90 invalidated=93 dirty_words=32 commits=1297 flushes=136 stalls=0; latest-byte oracle, M/S/I snoops, whole-line dirty neighbor preservation, no device allocation, exact backing history/events, RAM-code visibility, selective/global flush
PASS: DMA cache enabled=1 geometry=1x4 seed=1 delay=1 cpu=2900 device=1466 forward=90 invalidated=93 dirty_words=32 commits=1297 flushes=136 stalls=6544; latest-byte oracle, M/S/I snoops, whole-line dirty neighbor preservation, no device allocation, exact backing history/events, RAM-code visibility, selective/global flush
PASS: DMA cache enabled=1 geometry=1x4 seed=1 delay=17 cpu=2900 device=1466 forward=90 invalidated=93 dirty_words=32 commits=1297 flushes=136 stalls=111248; latest-byte oracle, M/S/I snoops, whole-line dirty neighbor preservation, no device allocation, exact backing history/events, RAM-code visibility, selective/global flush
PASS: DMA cache enabled=1 geometry=1x4 seed=1 delay=-1 cpu=2860 device=1506 forward=92 invalidated=94 dirty_words=34 commits=1332 flushes=136 stalls=132548; latest-byte oracle, M/S/I snoops, whole-line dirty neighbor preservation, no device allocation, exact backing history/events, RAM-code visibility, selective/global flush
PASS: DMA cache enabled=1 geometry=1x4 seed=677863 delay=0 cpu=2802 device=1564 forward=90 invalidated=96 dirty_words=35 commits=1380 flushes=136 stalls=0; latest-byte oracle, M/S/I snoops, whole-line dirty neighbor preservation, no device allocation, exact backing history/events, RAM-code visibility, selective/global flush
PASS: DMA cache enabled=1 geometry=1x4 seed=677863 delay=1 cpu=2802 device=1564 forward=90 invalidated=96 dirty_words=35 commits=1380 flushes=136 stalls=6516; latest-byte oracle, M/S/I snoops, whole-line dirty neighbor preservation, no device allocation, exact backing history/events, RAM-code visibility, selective/global flush
PASS: DMA cache enabled=1 geometry=1x4 seed=677863 delay=17 cpu=2802 device=1564 forward=90 invalidated=96 dirty_words=35 commits=1380 flushes=136 stalls=110772; latest-byte oracle, M/S/I snoops, whole-line dirty neighbor preservation, no device allocation, exact backing history/events, RAM-code visibility, selective/global flush
PASS: DMA cache enabled=1 geometry=1x4 seed=677863 delay=-1 cpu=2917 device=1449 forward=90 invalidated=91 dirty_words=31 commits=1281 flushes=136 stalls=133717; latest-byte oracle, M/S/I snoops, whole-line dirty neighbor preservation, no device allocation, exact backing history/events, RAM-code visibility, selective/global flush
PASS: DMA cache enabled=1 geometry=1x4 seed=12648430 delay=0 cpu=2858 device=1508 forward=91 invalidated=97 dirty_words=36 commits=1338 flushes=136 stalls=0; latest-byte oracle, M/S/I snoops, whole-line dirty neighbor preservation, no device allocation, exact backing history/events, RAM-code visibility, selective/global flush
PASS: DMA cache enabled=1 geometry=1x4 seed=12648430 delay=1 cpu=2858 device=1508 forward=91 invalidated=97 dirty_words=36 commits=1338 flushes=136 stalls=6547; latest-byte oracle, M/S/I snoops, whole-line dirty neighbor preservation, no device allocation, exact backing history/events, RAM-code visibility, selective/global flush
PASS: DMA cache enabled=1 geometry=1x4 seed=12648430 delay=17 cpu=2858 device=1508 forward=91 invalidated=97 dirty_words=36 commits=1338 flushes=136 stalls=111299; latest-byte oracle, M/S/I snoops, whole-line dirty neighbor preservation, no device allocation, exact backing history/events, RAM-code visibility, selective/global flush
PASS: DMA cache enabled=1 geometry=1x4 seed=12648430 delay=-1 cpu=2865 device=1501 forward=91 invalidated=96 dirty_words=34 commits=1327 flushes=136 stalls=132490; latest-byte oracle, M/S/I snoops, whole-line dirty neighbor preservation, no device allocation, exact backing history/events, RAM-code visibility, selective/global flush
mkdir -p /tmp/aster-phase7-dma-regressions-694ae0e/build/dma_cache_l11_w1_n16
verilator --cc --exe --build --timing --Wall --unroll-count 2048 --unroll-stmts 100000 --assert -DASTER_COHERENCE_ASSERT \
	--top-module aster_coherent_cache "-GENABLE_CACHE=1'b1" "-GENABLE_DMA=1'b1" \
	-GLINE_WORDS=1 -GLINE_COUNT=16 \
	-CFLAGS '-DASTER_CACHE_ENABLE=1 -DASTER_LINE_WORDS=1 -DASTER_LINE_COUNT=16' \
	--Mdir /tmp/aster-phase7-dma-regressions-694ae0e/build/dma_cache_l11_w1_n16/obj -o /tmp/aster-phase7-dma-regressions-694ae0e/build/dma_cache_l11_w1_n16/aster_dma_cache_sim \
	/tmp/aster-phase7-regression-source-IZ343g/rtl/cache/aster_coherent_cache.sv /tmp/aster-phase7-regression-source-IZ343g/verification/unit/tb_aster_dma_cache.cpp
make[2]: warning: jobserver unavailable: using -j1.  Add '+' to parent make rule.
g++  -I.  -MMD -I/home/elfo/tools/verilator/root/include -I/home/elfo/tools/verilator/root/include/vltstd -DVM_COVERAGE=0 -DVM_SC=0 -DVM_TRACE=0 -DVM_TRACE_FST=0 -DVM_TRACE_VCD=0 -faligned-new -fcf-protection=none -Wno-bool-operation -Wno-overloaded-virtual -Wno-shadow -Wno-sign-compare -Wno-uninitialized -Wno-unused-but-set-parameter -Wno-unused-but-set-variable -Wno-unused-parameter -Wno-unused-variable     -DASTER_CACHE_ENABLE=1 -DASTER_LINE_WORDS=1 -DASTER_LINE_COUNT=16   -Os -c -o tb_aster_dma_cache.o /tmp/aster-phase7-regression-source-IZ343g/verification/unit/tb_aster_dma_cache.cpp
g++ -Os  -I.  -MMD -I/home/elfo/tools/verilator/root/include -I/home/elfo/tools/verilator/root/include/vltstd -DVM_COVERAGE=0 -DVM_SC=0 -DVM_TRACE=0 -DVM_TRACE_FST=0 -DVM_TRACE_VCD=0 -faligned-new -fcf-protection=none -Wno-bool-operation -Wno-overloaded-virtual -Wno-shadow -Wno-sign-compare -Wno-uninitialized -Wno-unused-but-set-parameter -Wno-unused-but-set-variable -Wno-unused-parameter -Wno-unused-variable     -DASTER_CACHE_ENABLE=1 -DASTER_LINE_WORDS=1 -DASTER_LINE_COUNT=16   -c -o verilated.o /home/elfo/tools/verilator/root/include/verilated.cpp
g++ -Os  -I.  -MMD -I/home/elfo/tools/verilator/root/include -I/home/elfo/tools/verilator/root/include/vltstd -DVM_COVERAGE=0 -DVM_SC=0 -DVM_TRACE=0 -DVM_TRACE_FST=0 -DVM_TRACE_VCD=0 -faligned-new -fcf-protection=none -Wno-bool-operation -Wno-overloaded-virtual -Wno-shadow -Wno-sign-compare -Wno-uninitialized -Wno-unused-but-set-parameter -Wno-unused-but-set-variable -Wno-unused-parameter -Wno-unused-variable     -DASTER_CACHE_ENABLE=1 -DASTER_LINE_WORDS=1 -DASTER_LINE_COUNT=16   -c -o verilated_threads.o /home/elfo/tools/verilator/root/include/verilated_threads.cpp
/usr/bin/python3 /home/elfo/tools/verilator/root/bin/verilator_includer -DVL_INCLUDE_OPT=include Vaster_coherent_cache.cpp Vaster_coherent_cache___024root__DepSet_h70c9d35b__0.cpp Vaster_coherent_cache___024root__DepSet_ha6ca8359__0.cpp Vaster_coherent_cache___024root__Slow.cpp Vaster_coherent_cache___024root__DepSet_h70c9d35b__0__Slow.cpp Vaster_coherent_cache___024root__DepSet_ha6ca8359__0__Slow.cpp Vaster_coherent_cache__Syms.cpp > Vaster_coherent_cache__ALL.cpp
g++ -Os  -I.  -MMD -I/home/elfo/tools/verilator/root/include -I/home/elfo/tools/verilator/root/include/vltstd -DVM_COVERAGE=0 -DVM_SC=0 -DVM_TRACE=0 -DVM_TRACE_FST=0 -DVM_TRACE_VCD=0 -faligned-new -fcf-protection=none -Wno-bool-operation -Wno-overloaded-virtual -Wno-shadow -Wno-sign-compare -Wno-uninitialized -Wno-unused-but-set-parameter -Wno-unused-but-set-variable -Wno-unused-parameter -Wno-unused-variable     -DASTER_CACHE_ENABLE=1 -DASTER_LINE_WORDS=1 -DASTER_LINE_COUNT=16   -c -o Vaster_coherent_cache__ALL.o Vaster_coherent_cache__ALL.cpp
echo "" > Vaster_coherent_cache__ALL.verilator_deplist.tmp
Archive ar -rcs Vaster_coherent_cache__ALL.a Vaster_coherent_cache__ALL.o
g++     tb_aster_dma_cache.o verilated.o verilated_threads.o Vaster_coherent_cache__ALL.a    -pthread -lpthread -latomic   -o /tmp/aster-phase7-dma-regressions-694ae0e/build/dma_cache_l11_w1_n16/aster_dma_cache_sim
rm Vaster_coherent_cache__ALL.verilator_deplist.tmp
PASS: DMA cache enabled=1 geometry=1x16 seed=1 delay=0 cpu=2900 device=1466 forward=90 invalidated=98 dirty_words=37 commits=1297 flushes=136 stalls=0; latest-byte oracle, M/S/I snoops, whole-line dirty neighbor preservation, no device allocation, exact backing history/events, RAM-code visibility, selective/global flush
PASS: DMA cache enabled=1 geometry=1x16 seed=1 delay=1 cpu=2900 device=1466 forward=90 invalidated=98 dirty_words=37 commits=1297 flushes=136 stalls=6532; latest-byte oracle, M/S/I snoops, whole-line dirty neighbor preservation, no device allocation, exact backing history/events, RAM-code visibility, selective/global flush
PASS: DMA cache enabled=1 geometry=1x16 seed=1 delay=17 cpu=2900 device=1466 forward=90 invalidated=98 dirty_words=37 commits=1297 flushes=136 stalls=111044; latest-byte oracle, M/S/I snoops, whole-line dirty neighbor preservation, no device allocation, exact backing history/events, RAM-code visibility, selective/global flush
PASS: DMA cache enabled=1 geometry=1x16 seed=1 delay=-1 cpu=2860 device=1506 forward=91 invalidated=100 dirty_words=39 commits=1333 flushes=136 stalls=131256; latest-byte oracle, M/S/I snoops, whole-line dirty neighbor preservation, no device allocation, exact backing history/events, RAM-code visibility, selective/global flush
PASS: DMA cache enabled=1 geometry=1x16 seed=677863 delay=0 cpu=2802 device=1564 forward=90 invalidated=105 dirty_words=43 commits=1380 flushes=136 stalls=0; latest-byte oracle, M/S/I snoops, whole-line dirty neighbor preservation, no device allocation, exact backing history/events, RAM-code visibility, selective/global flush
PASS: DMA cache enabled=1 geometry=1x16 seed=677863 delay=1 cpu=2802 device=1564 forward=90 invalidated=105 dirty_words=43 commits=1380 flushes=136 stalls=6504; latest-byte oracle, M/S/I snoops, whole-line dirty neighbor preservation, no device allocation, exact backing history/events, RAM-code visibility, selective/global flush
PASS: DMA cache enabled=1 geometry=1x16 seed=677863 delay=17 cpu=2802 device=1564 forward=90 invalidated=105 dirty_words=43 commits=1380 flushes=136 stalls=110568; latest-byte oracle, M/S/I snoops, whole-line dirty neighbor preservation, no device allocation, exact backing history/events, RAM-code visibility, selective/global flush
PASS: DMA cache enabled=1 geometry=1x16 seed=677863 delay=-1 cpu=2902 device=1464 forward=90 invalidated=95 dirty_words=34 commits=1277 flushes=136 stalls=132180; latest-byte oracle, M/S/I snoops, whole-line dirty neighbor preservation, no device allocation, exact backing history/events, RAM-code visibility, selective/global flush
PASS: DMA cache enabled=1 geometry=1x16 seed=12648430 delay=0 cpu=2858 device=1508 forward=91 invalidated=113 dirty_words=51 commits=1338 flushes=136 stalls=0; latest-byte oracle, M/S/I snoops, whole-line dirty neighbor preservation, no device allocation, exact backing history/events, RAM-code visibility, selective/global flush
PASS: DMA cache enabled=1 geometry=1x16 seed=12648430 delay=1 cpu=2858 device=1508 forward=91 invalidated=113 dirty_words=51 commits=1338 flushes=136 stalls=6527; latest-byte oracle, M/S/I snoops, whole-line dirty neighbor preservation, no device allocation, exact backing history/events, RAM-code visibility, selective/global flush
PASS: DMA cache enabled=1 geometry=1x16 seed=12648430 delay=17 cpu=2858 device=1508 forward=91 invalidated=113 dirty_words=51 commits=1338 flushes=136 stalls=110959; latest-byte oracle, M/S/I snoops, whole-line dirty neighbor preservation, no device allocation, exact backing history/events, RAM-code visibility, selective/global flush
PASS: DMA cache enabled=1 geometry=1x16 seed=12648430 delay=-1 cpu=2882 device=1484 forward=91 invalidated=100 dirty_words=39 commits=1308 flushes=136 stalls=130226; latest-byte oracle, M/S/I snoops, whole-line dirty neighbor preservation, no device allocation, exact backing history/events, RAM-code visibility, selective/global flush
mkdir -p /tmp/aster-phase7-dma-regressions-694ae0e/build/dma_cache_l11_w4_n1
verilator --cc --exe --build --timing --Wall --unroll-count 2048 --unroll-stmts 100000 --assert -DASTER_COHERENCE_ASSERT \
	--top-module aster_coherent_cache "-GENABLE_CACHE=1'b1" "-GENABLE_DMA=1'b1" \
	-GLINE_WORDS=4 -GLINE_COUNT=1 \
	-CFLAGS '-DASTER_CACHE_ENABLE=1 -DASTER_LINE_WORDS=4 -DASTER_LINE_COUNT=1' \
	--Mdir /tmp/aster-phase7-dma-regressions-694ae0e/build/dma_cache_l11_w4_n1/obj -o /tmp/aster-phase7-dma-regressions-694ae0e/build/dma_cache_l11_w4_n1/aster_dma_cache_sim \
	/tmp/aster-phase7-regression-source-IZ343g/rtl/cache/aster_coherent_cache.sv /tmp/aster-phase7-regression-source-IZ343g/verification/unit/tb_aster_dma_cache.cpp
make[2]: warning: jobserver unavailable: using -j1.  Add '+' to parent make rule.
g++  -I.  -MMD -I/home/elfo/tools/verilator/root/include -I/home/elfo/tools/verilator/root/include/vltstd -DVM_COVERAGE=0 -DVM_SC=0 -DVM_TRACE=0 -DVM_TRACE_FST=0 -DVM_TRACE_VCD=0 -faligned-new -fcf-protection=none -Wno-bool-operation -Wno-overloaded-virtual -Wno-shadow -Wno-sign-compare -Wno-uninitialized -Wno-unused-but-set-parameter -Wno-unused-but-set-variable -Wno-unused-parameter -Wno-unused-variable     -DASTER_CACHE_ENABLE=1 -DASTER_LINE_WORDS=4 -DASTER_LINE_COUNT=1   -Os -c -o tb_aster_dma_cache.o /tmp/aster-phase7-regression-source-IZ343g/verification/unit/tb_aster_dma_cache.cpp
g++ -Os  -I.  -MMD -I/home/elfo/tools/verilator/root/include -I/home/elfo/tools/verilator/root/include/vltstd -DVM_COVERAGE=0 -DVM_SC=0 -DVM_TRACE=0 -DVM_TRACE_FST=0 -DVM_TRACE_VCD=0 -faligned-new -fcf-protection=none -Wno-bool-operation -Wno-overloaded-virtual -Wno-shadow -Wno-sign-compare -Wno-uninitialized -Wno-unused-but-set-parameter -Wno-unused-but-set-variable -Wno-unused-parameter -Wno-unused-variable     -DASTER_CACHE_ENABLE=1 -DASTER_LINE_WORDS=4 -DASTER_LINE_COUNT=1   -c -o verilated.o /home/elfo/tools/verilator/root/include/verilated.cpp
g++ -Os  -I.  -MMD -I/home/elfo/tools/verilator/root/include -I/home/elfo/tools/verilator/root/include/vltstd -DVM_COVERAGE=0 -DVM_SC=0 -DVM_TRACE=0 -DVM_TRACE_FST=0 -DVM_TRACE_VCD=0 -faligned-new -fcf-protection=none -Wno-bool-operation -Wno-overloaded-virtual -Wno-shadow -Wno-sign-compare -Wno-uninitialized -Wno-unused-but-set-parameter -Wno-unused-but-set-variable -Wno-unused-parameter -Wno-unused-variable     -DASTER_CACHE_ENABLE=1 -DASTER_LINE_WORDS=4 -DASTER_LINE_COUNT=1   -c -o verilated_threads.o /home/elfo/tools/verilator/root/include/verilated_threads.cpp
/usr/bin/python3 /home/elfo/tools/verilator/root/bin/verilator_includer -DVL_INCLUDE_OPT=include Vaster_coherent_cache.cpp Vaster_coherent_cache___024root__DepSet_h70c9d35b__0.cpp Vaster_coherent_cache___024root__DepSet_ha6ca8359__0.cpp Vaster_coherent_cache___024root__Slow.cpp Vaster_coherent_cache___024root__DepSet_h70c9d35b__0__Slow.cpp Vaster_coherent_cache___024root__DepSet_ha6ca8359__0__Slow.cpp Vaster_coherent_cache__Syms.cpp > Vaster_coherent_cache__ALL.cpp
g++ -Os  -I.  -MMD -I/home/elfo/tools/verilator/root/include -I/home/elfo/tools/verilator/root/include/vltstd -DVM_COVERAGE=0 -DVM_SC=0 -DVM_TRACE=0 -DVM_TRACE_FST=0 -DVM_TRACE_VCD=0 -faligned-new -fcf-protection=none -Wno-bool-operation -Wno-overloaded-virtual -Wno-shadow -Wno-sign-compare -Wno-uninitialized -Wno-unused-but-set-parameter -Wno-unused-but-set-variable -Wno-unused-parameter -Wno-unused-variable     -DASTER_CACHE_ENABLE=1 -DASTER_LINE_WORDS=4 -DASTER_LINE_COUNT=1   -c -o Vaster_coherent_cache__ALL.o Vaster_coherent_cache__ALL.cpp
echo "" > Vaster_coherent_cache__ALL.verilator_deplist.tmp
Archive ar -rcs Vaster_coherent_cache__ALL.a Vaster_coherent_cache__ALL.o
g++     tb_aster_dma_cache.o verilated.o verilated_threads.o Vaster_coherent_cache__ALL.a    -pthread -lpthread -latomic   -o /tmp/aster-phase7-dma-regressions-694ae0e/build/dma_cache_l11_w4_n1/aster_dma_cache_sim
rm Vaster_coherent_cache__ALL.verilator_deplist.tmp
PASS: DMA cache enabled=1 geometry=4x1 seed=1 delay=0 cpu=2990 device=1466 forward=91 invalidated=92 dirty_words=128 commits=1297 flushes=136 stalls=0; latest-byte oracle, M/S/I snoops, whole-line dirty neighbor preservation, no device allocation, exact backing history/events, RAM-code visibility, selective/global flush
PASS: DMA cache enabled=1 geometry=4x1 seed=1 delay=1 cpu=2990 device=1466 forward=91 invalidated=92 dirty_words=128 commits=1297 flushes=136 stalls=21172; latest-byte oracle, M/S/I snoops, whole-line dirty neighbor preservation, no device allocation, exact backing history/events, RAM-code visibility, selective/global flush
PASS: DMA cache enabled=1 geometry=4x1 seed=1 delay=17 cpu=2990 device=1466 forward=91 invalidated=92 dirty_words=128 commits=1297 flushes=136 stalls=359924; latest-byte oracle, M/S/I snoops, whole-line dirty neighbor preservation, no device allocation, exact backing history/events, RAM-code visibility, selective/global flush
PASS: DMA cache enabled=1 geometry=4x1 seed=1 delay=-1 cpu=2981 device=1475 forward=90 invalidated=94 dirty_words=136 commits=1296 flushes=136 stalls=424778; latest-byte oracle, M/S/I snoops, whole-line dirty neighbor preservation, no device allocation, exact backing history/events, RAM-code visibility, selective/global flush
PASS: DMA cache enabled=1 geometry=4x1 seed=677863 delay=0 cpu=2892 device=1564 forward=91 invalidated=94 dirty_words=136 commits=1380 flushes=136 stalls=0; latest-byte oracle, M/S/I snoops, whole-line dirty neighbor preservation, no device allocation, exact backing history/events, RAM-code visibility, selective/global flush
PASS: DMA cache enabled=1 geometry=4x1 seed=677863 delay=1 cpu=2892 device=1564 forward=91 invalidated=94 dirty_words=136 commits=1380 flushes=136 stalls=20847; latest-byte oracle, M/S/I snoops, whole-line dirty neighbor preservation, no device allocation, exact backing history/events, RAM-code visibility, selective/global flush
PASS: DMA cache enabled=1 geometry=4x1 seed=677863 delay=17 cpu=2892 device=1564 forward=91 invalidated=94 dirty_words=136 commits=1380 flushes=136 stalls=354399; latest-byte oracle, M/S/I snoops, whole-line dirty neighbor preservation, no device allocation, exact backing history/events, RAM-code visibility, selective/global flush
PASS: DMA cache enabled=1 geometry=4x1 seed=677863 delay=-1 cpu=2977 device=1479 forward=90 invalidated=99 dirty_words=156 commits=1310 flushes=136 stalls=430484; latest-byte oracle, M/S/I snoops, whole-line dirty neighbor preservation, no device allocation, exact backing history/events, RAM-code visibility, selective/global flush
PASS: DMA cache enabled=1 geometry=4x1 seed=12648430 delay=0 cpu=2948 device=1508 forward=92 invalidated=95 dirty_words=140 commits=1338 flushes=136 stalls=0; latest-byte oracle, M/S/I snoops, whole-line dirty neighbor preservation, no device allocation, exact backing history/events, RAM-code visibility, selective/global flush
PASS: DMA cache enabled=1 geometry=4x1 seed=12648430 delay=1 cpu=2948 device=1508 forward=92 invalidated=95 dirty_words=140 commits=1338 flushes=136 stalls=21120; latest-byte oracle, M/S/I snoops, whole-line dirty neighbor preservation, no device allocation, exact backing history/events, RAM-code visibility, selective/global flush
PASS: DMA cache enabled=1 geometry=4x1 seed=12648430 delay=17 cpu=2948 device=1508 forward=92 invalidated=95 dirty_words=140 commits=1338 flushes=136 stalls=359040; latest-byte oracle, M/S/I snoops, whole-line dirty neighbor preservation, no device allocation, exact backing history/events, RAM-code visibility, selective/global flush
PASS: DMA cache enabled=1 geometry=4x1 seed=12648430 delay=-1 cpu=3015 device=1441 forward=92 invalidated=100 dirty_words=160 commits=1278 flushes=136 stalls=433383; latest-byte oracle, M/S/I snoops, whole-line dirty neighbor preservation, no device allocation, exact backing history/events, RAM-code visibility, selective/global flush
mkdir -p /tmp/aster-phase7-dma-regressions-694ae0e/build/dma_cache_l11_w4_n4
verilator --cc --exe --build --timing --Wall --unroll-count 2048 --unroll-stmts 100000 --assert -DASTER_COHERENCE_ASSERT \
	--top-module aster_coherent_cache "-GENABLE_CACHE=1'b1" "-GENABLE_DMA=1'b1" \
	-GLINE_WORDS=4 -GLINE_COUNT=4 \
	-CFLAGS '-DASTER_CACHE_ENABLE=1 -DASTER_LINE_WORDS=4 -DASTER_LINE_COUNT=4' \
	--Mdir /tmp/aster-phase7-dma-regressions-694ae0e/build/dma_cache_l11_w4_n4/obj -o /tmp/aster-phase7-dma-regressions-694ae0e/build/dma_cache_l11_w4_n4/aster_dma_cache_sim \
	/tmp/aster-phase7-regression-source-IZ343g/rtl/cache/aster_coherent_cache.sv /tmp/aster-phase7-regression-source-IZ343g/verification/unit/tb_aster_dma_cache.cpp
make[2]: warning: jobserver unavailable: using -j1.  Add '+' to parent make rule.
g++  -I.  -MMD -I/home/elfo/tools/verilator/root/include -I/home/elfo/tools/verilator/root/include/vltstd -DVM_COVERAGE=0 -DVM_SC=0 -DVM_TRACE=0 -DVM_TRACE_FST=0 -DVM_TRACE_VCD=0 -faligned-new -fcf-protection=none -Wno-bool-operation -Wno-overloaded-virtual -Wno-shadow -Wno-sign-compare -Wno-uninitialized -Wno-unused-but-set-parameter -Wno-unused-but-set-variable -Wno-unused-parameter -Wno-unused-variable     -DASTER_CACHE_ENABLE=1 -DASTER_LINE_WORDS=4 -DASTER_LINE_COUNT=4   -Os -c -o tb_aster_dma_cache.o /tmp/aster-phase7-regression-source-IZ343g/verification/unit/tb_aster_dma_cache.cpp
g++ -Os  -I.  -MMD -I/home/elfo/tools/verilator/root/include -I/home/elfo/tools/verilator/root/include/vltstd -DVM_COVERAGE=0 -DVM_SC=0 -DVM_TRACE=0 -DVM_TRACE_FST=0 -DVM_TRACE_VCD=0 -faligned-new -fcf-protection=none -Wno-bool-operation -Wno-overloaded-virtual -Wno-shadow -Wno-sign-compare -Wno-uninitialized -Wno-unused-but-set-parameter -Wno-unused-but-set-variable -Wno-unused-parameter -Wno-unused-variable     -DASTER_CACHE_ENABLE=1 -DASTER_LINE_WORDS=4 -DASTER_LINE_COUNT=4   -c -o verilated.o /home/elfo/tools/verilator/root/include/verilated.cpp
g++ -Os  -I.  -MMD -I/home/elfo/tools/verilator/root/include -I/home/elfo/tools/verilator/root/include/vltstd -DVM_COVERAGE=0 -DVM_SC=0 -DVM_TRACE=0 -DVM_TRACE_FST=0 -DVM_TRACE_VCD=0 -faligned-new -fcf-protection=none -Wno-bool-operation -Wno-overloaded-virtual -Wno-shadow -Wno-sign-compare -Wno-uninitialized -Wno-unused-but-set-parameter -Wno-unused-but-set-variable -Wno-unused-parameter -Wno-unused-variable     -DASTER_CACHE_ENABLE=1 -DASTER_LINE_WORDS=4 -DASTER_LINE_COUNT=4   -c -o verilated_threads.o /home/elfo/tools/verilator/root/include/verilated_threads.cpp
/usr/bin/python3 /home/elfo/tools/verilator/root/bin/verilator_includer -DVL_INCLUDE_OPT=include Vaster_coherent_cache.cpp Vaster_coherent_cache___024root__DepSet_h70c9d35b__0.cpp Vaster_coherent_cache___024root__DepSet_ha6ca8359__0.cpp Vaster_coherent_cache___024root__Slow.cpp Vaster_coherent_cache___024root__DepSet_h70c9d35b__0__Slow.cpp Vaster_coherent_cache___024root__DepSet_ha6ca8359__0__Slow.cpp Vaster_coherent_cache__Syms.cpp > Vaster_coherent_cache__ALL.cpp
g++ -Os  -I.  -MMD -I/home/elfo/tools/verilator/root/include -I/home/elfo/tools/verilator/root/include/vltstd -DVM_COVERAGE=0 -DVM_SC=0 -DVM_TRACE=0 -DVM_TRACE_FST=0 -DVM_TRACE_VCD=0 -faligned-new -fcf-protection=none -Wno-bool-operation -Wno-overloaded-virtual -Wno-shadow -Wno-sign-compare -Wno-uninitialized -Wno-unused-but-set-parameter -Wno-unused-but-set-variable -Wno-unused-parameter -Wno-unused-variable     -DASTER_CACHE_ENABLE=1 -DASTER_LINE_WORDS=4 -DASTER_LINE_COUNT=4   -c -o Vaster_coherent_cache__ALL.o Vaster_coherent_cache__ALL.cpp
echo "" > Vaster_coherent_cache__ALL.verilator_deplist.tmp
Archive ar -rcs Vaster_coherent_cache__ALL.a Vaster_coherent_cache__ALL.o
g++     tb_aster_dma_cache.o verilated.o verilated_threads.o Vaster_coherent_cache__ALL.a    -pthread -lpthread -latomic   -o /tmp/aster-phase7-dma-regressions-694ae0e/build/dma_cache_l11_w4_n4/aster_dma_cache_sim
rm Vaster_coherent_cache__ALL.verilator_deplist.tmp
PASS: DMA cache enabled=1 geometry=4x4 seed=1 delay=0 cpu=2990 device=1466 forward=92 invalidated=102 dirty_words=168 commits=1297 flushes=136 stalls=0; latest-byte oracle, M/S/I snoops, whole-line dirty neighbor preservation, no device allocation, exact backing history/events, RAM-code visibility, selective/global flush
PASS: DMA cache enabled=1 geometry=4x4 seed=1 delay=1 cpu=2990 device=1466 forward=92 invalidated=102 dirty_words=168 commits=1297 flushes=136 stalls=21050; latest-byte oracle, M/S/I snoops, whole-line dirty neighbor preservation, no device allocation, exact backing history/events, RAM-code visibility, selective/global flush
PASS: DMA cache enabled=1 geometry=4x4 seed=1 delay=17 cpu=2990 device=1466 forward=92 invalidated=102 dirty_words=168 commits=1297 flushes=136 stalls=357850; latest-byte oracle, M/S/I snoops, whole-line dirty neighbor preservation, no device allocation, exact backing history/events, RAM-code visibility, selective/global flush
PASS: DMA cache enabled=1 geometry=4x4 seed=1 delay=-1 cpu=3005 device=1451 forward=92 invalidated=106 dirty_words=180 commits=1278 flushes=136 stalls=428312; latest-byte oracle, M/S/I snoops, whole-line dirty neighbor preservation, no device allocation, exact backing history/events, RAM-code visibility, selective/global flush
PASS: DMA cache enabled=1 geometry=4x4 seed=677863 delay=0 cpu=2892 device=1564 forward=93 invalidated=114 dirty_words=212 commits=1380 flushes=136 stalls=0; latest-byte oracle, M/S/I snoops, whole-line dirty neighbor preservation, no device allocation, exact backing history/events, RAM-code visibility, selective/global flush
PASS: DMA cache enabled=1 geometry=4x4 seed=677863 delay=1 cpu=2892 device=1564 forward=93 invalidated=114 dirty_words=212 commits=1380 flushes=136 stalls=20749; latest-byte oracle, M/S/I snoops, whole-line dirty neighbor preservation, no device allocation, exact backing history/events, RAM-code visibility, selective/global flush
PASS: DMA cache enabled=1 geometry=4x4 seed=677863 delay=17 cpu=2892 device=1564 forward=93 invalidated=114 dirty_words=212 commits=1380 flushes=136 stalls=352733; latest-byte oracle, M/S/I snoops, whole-line dirty neighbor preservation, no device allocation, exact backing history/events, RAM-code visibility, selective/global flush
PASS: DMA cache enabled=1 geometry=4x4 seed=677863 delay=-1 cpu=2936 device=1520 forward=90 invalidated=104 dirty_words=172 commits=1371 flushes=136 stalls=419392; latest-byte oracle, M/S/I snoops, whole-line dirty neighbor preservation, no device allocation, exact backing history/events, RAM-code visibility, selective/global flush
PASS: DMA cache enabled=1 geometry=4x4 seed=12648430 delay=0 cpu=2948 device=1508 forward=92 invalidated=110 dirty_words=196 commits=1338 flushes=136 stalls=0; latest-byte oracle, M/S/I snoops, whole-line dirty neighbor preservation, no device allocation, exact backing history/events, RAM-code visibility, selective/global flush
PASS: DMA cache enabled=1 geometry=4x4 seed=12648430 delay=1 cpu=2948 device=1508 forward=92 invalidated=110 dirty_words=196 commits=1338 flushes=136 stalls=21011; latest-byte oracle, M/S/I snoops, whole-line dirty neighbor preservation, no device allocation, exact backing history/events, RAM-code visibility, selective/global flush
PASS: DMA cache enabled=1 geometry=4x4 seed=12648430 delay=17 cpu=2948 device=1508 forward=92 invalidated=110 dirty_words=196 commits=1338 flushes=136 stalls=357187; latest-byte oracle, M/S/I snoops, whole-line dirty neighbor preservation, no device allocation, exact backing history/events, RAM-code visibility, selective/global flush
PASS: DMA cache enabled=1 geometry=4x4 seed=12648430 delay=-1 cpu=3002 device=1454 forward=91 invalidated=102 dirty_words=164 commits=1275 flushes=136 stalls=430244; latest-byte oracle, M/S/I snoops, whole-line dirty neighbor preservation, no device allocation, exact backing history/events, RAM-code visibility, selective/global flush
mkdir -p /tmp/aster-phase7-dma-regressions-694ae0e/build/dma_cache_l11_w4_n16
verilator --cc --exe --build --timing --Wall --unroll-count 2048 --unroll-stmts 100000 --assert -DASTER_COHERENCE_ASSERT \
	--top-module aster_coherent_cache "-GENABLE_CACHE=1'b1" "-GENABLE_DMA=1'b1" \
	-GLINE_WORDS=4 -GLINE_COUNT=16 \
	-CFLAGS '-DASTER_CACHE_ENABLE=1 -DASTER_LINE_WORDS=4 -DASTER_LINE_COUNT=16' \
	--Mdir /tmp/aster-phase7-dma-regressions-694ae0e/build/dma_cache_l11_w4_n16/obj -o /tmp/aster-phase7-dma-regressions-694ae0e/build/dma_cache_l11_w4_n16/aster_dma_cache_sim \
	/tmp/aster-phase7-regression-source-IZ343g/rtl/cache/aster_coherent_cache.sv /tmp/aster-phase7-regression-source-IZ343g/verification/unit/tb_aster_dma_cache.cpp
make[2]: warning: jobserver unavailable: using -j1.  Add '+' to parent make rule.
g++  -I.  -MMD -I/home/elfo/tools/verilator/root/include -I/home/elfo/tools/verilator/root/include/vltstd -DVM_COVERAGE=0 -DVM_SC=0 -DVM_TRACE=0 -DVM_TRACE_FST=0 -DVM_TRACE_VCD=0 -faligned-new -fcf-protection=none -Wno-bool-operation -Wno-overloaded-virtual -Wno-shadow -Wno-sign-compare -Wno-uninitialized -Wno-unused-but-set-parameter -Wno-unused-but-set-variable -Wno-unused-parameter -Wno-unused-variable     -DASTER_CACHE_ENABLE=1 -DASTER_LINE_WORDS=4 -DASTER_LINE_COUNT=16   -Os -c -o tb_aster_dma_cache.o /tmp/aster-phase7-regression-source-IZ343g/verification/unit/tb_aster_dma_cache.cpp
g++ -Os  -I.  -MMD -I/home/elfo/tools/verilator/root/include -I/home/elfo/tools/verilator/root/include/vltstd -DVM_COVERAGE=0 -DVM_SC=0 -DVM_TRACE=0 -DVM_TRACE_FST=0 -DVM_TRACE_VCD=0 -faligned-new -fcf-protection=none -Wno-bool-operation -Wno-overloaded-virtual -Wno-shadow -Wno-sign-compare -Wno-uninitialized -Wno-unused-but-set-parameter -Wno-unused-but-set-variable -Wno-unused-parameter -Wno-unused-variable     -DASTER_CACHE_ENABLE=1 -DASTER_LINE_WORDS=4 -DASTER_LINE_COUNT=16   -c -o verilated.o /home/elfo/tools/verilator/root/include/verilated.cpp
g++ -Os  -I.  -MMD -I/home/elfo/tools/verilator/root/include -I/home/elfo/tools/verilator/root/include/vltstd -DVM_COVERAGE=0 -DVM_SC=0 -DVM_TRACE=0 -DVM_TRACE_FST=0 -DVM_TRACE_VCD=0 -faligned-new -fcf-protection=none -Wno-bool-operation -Wno-overloaded-virtual -Wno-shadow -Wno-sign-compare -Wno-uninitialized -Wno-unused-but-set-parameter -Wno-unused-but-set-variable -Wno-unused-parameter -Wno-unused-variable     -DASTER_CACHE_ENABLE=1 -DASTER_LINE_WORDS=4 -DASTER_LINE_COUNT=16   -c -o verilated_threads.o /home/elfo/tools/verilator/root/include/verilated_threads.cpp
/usr/bin/python3 /home/elfo/tools/verilator/root/bin/verilator_includer -DVL_INCLUDE_OPT=include Vaster_coherent_cache.cpp Vaster_coherent_cache___024root__DepSet_h70c9d35b__0.cpp Vaster_coherent_cache___024root__DepSet_ha6ca8359__0.cpp Vaster_coherent_cache___024root__Slow.cpp Vaster_coherent_cache___024root__DepSet_h70c9d35b__0__Slow.cpp Vaster_coherent_cache___024root__DepSet_ha6ca8359__0__Slow.cpp Vaster_coherent_cache__Syms.cpp > Vaster_coherent_cache__ALL.cpp
g++ -Os  -I.  -MMD -I/home/elfo/tools/verilator/root/include -I/home/elfo/tools/verilator/root/include/vltstd -DVM_COVERAGE=0 -DVM_SC=0 -DVM_TRACE=0 -DVM_TRACE_FST=0 -DVM_TRACE_VCD=0 -faligned-new -fcf-protection=none -Wno-bool-operation -Wno-overloaded-virtual -Wno-shadow -Wno-sign-compare -Wno-uninitialized -Wno-unused-but-set-parameter -Wno-unused-but-set-variable -Wno-unused-parameter -Wno-unused-variable     -DASTER_CACHE_ENABLE=1 -DASTER_LINE_WORDS=4 -DASTER_LINE_COUNT=16   -c -o Vaster_coherent_cache__ALL.o Vaster_coherent_cache__ALL.cpp
echo "" > Vaster_coherent_cache__ALL.verilator_deplist.tmp
Archive ar -rcs Vaster_coherent_cache__ALL.a Vaster_coherent_cache__ALL.o
g++     tb_aster_dma_cache.o verilated.o verilated_threads.o Vaster_coherent_cache__ALL.a    -pthread -lpthread -latomic   -o /tmp/aster-phase7-dma-regressions-694ae0e/build/dma_cache_l11_w4_n16/aster_dma_cache_sim
rm Vaster_coherent_cache__ALL.verilator_deplist.tmp
PASS: DMA cache enabled=1 geometry=4x16 seed=1 delay=0 cpu=2990 device=1466 forward=95 invalidated=130 dirty_words=268 commits=1297 flushes=136 stalls=0; latest-byte oracle, M/S/I snoops, whole-line dirty neighbor preservation, no device allocation, exact backing history/events, RAM-code visibility, selective/global flush
PASS: DMA cache enabled=1 geometry=4x16 seed=1 delay=1 cpu=2990 device=1466 forward=95 invalidated=130 dirty_words=268 commits=1297 flushes=136 stalls=20745; latest-byte oracle, M/S/I snoops, whole-line dirty neighbor preservation, no device allocation, exact backing history/events, RAM-code visibility, selective/global flush
PASS: DMA cache enabled=1 geometry=4x16 seed=1 delay=17 cpu=2990 device=1466 forward=95 invalidated=130 dirty_words=268 commits=1297 flushes=136 stalls=352665; latest-byte oracle, M/S/I snoops, whole-line dirty neighbor preservation, no device allocation, exact backing history/events, RAM-code visibility, selective/global flush
PASS: DMA cache enabled=1 geometry=4x16 seed=1 delay=-1 cpu=3010 device=1446 forward=93 invalidated=150 dirty_words=344 commits=1262 flushes=136 stalls=422344; latest-byte oracle, M/S/I snoops, whole-line dirty neighbor preservation, no device allocation, exact backing history/events, RAM-code visibility, selective/global flush
PASS: DMA cache enabled=1 geometry=4x16 seed=677863 delay=0 cpu=2892 device=1564 forward=97 invalidated=157 dirty_words=372 commits=1380 flushes=136 stalls=0; latest-byte oracle, M/S/I snoops, whole-line dirty neighbor preservation, no device allocation, exact backing history/events, RAM-code visibility, selective/global flush
PASS: DMA cache enabled=1 geometry=4x16 seed=677863 delay=1 cpu=2892 device=1564 forward=97 invalidated=157 dirty_words=372 commits=1380 flushes=136 stalls=20558; latest-byte oracle, M/S/I snoops, whole-line dirty neighbor preservation, no device allocation, exact backing history/events, RAM-code visibility, selective/global flush
PASS: DMA cache enabled=1 geometry=4x16 seed=677863 delay=17 cpu=2892 device=1564 forward=97 invalidated=157 dirty_words=372 commits=1380 flushes=136 stalls=349486; latest-byte oracle, M/S/I snoops, whole-line dirty neighbor preservation, no device allocation, exact backing history/events, RAM-code visibility, selective/global flush
PASS: DMA cache enabled=1 geometry=4x16 seed=677863 delay=-1 cpu=2973 device=1483 forward=94 invalidated=137 dirty_words=304 commits=1321 flushes=136 stalls=422540; latest-byte oracle, M/S/I snoops, whole-line dirty neighbor preservation, no device allocation, exact backing history/events, RAM-code visibility, selective/global flush
PASS: DMA cache enabled=1 geometry=4x16 seed=12648430 delay=0 cpu=2948 device=1508 forward=95 invalidated=149 dirty_words=344 commits=1338 flushes=136 stalls=0; latest-byte oracle, M/S/I snoops, whole-line dirty neighbor preservation, no device allocation, exact backing history/events, RAM-code visibility, selective/global flush
PASS: DMA cache enabled=1 geometry=4x16 seed=12648430 delay=1 cpu=2948 device=1508 forward=95 invalidated=149 dirty_words=344 commits=1338 flushes=136 stalls=20796; latest-byte oracle, M/S/I snoops, whole-line dirty neighbor preservation, no device allocation, exact backing history/events, RAM-code visibility, selective/global flush
PASS: DMA cache enabled=1 geometry=4x16 seed=12648430 delay=17 cpu=2948 device=1508 forward=95 invalidated=149 dirty_words=344 commits=1338 flushes=136 stalls=353532; latest-byte oracle, M/S/I snoops, whole-line dirty neighbor preservation, no device allocation, exact backing history/events, RAM-code visibility, selective/global flush
PASS: DMA cache enabled=1 geometry=4x16 seed=12648430 delay=-1 cpu=2964 device=1492 forward=94 invalidated=150 dirty_words=340 commits=1317 flushes=136 stalls=415480; latest-byte oracle, M/S/I snoops, whole-line dirty neighbor preservation, no device allocation, exact backing history/events, RAM-code visibility, selective/global flush
mkdir -p /tmp/aster-phase7-dma-regressions-694ae0e/build/dma_cache_l11_w8_n1
verilator --cc --exe --build --timing --Wall --unroll-count 2048 --unroll-stmts 100000 --assert -DASTER_COHERENCE_ASSERT \
	--top-module aster_coherent_cache "-GENABLE_CACHE=1'b1" "-GENABLE_DMA=1'b1" \
	-GLINE_WORDS=8 -GLINE_COUNT=1 \
	-CFLAGS '-DASTER_CACHE_ENABLE=1 -DASTER_LINE_WORDS=8 -DASTER_LINE_COUNT=1' \
	--Mdir /tmp/aster-phase7-dma-regressions-694ae0e/build/dma_cache_l11_w8_n1/obj -o /tmp/aster-phase7-dma-regressions-694ae0e/build/dma_cache_l11_w8_n1/aster_dma_cache_sim \
	/tmp/aster-phase7-regression-source-IZ343g/rtl/cache/aster_coherent_cache.sv /tmp/aster-phase7-regression-source-IZ343g/verification/unit/tb_aster_dma_cache.cpp
make[2]: warning: jobserver unavailable: using -j1.  Add '+' to parent make rule.
g++  -I.  -MMD -I/home/elfo/tools/verilator/root/include -I/home/elfo/tools/verilator/root/include/vltstd -DVM_COVERAGE=0 -DVM_SC=0 -DVM_TRACE=0 -DVM_TRACE_FST=0 -DVM_TRACE_VCD=0 -faligned-new -fcf-protection=none -Wno-bool-operation -Wno-overloaded-virtual -Wno-shadow -Wno-sign-compare -Wno-uninitialized -Wno-unused-but-set-parameter -Wno-unused-but-set-variable -Wno-unused-parameter -Wno-unused-variable     -DASTER_CACHE_ENABLE=1 -DASTER_LINE_WORDS=8 -DASTER_LINE_COUNT=1   -Os -c -o tb_aster_dma_cache.o /tmp/aster-phase7-regression-source-IZ343g/verification/unit/tb_aster_dma_cache.cpp
g++ -Os  -I.  -MMD -I/home/elfo/tools/verilator/root/include -I/home/elfo/tools/verilator/root/include/vltstd -DVM_COVERAGE=0 -DVM_SC=0 -DVM_TRACE=0 -DVM_TRACE_FST=0 -DVM_TRACE_VCD=0 -faligned-new -fcf-protection=none -Wno-bool-operation -Wno-overloaded-virtual -Wno-shadow -Wno-sign-compare -Wno-uninitialized -Wno-unused-but-set-parameter -Wno-unused-but-set-variable -Wno-unused-parameter -Wno-unused-variable     -DASTER_CACHE_ENABLE=1 -DASTER_LINE_WORDS=8 -DASTER_LINE_COUNT=1   -c -o verilated.o /home/elfo/tools/verilator/root/include/verilated.cpp
g++ -Os  -I.  -MMD -I/home/elfo/tools/verilator/root/include -I/home/elfo/tools/verilator/root/include/vltstd -DVM_COVERAGE=0 -DVM_SC=0 -DVM_TRACE=0 -DVM_TRACE_FST=0 -DVM_TRACE_VCD=0 -faligned-new -fcf-protection=none -Wno-bool-operation -Wno-overloaded-virtual -Wno-shadow -Wno-sign-compare -Wno-uninitialized -Wno-unused-but-set-parameter -Wno-unused-but-set-variable -Wno-unused-parameter -Wno-unused-variable     -DASTER_CACHE_ENABLE=1 -DASTER_LINE_WORDS=8 -DASTER_LINE_COUNT=1   -c -o verilated_threads.o /home/elfo/tools/verilator/root/include/verilated_threads.cpp
/usr/bin/python3 /home/elfo/tools/verilator/root/bin/verilator_includer -DVL_INCLUDE_OPT=include Vaster_coherent_cache.cpp Vaster_coherent_cache___024root__DepSet_h70c9d35b__0.cpp Vaster_coherent_cache___024root__DepSet_ha6ca8359__0.cpp Vaster_coherent_cache___024root__Slow.cpp Vaster_coherent_cache___024root__DepSet_h70c9d35b__0__Slow.cpp Vaster_coherent_cache___024root__DepSet_ha6ca8359__0__Slow.cpp Vaster_coherent_cache__Syms.cpp > Vaster_coherent_cache__ALL.cpp
g++ -Os  -I.  -MMD -I/home/elfo/tools/verilator/root/include -I/home/elfo/tools/verilator/root/include/vltstd -DVM_COVERAGE=0 -DVM_SC=0 -DVM_TRACE=0 -DVM_TRACE_FST=0 -DVM_TRACE_VCD=0 -faligned-new -fcf-protection=none -Wno-bool-operation -Wno-overloaded-virtual -Wno-shadow -Wno-sign-compare -Wno-uninitialized -Wno-unused-but-set-parameter -Wno-unused-but-set-variable -Wno-unused-parameter -Wno-unused-variable     -DASTER_CACHE_ENABLE=1 -DASTER_LINE_WORDS=8 -DASTER_LINE_COUNT=1   -c -o Vaster_coherent_cache__ALL.o Vaster_coherent_cache__ALL.cpp
echo "" > Vaster_coherent_cache__ALL.verilator_deplist.tmp
Archive ar -rcs Vaster_coherent_cache__ALL.a Vaster_coherent_cache__ALL.o
g++     tb_aster_dma_cache.o verilated.o verilated_threads.o Vaster_coherent_cache__ALL.a    -pthread -lpthread -latomic   -o /tmp/aster-phase7-dma-regressions-694ae0e/build/dma_cache_l11_w8_n1/aster_dma_cache_sim
rm Vaster_coherent_cache__ALL.verilator_deplist.tmp
PASS: DMA cache enabled=1 geometry=8x1 seed=1 delay=0 cpu=3110 device=1466 forward=91 invalidated=96 dirty_words=288 commits=1297 flushes=136 stalls=0; latest-byte oracle, M/S/I snoops, whole-line dirty neighbor preservation, no device allocation, exact backing history/events, RAM-code visibility, selective/global flush
PASS: DMA cache enabled=1 geometry=8x1 seed=1 delay=1 cpu=3110 device=1466 forward=91 invalidated=96 dirty_words=288 commits=1297 flushes=136 stalls=40608; latest-byte oracle, M/S/I snoops, whole-line dirty neighbor preservation, no device allocation, exact backing history/events, RAM-code visibility, selective/global flush
PASS: DMA cache enabled=1 geometry=8x1 seed=1 delay=17 cpu=3110 device=1466 forward=91 invalidated=96 dirty_words=288 commits=1297 flushes=136 stalls=690336; latest-byte oracle, M/S/I snoops, whole-line dirty neighbor preservation, no device allocation, exact backing history/events, RAM-code visibility, selective/global flush
PASS: DMA cache enabled=1 geometry=8x1 seed=1 delay=-1 cpu=3103 device=1473 forward=90 invalidated=100 dirty_words=320 commits=1307 flushes=136 stalls=818020; latest-byte oracle, M/S/I snoops, whole-line dirty neighbor preservation, no device allocation, exact backing history/events, RAM-code visibility, selective/global flush
PASS: DMA cache enabled=1 geometry=8x1 seed=677863 delay=0 cpu=3012 device=1564 forward=91 invalidated=101 dirty_words=320 commits=1380 flushes=136 stalls=0; latest-byte oracle, M/S/I snoops, whole-line dirty neighbor preservation, no device allocation, exact backing history/events, RAM-code visibility, selective/global flush
PASS: DMA cache enabled=1 geometry=8x1 seed=677863 delay=1 cpu=3012 device=1564 forward=91 invalidated=101 dirty_words=320 commits=1380 flushes=136 stalls=39927; latest-byte oracle, M/S/I snoops, whole-line dirty neighbor preservation, no device allocation, exact backing history/events, RAM-code visibility, selective/global flush
PASS: DMA cache enabled=1 geometry=8x1 seed=677863 delay=17 cpu=3012 device=1564 forward=91 invalidated=101 dirty_words=320 commits=1380 flushes=136 stalls=678759; latest-byte oracle, M/S/I snoops, whole-line dirty neighbor preservation, no device allocation, exact backing history/events, RAM-code visibility, selective/global flush
PASS: DMA cache enabled=1 geometry=8x1 seed=677863 delay=-1 cpu=3061 device=1515 forward=94 invalidated=98 dirty_words=304 commits=1330 flushes=136 stalls=807059; latest-byte oracle, M/S/I snoops, whole-line dirty neighbor preservation, no device allocation, exact backing history/events, RAM-code visibility, selective/global flush
PASS: DMA cache enabled=1 geometry=8x1 seed=12648430 delay=0 cpu=3068 device=1508 forward=92 invalidated=101 dirty_words=328 commits=1338 flushes=136 stalls=0; latest-byte oracle, M/S/I snoops, whole-line dirty neighbor preservation, no device allocation, exact backing history/events, RAM-code visibility, selective/global flush
PASS: DMA cache enabled=1 geometry=8x1 seed=12648430 delay=1 cpu=3068 device=1508 forward=92 invalidated=101 dirty_words=328 commits=1338 flushes=136 stalls=40448; latest-byte oracle, M/S/I snoops, whole-line dirty neighbor preservation, no device allocation, exact backing history/events, RAM-code visibility, selective/global flush
PASS: DMA cache enabled=1 geometry=8x1 seed=12648430 delay=17 cpu=3068 device=1508 forward=92 invalidated=101 dirty_words=328 commits=1338 flushes=136 stalls=687616; latest-byte oracle, M/S/I snoops, whole-line dirty neighbor preservation, no device allocation, exact backing history/events, RAM-code visibility, selective/global flush
PASS: DMA cache enabled=1 geometry=8x1 seed=12648430 delay=-1 cpu=3078 device=1498 forward=91 invalidated=94 dirty_words=272 commits=1327 flushes=136 stalls=813621; latest-byte oracle, M/S/I snoops, whole-line dirty neighbor preservation, no device allocation, exact backing history/events, RAM-code visibility, selective/global flush
mkdir -p /tmp/aster-phase7-dma-regressions-694ae0e/build/dma_cache_l11_w8_n4
verilator --cc --exe --build --timing --Wall --unroll-count 2048 --unroll-stmts 100000 --assert -DASTER_COHERENCE_ASSERT \
	--top-module aster_coherent_cache "-GENABLE_CACHE=1'b1" "-GENABLE_DMA=1'b1" \
	-GLINE_WORDS=8 -GLINE_COUNT=4 \
	-CFLAGS '-DASTER_CACHE_ENABLE=1 -DASTER_LINE_WORDS=8 -DASTER_LINE_COUNT=4' \
	--Mdir /tmp/aster-phase7-dma-regressions-694ae0e/build/dma_cache_l11_w8_n4/obj -o /tmp/aster-phase7-dma-regressions-694ae0e/build/dma_cache_l11_w8_n4/aster_dma_cache_sim \
	/tmp/aster-phase7-regression-source-IZ343g/rtl/cache/aster_coherent_cache.sv /tmp/aster-phase7-regression-source-IZ343g/verification/unit/tb_aster_dma_cache.cpp
make[2]: warning: jobserver unavailable: using -j1.  Add '+' to parent make rule.
g++  -I.  -MMD -I/home/elfo/tools/verilator/root/include -I/home/elfo/tools/verilator/root/include/vltstd -DVM_COVERAGE=0 -DVM_SC=0 -DVM_TRACE=0 -DVM_TRACE_FST=0 -DVM_TRACE_VCD=0 -faligned-new -fcf-protection=none -Wno-bool-operation -Wno-overloaded-virtual -Wno-shadow -Wno-sign-compare -Wno-uninitialized -Wno-unused-but-set-parameter -Wno-unused-but-set-variable -Wno-unused-parameter -Wno-unused-variable     -DASTER_CACHE_ENABLE=1 -DASTER_LINE_WORDS=8 -DASTER_LINE_COUNT=4   -Os -c -o tb_aster_dma_cache.o /tmp/aster-phase7-regression-source-IZ343g/verification/unit/tb_aster_dma_cache.cpp
g++ -Os  -I.  -MMD -I/home/elfo/tools/verilator/root/include -I/home/elfo/tools/verilator/root/include/vltstd -DVM_COVERAGE=0 -DVM_SC=0 -DVM_TRACE=0 -DVM_TRACE_FST=0 -DVM_TRACE_VCD=0 -faligned-new -fcf-protection=none -Wno-bool-operation -Wno-overloaded-virtual -Wno-shadow -Wno-sign-compare -Wno-uninitialized -Wno-unused-but-set-parameter -Wno-unused-but-set-variable -Wno-unused-parameter -Wno-unused-variable     -DASTER_CACHE_ENABLE=1 -DASTER_LINE_WORDS=8 -DASTER_LINE_COUNT=4   -c -o verilated.o /home/elfo/tools/verilator/root/include/verilated.cpp
g++ -Os  -I.  -MMD -I/home/elfo/tools/verilator/root/include -I/home/elfo/tools/verilator/root/include/vltstd -DVM_COVERAGE=0 -DVM_SC=0 -DVM_TRACE=0 -DVM_TRACE_FST=0 -DVM_TRACE_VCD=0 -faligned-new -fcf-protection=none -Wno-bool-operation -Wno-overloaded-virtual -Wno-shadow -Wno-sign-compare -Wno-uninitialized -Wno-unused-but-set-parameter -Wno-unused-but-set-variable -Wno-unused-parameter -Wno-unused-variable     -DASTER_CACHE_ENABLE=1 -DASTER_LINE_WORDS=8 -DASTER_LINE_COUNT=4   -c -o verilated_threads.o /home/elfo/tools/verilator/root/include/verilated_threads.cpp
/usr/bin/python3 /home/elfo/tools/verilator/root/bin/verilator_includer -DVL_INCLUDE_OPT=include Vaster_coherent_cache.cpp Vaster_coherent_cache___024root__DepSet_h70c9d35b__0.cpp Vaster_coherent_cache___024root__DepSet_ha6ca8359__0.cpp Vaster_coherent_cache___024root__Slow.cpp Vaster_coherent_cache___024root__DepSet_h70c9d35b__0__Slow.cpp Vaster_coherent_cache___024root__DepSet_ha6ca8359__0__Slow.cpp Vaster_coherent_cache__Syms.cpp > Vaster_coherent_cache__ALL.cpp
g++ -Os  -I.  -MMD -I/home/elfo/tools/verilator/root/include -I/home/elfo/tools/verilator/root/include/vltstd -DVM_COVERAGE=0 -DVM_SC=0 -DVM_TRACE=0 -DVM_TRACE_FST=0 -DVM_TRACE_VCD=0 -faligned-new -fcf-protection=none -Wno-bool-operation -Wno-overloaded-virtual -Wno-shadow -Wno-sign-compare -Wno-uninitialized -Wno-unused-but-set-parameter -Wno-unused-but-set-variable -Wno-unused-parameter -Wno-unused-variable     -DASTER_CACHE_ENABLE=1 -DASTER_LINE_WORDS=8 -DASTER_LINE_COUNT=4   -c -o Vaster_coherent_cache__ALL.o Vaster_coherent_cache__ALL.cpp
echo "" > Vaster_coherent_cache__ALL.verilator_deplist.tmp
Archive ar -rcs Vaster_coherent_cache__ALL.a Vaster_coherent_cache__ALL.o
g++     tb_aster_dma_cache.o verilated.o verilated_threads.o Vaster_coherent_cache__ALL.a    -pthread -lpthread -latomic   -o /tmp/aster-phase7-dma-regressions-694ae0e/build/dma_cache_l11_w8_n4/aster_dma_cache_sim
rm Vaster_coherent_cache__ALL.verilator_deplist.tmp
PASS: DMA cache enabled=1 geometry=8x4 seed=1 delay=0 cpu=3110 device=1466 forward=91 invalidated=117 dirty_words=448 commits=1297 flushes=136 stalls=0; latest-byte oracle, M/S/I snoops, whole-line dirty neighbor preservation, no device allocation, exact backing history/events, RAM-code visibility, selective/global flush
PASS: DMA cache enabled=1 geometry=8x4 seed=1 delay=1 cpu=3110 device=1466 forward=91 invalidated=117 dirty_words=448 commits=1297 flushes=136 stalls=40127; latest-byte oracle, M/S/I snoops, whole-line dirty neighbor preservation, no device allocation, exact backing history/events, RAM-code visibility, selective/global flush
PASS: DMA cache enabled=1 geometry=8x4 seed=1 delay=17 cpu=3110 device=1466 forward=91 invalidated=117 dirty_words=448 commits=1297 flushes=136 stalls=682159; latest-byte oracle, M/S/I snoops, whole-line dirty neighbor preservation, no device allocation, exact backing history/events, RAM-code visibility, selective/global flush
PASS: DMA cache enabled=1 geometry=8x4 seed=1 delay=-1 cpu=3118 device=1458 forward=94 invalidated=134 dirty_words=584 commits=1295 flushes=136 stalls=811045; latest-byte oracle, M/S/I snoops, whole-line dirty neighbor preservation, no device allocation, exact backing history/events, RAM-code visibility, selective/global flush
PASS: DMA cache enabled=1 geometry=8x4 seed=677863 delay=0 cpu=3012 device=1564 forward=93 invalidated=122 dirty_words=488 commits=1380 flushes=136 stalls=0; latest-byte oracle, M/S/I snoops, whole-line dirty neighbor preservation, no device allocation, exact backing history/events, RAM-code visibility, selective/global flush
PASS: DMA cache enabled=1 geometry=8x4 seed=677863 delay=1 cpu=3012 device=1564 forward=93 invalidated=122 dirty_words=488 commits=1380 flushes=136 stalls=39491; latest-byte oracle, M/S/I snoops, whole-line dirty neighbor preservation, no device allocation, exact backing history/events, RAM-code visibility, selective/global flush
PASS: DMA cache enabled=1 geometry=8x4 seed=677863 delay=17 cpu=3012 device=1564 forward=93 invalidated=122 dirty_words=488 commits=1380 flushes=136 stalls=671347; latest-byte oracle, M/S/I snoops, whole-line dirty neighbor preservation, no device allocation, exact backing history/events, RAM-code visibility, selective/global flush
PASS: DMA cache enabled=1 geometry=8x4 seed=677863 delay=-1 cpu=3054 device=1522 forward=93 invalidated=121 dirty_words=488 commits=1347 flushes=136 stalls=801605; latest-byte oracle, M/S/I snoops, whole-line dirty neighbor preservation, no device allocation, exact backing history/events, RAM-code visibility, selective/global flush
PASS: DMA cache enabled=1 geometry=8x4 seed=12648430 delay=0 cpu=3068 device=1508 forward=93 invalidated=133 dirty_words=576 commits=1338 flushes=136 stalls=0; latest-byte oracle, M/S/I snoops, whole-line dirty neighbor preservation, no device allocation, exact backing history/events, RAM-code visibility, selective/global flush
PASS: DMA cache enabled=1 geometry=8x4 seed=12648430 delay=1 cpu=3068 device=1508 forward=93 invalidated=133 dirty_words=576 commits=1338 flushes=136 stalls=40212; latest-byte oracle, M/S/I snoops, whole-line dirty neighbor preservation, no device allocation, exact backing history/events, RAM-code visibility, selective/global flush
PASS: DMA cache enabled=1 geometry=8x4 seed=12648430 delay=17 cpu=3068 device=1508 forward=93 invalidated=133 dirty_words=576 commits=1338 flushes=136 stalls=683604; latest-byte oracle, M/S/I snoops, whole-line dirty neighbor preservation, no device allocation, exact backing history/events, RAM-code visibility, selective/global flush
PASS: DMA cache enabled=1 geometry=8x4 seed=12648430 delay=-1 cpu=3085 device=1491 forward=91 invalidated=125 dirty_words=520 commits=1316 flushes=136 stalls=812181; latest-byte oracle, M/S/I snoops, whole-line dirty neighbor preservation, no device allocation, exact backing history/events, RAM-code visibility, selective/global flush
mkdir -p /tmp/aster-phase7-dma-regressions-694ae0e/build/dma_cache_l11_w8_n16
verilator --cc --exe --build --timing --Wall --unroll-count 2048 --unroll-stmts 100000 --assert -DASTER_COHERENCE_ASSERT \
	--top-module aster_coherent_cache "-GENABLE_CACHE=1'b1" "-GENABLE_DMA=1'b1" \
	-GLINE_WORDS=8 -GLINE_COUNT=16 \
	-CFLAGS '-DASTER_CACHE_ENABLE=1 -DASTER_LINE_WORDS=8 -DASTER_LINE_COUNT=16' \
	--Mdir /tmp/aster-phase7-dma-regressions-694ae0e/build/dma_cache_l11_w8_n16/obj -o /tmp/aster-phase7-dma-regressions-694ae0e/build/dma_cache_l11_w8_n16/aster_dma_cache_sim \
	/tmp/aster-phase7-regression-source-IZ343g/rtl/cache/aster_coherent_cache.sv /tmp/aster-phase7-regression-source-IZ343g/verification/unit/tb_aster_dma_cache.cpp
make[2]: warning: jobserver unavailable: using -j1.  Add '+' to parent make rule.
g++  -I.  -MMD -I/home/elfo/tools/verilator/root/include -I/home/elfo/tools/verilator/root/include/vltstd -DVM_COVERAGE=0 -DVM_SC=0 -DVM_TRACE=0 -DVM_TRACE_FST=0 -DVM_TRACE_VCD=0 -faligned-new -fcf-protection=none -Wno-bool-operation -Wno-overloaded-virtual -Wno-shadow -Wno-sign-compare -Wno-uninitialized -Wno-unused-but-set-parameter -Wno-unused-but-set-variable -Wno-unused-parameter -Wno-unused-variable     -DASTER_CACHE_ENABLE=1 -DASTER_LINE_WORDS=8 -DASTER_LINE_COUNT=16   -Os -c -o tb_aster_dma_cache.o /tmp/aster-phase7-regression-source-IZ343g/verification/unit/tb_aster_dma_cache.cpp
g++ -Os  -I.  -MMD -I/home/elfo/tools/verilator/root/include -I/home/elfo/tools/verilator/root/include/vltstd -DVM_COVERAGE=0 -DVM_SC=0 -DVM_TRACE=0 -DVM_TRACE_FST=0 -DVM_TRACE_VCD=0 -faligned-new -fcf-protection=none -Wno-bool-operation -Wno-overloaded-virtual -Wno-shadow -Wno-sign-compare -Wno-uninitialized -Wno-unused-but-set-parameter -Wno-unused-but-set-variable -Wno-unused-parameter -Wno-unused-variable     -DASTER_CACHE_ENABLE=1 -DASTER_LINE_WORDS=8 -DASTER_LINE_COUNT=16   -c -o verilated.o /home/elfo/tools/verilator/root/include/verilated.cpp
g++ -Os  -I.  -MMD -I/home/elfo/tools/verilator/root/include -I/home/elfo/tools/verilator/root/include/vltstd -DVM_COVERAGE=0 -DVM_SC=0 -DVM_TRACE=0 -DVM_TRACE_FST=0 -DVM_TRACE_VCD=0 -faligned-new -fcf-protection=none -Wno-bool-operation -Wno-overloaded-virtual -Wno-shadow -Wno-sign-compare -Wno-uninitialized -Wno-unused-but-set-parameter -Wno-unused-but-set-variable -Wno-unused-parameter -Wno-unused-variable     -DASTER_CACHE_ENABLE=1 -DASTER_LINE_WORDS=8 -DASTER_LINE_COUNT=16   -c -o verilated_threads.o /home/elfo/tools/verilator/root/include/verilated_threads.cpp
/usr/bin/python3 /home/elfo/tools/verilator/root/bin/verilator_includer -DVL_INCLUDE_OPT=include Vaster_coherent_cache.cpp Vaster_coherent_cache___024root__DepSet_h70c9d35b__0.cpp Vaster_coherent_cache___024root__DepSet_ha6ca8359__0.cpp Vaster_coherent_cache___024root__Slow.cpp Vaster_coherent_cache___024root__DepSet_h70c9d35b__0__Slow.cpp Vaster_coherent_cache___024root__DepSet_ha6ca8359__0__Slow.cpp Vaster_coherent_cache__Syms.cpp > Vaster_coherent_cache__ALL.cpp
g++ -Os  -I.  -MMD -I/home/elfo/tools/verilator/root/include -I/home/elfo/tools/verilator/root/include/vltstd -DVM_COVERAGE=0 -DVM_SC=0 -DVM_TRACE=0 -DVM_TRACE_FST=0 -DVM_TRACE_VCD=0 -faligned-new -fcf-protection=none -Wno-bool-operation -Wno-overloaded-virtual -Wno-shadow -Wno-sign-compare -Wno-uninitialized -Wno-unused-but-set-parameter -Wno-unused-but-set-variable -Wno-unused-parameter -Wno-unused-variable     -DASTER_CACHE_ENABLE=1 -DASTER_LINE_WORDS=8 -DASTER_LINE_COUNT=16   -c -o Vaster_coherent_cache__ALL.o Vaster_coherent_cache__ALL.cpp
echo "" > Vaster_coherent_cache__ALL.verilator_deplist.tmp
Archive ar -rcs Vaster_coherent_cache__ALL.a Vaster_coherent_cache__ALL.o
g++     tb_aster_dma_cache.o verilated.o verilated_threads.o Vaster_coherent_cache__ALL.a    -pthread -lpthread -latomic   -o /tmp/aster-phase7-dma-regressions-694ae0e/build/dma_cache_l11_w8_n16/aster_dma_cache_sim
rm Vaster_coherent_cache__ALL.verilator_deplist.tmp
PASS: DMA cache enabled=1 geometry=8x16 seed=1 delay=0 cpu=3110 device=1466 forward=94 invalidated=181 dirty_words=936 commits=1297 flushes=136 stalls=0; latest-byte oracle, M/S/I snoops, whole-line dirty neighbor preservation, no device allocation, exact backing history/events, RAM-code visibility, selective/global flush
PASS: DMA cache enabled=1 geometry=8x16 seed=1 delay=1 cpu=3110 device=1466 forward=94 invalidated=181 dirty_words=936 commits=1297 flushes=136 stalls=38833; latest-byte oracle, M/S/I snoops, whole-line dirty neighbor preservation, no device allocation, exact backing history/events, RAM-code visibility, selective/global flush
PASS: DMA cache enabled=1 geometry=8x16 seed=1 delay=17 cpu=3110 device=1466 forward=94 invalidated=181 dirty_words=936 commits=1297 flushes=136 stalls=660161; latest-byte oracle, M/S/I snoops, whole-line dirty neighbor preservation, no device allocation, exact backing history/events, RAM-code visibility, selective/global flush
PASS: DMA cache enabled=1 geometry=8x16 seed=1 delay=-1 cpu=3060 device=1516 forward=96 invalidated=180 dirty_words=904 commits=1318 flushes=136 stalls=786627; latest-byte oracle, M/S/I snoops, whole-line dirty neighbor preservation, no device allocation, exact backing history/events, RAM-code visibility, selective/global flush
PASS: DMA cache enabled=1 geometry=8x16 seed=677863 delay=0 cpu=3012 device=1564 forward=98 invalidated=196 dirty_words=1024 commits=1380 flushes=136 stalls=0; latest-byte oracle, M/S/I snoops, whole-line dirty neighbor preservation, no device allocation, exact backing history/events, RAM-code visibility, selective/global flush
PASS: DMA cache enabled=1 geometry=8x16 seed=677863 delay=1 cpu=3012 device=1564 forward=98 invalidated=196 dirty_words=1024 commits=1380 flushes=136 stalls=38703; latest-byte oracle, M/S/I snoops, whole-line dirty neighbor preservation, no device allocation, exact backing history/events, RAM-code visibility, selective/global flush
PASS: DMA cache enabled=1 geometry=8x16 seed=677863 delay=17 cpu=3012 device=1564 forward=98 invalidated=196 dirty_words=1024 commits=1380 flushes=136 stalls=657951; latest-byte oracle, M/S/I snoops, whole-line dirty neighbor preservation, no device allocation, exact backing history/events, RAM-code visibility, selective/global flush
PASS: DMA cache enabled=1 geometry=8x16 seed=677863 delay=-1 cpu=3060 device=1516 forward=94 invalidated=198 dirty_words=1032 commits=1349 flushes=136 stalls=784289; latest-byte oracle, M/S/I snoops, whole-line dirty neighbor preservation, no device allocation, exact backing history/events, RAM-code visibility, selective/global flush
PASS: DMA cache enabled=1 geometry=8x16 seed=12648430 delay=0 cpu=3068 device=1508 forward=99 invalidated=190 dirty_words=1008 commits=1338 flushes=136 stalls=0; latest-byte oracle, M/S/I snoops, whole-line dirty neighbor preservation, no device allocation, exact backing history/events, RAM-code visibility, selective/global flush
PASS: DMA cache enabled=1 geometry=8x16 seed=12648430 delay=1 cpu=3068 device=1508 forward=99 invalidated=190 dirty_words=1008 commits=1338 flushes=136 stalls=39285; latest-byte oracle, M/S/I snoops, whole-line dirty neighbor preservation, no device allocation, exact backing history/events, RAM-code visibility, selective/global flush
PASS: DMA cache enabled=1 geometry=8x16 seed=12648430 delay=17 cpu=3068 device=1508 forward=99 invalidated=190 dirty_words=1008 commits=1338 flushes=136 stalls=667845; latest-byte oracle, M/S/I snoops, whole-line dirty neighbor preservation, no device allocation, exact backing history/events, RAM-code visibility, selective/global flush
PASS: DMA cache enabled=1 geometry=8x16 seed=12648430 delay=-1 cpu=3084 device=1492 forward=100 invalidated=187 dirty_words=928 commits=1321 flushes=136 stalls=790070; latest-byte oracle, M/S/I snoops, whole-line dirty neighbor preservation, no device allocation, exact backing history/events, RAM-code visibility, selective/global flush
