Copyright 1986-2022 Xilinx, Inc. All Rights Reserved. Copyright 2022-2025 Advanced Micro Devices, Inc. All Rights Reserved.
---------------------------------------------------------------------------------------------------------------------------------------------
| Tool Version : Vivado v.2025.1 (lin64) Build 6140274 Wed May 21 22:58:25 MDT 2025
| Date         : Tue Oct  6 06:27:57 2026
| Host         : gondor running 64-bit Ubuntu 24.04.5 LTS
| Command      : report_timing_summary -max_paths 10 -file /home/elfo/Documents/Aster/build/timing/fpga/npu2_s2/timing_summary.rpt
| Design       : aster_npu2
| Device       : 7z020-clg400
| Speed File   : -1  PRODUCTION 1.12 2019-11-22
| Design State : Routed
---------------------------------------------------------------------------------------------------------------------------------------------

Timing Summary Report

------------------------------------------------------------------------------------------------
| Timer Settings
| --------------
------------------------------------------------------------------------------------------------

  Enable Multi Corner Analysis               :  Yes
  Enable Pessimism Removal                   :  Yes
  Pessimism Removal Resolution               :  Nearest Common Node
  Enable Input Delay Default Clock           :  No
  Enable Preset / Clear Arcs                 :  No
  Disable Flight Delays                      :  No
  Ignore I/O Paths                           :  No
  Timing Early Launch at Borrowing Latches   :  No
  Borrow Time for Max Delay Exceptions       :  Yes
  Merge Timing Exceptions                    :  Yes
  Inter-SLR Compensation                     :  Conservative

  Corner  Analyze    Analyze    
  Name    Max Paths  Min Paths  
  ------  ---------  ---------  
  Slow    Yes        Yes        
  Fast    Yes        Yes        


------------------------------------------------------------------------------------------------
| Report Methodology
| ------------------
------------------------------------------------------------------------------------------------

No report available as report_methodology has not been run prior. Run report_methodology on the current design for the summary of methodology violations.



check_timing report

Table of Contents
-----------------
1. checking no_clock (0)
2. checking constant_clock (0)
3. checking pulse_width_clock (0)
4. checking unconstrained_internal_endpoints (0)
5. checking no_input_delay (86)
6. checking no_output_delay (99)
7. checking multiple_clock (0)
8. checking generated_clocks (0)
9. checking loops (0)
10. checking partial_input_delay (0)
11. checking partial_output_delay (0)
12. checking latch_loops (0)

1. checking no_clock (0)
------------------------
 There are 0 register/latch pins with no clock.


2. checking constant_clock (0)
------------------------------
 There are 0 register/latch pins with constant_clock.


3. checking pulse_width_clock (0)
---------------------------------
 There are 0 register/latch pins which need pulse_width check


4. checking unconstrained_internal_endpoints (0)
------------------------------------------------
 There are 0 pins that are not constrained for maximum delay.

 There are 0 pins that are not constrained for maximum delay due to constant clock.


5. checking no_input_delay (86)
-------------------------------
 There are 86 input ports with no input delay specified. (HIGH)

 There are 0 input ports with no input delay but user has a false path constraint.


6. checking no_output_delay (99)
--------------------------------
 There are 99 ports with no output delay specified. (HIGH)

 There are 0 ports with no output delay but user has a false path constraint

 There are 0 ports with no output delay but with a timing clock defined on it or propagating through it


7. checking multiple_clock (0)
------------------------------
 There are 0 register/latch pins with multiple clocks.


8. checking generated_clocks (0)
--------------------------------
 There are 0 generated clocks that are not connected to a clock source.


9. checking loops (0)
---------------------
 There are 0 combinational loops in the design.


10. checking partial_input_delay (0)
------------------------------------
 There are 0 input ports with partial input delay specified.


11. checking partial_output_delay (0)
-------------------------------------
 There are 0 ports with partial output delay specified.


12. checking latch_loops (0)
----------------------------
 There are 0 combinational latch loops in the design through latch input



------------------------------------------------------------------------------------------------
| Design Timing Summary
| ---------------------
------------------------------------------------------------------------------------------------

    WNS(ns)      TNS(ns)  TNS Failing Endpoints  TNS Total Endpoints      WHS(ns)      THS(ns)  THS Failing Endpoints  THS Total Endpoints     WPWS(ns)     TPWS(ns)  TPWS Failing Endpoints  TPWS Total Endpoints  
    -------      -------  ---------------------  -------------------      -------      -------  ---------------------  -------------------     --------     --------  ----------------------  --------------------  
      0.721        0.000                      0                12278        0.079        0.000                      0                12278        3.750        0.000                       0                  4882  


All user specified timing constraints are met.


------------------------------------------------------------------------------------------------
| Clock Summary
| -------------
------------------------------------------------------------------------------------------------

Clock  Waveform(ns)       Period(ns)      Frequency(MHz)
-----  ------------       ----------      --------------
clk    {0.000 5.000}      10.000          100.000         


------------------------------------------------------------------------------------------------
| Intra Clock Table
| -----------------
------------------------------------------------------------------------------------------------

Clock             WNS(ns)      TNS(ns)  TNS Failing Endpoints  TNS Total Endpoints      WHS(ns)      THS(ns)  THS Failing Endpoints  THS Total Endpoints     WPWS(ns)     TPWS(ns)  TPWS Failing Endpoints  TPWS Total Endpoints  
-----             -------      -------  ---------------------  -------------------      -------      -------  ---------------------  -------------------     --------     --------  ----------------------  --------------------  
clk                 0.721        0.000                      0                12278        0.079        0.000                      0                12278        3.750        0.000                       0                  4882  


------------------------------------------------------------------------------------------------
| Inter Clock Table
| -----------------
------------------------------------------------------------------------------------------------

From Clock    To Clock          WNS(ns)      TNS(ns)  TNS Failing Endpoints  TNS Total Endpoints      WHS(ns)      THS(ns)  THS Failing Endpoints  THS Total Endpoints  
----------    --------          -------      -------  ---------------------  -------------------      -------      -------  ---------------------  -------------------  


------------------------------------------------------------------------------------------------
| Other Path Groups Table
| -----------------------
------------------------------------------------------------------------------------------------

Path Group    From Clock    To Clock          WNS(ns)      TNS(ns)  TNS Failing Endpoints  TNS Total Endpoints      WHS(ns)      THS(ns)  THS Failing Endpoints  THS Total Endpoints  
----------    ----------    --------          -------      -------  ---------------------  -------------------      -------      -------  ---------------------  -------------------  


------------------------------------------------------------------------------------------------
| Timing Details
| --------------
------------------------------------------------------------------------------------------------


---------------------------------------------------------------------------------------------------
From Clock:  clk
  To Clock:  clk

Setup :            0  Failing Endpoints,  Worst Slack        0.721ns,  Total Violation        0.000ns
Hold  :            0  Failing Endpoints,  Worst Slack        0.079ns,  Total Violation        0.000ns
PW    :            0  Failing Endpoints,  Worst Slack        3.750ns,  Total Violation        0.000ns
---------------------------------------------------------------------------------------------------


Max Delay Paths
--------------------------------------------------------------------------------------
Slack (MET) :             0.721ns  (required time - arrival time)
  Source:                 engine/wr_r_reg[1]_rep/C
                            (rising edge-triggered cell FDRE clocked by clk  {rise@0.000ns fall@5.000ns period=10.000ns})
  Destination:            engine/wr_q_data_reg[28]/D
                            (rising edge-triggered cell FDRE clocked by clk  {rise@0.000ns fall@5.000ns period=10.000ns})
  Path Group:             clk
  Path Type:              Setup (Max at Slow Process Corner)
  Requirement:            10.000ns  (clk rise@10.000ns - clk rise@0.000ns)
  Data Path Delay:        9.313ns  (logic 3.139ns (33.704%)  route 6.174ns (66.296%))
  Logic Levels:           12  (CARRY4=6 LUT2=1 LUT3=2 LUT5=1 LUT6=2)
  Clock Path Skew:        -0.049ns (DCD - SCD + CPR)
    Destination Clock Delay (DCD):    0.924ns = ( 10.924 - 10.000 ) 
    Source Clock Delay      (SCD):    0.973ns
    Clock Pessimism Removal (CPR):    0.000ns
  Clock Uncertainty:      0.035ns  ((TSJ^2 + TIJ^2)^1/2 + DJ) / 2 + PE
    Total System Jitter     (TSJ):    0.071ns
    Total Input Jitter      (TIJ):    0.000ns
    Discrete Jitter          (DJ):    0.000ns
    Phase Error              (PE):    0.000ns

    Location             Delay type                Incr(ns)  Path(ns)    Netlist Resource(s)
  -------------------------------------------------------------------    -------------------
                         (clock clk rise edge)        0.000     0.000 r  
                                                      0.000     0.000 r  clk (IN)
                         net (fo=4881, unset)         0.973     0.973    engine/clk
    SLICE_X54Y99         FDRE                                         r  engine/wr_r_reg[1]_rep/C
  -------------------------------------------------------------------    -------------------
    SLICE_X54Y99         FDRE (Prop_fdre_C_Q)         0.518     1.491 r  engine/wr_r_reg[1]_rep/Q
                         net (fo=189, routed)         1.508     2.999    engine/wr_r_reg[1]_rep_n_0
    SLICE_X50Y79         LUT2 (Prop_lut2_I1_O)        0.124     3.123 f  engine/wr_q_data[29]_i_12/O
                         net (fo=16, routed)          1.389     4.512    engine/wr_q_data[29]_i_12_n_0
    SLICE_X67Y88         LUT6 (Prop_lut6_I1_O)        0.124     4.636 r  engine/wr_q_data[8]_i_5/O
                         net (fo=3, routed)           1.016     5.653    engine/wr_q_data[8]_i_5_n_0
    SLICE_X48Y88         LUT3 (Prop_lut3_I0_O)        0.118     5.771 r  engine/wr_q_data[11]_i_18/O
                         net (fo=2, routed)           0.979     6.749    engine/wr_q_data[11]_i_18_n_0
    SLICE_X50Y87         LUT5 (Prop_lut5_I4_O)        0.354     7.103 r  engine/wr_q_data[11]_i_6/O
                         net (fo=2, routed)           0.448     7.552    engine/wr_q_data[11]_i_6_n_0
    SLICE_X51Y90         LUT6 (Prop_lut6_I3_O)        0.348     7.900 r  engine/wr_q_data[11]_i_10/O
                         net (fo=1, routed)           0.000     7.900    engine/wr_q_data[11]_i_10_n_0
    SLICE_X51Y90         CARRY4 (Prop_carry4_S[1]_CO[3])
                                                      0.550     8.450 r  engine/wr_q_data_reg[11]_i_2/CO[3]
                         net (fo=1, routed)           0.000     8.450    engine/wr_q_data_reg[11]_i_2_n_0
    SLICE_X51Y91         CARRY4 (Prop_carry4_CI_CO[3])
                                                      0.114     8.564 r  engine/wr_q_data_reg[15]_i_2/CO[3]
                         net (fo=1, routed)           0.000     8.564    engine/wr_q_data_reg[15]_i_2_n_0
    SLICE_X51Y92         CARRY4 (Prop_carry4_CI_CO[3])
                                                      0.114     8.678 r  engine/wr_q_data_reg[19]_i_2/CO[3]
                         net (fo=1, routed)           0.000     8.678    engine/wr_q_data_reg[19]_i_2_n_0
    SLICE_X51Y93         CARRY4 (Prop_carry4_CI_CO[3])
                                                      0.114     8.792 r  engine/wr_q_data_reg[23]_i_2/CO[3]
                         net (fo=1, routed)           0.000     8.792    engine/wr_q_data_reg[23]_i_2_n_0
    SLICE_X51Y94         CARRY4 (Prop_carry4_CI_CO[3])
                                                      0.114     8.906 r  engine/wr_q_data_reg[27]_i_2/CO[3]
                         net (fo=1, routed)           0.000     8.906    engine/wr_q_data_reg[27]_i_2_n_0
    SLICE_X51Y95         CARRY4 (Prop_carry4_CI_O[0])
                                                      0.222     9.128 r  engine/wr_q_data_reg[31]_i_4/O[0]
                         net (fo=1, routed)           0.834     9.961    engine/wr_rowsum[28]
    SLICE_X50Y94         LUT3 (Prop_lut3_I1_O)        0.325    10.286 r  engine/wr_q_data[28]_i_1/O
                         net (fo=1, routed)           0.000    10.286    engine/wr_q_data[28]_i_1_n_0
    SLICE_X50Y94         FDRE                                         r  engine/wr_q_data_reg[28]/D
  -------------------------------------------------------------------    -------------------

                         (clock clk rise edge)       10.000    10.000 r  
                                                      0.000    10.000 r  clk (IN)
                         net (fo=4881, unset)         0.924    10.924    engine/clk
    SLICE_X50Y94         FDRE                                         r  engine/wr_q_data_reg[28]/C
                         clock pessimism              0.000    10.924    
                         clock uncertainty           -0.035    10.889    
    SLICE_X50Y94         FDRE (Setup_fdre_C_D)        0.118    11.007    engine/wr_q_data_reg[28]
  -------------------------------------------------------------------
                         required time                         11.007    
                         arrival time                         -10.286    
  -------------------------------------------------------------------
                         slack                                  0.721    

Slack (MET) :             0.741ns  (required time - arrival time)
  Source:                 engine/wr_r_reg[1]_rep/C
                            (rising edge-triggered cell FDRE clocked by clk  {rise@0.000ns fall@5.000ns period=10.000ns})
  Destination:            engine/wr_q_data_reg[9]/D
                            (rising edge-triggered cell FDRE clocked by clk  {rise@0.000ns fall@5.000ns period=10.000ns})
  Path Group:             clk
  Path Type:              Setup (Max at Slow Process Corner)
  Requirement:            10.000ns  (clk rise@10.000ns - clk rise@0.000ns)
  Data Path Delay:        9.206ns  (logic 2.746ns (29.827%)  route 6.460ns (70.173%))
  Logic Levels:           8  (CARRY4=2 LUT2=2 LUT3=1 LUT5=1 LUT6=2)
  Clock Path Skew:        -0.049ns (DCD - SCD + CPR)
    Destination Clock Delay (DCD):    0.924ns = ( 10.924 - 10.000 ) 
    Source Clock Delay      (SCD):    0.973ns
    Clock Pessimism Removal (CPR):    0.000ns
  Clock Uncertainty:      0.035ns  ((TSJ^2 + TIJ^2)^1/2 + DJ) / 2 + PE
    Total System Jitter     (TSJ):    0.071ns
    Total Input Jitter      (TIJ):    0.000ns
    Discrete Jitter          (DJ):    0.000ns
    Phase Error              (PE):    0.000ns

    Location             Delay type                Incr(ns)  Path(ns)    Netlist Resource(s)
  -------------------------------------------------------------------    -------------------
                         (clock clk rise edge)        0.000     0.000 r  
                                                      0.000     0.000 r  clk (IN)
                         net (fo=4881, unset)         0.973     0.973    engine/clk
    SLICE_X54Y99         FDRE                                         r  engine/wr_r_reg[1]_rep/C
  -------------------------------------------------------------------    -------------------
    SLICE_X54Y99         FDRE (Prop_fdre_C_Q)         0.518     1.491 f  engine/wr_r_reg[1]_rep/Q
                         net (fo=189, routed)         1.508     2.999    engine/wr_r_reg[1]_rep_n_0
    SLICE_X50Y79         LUT2 (Prop_lut2_I1_O)        0.124     3.123 r  engine/wr_q_data[29]_i_12/O
                         net (fo=16, routed)          1.279     4.402    engine/wr_q_data[29]_i_12_n_0
    SLICE_X66Y83         LUT6 (Prop_lut6_I1_O)        0.124     4.526 r  engine/wr_q_data[3]_i_12/O
                         net (fo=4, routed)           1.188     5.714    engine/wr_q_data[3]_i_12_n_0
    SLICE_X53Y86         LUT3 (Prop_lut3_I0_O)        0.124     5.838 r  engine/wr_q_data[7]_i_19/O
                         net (fo=2, routed)           1.084     6.922    engine/wr_q_data[7]_i_19_n_0
    SLICE_X50Y89         LUT5 (Prop_lut5_I4_O)        0.153     7.075 r  engine/wr_q_data[7]_i_7/O
                         net (fo=2, routed)           0.533     7.608    engine/wr_q_data[7]_i_7_n_0
    SLICE_X51Y89         CARRY4 (Prop_carry4_DI[1]_CO[3])
                                                      0.714     8.322 r  engine/wr_q_data_reg[7]_i_2/CO[3]
                         net (fo=1, routed)           0.000     8.322    engine/wr_q_data_reg[7]_i_2_n_0
    SLICE_X51Y90         CARRY4 (Prop_carry4_CI_O[1])
                                                      0.334     8.656 r  engine/wr_q_data_reg[11]_i_2/O[1]
                         net (fo=1, routed)           0.714     9.370    engine/wr_rowsum[9]
    SLICE_X49Y91         LUT2 (Prop_lut2_I0_O)        0.329     9.699 r  engine/wr_q_data[9]_i_2/O
                         net (fo=1, routed)           0.154     9.853    engine/wr_q_data[9]_i_2_n_0
    SLICE_X49Y91         LUT6 (Prop_lut6_I0_O)        0.326    10.179 r  engine/wr_q_data[9]_i_1/O
                         net (fo=1, routed)           0.000    10.179    engine/wr_q_data[9]_i_1_n_0
    SLICE_X49Y91         FDRE                                         r  engine/wr_q_data_reg[9]/D
  -------------------------------------------------------------------    -------------------

                         (clock clk rise edge)       10.000    10.000 r  
                                                      0.000    10.000 r  clk (IN)
                         net (fo=4881, unset)         0.924    10.924    engine/clk
    SLICE_X49Y91         FDRE                                         r  engine/wr_q_data_reg[9]/C
                         clock pessimism              0.000    10.924    
                         clock uncertainty           -0.035    10.889    
    SLICE_X49Y91         FDRE (Setup_fdre_C_D)        0.031    10.920    engine/wr_q_data_reg[9]
  -------------------------------------------------------------------
                         required time                         10.920    
                         arrival time                         -10.179    
  -------------------------------------------------------------------
                         slack                                  0.741    

Slack (MET) :             0.759ns  (required time - arrival time)
  Source:                 engine/wr_r_reg[1]_rep/C
                            (rising edge-triggered cell FDRE clocked by clk  {rise@0.000ns fall@5.000ns period=10.000ns})
  Destination:            engine/wr_q_data_reg[30]/D
                            (rising edge-triggered cell FDRE clocked by clk  {rise@0.000ns fall@5.000ns period=10.000ns})
  Path Group:             clk
  Path Type:              Setup (Max at Slow Process Corner)
  Requirement:            10.000ns  (clk rise@10.000ns - clk rise@0.000ns)
  Data Path Delay:        9.232ns  (logic 3.158ns (34.206%)  route 6.074ns (65.794%))
  Logic Levels:           12  (CARRY4=6 LUT2=1 LUT3=2 LUT5=1 LUT6=2)
  Clock Path Skew:        -0.049ns (DCD - SCD + CPR)
    Destination Clock Delay (DCD):    0.924ns = ( 10.924 - 10.000 ) 
    Source Clock Delay      (SCD):    0.973ns
    Clock Pessimism Removal (CPR):    0.000ns
  Clock Uncertainty:      0.035ns  ((TSJ^2 + TIJ^2)^1/2 + DJ) / 2 + PE
    Total System Jitter     (TSJ):    0.071ns
    Total Input Jitter      (TIJ):    0.000ns
    Discrete Jitter          (DJ):    0.000ns
    Phase Error              (PE):    0.000ns

    Location             Delay type                Incr(ns)  Path(ns)    Netlist Resource(s)
  -------------------------------------------------------------------    -------------------
                         (clock clk rise edge)        0.000     0.000 r  
                                                      0.000     0.000 r  clk (IN)
                         net (fo=4881, unset)         0.973     0.973    engine/clk
    SLICE_X54Y99         FDRE                                         r  engine/wr_r_reg[1]_rep/C
  -------------------------------------------------------------------    -------------------
    SLICE_X54Y99         FDRE (Prop_fdre_C_Q)         0.518     1.491 r  engine/wr_r_reg[1]_rep/Q
                         net (fo=189, routed)         1.508     2.999    engine/wr_r_reg[1]_rep_n_0
    SLICE_X50Y79         LUT2 (Prop_lut2_I1_O)        0.124     3.123 f  engine/wr_q_data[29]_i_12/O
                         net (fo=16, routed)          1.389     4.512    engine/wr_q_data[29]_i_12_n_0
    SLICE_X67Y88         LUT6 (Prop_lut6_I1_O)        0.124     4.636 r  engine/wr_q_data[8]_i_5/O
                         net (fo=3, routed)           1.016     5.653    engine/wr_q_data[8]_i_5_n_0
    SLICE_X48Y88         LUT3 (Prop_lut3_I0_O)        0.118     5.771 r  engine/wr_q_data[11]_i_18/O
                         net (fo=2, routed)           0.979     6.749    engine/wr_q_data[11]_i_18_n_0
    SLICE_X50Y87         LUT5 (Prop_lut5_I4_O)        0.354     7.103 r  engine/wr_q_data[11]_i_6/O
                         net (fo=2, routed)           0.448     7.552    engine/wr_q_data[11]_i_6_n_0
    SLICE_X51Y90         LUT6 (Prop_lut6_I3_O)        0.348     7.900 r  engine/wr_q_data[11]_i_10/O
                         net (fo=1, routed)           0.000     7.900    engine/wr_q_data[11]_i_10_n_0
    SLICE_X51Y90         CARRY4 (Prop_carry4_S[1]_CO[3])
                                                      0.550     8.450 r  engine/wr_q_data_reg[11]_i_2/CO[3]
                         net (fo=1, routed)           0.000     8.450    engine/wr_q_data_reg[11]_i_2_n_0
    SLICE_X51Y91         CARRY4 (Prop_carry4_CI_CO[3])
                                                      0.114     8.564 r  engine/wr_q_data_reg[15]_i_2/CO[3]
                         net (fo=1, routed)           0.000     8.564    engine/wr_q_data_reg[15]_i_2_n_0
    SLICE_X51Y92         CARRY4 (Prop_carry4_CI_CO[3])
                                                      0.114     8.678 r  engine/wr_q_data_reg[19]_i_2/CO[3]
                         net (fo=1, routed)           0.000     8.678    engine/wr_q_data_reg[19]_i_2_n_0
    SLICE_X51Y93         CARRY4 (Prop_carry4_CI_CO[3])
                                                      0.114     8.792 r  engine/wr_q_data_reg[23]_i_2/CO[3]
                         net (fo=1, routed)           0.000     8.792    engine/wr_q_data_reg[23]_i_2_n_0
    SLICE_X51Y94         CARRY4 (Prop_carry4_CI_CO[3])
                                                      0.114     8.906 r  engine/wr_q_data_reg[27]_i_2/CO[3]
                         net (fo=1, routed)           0.000     8.906    engine/wr_q_data_reg[27]_i_2_n_0
    SLICE_X51Y95         CARRY4 (Prop_carry4_CI_O[2])
                                                      0.239     9.145 r  engine/wr_q_data_reg[31]_i_4/O[2]
                         net (fo=1, routed)           0.734     9.878    engine/wr_rowsum[30]
    SLICE_X48Y94         LUT3 (Prop_lut3_I1_O)        0.327    10.205 r  engine/wr_q_data[30]_i_1/O
                         net (fo=1, routed)           0.000    10.205    engine/wr_q_data[30]_i_1_n_0
    SLICE_X48Y94         FDRE                                         r  engine/wr_q_data_reg[30]/D
  -------------------------------------------------------------------    -------------------

                         (clock clk rise edge)       10.000    10.000 r  
                                                      0.000    10.000 r  clk (IN)
                         net (fo=4881, unset)         0.924    10.924    engine/clk
    SLICE_X48Y94         FDRE                                         r  engine/wr_q_data_reg[30]/C
                         clock pessimism              0.000    10.924    
                         clock uncertainty           -0.035    10.889    
    SLICE_X48Y94         FDRE (Setup_fdre_C_D)        0.075    10.964    engine/wr_q_data_reg[30]
  -------------------------------------------------------------------
                         required time                         10.964    
                         arrival time                         -10.205    
  -------------------------------------------------------------------
                         slack                                  0.759    

Slack (MET) :             0.804ns  (required time - arrival time)
  Source:                 engine/wr_r_reg[1]_rep/C
                            (rising edge-triggered cell FDRE clocked by clk  {rise@0.000ns fall@5.000ns period=10.000ns})
  Destination:            engine/wr_q_data_reg[29]/D
                            (rising edge-triggered cell FDRE clocked by clk  {rise@0.000ns fall@5.000ns period=10.000ns})
  Path Group:             clk
  Path Type:              Setup (Max at Slow Process Corner)
  Requirement:            10.000ns  (clk rise@10.000ns - clk rise@0.000ns)
  Data Path Delay:        9.144ns  (logic 3.229ns (35.314%)  route 5.915ns (64.686%))
  Logic Levels:           12  (CARRY4=6 LUT2=1 LUT3=2 LUT5=1 LUT6=2)
  Clock Path Skew:        -0.049ns (DCD - SCD + CPR)
    Destination Clock Delay (DCD):    0.924ns = ( 10.924 - 10.000 ) 
    Source Clock Delay      (SCD):    0.973ns
    Clock Pessimism Removal (CPR):    0.000ns
  Clock Uncertainty:      0.035ns  ((TSJ^2 + TIJ^2)^1/2 + DJ) / 2 + PE
    Total System Jitter     (TSJ):    0.071ns
    Total Input Jitter      (TIJ):    0.000ns
    Discrete Jitter          (DJ):    0.000ns
    Phase Error              (PE):    0.000ns

    Location             Delay type                Incr(ns)  Path(ns)    Netlist Resource(s)
  -------------------------------------------------------------------    -------------------
                         (clock clk rise edge)        0.000     0.000 r  
                                                      0.000     0.000 r  clk (IN)
                         net (fo=4881, unset)         0.973     0.973    engine/clk
    SLICE_X54Y99         FDRE                                         r  engine/wr_r_reg[1]_rep/C
  -------------------------------------------------------------------    -------------------
    SLICE_X54Y99         FDRE (Prop_fdre_C_Q)         0.518     1.491 r  engine/wr_r_reg[1]_rep/Q
                         net (fo=189, routed)         1.508     2.999    engine/wr_r_reg[1]_rep_n_0
    SLICE_X50Y79         LUT2 (Prop_lut2_I1_O)        0.124     3.123 f  engine/wr_q_data[29]_i_12/O
                         net (fo=16, routed)          1.389     4.512    engine/wr_q_data[29]_i_12_n_0
    SLICE_X67Y88         LUT6 (Prop_lut6_I1_O)        0.124     4.636 r  engine/wr_q_data[8]_i_5/O
                         net (fo=3, routed)           1.016     5.653    engine/wr_q_data[8]_i_5_n_0
    SLICE_X48Y88         LUT3 (Prop_lut3_I0_O)        0.118     5.771 r  engine/wr_q_data[11]_i_18/O
                         net (fo=2, routed)           0.979     6.749    engine/wr_q_data[11]_i_18_n_0
    SLICE_X50Y87         LUT5 (Prop_lut5_I4_O)        0.354     7.103 r  engine/wr_q_data[11]_i_6/O
                         net (fo=2, routed)           0.448     7.552    engine/wr_q_data[11]_i_6_n_0
    SLICE_X51Y90         LUT6 (Prop_lut6_I3_O)        0.348     7.900 r  engine/wr_q_data[11]_i_10/O
                         net (fo=1, routed)           0.000     7.900    engine/wr_q_data[11]_i_10_n_0
    SLICE_X51Y90         CARRY4 (Prop_carry4_S[1]_CO[3])
                                                      0.550     8.450 r  engine/wr_q_data_reg[11]_i_2/CO[3]
                         net (fo=1, routed)           0.000     8.450    engine/wr_q_data_reg[11]_i_2_n_0
    SLICE_X51Y91         CARRY4 (Prop_carry4_CI_CO[3])
                                                      0.114     8.564 r  engine/wr_q_data_reg[15]_i_2/CO[3]
                         net (fo=1, routed)           0.000     8.564    engine/wr_q_data_reg[15]_i_2_n_0
    SLICE_X51Y92         CARRY4 (Prop_carry4_CI_CO[3])
                                                      0.114     8.678 r  engine/wr_q_data_reg[19]_i_2/CO[3]
                         net (fo=1, routed)           0.000     8.678    engine/wr_q_data_reg[19]_i_2_n_0
    SLICE_X51Y93         CARRY4 (Prop_carry4_CI_CO[3])
                                                      0.114     8.792 r  engine/wr_q_data_reg[23]_i_2/CO[3]
                         net (fo=1, routed)           0.000     8.792    engine/wr_q_data_reg[23]_i_2_n_0
    SLICE_X51Y94         CARRY4 (Prop_carry4_CI_CO[3])
                                                      0.114     8.906 r  engine/wr_q_data_reg[27]_i_2/CO[3]
                         net (fo=1, routed)           0.000     8.906    engine/wr_q_data_reg[27]_i_2_n_0
    SLICE_X51Y95         CARRY4 (Prop_carry4_CI_O[1])
                                                      0.334     9.240 r  engine/wr_q_data_reg[31]_i_4/O[1]
                         net (fo=1, routed)           0.574     9.814    engine/wr_rowsum[29]
    SLICE_X48Y94         LUT3 (Prop_lut3_I1_O)        0.303    10.117 r  engine/wr_q_data[29]_i_1/O
                         net (fo=1, routed)           0.000    10.117    engine/wr_q_data[29]_i_1_n_0
    SLICE_X48Y94         FDRE                                         r  engine/wr_q_data_reg[29]/D
  -------------------------------------------------------------------    -------------------

                         (clock clk rise edge)       10.000    10.000 r  
                                                      0.000    10.000 r  clk (IN)
                         net (fo=4881, unset)         0.924    10.924    engine/clk
    SLICE_X48Y94         FDRE                                         r  engine/wr_q_data_reg[29]/C
                         clock pessimism              0.000    10.924    
                         clock uncertainty           -0.035    10.889    
    SLICE_X48Y94         FDRE (Setup_fdre_C_D)        0.032    10.921    engine/wr_q_data_reg[29]
  -------------------------------------------------------------------
                         required time                         10.921    
                         arrival time                         -10.117    
  -------------------------------------------------------------------
                         slack                                  0.804    

Slack (MET) :             0.808ns  (required time - arrival time)
  Source:                 engine/dmk_i_reg[1]/C
                            (rising edge-triggered cell FDRE clocked by clk  {rise@0.000ns fall@5.000ns period=10.000ns})
  Destination:            engine/dm_rem_reg[29]/D
                            (rising edge-triggered cell FDRE clocked by clk  {rise@0.000ns fall@5.000ns period=10.000ns})
  Path Group:             clk
  Path Type:              Setup (Max at Slow Process Corner)
  Requirement:            10.000ns  (clk rise@10.000ns - clk rise@0.000ns)
  Data Path Delay:        9.185ns  (logic 4.744ns (51.648%)  route 4.441ns (48.352%))
  Logic Levels:           19  (CARRY4=13 LUT2=1 LUT3=1 LUT4=1 LUT5=1 LUT6=2)
  Clock Path Skew:        -0.049ns (DCD - SCD + CPR)
    Destination Clock Delay (DCD):    0.924ns = ( 10.924 - 10.000 ) 
    Source Clock Delay      (SCD):    0.973ns
    Clock Pessimism Removal (CPR):    0.000ns
  Clock Uncertainty:      0.035ns  ((TSJ^2 + TIJ^2)^1/2 + DJ) / 2 + PE
    Total System Jitter     (TSJ):    0.071ns
    Total Input Jitter      (TIJ):    0.000ns
    Discrete Jitter          (DJ):    0.000ns
    Phase Error              (PE):    0.000ns

    Location             Delay type                Incr(ns)  Path(ns)    Netlist Resource(s)
  -------------------------------------------------------------------    -------------------
                         (clock clk rise edge)        0.000     0.000 r  
                                                      0.000     0.000 r  clk (IN)
                         net (fo=4881, unset)         0.973     0.973    engine/clk
    SLICE_X30Y107        FDRE                                         r  engine/dmk_i_reg[1]/C
  -------------------------------------------------------------------    -------------------
    SLICE_X30Y107        FDRE (Prop_fdre_C_Q)         0.478     1.451 r  engine/dmk_i_reg[1]/Q
                         net (fo=17, routed)          1.005     2.456    engine/dmk_i_reg_n_0_[1]
    SLICE_X29Y108        LUT6 (Prop_lut6_I2_O)        0.295     2.751 r  engine/dm_rem[3]_i_11/O
                         net (fo=1, routed)           0.575     3.326    engine/dm_rem[3]_i_11_n_0
    SLICE_X29Y108        LUT5 (Prop_lut5_I1_O)        0.150     3.476 r  engine/dm_rem[3]_i_9/O
                         net (fo=4, routed)           0.561     4.038    engine/dm_shift__0[0]
    SLICE_X29Y110        LUT4 (Prop_lut4_I2_O)        0.326     4.364 r  engine/dm_q[11]_i_41/O
                         net (fo=1, routed)           0.000     4.364    engine/dm_q[11]_i_41_n_0
    SLICE_X29Y110        CARRY4 (Prop_carry4_S[0]_CO[3])
                                                      0.532     4.896 r  engine/dm_q_reg[11]_i_25/CO[3]
                         net (fo=1, routed)           0.000     4.896    engine/dm_q_reg[11]_i_25_n_0
    SLICE_X29Y111        CARRY4 (Prop_carry4_CI_CO[3])
                                                      0.114     5.010 r  engine/dm_q_reg[11]_i_16/CO[3]
                         net (fo=1, routed)           0.000     5.010    engine/dm_q_reg[11]_i_16_n_0
    SLICE_X29Y112        CARRY4 (Prop_carry4_CI_CO[3])
                                                      0.114     5.124 r  engine/dm_q_reg[11]_i_7/CO[3]
                         net (fo=1, routed)           0.000     5.124    engine/dm_q_reg[11]_i_7_n_0
    SLICE_X29Y113        CARRY4 (Prop_carry4_CI_CO[3])
                                                      0.114     5.238 r  engine/dm_q_reg[11]_i_5/CO[3]
                         net (fo=1, routed)           0.000     5.238    engine/dm_q_reg[11]_i_5_n_0
    SLICE_X29Y114        CARRY4 (Prop_carry4_CI_CO[0])
                                                      0.271     5.509 r  engine/dm_q_reg[11]_i_4/CO[0]
                         net (fo=1, routed)           0.447     5.956    engine/dm_rem226_in
    SLICE_X28Y112        LUT6 (Prop_lut6_I5_O)        0.373     6.329 r  engine/dm_q[11]_i_2/O
                         net (fo=45, routed)          0.820     7.149    engine/dm_rem1
    SLICE_X27Y108        LUT3 (Prop_lut3_I1_O)        0.124     7.273 r  engine/dm_rem[3]_i_8/O
                         net (fo=1, routed)           0.000     7.273    engine/dm_rem[3]_i_8_n_0
    SLICE_X27Y108        CARRY4 (Prop_carry4_S[0]_CO[3])
                                                      0.532     7.805 r  engine/dm_rem_reg[3]_i_2/CO[3]
                         net (fo=1, routed)           0.000     7.805    engine/dm_rem_reg[3]_i_2_n_0
    SLICE_X27Y109        CARRY4 (Prop_carry4_CI_CO[3])
                                                      0.114     7.919 r  engine/dm_rem_reg[7]_i_2/CO[3]
                         net (fo=1, routed)           0.000     7.919    engine/dm_rem_reg[7]_i_2_n_0
    SLICE_X27Y110        CARRY4 (Prop_carry4_CI_CO[3])
                                                      0.114     8.033 r  engine/dm_rem_reg[11]_i_2/CO[3]
                         net (fo=1, routed)           0.000     8.033    engine/dm_rem_reg[11]_i_2_n_0
    SLICE_X27Y111        CARRY4 (Prop_carry4_CI_CO[3])
                                                      0.114     8.147 r  engine/dm_rem_reg[15]_i_2/CO[3]
                         net (fo=1, routed)           0.000     8.147    engine/dm_rem_reg[15]_i_2_n_0
    SLICE_X27Y112        CARRY4 (Prop_carry4_CI_CO[3])
                                                      0.114     8.261 r  engine/dm_rem_reg[19]_i_2/CO[3]
                         net (fo=1, routed)           0.000     8.261    engine/dm_rem_reg[19]_i_2_n_0
    SLICE_X27Y113        CARRY4 (Prop_carry4_CI_CO[3])
                                                      0.114     8.375 r  engine/dm_rem_reg[23]_i_2/CO[3]
                         net (fo=1, routed)           0.000     8.375    engine/dm_rem_reg[23]_i_2_n_0
    SLICE_X27Y114        CARRY4 (Prop_carry4_CI_CO[3])
                                                      0.114     8.489 r  engine/dm_rem_reg[27]_i_2/CO[3]
                         net (fo=1, routed)           0.000     8.489    engine/dm_rem_reg[27]_i_2_n_0
    SLICE_X27Y115        CARRY4 (Prop_carry4_CI_O[1])
                                                      0.334     8.823 r  engine/dm_rem_reg[31]_i_2/O[1]
                         net (fo=1, routed)           1.033     9.855    engine/dm_rem[29]
    SLICE_X34Y109        LUT2 (Prop_lut2_I1_O)        0.303    10.158 r  engine/dm_rem[29]_i_1/O
                         net (fo=1, routed)           0.000    10.158    engine/dm_rem[29]_i_1_n_0
    SLICE_X34Y109        FDRE                                         r  engine/dm_rem_reg[29]/D
  -------------------------------------------------------------------    -------------------

                         (clock clk rise edge)       10.000    10.000 r  
                                                      0.000    10.000 r  clk (IN)
                         net (fo=4881, unset)         0.924    10.924    engine/clk
    SLICE_X34Y109        FDRE                                         r  engine/dm_rem_reg[29]/C
                         clock pessimism              0.000    10.924    
                         clock uncertainty           -0.035    10.889    
    SLICE_X34Y109        FDRE (Setup_fdre_C_D)        0.077    10.966    engine/dm_rem_reg[29]
  -------------------------------------------------------------------
                         required time                         10.966    
                         arrival time                         -10.158    
  -------------------------------------------------------------------
                         slack                                  0.808    

Slack (MET) :             0.886ns  (required time - arrival time)
  Source:                 engine/wr_r_reg[1]_rep/C
                            (rising edge-triggered cell FDRE clocked by clk  {rise@0.000ns fall@5.000ns period=10.000ns})
  Destination:            engine/wr_q_data_reg[24]/D
                            (rising edge-triggered cell FDRE clocked by clk  {rise@0.000ns fall@5.000ns period=10.000ns})
  Path Group:             clk
  Path Type:              Setup (Max at Slow Process Corner)
  Requirement:            10.000ns  (clk rise@10.000ns - clk rise@0.000ns)
  Data Path Delay:        9.077ns  (logic 3.025ns (33.325%)  route 6.052ns (66.675%))
  Logic Levels:           11  (CARRY4=5 LUT2=1 LUT3=1 LUT4=1 LUT5=1 LUT6=2)
  Clock Path Skew:        -0.049ns (DCD - SCD + CPR)
    Destination Clock Delay (DCD):    0.924ns = ( 10.924 - 10.000 ) 
    Source Clock Delay      (SCD):    0.973ns
    Clock Pessimism Removal (CPR):    0.000ns
  Clock Uncertainty:      0.035ns  ((TSJ^2 + TIJ^2)^1/2 + DJ) / 2 + PE
    Total System Jitter     (TSJ):    0.071ns
    Total Input Jitter      (TIJ):    0.000ns
    Discrete Jitter          (DJ):    0.000ns
    Phase Error              (PE):    0.000ns

    Location             Delay type                Incr(ns)  Path(ns)    Netlist Resource(s)
  -------------------------------------------------------------------    -------------------
                         (clock clk rise edge)        0.000     0.000 r  
                                                      0.000     0.000 r  clk (IN)
                         net (fo=4881, unset)         0.973     0.973    engine/clk
    SLICE_X54Y99         FDRE                                         r  engine/wr_r_reg[1]_rep/C
  -------------------------------------------------------------------    -------------------
    SLICE_X54Y99         FDRE (Prop_fdre_C_Q)         0.518     1.491 r  engine/wr_r_reg[1]_rep/Q
                         net (fo=189, routed)         1.508     2.999    engine/wr_r_reg[1]_rep_n_0
    SLICE_X50Y79         LUT2 (Prop_lut2_I1_O)        0.124     3.123 f  engine/wr_q_data[29]_i_12/O
                         net (fo=16, routed)          1.389     4.512    engine/wr_q_data[29]_i_12_n_0
    SLICE_X67Y88         LUT6 (Prop_lut6_I1_O)        0.124     4.636 r  engine/wr_q_data[8]_i_5/O
                         net (fo=3, routed)           1.016     5.653    engine/wr_q_data[8]_i_5_n_0
    SLICE_X48Y88         LUT3 (Prop_lut3_I0_O)        0.118     5.771 r  engine/wr_q_data[11]_i_18/O
                         net (fo=2, routed)           0.979     6.749    engine/wr_q_data[11]_i_18_n_0
    SLICE_X50Y87         LUT5 (Prop_lut5_I4_O)        0.354     7.103 r  engine/wr_q_data[11]_i_6/O
                         net (fo=2, routed)           0.448     7.552    engine/wr_q_data[11]_i_6_n_0
    SLICE_X51Y90         LUT6 (Prop_lut6_I3_O)        0.348     7.900 r  engine/wr_q_data[11]_i_10/O
                         net (fo=1, routed)           0.000     7.900    engine/wr_q_data[11]_i_10_n_0
    SLICE_X51Y90         CARRY4 (Prop_carry4_S[1]_CO[3])
                                                      0.550     8.450 r  engine/wr_q_data_reg[11]_i_2/CO[3]
                         net (fo=1, routed)           0.000     8.450    engine/wr_q_data_reg[11]_i_2_n_0
    SLICE_X51Y91         CARRY4 (Prop_carry4_CI_CO[3])
                                                      0.114     8.564 r  engine/wr_q_data_reg[15]_i_2/CO[3]
                         net (fo=1, routed)           0.000     8.564    engine/wr_q_data_reg[15]_i_2_n_0
    SLICE_X51Y92         CARRY4 (Prop_carry4_CI_CO[3])
                                                      0.114     8.678 r  engine/wr_q_data_reg[19]_i_2/CO[3]
                         net (fo=1, routed)           0.000     8.678    engine/wr_q_data_reg[19]_i_2_n_0
    SLICE_X51Y93         CARRY4 (Prop_carry4_CI_CO[3])
                                                      0.114     8.792 r  engine/wr_q_data_reg[23]_i_2/CO[3]
                         net (fo=1, routed)           0.000     8.792    engine/wr_q_data_reg[23]_i_2_n_0
    SLICE_X51Y94         CARRY4 (Prop_carry4_CI_O[0])
                                                      0.222     9.014 r  engine/wr_q_data_reg[27]_i_2/O[0]
                         net (fo=1, routed)           0.712     9.725    engine/wr_rowsum[24]
    SLICE_X53Y93         LUT4 (Prop_lut4_I1_O)        0.325    10.050 r  engine/wr_q_data[24]_i_1/O
                         net (fo=1, routed)           0.000    10.050    engine/wr_q_data[24]_i_1_n_0
    SLICE_X53Y93         FDRE                                         r  engine/wr_q_data_reg[24]/D
  -------------------------------------------------------------------    -------------------

                         (clock clk rise edge)       10.000    10.000 r  
                                                      0.000    10.000 r  clk (IN)
                         net (fo=4881, unset)         0.924    10.924    engine/clk
    SLICE_X53Y93         FDRE                                         r  engine/wr_q_data_reg[24]/C
                         clock pessimism              0.000    10.924    
                         clock uncertainty           -0.035    10.889    
    SLICE_X53Y93         FDRE (Setup_fdre_C_D)        0.047    10.936    engine/wr_q_data_reg[24]
  -------------------------------------------------------------------
                         required time                         10.936    
                         arrival time                         -10.050    
  -------------------------------------------------------------------
                         slack                                  0.886    

Slack (MET) :             0.898ns  (required time - arrival time)
  Source:                 engine/wr_r_reg[1]_rep/C
                            (rising edge-triggered cell FDRE clocked by clk  {rise@0.000ns fall@5.000ns period=10.000ns})
  Destination:            engine/wr_q_data_reg[21]/D
                            (rising edge-triggered cell FDRE clocked by clk  {rise@0.000ns fall@5.000ns period=10.000ns})
  Path Group:             clk
  Path Type:              Setup (Max at Slow Process Corner)
  Requirement:            10.000ns  (clk rise@10.000ns - clk rise@0.000ns)
  Data Path Delay:        9.047ns  (logic 3.001ns (33.172%)  route 6.046ns (66.828%))
  Logic Levels:           10  (CARRY4=4 LUT2=1 LUT3=1 LUT4=1 LUT5=1 LUT6=2)
  Clock Path Skew:        -0.049ns (DCD - SCD + CPR)
    Destination Clock Delay (DCD):    0.924ns = ( 10.924 - 10.000 ) 
    Source Clock Delay      (SCD):    0.973ns
    Clock Pessimism Removal (CPR):    0.000ns
  Clock Uncertainty:      0.035ns  ((TSJ^2 + TIJ^2)^1/2 + DJ) / 2 + PE
    Total System Jitter     (TSJ):    0.071ns
    Total Input Jitter      (TIJ):    0.000ns
    Discrete Jitter          (DJ):    0.000ns
    Phase Error              (PE):    0.000ns

    Location             Delay type                Incr(ns)  Path(ns)    Netlist Resource(s)
  -------------------------------------------------------------------    -------------------
                         (clock clk rise edge)        0.000     0.000 r  
                                                      0.000     0.000 r  clk (IN)
                         net (fo=4881, unset)         0.973     0.973    engine/clk
    SLICE_X54Y99         FDRE                                         r  engine/wr_r_reg[1]_rep/C
  -------------------------------------------------------------------    -------------------
    SLICE_X54Y99         FDRE (Prop_fdre_C_Q)         0.518     1.491 r  engine/wr_r_reg[1]_rep/Q
                         net (fo=189, routed)         1.508     2.999    engine/wr_r_reg[1]_rep_n_0
    SLICE_X50Y79         LUT2 (Prop_lut2_I1_O)        0.124     3.123 f  engine/wr_q_data[29]_i_12/O
                         net (fo=16, routed)          1.389     4.512    engine/wr_q_data[29]_i_12_n_0
    SLICE_X67Y88         LUT6 (Prop_lut6_I1_O)        0.124     4.636 r  engine/wr_q_data[8]_i_5/O
                         net (fo=3, routed)           1.016     5.653    engine/wr_q_data[8]_i_5_n_0
    SLICE_X48Y88         LUT3 (Prop_lut3_I0_O)        0.118     5.771 r  engine/wr_q_data[11]_i_18/O
                         net (fo=2, routed)           0.979     6.749    engine/wr_q_data[11]_i_18_n_0
    SLICE_X50Y87         LUT5 (Prop_lut5_I4_O)        0.354     7.103 r  engine/wr_q_data[11]_i_6/O
                         net (fo=2, routed)           0.448     7.552    engine/wr_q_data[11]_i_6_n_0
    SLICE_X51Y90         LUT6 (Prop_lut6_I3_O)        0.348     7.900 r  engine/wr_q_data[11]_i_10/O
                         net (fo=1, routed)           0.000     7.900    engine/wr_q_data[11]_i_10_n_0
    SLICE_X51Y90         CARRY4 (Prop_carry4_S[1]_CO[3])
                                                      0.550     8.450 r  engine/wr_q_data_reg[11]_i_2/CO[3]
                         net (fo=1, routed)           0.000     8.450    engine/wr_q_data_reg[11]_i_2_n_0
    SLICE_X51Y91         CARRY4 (Prop_carry4_CI_CO[3])
                                                      0.114     8.564 r  engine/wr_q_data_reg[15]_i_2/CO[3]
                         net (fo=1, routed)           0.000     8.564    engine/wr_q_data_reg[15]_i_2_n_0
    SLICE_X51Y92         CARRY4 (Prop_carry4_CI_CO[3])
                                                      0.114     8.678 r  engine/wr_q_data_reg[19]_i_2/CO[3]
                         net (fo=1, routed)           0.000     8.678    engine/wr_q_data_reg[19]_i_2_n_0
    SLICE_X51Y93         CARRY4 (Prop_carry4_CI_O[1])
                                                      0.334     9.012 r  engine/wr_q_data_reg[23]_i_2/O[1]
                         net (fo=1, routed)           0.705     9.717    engine/wr_rowsum[21]
    SLICE_X49Y91         LUT4 (Prop_lut4_I1_O)        0.303    10.020 r  engine/wr_q_data[21]_i_1/O
                         net (fo=1, routed)           0.000    10.020    engine/wr_q_data[21]_i_1_n_0
    SLICE_X49Y91         FDRE                                         r  engine/wr_q_data_reg[21]/D
  -------------------------------------------------------------------    -------------------

                         (clock clk rise edge)       10.000    10.000 r  
                                                      0.000    10.000 r  clk (IN)
                         net (fo=4881, unset)         0.924    10.924    engine/clk
    SLICE_X49Y91         FDRE                                         r  engine/wr_q_data_reg[21]/C
                         clock pessimism              0.000    10.924    
                         clock uncertainty           -0.035    10.889    
    SLICE_X49Y91         FDRE (Setup_fdre_C_D)        0.029    10.918    engine/wr_q_data_reg[21]
  -------------------------------------------------------------------
                         required time                         10.918    
                         arrival time                         -10.020    
  -------------------------------------------------------------------
                         slack                                  0.898    

Slack (MET) :             0.906ns  (required time - arrival time)
  Source:                 engine/dmk_i_reg[1]/C
                            (rising edge-triggered cell FDRE clocked by clk  {rise@0.000ns fall@5.000ns period=10.000ns})
  Destination:            engine/dk_rem_reg[31]/D
                            (rising edge-triggered cell FDRE clocked by clk  {rise@0.000ns fall@5.000ns period=10.000ns})
  Path Group:             clk
  Path Type:              Setup (Max at Slow Process Corner)
  Requirement:            10.000ns  (clk rise@10.000ns - clk rise@0.000ns)
  Data Path Delay:        9.085ns  (logic 4.546ns (50.036%)  route 4.539ns (49.964%))
  Logic Levels:           19  (CARRY4=13 LUT2=2 LUT3=1 LUT4=1 LUT5=1 LUT6=1)
  Clock Path Skew:        -0.049ns (DCD - SCD + CPR)
    Destination Clock Delay (DCD):    0.924ns = ( 10.924 - 10.000 ) 
    Source Clock Delay      (SCD):    0.973ns
    Clock Pessimism Removal (CPR):    0.000ns
  Clock Uncertainty:      0.035ns  ((TSJ^2 + TIJ^2)^1/2 + DJ) / 2 + PE
    Total System Jitter     (TSJ):    0.071ns
    Total Input Jitter      (TIJ):    0.000ns
    Discrete Jitter          (DJ):    0.000ns
    Phase Error              (PE):    0.000ns

    Location             Delay type                Incr(ns)  Path(ns)    Netlist Resource(s)
  -------------------------------------------------------------------    -------------------
                         (clock clk rise edge)        0.000     0.000 r  
                                                      0.000     0.000 r  clk (IN)
                         net (fo=4881, unset)         0.973     0.973    engine/clk
    SLICE_X30Y107        FDRE                                         r  engine/dmk_i_reg[1]/C
  -------------------------------------------------------------------    -------------------
    SLICE_X30Y107        FDRE (Prop_fdre_C_Q)         0.478     1.451 r  engine/dmk_i_reg[1]/Q
                         net (fo=17, routed)          1.134     2.585    engine/dmk_i_reg_n_0_[1]
    SLICE_X41Y107        LUT6 (Prop_lut6_I2_O)        0.295     2.880 r  engine/dk_rem[3]_i_9/O
                         net (fo=1, routed)           0.778     3.658    engine/dk_rem[3]_i_9_n_0
    SLICE_X39Y108        LUT5 (Prop_lut5_I0_O)        0.124     3.782 r  engine/dk_rem[3]_i_8/O
                         net (fo=4, routed)           0.575     4.357    engine/dk_shift__0[0]
    SLICE_X41Y108        LUT4 (Prop_lut4_I2_O)        0.124     4.481 r  engine/dk_q[11]_i_40/O
                         net (fo=1, routed)           0.000     4.481    engine/dk_q[11]_i_40_n_0
    SLICE_X41Y108        CARRY4 (Prop_carry4_S[0]_CO[3])
                                                      0.532     5.013 r  engine/dk_q_reg[11]_i_24/CO[3]
                         net (fo=1, routed)           0.000     5.013    engine/dk_q_reg[11]_i_24_n_0
    SLICE_X41Y109        CARRY4 (Prop_carry4_CI_CO[3])
                                                      0.114     5.127 r  engine/dk_q_reg[11]_i_15/CO[3]
                         net (fo=1, routed)           0.000     5.127    engine/dk_q_reg[11]_i_15_n_0
    SLICE_X41Y110        CARRY4 (Prop_carry4_CI_CO[3])
                                                      0.114     5.241 r  engine/dk_q_reg[11]_i_6/CO[3]
                         net (fo=1, routed)           0.000     5.241    engine/dk_q_reg[11]_i_6_n_0
    SLICE_X41Y111        CARRY4 (Prop_carry4_CI_CO[3])
                                                      0.114     5.355 r  engine/dk_q_reg[11]_i_4/CO[3]
                         net (fo=1, routed)           0.000     5.355    engine/dk_q_reg[11]_i_4_n_0
    SLICE_X41Y112        CARRY4 (Prop_carry4_CI_CO[0])
                                                      0.271     5.626 r  engine/dk_q_reg[11]_i_3/CO[0]
                         net (fo=1, routed)           0.293     5.919    engine/dk_rem225_in
    SLICE_X41Y113        LUT2 (Prop_lut2_I0_O)        0.373     6.292 r  engine/dk_q[11]_i_2/O
                         net (fo=45, routed)          1.002     7.294    engine/dk_rem1
    SLICE_X42Y106        LUT3 (Prop_lut3_I2_O)        0.124     7.418 r  engine/dk_rem[3]_i_6/O
                         net (fo=1, routed)           0.000     7.418    engine/dk_rem[3]_i_6_n_0
    SLICE_X42Y106        CARRY4 (Prop_carry4_S[1]_CO[3])
                                                      0.533     7.951 r  engine/dk_rem_reg[3]_i_2/CO[3]
                         net (fo=1, routed)           0.000     7.951    engine/dk_rem_reg[3]_i_2_n_0
    SLICE_X42Y107        CARRY4 (Prop_carry4_CI_CO[3])
                                                      0.117     8.068 r  engine/dk_rem_reg[7]_i_2/CO[3]
                         net (fo=1, routed)           0.000     8.068    engine/dk_rem_reg[7]_i_2_n_0
    SLICE_X42Y108        CARRY4 (Prop_carry4_CI_CO[3])
                                                      0.117     8.185 r  engine/dk_rem_reg[11]_i_2/CO[3]
                         net (fo=1, routed)           0.000     8.185    engine/dk_rem_reg[11]_i_2_n_0
    SLICE_X42Y109        CARRY4 (Prop_carry4_CI_CO[3])
                                                      0.117     8.302 r  engine/dk_rem_reg[15]_i_2/CO[3]
                         net (fo=1, routed)           0.000     8.302    engine/dk_rem_reg[15]_i_2_n_0
    SLICE_X42Y110        CARRY4 (Prop_carry4_CI_CO[3])
                                                      0.117     8.419 r  engine/dk_rem_reg[19]_i_2/CO[3]
                         net (fo=1, routed)           0.000     8.419    engine/dk_rem_reg[19]_i_2_n_0
    SLICE_X42Y111        CARRY4 (Prop_carry4_CI_CO[3])
                                                      0.117     8.536 r  engine/dk_rem_reg[23]_i_2/CO[3]
                         net (fo=1, routed)           0.000     8.536    engine/dk_rem_reg[23]_i_2_n_0
    SLICE_X42Y112        CARRY4 (Prop_carry4_CI_CO[3])
                                                      0.117     8.653 r  engine/dk_rem_reg[27]_i_2/CO[3]
                         net (fo=1, routed)           0.000     8.653    engine/dk_rem_reg[27]_i_2_n_0
    SLICE_X42Y113        CARRY4 (Prop_carry4_CI_O[3])
                                                      0.315     8.968 r  engine/dk_rem_reg[31]_i_2/O[3]
                         net (fo=1, routed)           0.757     9.725    engine/dk_rem[31]
    SLICE_X41Y113        LUT2 (Prop_lut2_I1_O)        0.333    10.058 r  engine/dk_rem[31]_i_1/O
                         net (fo=1, routed)           0.000    10.058    engine/dk_rem[31]_i_1_n_0
    SLICE_X41Y113        FDRE                                         r  engine/dk_rem_reg[31]/D
  -------------------------------------------------------------------    -------------------

                         (clock clk rise edge)       10.000    10.000 r  
                                                      0.000    10.000 r  clk (IN)
                         net (fo=4881, unset)         0.924    10.924    engine/clk
    SLICE_X41Y113        FDRE                                         r  engine/dk_rem_reg[31]/C
                         clock pessimism              0.000    10.924    
                         clock uncertainty           -0.035    10.889    
    SLICE_X41Y113        FDRE (Setup_fdre_C_D)        0.075    10.964    engine/dk_rem_reg[31]
  -------------------------------------------------------------------
                         required time                         10.964    
                         arrival time                         -10.058    
  -------------------------------------------------------------------
                         slack                                  0.906    

Slack (MET) :             0.910ns  (required time - arrival time)
  Source:                 engine/wr_r_reg[1]_rep/C
                            (rising edge-triggered cell FDRE clocked by clk  {rise@0.000ns fall@5.000ns period=10.000ns})
  Destination:            engine/wr_q_data_reg[20]/D
                            (rising edge-triggered cell FDRE clocked by clk  {rise@0.000ns fall@5.000ns period=10.000ns})
  Path Group:             clk
  Path Type:              Setup (Max at Slow Process Corner)
  Requirement:            10.000ns  (clk rise@10.000ns - clk rise@0.000ns)
  Data Path Delay:        9.124ns  (logic 2.911ns (31.904%)  route 6.213ns (68.096%))
  Logic Levels:           10  (CARRY4=4 LUT2=1 LUT3=2 LUT5=1 LUT6=2)
  Clock Path Skew:        -0.049ns (DCD - SCD + CPR)
    Destination Clock Delay (DCD):    0.924ns = ( 10.924 - 10.000 ) 
    Source Clock Delay      (SCD):    0.973ns
    Clock Pessimism Removal (CPR):    0.000ns
  Clock Uncertainty:      0.035ns  ((TSJ^2 + TIJ^2)^1/2 + DJ) / 2 + PE
    Total System Jitter     (TSJ):    0.071ns
    Total Input Jitter      (TIJ):    0.000ns
    Discrete Jitter          (DJ):    0.000ns
    Phase Error              (PE):    0.000ns

    Location             Delay type                Incr(ns)  Path(ns)    Netlist Resource(s)
  -------------------------------------------------------------------    -------------------
                         (clock clk rise edge)        0.000     0.000 r  
                                                      0.000     0.000 r  clk (IN)
                         net (fo=4881, unset)         0.973     0.973    engine/clk
    SLICE_X54Y99         FDRE                                         r  engine/wr_r_reg[1]_rep/C
  -------------------------------------------------------------------    -------------------
    SLICE_X54Y99         FDRE (Prop_fdre_C_Q)         0.518     1.491 r  engine/wr_r_reg[1]_rep/Q
                         net (fo=189, routed)         1.508     2.999    engine/wr_r_reg[1]_rep_n_0
    SLICE_X50Y79         LUT2 (Prop_lut2_I1_O)        0.124     3.123 f  engine/wr_q_data[29]_i_12/O
                         net (fo=16, routed)          1.389     4.512    engine/wr_q_data[29]_i_12_n_0
    SLICE_X67Y88         LUT6 (Prop_lut6_I1_O)        0.124     4.636 r  engine/wr_q_data[8]_i_5/O
                         net (fo=3, routed)           1.016     5.653    engine/wr_q_data[8]_i_5_n_0
    SLICE_X48Y88         LUT3 (Prop_lut3_I0_O)        0.118     5.771 r  engine/wr_q_data[11]_i_18/O
                         net (fo=2, routed)           0.979     6.749    engine/wr_q_data[11]_i_18_n_0
    SLICE_X50Y87         LUT5 (Prop_lut5_I4_O)        0.354     7.103 r  engine/wr_q_data[11]_i_6/O
                         net (fo=2, routed)           0.448     7.552    engine/wr_q_data[11]_i_6_n_0
    SLICE_X51Y90         LUT6 (Prop_lut6_I3_O)        0.348     7.900 r  engine/wr_q_data[11]_i_10/O
                         net (fo=1, routed)           0.000     7.900    engine/wr_q_data[11]_i_10_n_0
    SLICE_X51Y90         CARRY4 (Prop_carry4_S[1]_CO[3])
                                                      0.550     8.450 r  engine/wr_q_data_reg[11]_i_2/CO[3]
                         net (fo=1, routed)           0.000     8.450    engine/wr_q_data_reg[11]_i_2_n_0
    SLICE_X51Y91         CARRY4 (Prop_carry4_CI_CO[3])
                                                      0.114     8.564 r  engine/wr_q_data_reg[15]_i_2/CO[3]
                         net (fo=1, routed)           0.000     8.564    engine/wr_q_data_reg[15]_i_2_n_0
    SLICE_X51Y92         CARRY4 (Prop_carry4_CI_CO[3])
                                                      0.114     8.678 r  engine/wr_q_data_reg[19]_i_2/CO[3]
                         net (fo=1, routed)           0.000     8.678    engine/wr_q_data_reg[19]_i_2_n_0
    SLICE_X51Y93         CARRY4 (Prop_carry4_CI_O[0])
                                                      0.222     8.900 r  engine/wr_q_data_reg[23]_i_2/O[0]
                         net (fo=1, routed)           0.873     9.772    engine/wr_rowsum[20]
    SLICE_X50Y93         LUT3 (Prop_lut3_I1_O)        0.325    10.097 r  engine/wr_q_data[20]_i_1/O
                         net (fo=1, routed)           0.000    10.097    engine/wr_q_data[20]_i_1_n_0
    SLICE_X50Y93         FDRE                                         r  engine/wr_q_data_reg[20]/D
  -------------------------------------------------------------------    -------------------

                         (clock clk rise edge)       10.000    10.000 r  
                                                      0.000    10.000 r  clk (IN)
                         net (fo=4881, unset)         0.924    10.924    engine/clk
    SLICE_X50Y93         FDRE                                         r  engine/wr_q_data_reg[20]/C
                         clock pessimism              0.000    10.924    
                         clock uncertainty           -0.035    10.889    
    SLICE_X50Y93         FDRE (Setup_fdre_C_D)        0.118    11.007    engine/wr_q_data_reg[20]
  -------------------------------------------------------------------
                         required time                         11.007    
                         arrival time                         -10.097    
  -------------------------------------------------------------------
                         slack                                  0.910    

Slack (MET) :             0.928ns  (required time - arrival time)
  Source:                 engine/wr_r_reg[1]_rep/C
                            (rising edge-triggered cell FDRE clocked by clk  {rise@0.000ns fall@5.000ns period=10.000ns})
  Destination:            engine/wr_q_data_reg[25]/D
                            (rising edge-triggered cell FDRE clocked by clk  {rise@0.000ns fall@5.000ns period=10.000ns})
  Path Group:             clk
  Path Type:              Setup (Max at Slow Process Corner)
  Requirement:            10.000ns  (clk rise@10.000ns - clk rise@0.000ns)
  Data Path Delay:        9.065ns  (logic 3.115ns (34.363%)  route 5.950ns (65.637%))
  Logic Levels:           11  (CARRY4=5 LUT2=1 LUT3=2 LUT5=1 LUT6=2)
  Clock Path Skew:        -0.049ns (DCD - SCD + CPR)
    Destination Clock Delay (DCD):    0.924ns = ( 10.924 - 10.000 ) 
    Source Clock Delay      (SCD):    0.973ns
    Clock Pessimism Removal (CPR):    0.000ns
  Clock Uncertainty:      0.035ns  ((TSJ^2 + TIJ^2)^1/2 + DJ) / 2 + PE
    Total System Jitter     (TSJ):    0.071ns
    Total Input Jitter      (TIJ):    0.000ns
    Discrete Jitter          (DJ):    0.000ns
    Phase Error              (PE):    0.000ns

    Location             Delay type                Incr(ns)  Path(ns)    Netlist Resource(s)
  -------------------------------------------------------------------    -------------------
                         (clock clk rise edge)        0.000     0.000 r  
                                                      0.000     0.000 r  clk (IN)
                         net (fo=4881, unset)         0.973     0.973    engine/clk
    SLICE_X54Y99         FDRE                                         r  engine/wr_r_reg[1]_rep/C
  -------------------------------------------------------------------    -------------------
    SLICE_X54Y99         FDRE (Prop_fdre_C_Q)         0.518     1.491 r  engine/wr_r_reg[1]_rep/Q
                         net (fo=189, routed)         1.508     2.999    engine/wr_r_reg[1]_rep_n_0
    SLICE_X50Y79         LUT2 (Prop_lut2_I1_O)        0.124     3.123 f  engine/wr_q_data[29]_i_12/O
                         net (fo=16, routed)          1.389     4.512    engine/wr_q_data[29]_i_12_n_0
    SLICE_X67Y88         LUT6 (Prop_lut6_I1_O)        0.124     4.636 r  engine/wr_q_data[8]_i_5/O
                         net (fo=3, routed)           1.016     5.653    engine/wr_q_data[8]_i_5_n_0
    SLICE_X48Y88         LUT3 (Prop_lut3_I0_O)        0.118     5.771 r  engine/wr_q_data[11]_i_18/O
                         net (fo=2, routed)           0.979     6.749    engine/wr_q_data[11]_i_18_n_0
    SLICE_X50Y87         LUT5 (Prop_lut5_I4_O)        0.354     7.103 r  engine/wr_q_data[11]_i_6/O
                         net (fo=2, routed)           0.448     7.552    engine/wr_q_data[11]_i_6_n_0
    SLICE_X51Y90         LUT6 (Prop_lut6_I3_O)        0.348     7.900 r  engine/wr_q_data[11]_i_10/O
                         net (fo=1, routed)           0.000     7.900    engine/wr_q_data[11]_i_10_n_0
    SLICE_X51Y90         CARRY4 (Prop_carry4_S[1]_CO[3])
                                                      0.550     8.450 r  engine/wr_q_data_reg[11]_i_2/CO[3]
                         net (fo=1, routed)           0.000     8.450    engine/wr_q_data_reg[11]_i_2_n_0
    SLICE_X51Y91         CARRY4 (Prop_carry4_CI_CO[3])
                                                      0.114     8.564 r  engine/wr_q_data_reg[15]_i_2/CO[3]
                         net (fo=1, routed)           0.000     8.564    engine/wr_q_data_reg[15]_i_2_n_0
    SLICE_X51Y92         CARRY4 (Prop_carry4_CI_CO[3])
                                                      0.114     8.678 r  engine/wr_q_data_reg[19]_i_2/CO[3]
                         net (fo=1, routed)           0.000     8.678    engine/wr_q_data_reg[19]_i_2_n_0
    SLICE_X51Y93         CARRY4 (Prop_carry4_CI_CO[3])
                                                      0.114     8.792 r  engine/wr_q_data_reg[23]_i_2/CO[3]
                         net (fo=1, routed)           0.000     8.792    engine/wr_q_data_reg[23]_i_2_n_0
    SLICE_X51Y94         CARRY4 (Prop_carry4_CI_O[1])
                                                      0.334     9.126 r  engine/wr_q_data_reg[27]_i_2/O[1]
                         net (fo=1, routed)           0.609     9.735    engine/wr_rowsum[25]
    SLICE_X50Y94         LUT3 (Prop_lut3_I1_O)        0.303    10.038 r  engine/wr_q_data[25]_i_1/O
                         net (fo=1, routed)           0.000    10.038    engine/wr_q_data[25]_i_1_n_0
    SLICE_X50Y94         FDRE                                         r  engine/wr_q_data_reg[25]/D
  -------------------------------------------------------------------    -------------------

                         (clock clk rise edge)       10.000    10.000 r  
                                                      0.000    10.000 r  clk (IN)
                         net (fo=4881, unset)         0.924    10.924    engine/clk
    SLICE_X50Y94         FDRE                                         r  engine/wr_q_data_reg[25]/C
                         clock pessimism              0.000    10.924    
                         clock uncertainty           -0.035    10.889    
    SLICE_X50Y94         FDRE (Setup_fdre_C_D)        0.077    10.966    engine/wr_q_data_reg[25]
  -------------------------------------------------------------------
                         required time                         10.966    
                         arrival time                         -10.038    
  -------------------------------------------------------------------
                         slack                                  0.928    





Min Delay Paths
--------------------------------------------------------------------------------------
Slack (MET) :             0.079ns  (arrival time - required time)
  Source:                 engine/tag_tail_reg[0]/C
                            (rising edge-triggered cell FDRE clocked by clk  {rise@0.000ns fall@5.000ns period=10.000ns})
  Destination:            engine/tags_reg[0][is_b]_0_3_0_0/DP/WADR0
                            (rising edge-triggered cell RAMD32 clocked by clk  {rise@0.000ns fall@5.000ns period=10.000ns})
  Path Group:             clk
  Path Type:              Hold (Min at Fast Process Corner)
  Requirement:            0.000ns  (clk rise@0.000ns - clk rise@0.000ns)
  Data Path Delay:        0.411ns  (logic 0.141ns (34.313%)  route 0.270ns (65.687%))
  Logic Levels:           0  
  Clock Path Skew:        0.022ns (DCD - SCD - CPR)
    Destination Clock Delay (DCD):    0.432ns
    Source Clock Delay      (SCD):    0.410ns
    Clock Pessimism Removal (CPR):    -0.000ns

    Location             Delay type                Incr(ns)  Path(ns)    Netlist Resource(s)
  -------------------------------------------------------------------    -------------------
                         (clock clk rise edge)        0.000     0.000 r  
                                                      0.000     0.000 r  clk (IN)
                         net (fo=4881, unset)         0.410     0.410    engine/clk
    SLICE_X51Y97         FDRE                                         r  engine/tag_tail_reg[0]/C
  -------------------------------------------------------------------    -------------------
    SLICE_X51Y97         FDRE (Prop_fdre_C_Q)         0.141     0.551 r  engine/tag_tail_reg[0]/Q
                         net (fo=43, routed)          0.270     0.821    engine/tags_reg[0][is_b]_0_3_0_0/A0
    SLICE_X50Y97         RAMD32                                       r  engine/tags_reg[0][is_b]_0_3_0_0/DP/WADR0
  -------------------------------------------------------------------    -------------------

                         (clock clk rise edge)        0.000     0.000 r  
                                                      0.000     0.000 r  clk (IN)
                         net (fo=4881, unset)         0.432     0.432    engine/tags_reg[0][is_b]_0_3_0_0/WCLK
    SLICE_X50Y97         RAMD32                                       r  engine/tags_reg[0][is_b]_0_3_0_0/DP/CLK
                         clock pessimism              0.000     0.432    
    SLICE_X50Y97         RAMD32 (Hold_ramd32_CLK_WADR0)
                                                      0.310     0.742    engine/tags_reg[0][is_b]_0_3_0_0/DP
  -------------------------------------------------------------------
                         required time                         -0.742    
                         arrival time                           0.821    
  -------------------------------------------------------------------
                         slack                                  0.079    

Slack (MET) :             0.079ns  (arrival time - required time)
  Source:                 engine/tag_tail_reg[0]/C
                            (rising edge-triggered cell FDRE clocked by clk  {rise@0.000ns fall@5.000ns period=10.000ns})
  Destination:            engine/tags_reg[0][is_b]_0_3_0_0/SP/WADR0
                            (rising edge-triggered cell RAMD32 clocked by clk  {rise@0.000ns fall@5.000ns period=10.000ns})
  Path Group:             clk
  Path Type:              Hold (Min at Fast Process Corner)
  Requirement:            0.000ns  (clk rise@0.000ns - clk rise@0.000ns)
  Data Path Delay:        0.411ns  (logic 0.141ns (34.313%)  route 0.270ns (65.687%))
  Logic Levels:           0  
  Clock Path Skew:        0.022ns (DCD - SCD - CPR)
    Destination Clock Delay (DCD):    0.432ns
    Source Clock Delay      (SCD):    0.410ns
    Clock Pessimism Removal (CPR):    -0.000ns

    Location             Delay type                Incr(ns)  Path(ns)    Netlist Resource(s)
  -------------------------------------------------------------------    -------------------
                         (clock clk rise edge)        0.000     0.000 r  
                                                      0.000     0.000 r  clk (IN)
                         net (fo=4881, unset)         0.410     0.410    engine/clk
    SLICE_X51Y97         FDRE                                         r  engine/tag_tail_reg[0]/C
  -------------------------------------------------------------------    -------------------
    SLICE_X51Y97         FDRE (Prop_fdre_C_Q)         0.141     0.551 r  engine/tag_tail_reg[0]/Q
                         net (fo=43, routed)          0.270     0.821    engine/tags_reg[0][is_b]_0_3_0_0/A0
    SLICE_X50Y97         RAMD32                                       r  engine/tags_reg[0][is_b]_0_3_0_0/SP/WADR0
  -------------------------------------------------------------------    -------------------

                         (clock clk rise edge)        0.000     0.000 r  
                                                      0.000     0.000 r  clk (IN)
                         net (fo=4881, unset)         0.432     0.432    engine/tags_reg[0][is_b]_0_3_0_0/WCLK
    SLICE_X50Y97         RAMD32                                       r  engine/tags_reg[0][is_b]_0_3_0_0/SP/CLK
                         clock pessimism              0.000     0.432    
    SLICE_X50Y97         RAMD32 (Hold_ramd32_CLK_WADR0)
                                                      0.310     0.742    engine/tags_reg[0][is_b]_0_3_0_0/SP
  -------------------------------------------------------------------
                         required time                         -0.742    
                         arrival time                           0.821    
  -------------------------------------------------------------------
                         slack                                  0.079    

Slack (MET) :             0.079ns  (arrival time - required time)
  Source:                 engine/tag_tail_reg[0]/C
                            (rising edge-triggered cell FDRE clocked by clk  {rise@0.000ns fall@5.000ns period=10.000ns})
  Destination:            engine/tags_reg[0][read]_0_3_0_0/DP/WADR0
                            (rising edge-triggered cell RAMD32 clocked by clk  {rise@0.000ns fall@5.000ns period=10.000ns})
  Path Group:             clk
  Path Type:              Hold (Min at Fast Process Corner)
  Requirement:            0.000ns  (clk rise@0.000ns - clk rise@0.000ns)
  Data Path Delay:        0.411ns  (logic 0.141ns (34.313%)  route 0.270ns (65.687%))
  Logic Levels:           0  
  Clock Path Skew:        0.022ns (DCD - SCD - CPR)
    Destination Clock Delay (DCD):    0.432ns
    Source Clock Delay      (SCD):    0.410ns
    Clock Pessimism Removal (CPR):    -0.000ns

    Location             Delay type                Incr(ns)  Path(ns)    Netlist Resource(s)
  -------------------------------------------------------------------    -------------------
                         (clock clk rise edge)        0.000     0.000 r  
                                                      0.000     0.000 r  clk (IN)
                         net (fo=4881, unset)         0.410     0.410    engine/clk
    SLICE_X51Y97         FDRE                                         r  engine/tag_tail_reg[0]/C
  -------------------------------------------------------------------    -------------------
    SLICE_X51Y97         FDRE (Prop_fdre_C_Q)         0.141     0.551 r  engine/tag_tail_reg[0]/Q
                         net (fo=43, routed)          0.270     0.821    engine/tags_reg[0][read]_0_3_0_0/A0
    SLICE_X50Y97         RAMD32                                       r  engine/tags_reg[0][read]_0_3_0_0/DP/WADR0
  -------------------------------------------------------------------    -------------------

                         (clock clk rise edge)        0.000     0.000 r  
                                                      0.000     0.000 r  clk (IN)
                         net (fo=4881, unset)         0.432     0.432    engine/tags_reg[0][read]_0_3_0_0/WCLK
    SLICE_X50Y97         RAMD32                                       r  engine/tags_reg[0][read]_0_3_0_0/DP/CLK
                         clock pessimism              0.000     0.432    
    SLICE_X50Y97         RAMD32 (Hold_ramd32_CLK_WADR0)
                                                      0.310     0.742    engine/tags_reg[0][read]_0_3_0_0/DP
  -------------------------------------------------------------------
                         required time                         -0.742    
                         arrival time                           0.821    
  -------------------------------------------------------------------
                         slack                                  0.079    

Slack (MET) :             0.079ns  (arrival time - required time)
  Source:                 engine/tag_tail_reg[0]/C
                            (rising edge-triggered cell FDRE clocked by clk  {rise@0.000ns fall@5.000ns period=10.000ns})
  Destination:            engine/tags_reg[0][read]_0_3_0_0/SP/WADR0
                            (rising edge-triggered cell RAMD32 clocked by clk  {rise@0.000ns fall@5.000ns period=10.000ns})
  Path Group:             clk
  Path Type:              Hold (Min at Fast Process Corner)
  Requirement:            0.000ns  (clk rise@0.000ns - clk rise@0.000ns)
  Data Path Delay:        0.411ns  (logic 0.141ns (34.313%)  route 0.270ns (65.687%))
  Logic Levels:           0  
  Clock Path Skew:        0.022ns (DCD - SCD - CPR)
    Destination Clock Delay (DCD):    0.432ns
    Source Clock Delay      (SCD):    0.410ns
    Clock Pessimism Removal (CPR):    -0.000ns

    Location             Delay type                Incr(ns)  Path(ns)    Netlist Resource(s)
  -------------------------------------------------------------------    -------------------
                         (clock clk rise edge)        0.000     0.000 r  
                                                      0.000     0.000 r  clk (IN)
                         net (fo=4881, unset)         0.410     0.410    engine/clk
    SLICE_X51Y97         FDRE                                         r  engine/tag_tail_reg[0]/C
  -------------------------------------------------------------------    -------------------
    SLICE_X51Y97         FDRE (Prop_fdre_C_Q)         0.141     0.551 r  engine/tag_tail_reg[0]/Q
                         net (fo=43, routed)          0.270     0.821    engine/tags_reg[0][read]_0_3_0_0/A0
    SLICE_X50Y97         RAMD32                                       r  engine/tags_reg[0][read]_0_3_0_0/SP/WADR0
  -------------------------------------------------------------------    -------------------

                         (clock clk rise edge)        0.000     0.000 r  
                                                      0.000     0.000 r  clk (IN)
                         net (fo=4881, unset)         0.432     0.432    engine/tags_reg[0][read]_0_3_0_0/WCLK
    SLICE_X50Y97         RAMD32                                       r  engine/tags_reg[0][read]_0_3_0_0/SP/CLK
                         clock pessimism              0.000     0.432    
    SLICE_X50Y97         RAMD32 (Hold_ramd32_CLK_WADR0)
                                                      0.310     0.742    engine/tags_reg[0][read]_0_3_0_0/SP
  -------------------------------------------------------------------
                         required time                         -0.742    
                         arrival time                           0.821    
  -------------------------------------------------------------------
                         slack                                  0.079    

Slack (MET) :             0.079ns  (arrival time - required time)
  Source:                 engine/tag_tail_reg[0]/C
                            (rising edge-triggered cell FDRE clocked by clk  {rise@0.000ns fall@5.000ns period=10.000ns})
  Destination:            engine/tags_reg[0][slot]_0_3_0_0/DP/WADR0
                            (rising edge-triggered cell RAMD32 clocked by clk  {rise@0.000ns fall@5.000ns period=10.000ns})
  Path Group:             clk
  Path Type:              Hold (Min at Fast Process Corner)
  Requirement:            0.000ns  (clk rise@0.000ns - clk rise@0.000ns)
  Data Path Delay:        0.411ns  (logic 0.141ns (34.313%)  route 0.270ns (65.687%))
  Logic Levels:           0  
  Clock Path Skew:        0.022ns (DCD - SCD - CPR)
    Destination Clock Delay (DCD):    0.432ns
    Source Clock Delay      (SCD):    0.410ns
    Clock Pessimism Removal (CPR):    -0.000ns

    Location             Delay type                Incr(ns)  Path(ns)    Netlist Resource(s)
  -------------------------------------------------------------------    -------------------
                         (clock clk rise edge)        0.000     0.000 r  
                                                      0.000     0.000 r  clk (IN)
                         net (fo=4881, unset)         0.410     0.410    engine/clk
    SLICE_X51Y97         FDRE                                         r  engine/tag_tail_reg[0]/C
  -------------------------------------------------------------------    -------------------
    SLICE_X51Y97         FDRE (Prop_fdre_C_Q)         0.141     0.551 r  engine/tag_tail_reg[0]/Q
                         net (fo=43, routed)          0.270     0.821    engine/tags_reg[0][slot]_0_3_0_0/A0
    SLICE_X50Y97         RAMD32                                       r  engine/tags_reg[0][slot]_0_3_0_0/DP/WADR0
  -------------------------------------------------------------------    -------------------

                         (clock clk rise edge)        0.000     0.000 r  
                                                      0.000     0.000 r  clk (IN)
                         net (fo=4881, unset)         0.432     0.432    engine/tags_reg[0][slot]_0_3_0_0/WCLK
    SLICE_X50Y97         RAMD32                                       r  engine/tags_reg[0][slot]_0_3_0_0/DP/CLK
                         clock pessimism              0.000     0.432    
    SLICE_X50Y97         RAMD32 (Hold_ramd32_CLK_WADR0)
                                                      0.310     0.742    engine/tags_reg[0][slot]_0_3_0_0/DP
  -------------------------------------------------------------------
                         required time                         -0.742    
                         arrival time                           0.821    
  -------------------------------------------------------------------
                         slack                                  0.079    

Slack (MET) :             0.079ns  (arrival time - required time)
  Source:                 engine/tag_tail_reg[0]/C
                            (rising edge-triggered cell FDRE clocked by clk  {rise@0.000ns fall@5.000ns period=10.000ns})
  Destination:            engine/tags_reg[0][slot]_0_3_0_0/SP/WADR0
                            (rising edge-triggered cell RAMD32 clocked by clk  {rise@0.000ns fall@5.000ns period=10.000ns})
  Path Group:             clk
  Path Type:              Hold (Min at Fast Process Corner)
  Requirement:            0.000ns  (clk rise@0.000ns - clk rise@0.000ns)
  Data Path Delay:        0.411ns  (logic 0.141ns (34.313%)  route 0.270ns (65.687%))
  Logic Levels:           0  
  Clock Path Skew:        0.022ns (DCD - SCD - CPR)
    Destination Clock Delay (DCD):    0.432ns
    Source Clock Delay      (SCD):    0.410ns
    Clock Pessimism Removal (CPR):    -0.000ns

    Location             Delay type                Incr(ns)  Path(ns)    Netlist Resource(s)
  -------------------------------------------------------------------    -------------------
                         (clock clk rise edge)        0.000     0.000 r  
                                                      0.000     0.000 r  clk (IN)
                         net (fo=4881, unset)         0.410     0.410    engine/clk
    SLICE_X51Y97         FDRE                                         r  engine/tag_tail_reg[0]/C
  -------------------------------------------------------------------    -------------------
    SLICE_X51Y97         FDRE (Prop_fdre_C_Q)         0.141     0.551 r  engine/tag_tail_reg[0]/Q
                         net (fo=43, routed)          0.270     0.821    engine/tags_reg[0][slot]_0_3_0_0/A0
    SLICE_X50Y97         RAMD32                                       r  engine/tags_reg[0][slot]_0_3_0_0/SP/WADR0
  -------------------------------------------------------------------    -------------------

                         (clock clk rise edge)        0.000     0.000 r  
                                                      0.000     0.000 r  clk (IN)
                         net (fo=4881, unset)         0.432     0.432    engine/tags_reg[0][slot]_0_3_0_0/WCLK
    SLICE_X50Y97         RAMD32                                       r  engine/tags_reg[0][slot]_0_3_0_0/SP/CLK
                         clock pessimism              0.000     0.432    
    SLICE_X50Y97         RAMD32 (Hold_ramd32_CLK_WADR0)
                                                      0.310     0.742    engine/tags_reg[0][slot]_0_3_0_0/SP
  -------------------------------------------------------------------
                         required time                         -0.742    
                         arrival time                           0.821    
  -------------------------------------------------------------------
                         slack                                  0.079    

Slack (MET) :             0.095ns  (arrival time - required time)
  Source:                 engine/c_tile_reg[6]/C
                            (rising edge-triggered cell FDRE clocked by clk  {rise@0.000ns fall@5.000ns period=10.000ns})
  Destination:            engine/bank_addr_reg_0_1_6_11/RAMA/I
                            (rising edge-triggered cell RAMD32 clocked by clk  {rise@0.000ns fall@5.000ns period=10.000ns})
  Path Group:             clk
  Path Type:              Hold (Min at Fast Process Corner)
  Requirement:            0.000ns  (clk rise@0.000ns - clk rise@0.000ns)
  Data Path Delay:        0.263ns  (logic 0.141ns (53.571%)  route 0.122ns (46.429%))
  Logic Levels:           0  
  Clock Path Skew:        0.022ns (DCD - SCD - CPR)
    Destination Clock Delay (DCD):    0.432ns
    Source Clock Delay      (SCD):    0.410ns
    Clock Pessimism Removal (CPR):    -0.000ns

    Location             Delay type                Incr(ns)  Path(ns)    Netlist Resource(s)
  -------------------------------------------------------------------    -------------------
                         (clock clk rise edge)        0.000     0.000 r  
                                                      0.000     0.000 r  clk (IN)
                         net (fo=4881, unset)         0.410     0.410    engine/clk
    SLICE_X47Y110        FDRE                                         r  engine/c_tile_reg[6]/C
  -------------------------------------------------------------------    -------------------
    SLICE_X47Y110        FDRE (Prop_fdre_C_Q)         0.141     0.551 r  engine/c_tile_reg[6]/Q
                         net (fo=2, routed)           0.122     0.673    engine/bank_addr_reg_0_1_6_11/DIA0
    SLICE_X46Y111        RAMD32                                       r  engine/bank_addr_reg_0_1_6_11/RAMA/I
  -------------------------------------------------------------------    -------------------

                         (clock clk rise edge)        0.000     0.000 r  
                                                      0.000     0.000 r  clk (IN)
                         net (fo=4881, unset)         0.432     0.432    engine/bank_addr_reg_0_1_6_11/WCLK
    SLICE_X46Y111        RAMD32                                       r  engine/bank_addr_reg_0_1_6_11/RAMA/CLK
                         clock pessimism              0.000     0.432    
    SLICE_X46Y111        RAMD32 (Hold_ramd32_CLK_I)
                                                      0.147     0.579    engine/bank_addr_reg_0_1_6_11/RAMA
  -------------------------------------------------------------------
                         required time                         -0.579    
                         arrival time                           0.673    
  -------------------------------------------------------------------
                         slack                                  0.095    

Slack (MET) :             0.110ns  (arrival time - required time)
  Source:                 k_reg[22]/C
                            (rising edge-triggered cell FDRE clocked by clk  {rise@0.000ns fall@5.000ns period=10.000ns})
  Destination:            engine/k_reg[22]/D
                            (rising edge-triggered cell FDRE clocked by clk  {rise@0.000ns fall@5.000ns period=10.000ns})
  Path Group:             clk
  Path Type:              Hold (Min at Fast Process Corner)
  Requirement:            0.000ns  (clk rise@0.000ns - clk rise@0.000ns)
  Data Path Delay:        0.207ns  (logic 0.141ns (68.017%)  route 0.066ns (31.983%))
  Logic Levels:           0  
  Clock Path Skew:        0.022ns (DCD - SCD - CPR)
    Destination Clock Delay (DCD):    0.432ns
    Source Clock Delay      (SCD):    0.410ns
    Clock Pessimism Removal (CPR):    -0.000ns

    Location             Delay type                Incr(ns)  Path(ns)    Netlist Resource(s)
  -------------------------------------------------------------------    -------------------
                         (clock clk rise edge)        0.000     0.000 r  
                                                      0.000     0.000 r  clk (IN)
                         net (fo=4881, unset)         0.410     0.410    clk
    SLICE_X31Y128        FDRE                                         r  k_reg[22]/C
  -------------------------------------------------------------------    -------------------
    SLICE_X31Y128        FDRE (Prop_fdre_C_Q)         0.141     0.551 r  k_reg[22]/Q
                         net (fo=2, routed)           0.066     0.617    engine/k_reg[31]_0[22]
    SLICE_X30Y128        FDRE                                         r  engine/k_reg[22]/D
  -------------------------------------------------------------------    -------------------

                         (clock clk rise edge)        0.000     0.000 r  
                                                      0.000     0.000 r  clk (IN)
                         net (fo=4881, unset)         0.432     0.432    engine/clk
    SLICE_X30Y128        FDRE                                         r  engine/k_reg[22]/C
                         clock pessimism              0.000     0.432    
    SLICE_X30Y128        FDRE (Hold_fdre_C_D)         0.076     0.508    engine/k_reg[22]
  -------------------------------------------------------------------
                         required time                         -0.508    
                         arrival time                           0.617    
  -------------------------------------------------------------------
                         slack                                  0.110    

Slack (MET) :             0.119ns  (arrival time - required time)
  Source:                 engine/c_tile_reg[20]/C
                            (rising edge-triggered cell FDRE clocked by clk  {rise@0.000ns fall@5.000ns period=10.000ns})
  Destination:            engine/bank_addr_reg_0_1_18_23/RAMB/I
                            (rising edge-triggered cell RAMD32 clocked by clk  {rise@0.000ns fall@5.000ns period=10.000ns})
  Path Group:             clk
  Path Type:              Hold (Min at Fast Process Corner)
  Requirement:            0.000ns  (clk rise@0.000ns - clk rise@0.000ns)
  Data Path Delay:        0.286ns  (logic 0.164ns (57.302%)  route 0.122ns (42.698%))
  Logic Levels:           0  
  Clock Path Skew:        0.022ns (DCD - SCD - CPR)
    Destination Clock Delay (DCD):    0.432ns
    Source Clock Delay      (SCD):    0.410ns
    Clock Pessimism Removal (CPR):    -0.000ns

    Location             Delay type                Incr(ns)  Path(ns)    Netlist Resource(s)
  -------------------------------------------------------------------    -------------------
                         (clock clk rise edge)        0.000     0.000 r  
                                                      0.000     0.000 r  clk (IN)
                         net (fo=4881, unset)         0.410     0.410    engine/clk
    SLICE_X46Y114        FDRE                                         r  engine/c_tile_reg[20]/C
  -------------------------------------------------------------------    -------------------
    SLICE_X46Y114        FDRE (Prop_fdre_C_Q)         0.164     0.574 r  engine/c_tile_reg[20]/Q
                         net (fo=2, routed)           0.122     0.696    engine/bank_addr_reg_0_1_18_23/DIB0
    SLICE_X46Y115        RAMD32                                       r  engine/bank_addr_reg_0_1_18_23/RAMB/I
  -------------------------------------------------------------------    -------------------

                         (clock clk rise edge)        0.000     0.000 r  
                                                      0.000     0.000 r  clk (IN)
                         net (fo=4881, unset)         0.432     0.432    engine/bank_addr_reg_0_1_18_23/WCLK
    SLICE_X46Y115        RAMD32                                       r  engine/bank_addr_reg_0_1_18_23/RAMB/CLK
                         clock pessimism              0.000     0.432    
    SLICE_X46Y115        RAMD32 (Hold_ramd32_CLK_I)
                                                      0.146     0.578    engine/bank_addr_reg_0_1_18_23/RAMB
  -------------------------------------------------------------------
                         required time                         -0.578    
                         arrival time                           0.696    
  -------------------------------------------------------------------
                         slack                                  0.119    

Slack (MET) :             0.119ns  (arrival time - required time)
  Source:                 engine/c_tile_reg[7]/C
                            (rising edge-triggered cell FDRE clocked by clk  {rise@0.000ns fall@5.000ns period=10.000ns})
  Destination:            engine/bank_addr_reg_0_1_6_11/RAMA_D1/I
                            (rising edge-triggered cell RAMD32 clocked by clk  {rise@0.000ns fall@5.000ns period=10.000ns})
  Path Group:             clk
  Path Type:              Hold (Min at Fast Process Corner)
  Requirement:            0.000ns  (clk rise@0.000ns - clk rise@0.000ns)
  Data Path Delay:        0.261ns  (logic 0.141ns (54.048%)  route 0.120ns (45.952%))
  Logic Levels:           0  
  Clock Path Skew:        0.022ns (DCD - SCD - CPR)
    Destination Clock Delay (DCD):    0.432ns
    Source Clock Delay      (SCD):    0.410ns
    Clock Pessimism Removal (CPR):    -0.000ns

    Location             Delay type                Incr(ns)  Path(ns)    Netlist Resource(s)
  -------------------------------------------------------------------    -------------------
                         (clock clk rise edge)        0.000     0.000 r  
                                                      0.000     0.000 r  clk (IN)
                         net (fo=4881, unset)         0.410     0.410    engine/clk
    SLICE_X47Y110        FDRE                                         r  engine/c_tile_reg[7]/C
  -------------------------------------------------------------------    -------------------
    SLICE_X47Y110        FDRE (Prop_fdre_C_Q)         0.141     0.551 r  engine/c_tile_reg[7]/Q
                         net (fo=2, routed)           0.120     0.671    engine/bank_addr_reg_0_1_6_11/DIA1
    SLICE_X46Y111        RAMD32                                       r  engine/bank_addr_reg_0_1_6_11/RAMA_D1/I
  -------------------------------------------------------------------    -------------------

                         (clock clk rise edge)        0.000     0.000 r  
                                                      0.000     0.000 r  clk (IN)
                         net (fo=4881, unset)         0.432     0.432    engine/bank_addr_reg_0_1_6_11/WCLK
    SLICE_X46Y111        RAMD32                                       r  engine/bank_addr_reg_0_1_6_11/RAMA_D1/CLK
                         clock pessimism              0.000     0.432    
    SLICE_X46Y111        RAMD32 (Hold_ramd32_CLK_I)
                                                      0.120     0.552    engine/bank_addr_reg_0_1_6_11/RAMA_D1
  -------------------------------------------------------------------
                         required time                         -0.552    
                         arrival time                           0.671    
  -------------------------------------------------------------------
                         slack                                  0.119    





Pulse Width Checks
--------------------------------------------------------------------------------------
Clock Name:         clk
Waveform(ns):       { 0.000 5.000 }
Period(ns):         10.000
Sources:            { clk }

Check Type        Corner  Lib Pin             Reference Pin  Required(ns)  Actual(ns)  Slack(ns)  Location       Pin
Min Period        n/a     DSP48E1/CLK         n/a            3.884         10.000      6.116      DSP48_X2Y47    engine/pa_k1_reg/CLK
Min Period        n/a     DSP48E1/CLK         n/a            3.884         10.000      6.116      DSP48_X2Y41    engine/pa_m0_reg/CLK
Min Period        n/a     DSP48E1/CLK         n/a            3.884         10.000      6.116      DSP48_X2Y39    engine/pa_m1_reg/CLK
Min Period        n/a     DSP48E1/CLK         n/a            3.884         10.000      6.116      DSP48_X2Y43    engine/prod_b_reg/CLK
Min Period        n/a     DSP48E1/CLK         n/a            3.884         10.000      6.116      DSP48_X2Y45    engine/prod_c_reg/CLK
Min Period        n/a     RAMB36E1/CLKARDCLK  n/a            2.944         10.000      7.056      RAMB36_X3Y15   engine/a_set[0].a_bank[0].ram/mem_reg/CLKARDCLK
Min Period        n/a     RAMB36E1/CLKARDCLK  n/a            2.944         10.000      7.056      RAMB36_X2Y13   engine/a_set[0].a_bank[1].ram/mem_reg/CLKARDCLK
Min Period        n/a     RAMB36E1/CLKARDCLK  n/a            2.944         10.000      7.056      RAMB36_X2Y15   engine/a_set[0].a_bank[2].ram/mem_reg/CLKARDCLK
Min Period        n/a     RAMB36E1/CLKARDCLK  n/a            2.944         10.000      7.056      RAMB36_X2Y12   engine/a_set[0].a_bank[3].ram/mem_reg/CLKARDCLK
Min Period        n/a     RAMB36E1/CLKARDCLK  n/a            2.944         10.000      7.056      RAMB36_X3Y14   engine/a_set[1].a_bank[0].ram/mem_reg/CLKARDCLK
Low Pulse Width   Slow    RAMD32/CLK          n/a            1.250         5.000       3.750      SLICE_X46Y110  engine/bank_addr_reg_0_1_0_5/RAMA/CLK
Low Pulse Width   Fast    RAMD32/CLK          n/a            1.250         5.000       3.750      SLICE_X46Y110  engine/bank_addr_reg_0_1_0_5/RAMA/CLK
Low Pulse Width   Slow    RAMD32/CLK          n/a            1.250         5.000       3.750      SLICE_X46Y110  engine/bank_addr_reg_0_1_0_5/RAMA_D1/CLK
Low Pulse Width   Fast    RAMD32/CLK          n/a            1.250         5.000       3.750      SLICE_X46Y110  engine/bank_addr_reg_0_1_0_5/RAMA_D1/CLK
Low Pulse Width   Slow    RAMD32/CLK          n/a            1.250         5.000       3.750      SLICE_X46Y110  engine/bank_addr_reg_0_1_0_5/RAMB/CLK
Low Pulse Width   Fast    RAMD32/CLK          n/a            1.250         5.000       3.750      SLICE_X46Y110  engine/bank_addr_reg_0_1_0_5/RAMB/CLK
Low Pulse Width   Slow    RAMD32/CLK          n/a            1.250         5.000       3.750      SLICE_X46Y110  engine/bank_addr_reg_0_1_0_5/RAMB_D1/CLK
Low Pulse Width   Fast    RAMD32/CLK          n/a            1.250         5.000       3.750      SLICE_X46Y110  engine/bank_addr_reg_0_1_0_5/RAMB_D1/CLK
Low Pulse Width   Slow    RAMD32/CLK          n/a            1.250         5.000       3.750      SLICE_X46Y110  engine/bank_addr_reg_0_1_0_5/RAMC/CLK
Low Pulse Width   Fast    RAMD32/CLK          n/a            1.250         5.000       3.750      SLICE_X46Y110  engine/bank_addr_reg_0_1_0_5/RAMC/CLK
High Pulse Width  Slow    RAMD32/CLK          n/a            1.250         5.000       3.750      SLICE_X46Y110  engine/bank_addr_reg_0_1_0_5/RAMA/CLK
High Pulse Width  Fast    RAMD32/CLK          n/a            1.250         5.000       3.750      SLICE_X46Y110  engine/bank_addr_reg_0_1_0_5/RAMA/CLK
High Pulse Width  Slow    RAMD32/CLK          n/a            1.250         5.000       3.750      SLICE_X46Y110  engine/bank_addr_reg_0_1_0_5/RAMA_D1/CLK
High Pulse Width  Fast    RAMD32/CLK          n/a            1.250         5.000       3.750      SLICE_X46Y110  engine/bank_addr_reg_0_1_0_5/RAMA_D1/CLK
High Pulse Width  Slow    RAMD32/CLK          n/a            1.250         5.000       3.750      SLICE_X46Y110  engine/bank_addr_reg_0_1_0_5/RAMB/CLK
High Pulse Width  Fast    RAMD32/CLK          n/a            1.250         5.000       3.750      SLICE_X46Y110  engine/bank_addr_reg_0_1_0_5/RAMB/CLK
High Pulse Width  Slow    RAMD32/CLK          n/a            1.250         5.000       3.750      SLICE_X46Y110  engine/bank_addr_reg_0_1_0_5/RAMB_D1/CLK
High Pulse Width  Fast    RAMD32/CLK          n/a            1.250         5.000       3.750      SLICE_X46Y110  engine/bank_addr_reg_0_1_0_5/RAMB_D1/CLK
High Pulse Width  Slow    RAMD32/CLK          n/a            1.250         5.000       3.750      SLICE_X46Y110  engine/bank_addr_reg_0_1_0_5/RAMC/CLK
High Pulse Width  Fast    RAMD32/CLK          n/a            1.250         5.000       3.750      SLICE_X46Y110  engine/bank_addr_reg_0_1_0_5/RAMC/CLK



