Copyright 1986-2022 Xilinx, Inc. All Rights Reserved. Copyright 2022-2025 Advanced Micro Devices, Inc. All Rights Reserved.
---------------------------------------------------------------------------------------------------------------------------------------------
| Tool Version : Vivado v.2025.1 (lin64) Build 6140274 Wed May 21 22:58:25 MDT 2025
| Date         : Thu Oct  1 22:11:23 2026
| Host         : gondor running 64-bit Ubuntu 24.04.5 LTS
| Command      : report_timing_summary -max_paths 10 -file /home/elfo/Documents/Aster/build/timing/fpga/aster_bram_reqreg/timing_summary.rpt
| Design       : timing_aster_bram_reqreg
| Device       : 7z020-clg400
| Speed File   : -1  PRODUCTION 1.12 2019-11-22
| Design State : Routed
---------------------------------------------------------------------------------------------------------------------------------------------

Timing Summary Report

------------------------------------------------------------------------------------------------
| Timer Settings
| --------------
------------------------------------------------------------------------------------------------

  Enable Multi Corner Analysis               :  Yes
  Enable Pessimism Removal                   :  Yes
  Pessimism Removal Resolution               :  Nearest Common Node
  Enable Input Delay Default Clock           :  No
  Enable Preset / Clear Arcs                 :  No
  Disable Flight Delays                      :  No
  Ignore I/O Paths                           :  No
  Timing Early Launch at Borrowing Latches   :  No
  Borrow Time for Max Delay Exceptions       :  Yes
  Merge Timing Exceptions                    :  Yes
  Inter-SLR Compensation                     :  Conservative

  Corner  Analyze    Analyze    
  Name    Max Paths  Min Paths  
  ------  ---------  ---------  
  Slow    Yes        Yes        
  Fast    Yes        Yes        


------------------------------------------------------------------------------------------------
| Report Methodology
| ------------------
------------------------------------------------------------------------------------------------

No report available as report_methodology has not been run prior. Run report_methodology on the current design for the summary of methodology violations.



check_timing report

Table of Contents
-----------------
1. checking no_clock (0)
2. checking constant_clock (0)
3. checking pulse_width_clock (0)
4. checking unconstrained_internal_endpoints (0)
5. checking no_input_delay (1)
6. checking no_output_delay (33)
7. checking multiple_clock (0)
8. checking generated_clocks (0)
9. checking loops (0)
10. checking partial_input_delay (0)
11. checking partial_output_delay (0)
12. checking latch_loops (0)

1. checking no_clock (0)
------------------------
 There are 0 register/latch pins with no clock.


2. checking constant_clock (0)
------------------------------
 There are 0 register/latch pins with constant_clock.


3. checking pulse_width_clock (0)
---------------------------------
 There are 0 register/latch pins which need pulse_width check


4. checking unconstrained_internal_endpoints (0)
------------------------------------------------
 There are 0 pins that are not constrained for maximum delay.

 There are 0 pins that are not constrained for maximum delay due to constant clock.


5. checking no_input_delay (1)
------------------------------
 There is 1 input port with no input delay specified. (HIGH)

 There are 0 input ports with no input delay but user has a false path constraint.


6. checking no_output_delay (33)
--------------------------------
 There are 33 ports with no output delay specified. (HIGH)

 There are 0 ports with no output delay but user has a false path constraint

 There are 0 ports with no output delay but with a timing clock defined on it or propagating through it


7. checking multiple_clock (0)
------------------------------
 There are 0 register/latch pins with multiple clocks.


8. checking generated_clocks (0)
--------------------------------
 There are 0 generated clocks that are not connected to a clock source.


9. checking loops (0)
---------------------
 There are 0 combinational loops in the design.


10. checking partial_input_delay (0)
------------------------------------
 There are 0 input ports with partial input delay specified.


11. checking partial_output_delay (0)
-------------------------------------
 There are 0 ports with partial output delay specified.


12. checking latch_loops (0)
----------------------------
 There are 0 combinational latch loops in the design through latch input



------------------------------------------------------------------------------------------------
| Design Timing Summary
| ---------------------
------------------------------------------------------------------------------------------------

    WNS(ns)      TNS(ns)  TNS Failing Endpoints  TNS Total Endpoints      WHS(ns)      THS(ns)  THS Failing Endpoints  THS Total Endpoints     WPWS(ns)     TPWS(ns)  TPWS Failing Endpoints  TPWS Total Endpoints  
    -------      -------  ---------------------  -------------------      -------      -------  ---------------------  -------------------     --------     --------  ----------------------  --------------------  
      0.575        0.000                      0                 4594        0.095        0.000                      0                 4594        3.750        0.000                       0                  1488  


All user specified timing constraints are met.


------------------------------------------------------------------------------------------------
| Clock Summary
| -------------
------------------------------------------------------------------------------------------------

Clock  Waveform(ns)       Period(ns)      Frequency(MHz)
-----  ------------       ----------      --------------
clk    {0.000 5.000}      10.000          100.000         


------------------------------------------------------------------------------------------------
| Intra Clock Table
| -----------------
------------------------------------------------------------------------------------------------

Clock             WNS(ns)      TNS(ns)  TNS Failing Endpoints  TNS Total Endpoints      WHS(ns)      THS(ns)  THS Failing Endpoints  THS Total Endpoints     WPWS(ns)     TPWS(ns)  TPWS Failing Endpoints  TPWS Total Endpoints  
-----             -------      -------  ---------------------  -------------------      -------      -------  ---------------------  -------------------     --------     --------  ----------------------  --------------------  
clk                 0.575        0.000                      0                 4594        0.095        0.000                      0                 4594        3.750        0.000                       0                  1488  


------------------------------------------------------------------------------------------------
| Inter Clock Table
| -----------------
------------------------------------------------------------------------------------------------

From Clock    To Clock          WNS(ns)      TNS(ns)  TNS Failing Endpoints  TNS Total Endpoints      WHS(ns)      THS(ns)  THS Failing Endpoints  THS Total Endpoints  
----------    --------          -------      -------  ---------------------  -------------------      -------      -------  ---------------------  -------------------  


------------------------------------------------------------------------------------------------
| Other Path Groups Table
| -----------------------
------------------------------------------------------------------------------------------------

Path Group    From Clock    To Clock          WNS(ns)      TNS(ns)  TNS Failing Endpoints  TNS Total Endpoints      WHS(ns)      THS(ns)  THS Failing Endpoints  THS Total Endpoints  
----------    ----------    --------          -------      -------  ---------------------  -------------------      -------      -------  ---------------------  -------------------  


------------------------------------------------------------------------------------------------
| Timing Details
| --------------
------------------------------------------------------------------------------------------------


---------------------------------------------------------------------------------------------------
From Clock:  clk
  To Clock:  clk

Setup :            0  Failing Endpoints,  Worst Slack        0.575ns,  Total Violation        0.000ns
Hold  :            0  Failing Endpoints,  Worst Slack        0.095ns,  Total Violation        0.000ns
PW    :            0  Failing Endpoints,  Worst Slack        3.750ns,  Total Violation        0.000ns
---------------------------------------------------------------------------------------------------


Max Delay Paths
--------------------------------------------------------------------------------------
Slack (MET) :             0.575ns  (required time - arrival time)
  Source:                 block/core/m1_reg[result][0]/C
                            (rising edge-triggered cell FDRE clocked by clk  {rise@0.000ns fall@5.000ns period=10.000ns})
  Destination:            block/core/m1_reg[result][31]/D
                            (rising edge-triggered cell FDRE clocked by clk  {rise@0.000ns fall@5.000ns period=10.000ns})
  Path Group:             clk
  Path Type:              Setup (Max at Slow Process Corner)
  Requirement:            10.000ns  (clk rise@10.000ns - clk rise@0.000ns)
  Data Path Delay:        9.418ns  (logic 3.223ns (34.222%)  route 6.195ns (65.778%))
  Logic Levels:           16  (CARRY4=8 LUT2=1 LUT3=1 LUT4=2 LUT5=3 LUT6=1)
  Clock Path Skew:        -0.049ns (DCD - SCD + CPR)
    Destination Clock Delay (DCD):    0.924ns = ( 10.924 - 10.000 ) 
    Source Clock Delay      (SCD):    0.973ns
    Clock Pessimism Removal (CPR):    0.000ns
  Clock Uncertainty:      0.035ns  ((TSJ^2 + TIJ^2)^1/2 + DJ) / 2 + PE
    Total System Jitter     (TSJ):    0.071ns
    Total Input Jitter      (TIJ):    0.000ns
    Discrete Jitter          (DJ):    0.000ns
    Phase Error              (PE):    0.000ns

    Location             Delay type                Incr(ns)  Path(ns)    Netlist Resource(s)
  -------------------------------------------------------------------    -------------------
                         (clock clk rise edge)        0.000     0.000 r  
                                                      0.000     0.000 r  clk (IN)
                         net (fo=1487, unset)         0.973     0.973    block/core/clk
    SLICE_X38Y20         FDRE                                         r  block/core/m1_reg[result][0]/C
  -------------------------------------------------------------------    -------------------
    SLICE_X38Y20         FDRE (Prop_fdre_C_Q)         0.518     1.491 r  block/core/m1_reg[result][0]/Q
                         net (fo=4, routed)           1.206     2.697    block/core/fetch/m1_reg[rs2v][31]_3[0]
    SLICE_X24Y27         LUT4 (Prop_lut4_I2_O)        0.124     2.821 r  block/core/fetch/m1[rs2v][0]_i_2/O
                         net (fo=1, routed)           0.490     3.311    block/core/fetch/m1[rs2v][0]_i_2_n_0
    SLICE_X24Y27         LUT5 (Prop_lut5_I4_O)        0.124     3.435 r  block/core/fetch/m1[rs2v][0]_i_1/O
                         net (fo=20, routed)          0.969     4.404    block/core/d_req_wdata[0]
    SLICE_X22Y24         LUT3 (Prop_lut3_I2_O)        0.124     4.528 r  block/core/m1[result][30]_i_16/O
                         net (fo=12, routed)          1.184     5.712    block/core/p_0_in2_in[0]
    SLICE_X36Y21         LUT2 (Prop_lut2_I1_O)        0.124     5.836 r  block/core/m1[result][1]_i_11/O
                         net (fo=1, routed)           0.000     5.836    block/core/m1[result][1]_i_11_n_0
    SLICE_X36Y21         CARRY4 (Prop_carry4_S[0]_CO[3])
                                                      0.513     6.349 r  block/core/m1_reg[result][1]_i_4/CO[3]
                         net (fo=1, routed)           0.000     6.349    block/core/m1_reg[result][1]_i_4_n_0
    SLICE_X36Y22         CARRY4 (Prop_carry4_CI_CO[3])
                                                      0.117     6.466 r  block/core/m1_reg[result][7]_i_18/CO[3]
                         net (fo=1, routed)           0.000     6.466    block/core/m1_reg[result][7]_i_18_n_0
    SLICE_X36Y23         CARRY4 (Prop_carry4_CI_CO[3])
                                                      0.117     6.583 r  block/core/m1_reg[result][11]_i_20/CO[3]
                         net (fo=1, routed)           0.000     6.583    block/core/m1_reg[result][11]_i_20_n_0
    SLICE_X36Y24         CARRY4 (Prop_carry4_CI_CO[3])
                                                      0.117     6.700 r  block/core/m1_reg[result][15]_i_21/CO[3]
                         net (fo=1, routed)           0.009     6.709    block/core/m1_reg[result][15]_i_21_n_0
    SLICE_X36Y25         CARRY4 (Prop_carry4_CI_CO[3])
                                                      0.117     6.826 r  block/core/m1_reg[result][19]_i_23/CO[3]
                         net (fo=1, routed)           0.000     6.826    block/core/m1_reg[result][19]_i_23_n_0
    SLICE_X36Y26         CARRY4 (Prop_carry4_CI_CO[3])
                                                      0.117     6.943 r  block/core/m1_reg[result][23]_i_21/CO[3]
                         net (fo=1, routed)           0.000     6.943    block/core/m1_reg[result][23]_i_21_n_0
    SLICE_X36Y27         CARRY4 (Prop_carry4_CI_CO[3])
                                                      0.117     7.060 r  block/core/m1_reg[result][29]_i_17/CO[3]
                         net (fo=1, routed)           0.000     7.060    block/core/m1_reg[result][29]_i_17_n_0
    SLICE_X36Y28         CARRY4 (Prop_carry4_CI_O[3])
                                                      0.315     7.375 r  block/core/m1_reg[result][29]_i_15/O[3]
                         net (fo=1, routed)           0.583     7.958    block/core/m1_reg[result][29]_i_15_n_4
    SLICE_X37Y28         LUT4 (Prop_lut4_I2_O)        0.307     8.265 r  block/core/m1[result][31]_i_21/O
                         net (fo=1, routed)           0.593     8.858    block/core/m1[result][31]_i_21_n_0
    SLICE_X33Y27         LUT5 (Prop_lut5_I4_O)        0.124     8.982 r  block/core/m1[result][31]_i_12/O
                         net (fo=1, routed)           0.664     9.647    block/core/m1[result][31]_i_12_n_0
    SLICE_X38Y27         LUT5 (Prop_lut5_I0_O)        0.124     9.771 r  block/core/m1[result][31]_i_5/O
                         net (fo=1, routed)           0.496    10.267    block/core/m1[result][31]_i_5_n_0
    SLICE_X38Y27         LUT6 (Prop_lut6_I4_O)        0.124    10.391 r  block/core/m1[result][31]_i_2/O
                         net (fo=1, routed)           0.000    10.391    block/core/result_return[31]
    SLICE_X38Y27         FDRE                                         r  block/core/m1_reg[result][31]/D
  -------------------------------------------------------------------    -------------------

                         (clock clk rise edge)       10.000    10.000 r  
                                                      0.000    10.000 r  clk (IN)
                         net (fo=1487, unset)         0.924    10.924    block/core/clk
    SLICE_X38Y27         FDRE                                         r  block/core/m1_reg[result][31]/C
                         clock pessimism              0.000    10.924    
                         clock uncertainty           -0.035    10.889    
    SLICE_X38Y27         FDRE (Setup_fdre_C_D)        0.077    10.966    block/core/m1_reg[result][31]
  -------------------------------------------------------------------
                         required time                         10.966    
                         arrival time                         -10.391    
  -------------------------------------------------------------------
                         slack                                  0.575    

Slack (MET) :             0.801ns  (required time - arrival time)
  Source:                 block/core/m1_reg[result][0]/C
                            (rising edge-triggered cell FDRE clocked by clk  {rise@0.000ns fall@5.000ns period=10.000ns})
  Destination:            block/core/m1_reg[result][23]/D
                            (rising edge-triggered cell FDRE clocked by clk  {rise@0.000ns fall@5.000ns period=10.000ns})
  Path Group:             clk
  Path Type:              Setup (Max at Slow Process Corner)
  Requirement:            10.000ns  (clk rise@10.000ns - clk rise@0.000ns)
  Data Path Delay:        9.144ns  (logic 2.989ns (32.687%)  route 6.155ns (67.313%))
  Logic Levels:           14  (CARRY4=6 LUT2=1 LUT3=1 LUT4=2 LUT5=2 LUT6=2)
  Clock Path Skew:        -0.049ns (DCD - SCD + CPR)
    Destination Clock Delay (DCD):    0.924ns = ( 10.924 - 10.000 ) 
    Source Clock Delay      (SCD):    0.973ns
    Clock Pessimism Removal (CPR):    0.000ns
  Clock Uncertainty:      0.035ns  ((TSJ^2 + TIJ^2)^1/2 + DJ) / 2 + PE
    Total System Jitter     (TSJ):    0.071ns
    Total Input Jitter      (TIJ):    0.000ns
    Discrete Jitter          (DJ):    0.000ns
    Phase Error              (PE):    0.000ns

    Location             Delay type                Incr(ns)  Path(ns)    Netlist Resource(s)
  -------------------------------------------------------------------    -------------------
                         (clock clk rise edge)        0.000     0.000 r  
                                                      0.000     0.000 r  clk (IN)
                         net (fo=1487, unset)         0.973     0.973    block/core/clk
    SLICE_X38Y20         FDRE                                         r  block/core/m1_reg[result][0]/C
  -------------------------------------------------------------------    -------------------
    SLICE_X38Y20         FDRE (Prop_fdre_C_Q)         0.518     1.491 r  block/core/m1_reg[result][0]/Q
                         net (fo=4, routed)           1.206     2.697    block/core/fetch/m1_reg[rs2v][31]_3[0]
    SLICE_X24Y27         LUT4 (Prop_lut4_I2_O)        0.124     2.821 r  block/core/fetch/m1[rs2v][0]_i_2/O
                         net (fo=1, routed)           0.490     3.311    block/core/fetch/m1[rs2v][0]_i_2_n_0
    SLICE_X24Y27         LUT5 (Prop_lut5_I4_O)        0.124     3.435 r  block/core/fetch/m1[rs2v][0]_i_1/O
                         net (fo=20, routed)          0.969     4.404    block/core/d_req_wdata[0]
    SLICE_X22Y24         LUT3 (Prop_lut3_I2_O)        0.124     4.528 r  block/core/m1[result][30]_i_16/O
                         net (fo=12, routed)          1.184     5.712    block/core/p_0_in2_in[0]
    SLICE_X36Y21         LUT2 (Prop_lut2_I1_O)        0.124     5.836 r  block/core/m1[result][1]_i_11/O
                         net (fo=1, routed)           0.000     5.836    block/core/m1[result][1]_i_11_n_0
    SLICE_X36Y21         CARRY4 (Prop_carry4_S[0]_CO[3])
                                                      0.513     6.349 r  block/core/m1_reg[result][1]_i_4/CO[3]
                         net (fo=1, routed)           0.000     6.349    block/core/m1_reg[result][1]_i_4_n_0
    SLICE_X36Y22         CARRY4 (Prop_carry4_CI_CO[3])
                                                      0.117     6.466 r  block/core/m1_reg[result][7]_i_18/CO[3]
                         net (fo=1, routed)           0.000     6.466    block/core/m1_reg[result][7]_i_18_n_0
    SLICE_X36Y23         CARRY4 (Prop_carry4_CI_CO[3])
                                                      0.117     6.583 r  block/core/m1_reg[result][11]_i_20/CO[3]
                         net (fo=1, routed)           0.000     6.583    block/core/m1_reg[result][11]_i_20_n_0
    SLICE_X36Y24         CARRY4 (Prop_carry4_CI_CO[3])
                                                      0.117     6.700 r  block/core/m1_reg[result][15]_i_21/CO[3]
                         net (fo=1, routed)           0.009     6.709    block/core/m1_reg[result][15]_i_21_n_0
    SLICE_X36Y25         CARRY4 (Prop_carry4_CI_CO[3])
                                                      0.117     6.826 r  block/core/m1_reg[result][19]_i_23/CO[3]
                         net (fo=1, routed)           0.000     6.826    block/core/m1_reg[result][19]_i_23_n_0
    SLICE_X36Y26         CARRY4 (Prop_carry4_CI_O[3])
                                                      0.315     7.141 r  block/core/m1_reg[result][23]_i_21/O[3]
                         net (fo=1, routed)           0.583     7.724    block/core/m1_reg[result][23]_i_21_n_4
    SLICE_X37Y26         LUT4 (Prop_lut4_I2_O)        0.307     8.031 r  block/core/m1[result][23]_i_18/O
                         net (fo=1, routed)           0.591     8.622    block/core/m1[result][23]_i_18_n_0
    SLICE_X37Y26         LUT5 (Prop_lut5_I4_O)        0.124     8.746 r  block/core/m1[result][23]_i_10/O
                         net (fo=1, routed)           0.547     9.293    block/core/m1[result][23]_i_10_n_0
    SLICE_X39Y29         LUT6 (Prop_lut6_I0_O)        0.124     9.417 r  block/core/m1[result][23]_i_5/O
                         net (fo=1, routed)           0.576     9.993    block/core/m1[result][23]_i_5_n_0
    SLICE_X40Y32         LUT6 (Prop_lut6_I4_O)        0.124    10.117 r  block/core/m1[result][23]_i_1/O
                         net (fo=1, routed)           0.000    10.117    block/core/result_return[23]
    SLICE_X40Y32         FDRE                                         r  block/core/m1_reg[result][23]/D
  -------------------------------------------------------------------    -------------------

                         (clock clk rise edge)       10.000    10.000 r  
                                                      0.000    10.000 r  clk (IN)
                         net (fo=1487, unset)         0.924    10.924    block/core/clk
    SLICE_X40Y32         FDRE                                         r  block/core/m1_reg[result][23]/C
                         clock pessimism              0.000    10.924    
                         clock uncertainty           -0.035    10.889    
    SLICE_X40Y32         FDRE (Setup_fdre_C_D)        0.029    10.918    block/core/m1_reg[result][23]
  -------------------------------------------------------------------
                         required time                         10.918    
                         arrival time                         -10.117    
  -------------------------------------------------------------------
                         slack                                  0.801    

Slack (MET) :             0.839ns  (required time - arrival time)
  Source:                 block/core/m1_reg[result][0]/C
                            (rising edge-triggered cell FDRE clocked by clk  {rise@0.000ns fall@5.000ns period=10.000ns})
  Destination:            block/core/m1_reg[result][15]/D
                            (rising edge-triggered cell FDRE clocked by clk  {rise@0.000ns fall@5.000ns period=10.000ns})
  Path Group:             clk
  Path Type:              Setup (Max at Slow Process Corner)
  Requirement:            10.000ns  (clk rise@10.000ns - clk rise@0.000ns)
  Data Path Delay:        9.154ns  (logic 2.755ns (30.096%)  route 6.399ns (69.904%))
  Logic Levels:           12  (CARRY4=4 LUT2=1 LUT3=1 LUT4=2 LUT5=2 LUT6=2)
  Clock Path Skew:        -0.049ns (DCD - SCD + CPR)
    Destination Clock Delay (DCD):    0.924ns = ( 10.924 - 10.000 ) 
    Source Clock Delay      (SCD):    0.973ns
    Clock Pessimism Removal (CPR):    0.000ns
  Clock Uncertainty:      0.035ns  ((TSJ^2 + TIJ^2)^1/2 + DJ) / 2 + PE
    Total System Jitter     (TSJ):    0.071ns
    Total Input Jitter      (TIJ):    0.000ns
    Discrete Jitter          (DJ):    0.000ns
    Phase Error              (PE):    0.000ns

    Location             Delay type                Incr(ns)  Path(ns)    Netlist Resource(s)
  -------------------------------------------------------------------    -------------------
                         (clock clk rise edge)        0.000     0.000 r  
                                                      0.000     0.000 r  clk (IN)
                         net (fo=1487, unset)         0.973     0.973    block/core/clk
    SLICE_X38Y20         FDRE                                         r  block/core/m1_reg[result][0]/C
  -------------------------------------------------------------------    -------------------
    SLICE_X38Y20         FDRE (Prop_fdre_C_Q)         0.518     1.491 r  block/core/m1_reg[result][0]/Q
                         net (fo=4, routed)           1.206     2.697    block/core/fetch/m1_reg[rs2v][31]_3[0]
    SLICE_X24Y27         LUT4 (Prop_lut4_I2_O)        0.124     2.821 r  block/core/fetch/m1[rs2v][0]_i_2/O
                         net (fo=1, routed)           0.490     3.311    block/core/fetch/m1[rs2v][0]_i_2_n_0
    SLICE_X24Y27         LUT5 (Prop_lut5_I4_O)        0.124     3.435 r  block/core/fetch/m1[rs2v][0]_i_1/O
                         net (fo=20, routed)          0.969     4.404    block/core/d_req_wdata[0]
    SLICE_X22Y24         LUT3 (Prop_lut3_I2_O)        0.124     4.528 r  block/core/m1[result][30]_i_16/O
                         net (fo=12, routed)          1.184     5.712    block/core/p_0_in2_in[0]
    SLICE_X36Y21         LUT2 (Prop_lut2_I1_O)        0.124     5.836 r  block/core/m1[result][1]_i_11/O
                         net (fo=1, routed)           0.000     5.836    block/core/m1[result][1]_i_11_n_0
    SLICE_X36Y21         CARRY4 (Prop_carry4_S[0]_CO[3])
                                                      0.513     6.349 r  block/core/m1_reg[result][1]_i_4/CO[3]
                         net (fo=1, routed)           0.000     6.349    block/core/m1_reg[result][1]_i_4_n_0
    SLICE_X36Y22         CARRY4 (Prop_carry4_CI_CO[3])
                                                      0.117     6.466 r  block/core/m1_reg[result][7]_i_18/CO[3]
                         net (fo=1, routed)           0.000     6.466    block/core/m1_reg[result][7]_i_18_n_0
    SLICE_X36Y23         CARRY4 (Prop_carry4_CI_CO[3])
                                                      0.117     6.583 r  block/core/m1_reg[result][11]_i_20/CO[3]
                         net (fo=1, routed)           0.000     6.583    block/core/m1_reg[result][11]_i_20_n_0
    SLICE_X36Y24         CARRY4 (Prop_carry4_CI_O[3])
                                                      0.315     6.898 r  block/core/m1_reg[result][15]_i_21/O[3]
                         net (fo=1, routed)           0.581     7.479    block/core/m1_reg[result][15]_i_21_n_4
    SLICE_X37Y24         LUT4 (Prop_lut4_I2_O)        0.307     7.786 r  block/core/m1[result][15]_i_15/O
                         net (fo=1, routed)           0.669     8.456    block/core/m1[result][15]_i_15_n_0
    SLICE_X36Y20         LUT5 (Prop_lut5_I4_O)        0.124     8.580 r  block/core/m1[result][15]_i_10/O
                         net (fo=1, routed)           0.661     9.240    block/core/m1[result][15]_i_10_n_0
    SLICE_X38Y26         LUT6 (Prop_lut6_I0_O)        0.124     9.364 r  block/core/m1[result][15]_i_5/O
                         net (fo=1, routed)           0.639    10.003    block/core/m1[result][15]_i_5_n_0
    SLICE_X38Y30         LUT6 (Prop_lut6_I4_O)        0.124    10.127 r  block/core/m1[result][15]_i_1/O
                         net (fo=1, routed)           0.000    10.127    block/core/result_return[15]
    SLICE_X38Y30         FDRE                                         r  block/core/m1_reg[result][15]/D
  -------------------------------------------------------------------    -------------------

                         (clock clk rise edge)       10.000    10.000 r  
                                                      0.000    10.000 r  clk (IN)
                         net (fo=1487, unset)         0.924    10.924    block/core/clk
    SLICE_X38Y30         FDRE                                         r  block/core/m1_reg[result][15]/C
                         clock pessimism              0.000    10.924    
                         clock uncertainty           -0.035    10.889    
    SLICE_X38Y30         FDRE (Setup_fdre_C_D)        0.077    10.966    block/core/m1_reg[result][15]
  -------------------------------------------------------------------
                         required time                         10.966    
                         arrival time                         -10.127    
  -------------------------------------------------------------------
                         slack                                  0.839    

Slack (MET) :             0.846ns  (required time - arrival time)
  Source:                 block/core/m1_reg[result][0]/C
                            (rising edge-triggered cell FDRE clocked by clk  {rise@0.000ns fall@5.000ns period=10.000ns})
  Destination:            block/core/m1_reg[result][24]/D
                            (rising edge-triggered cell FDRE clocked by clk  {rise@0.000ns fall@5.000ns period=10.000ns})
  Path Group:             clk
  Path Type:              Setup (Max at Slow Process Corner)
  Requirement:            10.000ns  (clk rise@10.000ns - clk rise@0.000ns)
  Data Path Delay:        9.099ns  (logic 2.998ns (32.950%)  route 6.101ns (67.050%))
  Logic Levels:           15  (CARRY4=7 LUT2=1 LUT3=1 LUT4=2 LUT5=2 LUT6=2)
  Clock Path Skew:        -0.049ns (DCD - SCD + CPR)
    Destination Clock Delay (DCD):    0.924ns = ( 10.924 - 10.000 ) 
    Source Clock Delay      (SCD):    0.973ns
    Clock Pessimism Removal (CPR):    0.000ns
  Clock Uncertainty:      0.035ns  ((TSJ^2 + TIJ^2)^1/2 + DJ) / 2 + PE
    Total System Jitter     (TSJ):    0.071ns
    Total Input Jitter      (TIJ):    0.000ns
    Discrete Jitter          (DJ):    0.000ns
    Phase Error              (PE):    0.000ns

    Location             Delay type                Incr(ns)  Path(ns)    Netlist Resource(s)
  -------------------------------------------------------------------    -------------------
                         (clock clk rise edge)        0.000     0.000 r  
                                                      0.000     0.000 r  clk (IN)
                         net (fo=1487, unset)         0.973     0.973    block/core/clk
    SLICE_X38Y20         FDRE                                         r  block/core/m1_reg[result][0]/C
  -------------------------------------------------------------------    -------------------
    SLICE_X38Y20         FDRE (Prop_fdre_C_Q)         0.518     1.491 r  block/core/m1_reg[result][0]/Q
                         net (fo=4, routed)           1.206     2.697    block/core/fetch/m1_reg[rs2v][31]_3[0]
    SLICE_X24Y27         LUT4 (Prop_lut4_I2_O)        0.124     2.821 r  block/core/fetch/m1[rs2v][0]_i_2/O
                         net (fo=1, routed)           0.490     3.311    block/core/fetch/m1[rs2v][0]_i_2_n_0
    SLICE_X24Y27         LUT5 (Prop_lut5_I4_O)        0.124     3.435 r  block/core/fetch/m1[rs2v][0]_i_1/O
                         net (fo=20, routed)          0.969     4.404    block/core/d_req_wdata[0]
    SLICE_X22Y24         LUT3 (Prop_lut3_I2_O)        0.124     4.528 r  block/core/m1[result][30]_i_16/O
                         net (fo=12, routed)          1.184     5.712    block/core/p_0_in2_in[0]
    SLICE_X36Y21         LUT2 (Prop_lut2_I1_O)        0.124     5.836 r  block/core/m1[result][1]_i_11/O
                         net (fo=1, routed)           0.000     5.836    block/core/m1[result][1]_i_11_n_0
    SLICE_X36Y21         CARRY4 (Prop_carry4_S[0]_CO[3])
                                                      0.513     6.349 r  block/core/m1_reg[result][1]_i_4/CO[3]
                         net (fo=1, routed)           0.000     6.349    block/core/m1_reg[result][1]_i_4_n_0
    SLICE_X36Y22         CARRY4 (Prop_carry4_CI_CO[3])
                                                      0.117     6.466 r  block/core/m1_reg[result][7]_i_18/CO[3]
                         net (fo=1, routed)           0.000     6.466    block/core/m1_reg[result][7]_i_18_n_0
    SLICE_X36Y23         CARRY4 (Prop_carry4_CI_CO[3])
                                                      0.117     6.583 r  block/core/m1_reg[result][11]_i_20/CO[3]
                         net (fo=1, routed)           0.000     6.583    block/core/m1_reg[result][11]_i_20_n_0
    SLICE_X36Y24         CARRY4 (Prop_carry4_CI_CO[3])
                                                      0.117     6.700 r  block/core/m1_reg[result][15]_i_21/CO[3]
                         net (fo=1, routed)           0.009     6.709    block/core/m1_reg[result][15]_i_21_n_0
    SLICE_X36Y25         CARRY4 (Prop_carry4_CI_CO[3])
                                                      0.117     6.826 r  block/core/m1_reg[result][19]_i_23/CO[3]
                         net (fo=1, routed)           0.000     6.826    block/core/m1_reg[result][19]_i_23_n_0
    SLICE_X36Y26         CARRY4 (Prop_carry4_CI_CO[3])
                                                      0.117     6.943 r  block/core/m1_reg[result][23]_i_21/CO[3]
                         net (fo=1, routed)           0.000     6.943    block/core/m1_reg[result][23]_i_21_n_0
    SLICE_X36Y27         CARRY4 (Prop_carry4_CI_O[0])
                                                      0.219     7.162 r  block/core/m1_reg[result][29]_i_17/O[0]
                         net (fo=1, routed)           0.484     7.646    block/core/m1_reg[result][29]_i_17_n_7
    SLICE_X37Y27         LUT4 (Prop_lut4_I2_O)        0.295     7.941 r  block/core/m1[result][24]_i_14/O
                         net (fo=1, routed)           0.572     8.513    block/core/m1[result][24]_i_14_n_0
    SLICE_X33Y27         LUT5 (Prop_lut5_I4_O)        0.124     8.637 r  block/core/m1[result][24]_i_10/O
                         net (fo=1, routed)           0.627     9.264    block/core/m1[result][24]_i_10_n_0
    SLICE_X39Y29         LUT6 (Prop_lut6_I0_O)        0.124     9.388 r  block/core/m1[result][24]_i_5/O
                         net (fo=1, routed)           0.560     9.948    block/core/m1[result][24]_i_5_n_0
    SLICE_X41Y31         LUT6 (Prop_lut6_I4_O)        0.124    10.072 r  block/core/m1[result][24]_i_1/O
                         net (fo=1, routed)           0.000    10.072    block/core/result_return[24]
    SLICE_X41Y31         FDRE                                         r  block/core/m1_reg[result][24]/D
  -------------------------------------------------------------------    -------------------

                         (clock clk rise edge)       10.000    10.000 r  
                                                      0.000    10.000 r  clk (IN)
                         net (fo=1487, unset)         0.924    10.924    block/core/clk
    SLICE_X41Y31         FDRE                                         r  block/core/m1_reg[result][24]/C
                         clock pessimism              0.000    10.924    
                         clock uncertainty           -0.035    10.889    
    SLICE_X41Y31         FDRE (Setup_fdre_C_D)        0.029    10.918    block/core/m1_reg[result][24]
  -------------------------------------------------------------------
                         required time                         10.918    
                         arrival time                         -10.072    
  -------------------------------------------------------------------
                         slack                                  0.846    

Slack (MET) :             0.954ns  (required time - arrival time)
  Source:                 block/core/m1_reg[result][0]/C
                            (rising edge-triggered cell FDRE clocked by clk  {rise@0.000ns fall@5.000ns period=10.000ns})
  Destination:            block/core/m1_reg[result][25]/D
                            (rising edge-triggered cell FDRE clocked by clk  {rise@0.000ns fall@5.000ns period=10.000ns})
  Path Group:             clk
  Path Type:              Setup (Max at Slow Process Corner)
  Requirement:            10.000ns  (clk rise@10.000ns - clk rise@0.000ns)
  Data Path Delay:        8.993ns  (logic 3.113ns (34.618%)  route 5.880ns (65.382%))
  Logic Levels:           15  (CARRY4=7 LUT2=1 LUT3=1 LUT4=2 LUT5=2 LUT6=2)
  Clock Path Skew:        -0.049ns (DCD - SCD + CPR)
    Destination Clock Delay (DCD):    0.924ns = ( 10.924 - 10.000 ) 
    Source Clock Delay      (SCD):    0.973ns
    Clock Pessimism Removal (CPR):    0.000ns
  Clock Uncertainty:      0.035ns  ((TSJ^2 + TIJ^2)^1/2 + DJ) / 2 + PE
    Total System Jitter     (TSJ):    0.071ns
    Total Input Jitter      (TIJ):    0.000ns
    Discrete Jitter          (DJ):    0.000ns
    Phase Error              (PE):    0.000ns

    Location             Delay type                Incr(ns)  Path(ns)    Netlist Resource(s)
  -------------------------------------------------------------------    -------------------
                         (clock clk rise edge)        0.000     0.000 r  
                                                      0.000     0.000 r  clk (IN)
                         net (fo=1487, unset)         0.973     0.973    block/core/clk
    SLICE_X38Y20         FDRE                                         r  block/core/m1_reg[result][0]/C
  -------------------------------------------------------------------    -------------------
    SLICE_X38Y20         FDRE (Prop_fdre_C_Q)         0.518     1.491 r  block/core/m1_reg[result][0]/Q
                         net (fo=4, routed)           1.206     2.697    block/core/fetch/m1_reg[rs2v][31]_3[0]
    SLICE_X24Y27         LUT4 (Prop_lut4_I2_O)        0.124     2.821 r  block/core/fetch/m1[rs2v][0]_i_2/O
                         net (fo=1, routed)           0.490     3.311    block/core/fetch/m1[rs2v][0]_i_2_n_0
    SLICE_X24Y27         LUT5 (Prop_lut5_I4_O)        0.124     3.435 r  block/core/fetch/m1[rs2v][0]_i_1/O
                         net (fo=20, routed)          0.969     4.404    block/core/d_req_wdata[0]
    SLICE_X22Y24         LUT3 (Prop_lut3_I2_O)        0.124     4.528 r  block/core/m1[result][30]_i_16/O
                         net (fo=12, routed)          1.184     5.712    block/core/p_0_in2_in[0]
    SLICE_X36Y21         LUT2 (Prop_lut2_I1_O)        0.124     5.836 r  block/core/m1[result][1]_i_11/O
                         net (fo=1, routed)           0.000     5.836    block/core/m1[result][1]_i_11_n_0
    SLICE_X36Y21         CARRY4 (Prop_carry4_S[0]_CO[3])
                                                      0.513     6.349 r  block/core/m1_reg[result][1]_i_4/CO[3]
                         net (fo=1, routed)           0.000     6.349    block/core/m1_reg[result][1]_i_4_n_0
    SLICE_X36Y22         CARRY4 (Prop_carry4_CI_CO[3])
                                                      0.117     6.466 r  block/core/m1_reg[result][7]_i_18/CO[3]
                         net (fo=1, routed)           0.000     6.466    block/core/m1_reg[result][7]_i_18_n_0
    SLICE_X36Y23         CARRY4 (Prop_carry4_CI_CO[3])
                                                      0.117     6.583 r  block/core/m1_reg[result][11]_i_20/CO[3]
                         net (fo=1, routed)           0.000     6.583    block/core/m1_reg[result][11]_i_20_n_0
    SLICE_X36Y24         CARRY4 (Prop_carry4_CI_CO[3])
                                                      0.117     6.700 r  block/core/m1_reg[result][15]_i_21/CO[3]
                         net (fo=1, routed)           0.009     6.709    block/core/m1_reg[result][15]_i_21_n_0
    SLICE_X36Y25         CARRY4 (Prop_carry4_CI_CO[3])
                                                      0.117     6.826 r  block/core/m1_reg[result][19]_i_23/CO[3]
                         net (fo=1, routed)           0.000     6.826    block/core/m1_reg[result][19]_i_23_n_0
    SLICE_X36Y26         CARRY4 (Prop_carry4_CI_CO[3])
                                                      0.117     6.943 r  block/core/m1_reg[result][23]_i_21/CO[3]
                         net (fo=1, routed)           0.000     6.943    block/core/m1_reg[result][23]_i_21_n_0
    SLICE_X36Y27         CARRY4 (Prop_carry4_CI_O[1])
                                                      0.323     7.266 r  block/core/m1_reg[result][29]_i_17/O[1]
                         net (fo=1, routed)           0.295     7.561    block/core/m1_reg[result][29]_i_17_n_6
    SLICE_X37Y27         LUT4 (Prop_lut4_I2_O)        0.306     7.867 r  block/core/m1[result][25]_i_14/O
                         net (fo=1, routed)           0.479     8.346    block/core/m1[result][25]_i_14_n_0
    SLICE_X33Y27         LUT5 (Prop_lut5_I4_O)        0.124     8.470 r  block/core/m1[result][25]_i_10/O
                         net (fo=1, routed)           0.666     9.136    block/core/m1[result][25]_i_10_n_0
    SLICE_X38Y29         LUT6 (Prop_lut6_I0_O)        0.124     9.260 r  block/core/m1[result][25]_i_5/O
                         net (fo=1, routed)           0.582     9.842    block/core/m1[result][25]_i_5_n_0
    SLICE_X40Y32         LUT6 (Prop_lut6_I4_O)        0.124     9.966 r  block/core/m1[result][25]_i_1/O
                         net (fo=1, routed)           0.000     9.966    block/core/result_return[25]
    SLICE_X40Y32         FDRE                                         r  block/core/m1_reg[result][25]/D
  -------------------------------------------------------------------    -------------------

                         (clock clk rise edge)       10.000    10.000 r  
                                                      0.000    10.000 r  clk (IN)
                         net (fo=1487, unset)         0.924    10.924    block/core/clk
    SLICE_X40Y32         FDRE                                         r  block/core/m1_reg[result][25]/C
                         clock pessimism              0.000    10.924    
                         clock uncertainty           -0.035    10.889    
    SLICE_X40Y32         FDRE (Setup_fdre_C_D)        0.031    10.920    block/core/m1_reg[result][25]
  -------------------------------------------------------------------
                         required time                         10.920    
                         arrival time                          -9.966    
  -------------------------------------------------------------------
                         slack                                  0.954    

Slack (MET) :             0.991ns  (required time - arrival time)
  Source:                 block/core/m1_reg[result][0]/C
                            (rising edge-triggered cell FDRE clocked by clk  {rise@0.000ns fall@5.000ns period=10.000ns})
  Destination:            block/core/m1_reg[result][19]/D
                            (rising edge-triggered cell FDRE clocked by clk  {rise@0.000ns fall@5.000ns period=10.000ns})
  Path Group:             clk
  Path Type:              Setup (Max at Slow Process Corner)
  Requirement:            10.000ns  (clk rise@10.000ns - clk rise@0.000ns)
  Data Path Delay:        9.002ns  (logic 2.872ns (31.904%)  route 6.130ns (68.096%))
  Logic Levels:           13  (CARRY4=5 LUT2=1 LUT3=1 LUT4=2 LUT5=2 LUT6=2)
  Clock Path Skew:        -0.049ns (DCD - SCD + CPR)
    Destination Clock Delay (DCD):    0.924ns = ( 10.924 - 10.000 ) 
    Source Clock Delay      (SCD):    0.973ns
    Clock Pessimism Removal (CPR):    0.000ns
  Clock Uncertainty:      0.035ns  ((TSJ^2 + TIJ^2)^1/2 + DJ) / 2 + PE
    Total System Jitter     (TSJ):    0.071ns
    Total Input Jitter      (TIJ):    0.000ns
    Discrete Jitter          (DJ):    0.000ns
    Phase Error              (PE):    0.000ns

    Location             Delay type                Incr(ns)  Path(ns)    Netlist Resource(s)
  -------------------------------------------------------------------    -------------------
                         (clock clk rise edge)        0.000     0.000 r  
                                                      0.000     0.000 r  clk (IN)
                         net (fo=1487, unset)         0.973     0.973    block/core/clk
    SLICE_X38Y20         FDRE                                         r  block/core/m1_reg[result][0]/C
  -------------------------------------------------------------------    -------------------
    SLICE_X38Y20         FDRE (Prop_fdre_C_Q)         0.518     1.491 r  block/core/m1_reg[result][0]/Q
                         net (fo=4, routed)           1.206     2.697    block/core/fetch/m1_reg[rs2v][31]_3[0]
    SLICE_X24Y27         LUT4 (Prop_lut4_I2_O)        0.124     2.821 r  block/core/fetch/m1[rs2v][0]_i_2/O
                         net (fo=1, routed)           0.490     3.311    block/core/fetch/m1[rs2v][0]_i_2_n_0
    SLICE_X24Y27         LUT5 (Prop_lut5_I4_O)        0.124     3.435 r  block/core/fetch/m1[rs2v][0]_i_1/O
                         net (fo=20, routed)          0.969     4.404    block/core/d_req_wdata[0]
    SLICE_X22Y24         LUT3 (Prop_lut3_I2_O)        0.124     4.528 r  block/core/m1[result][30]_i_16/O
                         net (fo=12, routed)          1.184     5.712    block/core/p_0_in2_in[0]
    SLICE_X36Y21         LUT2 (Prop_lut2_I1_O)        0.124     5.836 r  block/core/m1[result][1]_i_11/O
                         net (fo=1, routed)           0.000     5.836    block/core/m1[result][1]_i_11_n_0
    SLICE_X36Y21         CARRY4 (Prop_carry4_S[0]_CO[3])
                                                      0.513     6.349 r  block/core/m1_reg[result][1]_i_4/CO[3]
                         net (fo=1, routed)           0.000     6.349    block/core/m1_reg[result][1]_i_4_n_0
    SLICE_X36Y22         CARRY4 (Prop_carry4_CI_CO[3])
                                                      0.117     6.466 r  block/core/m1_reg[result][7]_i_18/CO[3]
                         net (fo=1, routed)           0.000     6.466    block/core/m1_reg[result][7]_i_18_n_0
    SLICE_X36Y23         CARRY4 (Prop_carry4_CI_CO[3])
                                                      0.117     6.583 r  block/core/m1_reg[result][11]_i_20/CO[3]
                         net (fo=1, routed)           0.000     6.583    block/core/m1_reg[result][11]_i_20_n_0
    SLICE_X36Y24         CARRY4 (Prop_carry4_CI_CO[3])
                                                      0.117     6.700 r  block/core/m1_reg[result][15]_i_21/CO[3]
                         net (fo=1, routed)           0.009     6.709    block/core/m1_reg[result][15]_i_21_n_0
    SLICE_X36Y25         CARRY4 (Prop_carry4_CI_O[3])
                                                      0.315     7.024 r  block/core/m1_reg[result][19]_i_23/O[3]
                         net (fo=1, routed)           0.326     7.350    block/core/m1_reg[result][19]_i_23_n_4
    SLICE_X37Y24         LUT4 (Prop_lut4_I2_O)        0.307     7.657 r  block/core/m1[result][19]_i_16/O
                         net (fo=1, routed)           0.581     8.238    block/core/m1[result][19]_i_16_n_0
    SLICE_X35Y22         LUT5 (Prop_lut5_I4_O)        0.124     8.362 r  block/core/m1[result][19]_i_10/O
                         net (fo=1, routed)           0.655     9.017    block/core/m1[result][19]_i_10_n_0
    SLICE_X39Y27         LUT6 (Prop_lut6_I0_O)        0.124     9.141 r  block/core/m1[result][19]_i_5/O
                         net (fo=1, routed)           0.710     9.851    block/core/m1[result][19]_i_5_n_0
    SLICE_X42Y31         LUT6 (Prop_lut6_I4_O)        0.124     9.975 r  block/core/m1[result][19]_i_1/O
                         net (fo=1, routed)           0.000     9.975    block/core/result_return[19]
    SLICE_X42Y31         FDRE                                         r  block/core/m1_reg[result][19]/D
  -------------------------------------------------------------------    -------------------

                         (clock clk rise edge)       10.000    10.000 r  
                                                      0.000    10.000 r  clk (IN)
                         net (fo=1487, unset)         0.924    10.924    block/core/clk
    SLICE_X42Y31         FDRE                                         r  block/core/m1_reg[result][19]/C
                         clock pessimism              0.000    10.924    
                         clock uncertainty           -0.035    10.889    
    SLICE_X42Y31         FDRE (Setup_fdre_C_D)        0.077    10.966    block/core/m1_reg[result][19]
  -------------------------------------------------------------------
                         required time                         10.966    
                         arrival time                          -9.975    
  -------------------------------------------------------------------
                         slack                                  0.991    

Slack (MET) :             1.094ns  (required time - arrival time)
  Source:                 block/core/m1_reg[result][0]/C
                            (rising edge-triggered cell FDRE clocked by clk  {rise@0.000ns fall@5.000ns period=10.000ns})
  Destination:            block/core/m1_reg[result][27]/D
                            (rising edge-triggered cell FDRE clocked by clk  {rise@0.000ns fall@5.000ns period=10.000ns})
  Path Group:             clk
  Path Type:              Setup (Max at Slow Process Corner)
  Requirement:            10.000ns  (clk rise@10.000ns - clk rise@0.000ns)
  Data Path Delay:        8.899ns  (logic 3.106ns (34.903%)  route 5.793ns (65.097%))
  Logic Levels:           15  (CARRY4=7 LUT2=1 LUT3=1 LUT4=2 LUT5=2 LUT6=2)
  Clock Path Skew:        -0.049ns (DCD - SCD + CPR)
    Destination Clock Delay (DCD):    0.924ns = ( 10.924 - 10.000 ) 
    Source Clock Delay      (SCD):    0.973ns
    Clock Pessimism Removal (CPR):    0.000ns
  Clock Uncertainty:      0.035ns  ((TSJ^2 + TIJ^2)^1/2 + DJ) / 2 + PE
    Total System Jitter     (TSJ):    0.071ns
    Total Input Jitter      (TIJ):    0.000ns
    Discrete Jitter          (DJ):    0.000ns
    Phase Error              (PE):    0.000ns

    Location             Delay type                Incr(ns)  Path(ns)    Netlist Resource(s)
  -------------------------------------------------------------------    -------------------
                         (clock clk rise edge)        0.000     0.000 r  
                                                      0.000     0.000 r  clk (IN)
                         net (fo=1487, unset)         0.973     0.973    block/core/clk
    SLICE_X38Y20         FDRE                                         r  block/core/m1_reg[result][0]/C
  -------------------------------------------------------------------    -------------------
    SLICE_X38Y20         FDRE (Prop_fdre_C_Q)         0.518     1.491 r  block/core/m1_reg[result][0]/Q
                         net (fo=4, routed)           1.206     2.697    block/core/fetch/m1_reg[rs2v][31]_3[0]
    SLICE_X24Y27         LUT4 (Prop_lut4_I2_O)        0.124     2.821 r  block/core/fetch/m1[rs2v][0]_i_2/O
                         net (fo=1, routed)           0.490     3.311    block/core/fetch/m1[rs2v][0]_i_2_n_0
    SLICE_X24Y27         LUT5 (Prop_lut5_I4_O)        0.124     3.435 r  block/core/fetch/m1[rs2v][0]_i_1/O
                         net (fo=20, routed)          0.969     4.404    block/core/d_req_wdata[0]
    SLICE_X22Y24         LUT3 (Prop_lut3_I2_O)        0.124     4.528 r  block/core/m1[result][30]_i_16/O
                         net (fo=12, routed)          1.184     5.712    block/core/p_0_in2_in[0]
    SLICE_X36Y21         LUT2 (Prop_lut2_I1_O)        0.124     5.836 r  block/core/m1[result][1]_i_11/O
                         net (fo=1, routed)           0.000     5.836    block/core/m1[result][1]_i_11_n_0
    SLICE_X36Y21         CARRY4 (Prop_carry4_S[0]_CO[3])
                                                      0.513     6.349 r  block/core/m1_reg[result][1]_i_4/CO[3]
                         net (fo=1, routed)           0.000     6.349    block/core/m1_reg[result][1]_i_4_n_0
    SLICE_X36Y22         CARRY4 (Prop_carry4_CI_CO[3])
                                                      0.117     6.466 r  block/core/m1_reg[result][7]_i_18/CO[3]
                         net (fo=1, routed)           0.000     6.466    block/core/m1_reg[result][7]_i_18_n_0
    SLICE_X36Y23         CARRY4 (Prop_carry4_CI_CO[3])
                                                      0.117     6.583 r  block/core/m1_reg[result][11]_i_20/CO[3]
                         net (fo=1, routed)           0.000     6.583    block/core/m1_reg[result][11]_i_20_n_0
    SLICE_X36Y24         CARRY4 (Prop_carry4_CI_CO[3])
                                                      0.117     6.700 r  block/core/m1_reg[result][15]_i_21/CO[3]
                         net (fo=1, routed)           0.009     6.709    block/core/m1_reg[result][15]_i_21_n_0
    SLICE_X36Y25         CARRY4 (Prop_carry4_CI_CO[3])
                                                      0.117     6.826 r  block/core/m1_reg[result][19]_i_23/CO[3]
                         net (fo=1, routed)           0.000     6.826    block/core/m1_reg[result][19]_i_23_n_0
    SLICE_X36Y26         CARRY4 (Prop_carry4_CI_CO[3])
                                                      0.117     6.943 r  block/core/m1_reg[result][23]_i_21/CO[3]
                         net (fo=1, routed)           0.000     6.943    block/core/m1_reg[result][23]_i_21_n_0
    SLICE_X36Y27         CARRY4 (Prop_carry4_CI_O[3])
                                                      0.315     7.258 r  block/core/m1_reg[result][29]_i_17/O[3]
                         net (fo=1, routed)           0.498     7.757    block/core/m1_reg[result][29]_i_17_n_4
    SLICE_X38Y28         LUT4 (Prop_lut4_I2_O)        0.307     8.064 r  block/core/m1[result][27]_i_13/O
                         net (fo=1, routed)           0.454     8.518    block/core/m1[result][27]_i_13_n_0
    SLICE_X37Y28         LUT5 (Prop_lut5_I4_O)        0.124     8.642 r  block/core/m1[result][27]_i_10/O
                         net (fo=1, routed)           0.533     9.175    block/core/m1[result][27]_i_10_n_0
    SLICE_X38Y29         LUT6 (Prop_lut6_I0_O)        0.124     9.299 r  block/core/m1[result][27]_i_5/O
                         net (fo=1, routed)           0.449     9.748    block/core/m1[result][27]_i_5_n_0
    SLICE_X38Y32         LUT6 (Prop_lut6_I4_O)        0.124     9.872 r  block/core/m1[result][27]_i_1/O
                         net (fo=1, routed)           0.000     9.872    block/core/result_return[27]
    SLICE_X38Y32         FDRE                                         r  block/core/m1_reg[result][27]/D
  -------------------------------------------------------------------    -------------------

                         (clock clk rise edge)       10.000    10.000 r  
                                                      0.000    10.000 r  clk (IN)
                         net (fo=1487, unset)         0.924    10.924    block/core/clk
    SLICE_X38Y32         FDRE                                         r  block/core/m1_reg[result][27]/C
                         clock pessimism              0.000    10.924    
                         clock uncertainty           -0.035    10.889    
    SLICE_X38Y32         FDRE (Setup_fdre_C_D)        0.077    10.966    block/core/m1_reg[result][27]
  -------------------------------------------------------------------
                         required time                         10.966    
                         arrival time                          -9.872    
  -------------------------------------------------------------------
                         slack                                  1.094    

Slack (MET) :             1.127ns  (required time - arrival time)
  Source:                 block/core/m1_reg[result][0]/C
                            (rising edge-triggered cell FDRE clocked by clk  {rise@0.000ns fall@5.000ns period=10.000ns})
  Destination:            block/core/m1_reg[result][21]/D
                            (rising edge-triggered cell FDRE clocked by clk  {rise@0.000ns fall@5.000ns period=10.000ns})
  Path Group:             clk
  Path Type:              Setup (Max at Slow Process Corner)
  Requirement:            10.000ns  (clk rise@10.000ns - clk rise@0.000ns)
  Data Path Delay:        8.818ns  (logic 2.996ns (33.976%)  route 5.822ns (66.024%))
  Logic Levels:           14  (CARRY4=6 LUT2=1 LUT3=1 LUT4=2 LUT5=2 LUT6=2)
  Clock Path Skew:        -0.049ns (DCD - SCD + CPR)
    Destination Clock Delay (DCD):    0.924ns = ( 10.924 - 10.000 ) 
    Source Clock Delay      (SCD):    0.973ns
    Clock Pessimism Removal (CPR):    0.000ns
  Clock Uncertainty:      0.035ns  ((TSJ^2 + TIJ^2)^1/2 + DJ) / 2 + PE
    Total System Jitter     (TSJ):    0.071ns
    Total Input Jitter      (TIJ):    0.000ns
    Discrete Jitter          (DJ):    0.000ns
    Phase Error              (PE):    0.000ns

    Location             Delay type                Incr(ns)  Path(ns)    Netlist Resource(s)
  -------------------------------------------------------------------    -------------------
                         (clock clk rise edge)        0.000     0.000 r  
                                                      0.000     0.000 r  clk (IN)
                         net (fo=1487, unset)         0.973     0.973    block/core/clk
    SLICE_X38Y20         FDRE                                         r  block/core/m1_reg[result][0]/C
  -------------------------------------------------------------------    -------------------
    SLICE_X38Y20         FDRE (Prop_fdre_C_Q)         0.518     1.491 r  block/core/m1_reg[result][0]/Q
                         net (fo=4, routed)           1.206     2.697    block/core/fetch/m1_reg[rs2v][31]_3[0]
    SLICE_X24Y27         LUT4 (Prop_lut4_I2_O)        0.124     2.821 r  block/core/fetch/m1[rs2v][0]_i_2/O
                         net (fo=1, routed)           0.490     3.311    block/core/fetch/m1[rs2v][0]_i_2_n_0
    SLICE_X24Y27         LUT5 (Prop_lut5_I4_O)        0.124     3.435 r  block/core/fetch/m1[rs2v][0]_i_1/O
                         net (fo=20, routed)          0.969     4.404    block/core/d_req_wdata[0]
    SLICE_X22Y24         LUT3 (Prop_lut3_I2_O)        0.124     4.528 r  block/core/m1[result][30]_i_16/O
                         net (fo=12, routed)          1.184     5.712    block/core/p_0_in2_in[0]
    SLICE_X36Y21         LUT2 (Prop_lut2_I1_O)        0.124     5.836 r  block/core/m1[result][1]_i_11/O
                         net (fo=1, routed)           0.000     5.836    block/core/m1[result][1]_i_11_n_0
    SLICE_X36Y21         CARRY4 (Prop_carry4_S[0]_CO[3])
                                                      0.513     6.349 r  block/core/m1_reg[result][1]_i_4/CO[3]
                         net (fo=1, routed)           0.000     6.349    block/core/m1_reg[result][1]_i_4_n_0
    SLICE_X36Y22         CARRY4 (Prop_carry4_CI_CO[3])
                                                      0.117     6.466 r  block/core/m1_reg[result][7]_i_18/CO[3]
                         net (fo=1, routed)           0.000     6.466    block/core/m1_reg[result][7]_i_18_n_0
    SLICE_X36Y23         CARRY4 (Prop_carry4_CI_CO[3])
                                                      0.117     6.583 r  block/core/m1_reg[result][11]_i_20/CO[3]
                         net (fo=1, routed)           0.000     6.583    block/core/m1_reg[result][11]_i_20_n_0
    SLICE_X36Y24         CARRY4 (Prop_carry4_CI_CO[3])
                                                      0.117     6.700 r  block/core/m1_reg[result][15]_i_21/CO[3]
                         net (fo=1, routed)           0.009     6.709    block/core/m1_reg[result][15]_i_21_n_0
    SLICE_X36Y25         CARRY4 (Prop_carry4_CI_CO[3])
                                                      0.117     6.826 r  block/core/m1_reg[result][19]_i_23/CO[3]
                         net (fo=1, routed)           0.000     6.826    block/core/m1_reg[result][19]_i_23_n_0
    SLICE_X36Y26         CARRY4 (Prop_carry4_CI_O[1])
                                                      0.323     7.149 r  block/core/m1_reg[result][23]_i_21/O[1]
                         net (fo=1, routed)           0.295     7.444    block/core/m1_reg[result][23]_i_21_n_6
    SLICE_X37Y26         LUT4 (Prop_lut4_I2_O)        0.306     7.750 r  block/core/m1[result][21]_i_14/O
                         net (fo=1, routed)           0.471     8.221    block/core/m1[result][21]_i_14_n_0
    SLICE_X33Y26         LUT5 (Prop_lut5_I4_O)        0.124     8.345 r  block/core/m1[result][21]_i_10/O
                         net (fo=1, routed)           0.767     9.112    block/core/m1[result][21]_i_10_n_0
    SLICE_X40Y29         LUT6 (Prop_lut6_I0_O)        0.124     9.236 r  block/core/m1[result][21]_i_5/O
                         net (fo=1, routed)           0.431     9.667    block/core/m1[result][21]_i_5_n_0
    SLICE_X41Y30         LUT6 (Prop_lut6_I4_O)        0.124     9.791 r  block/core/m1[result][21]_i_1/O
                         net (fo=1, routed)           0.000     9.791    block/core/result_return[21]
    SLICE_X41Y30         FDRE                                         r  block/core/m1_reg[result][21]/D
  -------------------------------------------------------------------    -------------------

                         (clock clk rise edge)       10.000    10.000 r  
                                                      0.000    10.000 r  clk (IN)
                         net (fo=1487, unset)         0.924    10.924    block/core/clk
    SLICE_X41Y30         FDRE                                         r  block/core/m1_reg[result][21]/C
                         clock pessimism              0.000    10.924    
                         clock uncertainty           -0.035    10.889    
    SLICE_X41Y30         FDRE (Setup_fdre_C_D)        0.029    10.918    block/core/m1_reg[result][21]
  -------------------------------------------------------------------
                         required time                         10.918    
                         arrival time                          -9.791    
  -------------------------------------------------------------------
                         slack                                  1.127    

Slack (MET) :             1.204ns  (required time - arrival time)
  Source:                 block/core/m1_reg[result][0]/C
                            (rising edge-triggered cell FDRE clocked by clk  {rise@0.000ns fall@5.000ns period=10.000ns})
  Destination:            block/core/m1_reg[result][26]/D
                            (rising edge-triggered cell FDRE clocked by clk  {rise@0.000ns fall@5.000ns period=10.000ns})
  Path Group:             clk
  Path Type:              Setup (Max at Slow Process Corner)
  Requirement:            10.000ns  (clk rise@10.000ns - clk rise@0.000ns)
  Data Path Delay:        8.741ns  (logic 3.024ns (34.597%)  route 5.717ns (65.403%))
  Logic Levels:           15  (CARRY4=7 LUT2=1 LUT3=1 LUT4=2 LUT5=2 LUT6=2)
  Clock Path Skew:        -0.049ns (DCD - SCD + CPR)
    Destination Clock Delay (DCD):    0.924ns = ( 10.924 - 10.000 ) 
    Source Clock Delay      (SCD):    0.973ns
    Clock Pessimism Removal (CPR):    0.000ns
  Clock Uncertainty:      0.035ns  ((TSJ^2 + TIJ^2)^1/2 + DJ) / 2 + PE
    Total System Jitter     (TSJ):    0.071ns
    Total Input Jitter      (TIJ):    0.000ns
    Discrete Jitter          (DJ):    0.000ns
    Phase Error              (PE):    0.000ns

    Location             Delay type                Incr(ns)  Path(ns)    Netlist Resource(s)
  -------------------------------------------------------------------    -------------------
                         (clock clk rise edge)        0.000     0.000 r  
                                                      0.000     0.000 r  clk (IN)
                         net (fo=1487, unset)         0.973     0.973    block/core/clk
    SLICE_X38Y20         FDRE                                         r  block/core/m1_reg[result][0]/C
  -------------------------------------------------------------------    -------------------
    SLICE_X38Y20         FDRE (Prop_fdre_C_Q)         0.518     1.491 r  block/core/m1_reg[result][0]/Q
                         net (fo=4, routed)           1.206     2.697    block/core/fetch/m1_reg[rs2v][31]_3[0]
    SLICE_X24Y27         LUT4 (Prop_lut4_I2_O)        0.124     2.821 r  block/core/fetch/m1[rs2v][0]_i_2/O
                         net (fo=1, routed)           0.490     3.311    block/core/fetch/m1[rs2v][0]_i_2_n_0
    SLICE_X24Y27         LUT5 (Prop_lut5_I4_O)        0.124     3.435 r  block/core/fetch/m1[rs2v][0]_i_1/O
                         net (fo=20, routed)          0.969     4.404    block/core/d_req_wdata[0]
    SLICE_X22Y24         LUT3 (Prop_lut3_I2_O)        0.124     4.528 r  block/core/m1[result][30]_i_16/O
                         net (fo=12, routed)          1.184     5.712    block/core/p_0_in2_in[0]
    SLICE_X36Y21         LUT2 (Prop_lut2_I1_O)        0.124     5.836 r  block/core/m1[result][1]_i_11/O
                         net (fo=1, routed)           0.000     5.836    block/core/m1[result][1]_i_11_n_0
    SLICE_X36Y21         CARRY4 (Prop_carry4_S[0]_CO[3])
                                                      0.513     6.349 r  block/core/m1_reg[result][1]_i_4/CO[3]
                         net (fo=1, routed)           0.000     6.349    block/core/m1_reg[result][1]_i_4_n_0
    SLICE_X36Y22         CARRY4 (Prop_carry4_CI_CO[3])
                                                      0.117     6.466 r  block/core/m1_reg[result][7]_i_18/CO[3]
                         net (fo=1, routed)           0.000     6.466    block/core/m1_reg[result][7]_i_18_n_0
    SLICE_X36Y23         CARRY4 (Prop_carry4_CI_CO[3])
                                                      0.117     6.583 r  block/core/m1_reg[result][11]_i_20/CO[3]
                         net (fo=1, routed)           0.000     6.583    block/core/m1_reg[result][11]_i_20_n_0
    SLICE_X36Y24         CARRY4 (Prop_carry4_CI_CO[3])
                                                      0.117     6.700 r  block/core/m1_reg[result][15]_i_21/CO[3]
                         net (fo=1, routed)           0.009     6.709    block/core/m1_reg[result][15]_i_21_n_0
    SLICE_X36Y25         CARRY4 (Prop_carry4_CI_CO[3])
                                                      0.117     6.826 r  block/core/m1_reg[result][19]_i_23/CO[3]
                         net (fo=1, routed)           0.000     6.826    block/core/m1_reg[result][19]_i_23_n_0
    SLICE_X36Y26         CARRY4 (Prop_carry4_CI_CO[3])
                                                      0.117     6.943 r  block/core/m1_reg[result][23]_i_21/CO[3]
                         net (fo=1, routed)           0.000     6.943    block/core/m1_reg[result][23]_i_21_n_0
    SLICE_X36Y27         CARRY4 (Prop_carry4_CI_O[2])
                                                      0.239     7.182 r  block/core/m1_reg[result][29]_i_17/O[2]
                         net (fo=1, routed)           0.346     7.529    block/core/m1_reg[result][29]_i_17_n_5
    SLICE_X37Y27         LUT4 (Prop_lut4_I2_O)        0.301     7.830 r  block/core/m1[result][26]_i_16/O
                         net (fo=1, routed)           0.574     8.404    block/core/m1[result][26]_i_16_n_0
    SLICE_X33Y27         LUT5 (Prop_lut5_I4_O)        0.124     8.528 r  block/core/m1[result][26]_i_13/O
                         net (fo=1, routed)           0.500     9.028    block/core/m1[result][26]_i_13_n_0
    SLICE_X38Y29         LUT6 (Prop_lut6_I0_O)        0.124     9.152 r  block/core/m1[result][26]_i_5/O
                         net (fo=1, routed)           0.438     9.590    block/core/m1[result][26]_i_5_n_0
    SLICE_X39Y32         LUT6 (Prop_lut6_I4_O)        0.124     9.714 r  block/core/m1[result][26]_i_1/O
                         net (fo=1, routed)           0.000     9.714    block/core/result_return[26]
    SLICE_X39Y32         FDRE                                         r  block/core/m1_reg[result][26]/D
  -------------------------------------------------------------------    -------------------

                         (clock clk rise edge)       10.000    10.000 r  
                                                      0.000    10.000 r  clk (IN)
                         net (fo=1487, unset)         0.924    10.924    block/core/clk
    SLICE_X39Y32         FDRE                                         r  block/core/m1_reg[result][26]/C
                         clock pessimism              0.000    10.924    
                         clock uncertainty           -0.035    10.889    
    SLICE_X39Y32         FDRE (Setup_fdre_C_D)        0.029    10.918    block/core/m1_reg[result][26]
  -------------------------------------------------------------------
                         required time                         10.918    
                         arrival time                          -9.714    
  -------------------------------------------------------------------
                         slack                                  1.204    

Slack (MET) :             1.221ns  (required time - arrival time)
  Source:                 block/core/m1_reg[result][0]/C
                            (rising edge-triggered cell FDRE clocked by clk  {rise@0.000ns fall@5.000ns period=10.000ns})
  Destination:            block/core/m1_reg[result][20]/D
                            (rising edge-triggered cell FDRE clocked by clk  {rise@0.000ns fall@5.000ns period=10.000ns})
  Path Group:             clk
  Path Type:              Setup (Max at Slow Process Corner)
  Requirement:            10.000ns  (clk rise@10.000ns - clk rise@0.000ns)
  Data Path Delay:        8.772ns  (logic 2.881ns (32.842%)  route 5.891ns (67.158%))
  Logic Levels:           14  (CARRY4=6 LUT2=1 LUT3=1 LUT4=2 LUT5=2 LUT6=2)
  Clock Path Skew:        -0.049ns (DCD - SCD + CPR)
    Destination Clock Delay (DCD):    0.924ns = ( 10.924 - 10.000 ) 
    Source Clock Delay      (SCD):    0.973ns
    Clock Pessimism Removal (CPR):    0.000ns
  Clock Uncertainty:      0.035ns  ((TSJ^2 + TIJ^2)^1/2 + DJ) / 2 + PE
    Total System Jitter     (TSJ):    0.071ns
    Total Input Jitter      (TIJ):    0.000ns
    Discrete Jitter          (DJ):    0.000ns
    Phase Error              (PE):    0.000ns

    Location             Delay type                Incr(ns)  Path(ns)    Netlist Resource(s)
  -------------------------------------------------------------------    -------------------
                         (clock clk rise edge)        0.000     0.000 r  
                                                      0.000     0.000 r  clk (IN)
                         net (fo=1487, unset)         0.973     0.973    block/core/clk
    SLICE_X38Y20         FDRE                                         r  block/core/m1_reg[result][0]/C
  -------------------------------------------------------------------    -------------------
    SLICE_X38Y20         FDRE (Prop_fdre_C_Q)         0.518     1.491 r  block/core/m1_reg[result][0]/Q
                         net (fo=4, routed)           1.206     2.697    block/core/fetch/m1_reg[rs2v][31]_3[0]
    SLICE_X24Y27         LUT4 (Prop_lut4_I2_O)        0.124     2.821 r  block/core/fetch/m1[rs2v][0]_i_2/O
                         net (fo=1, routed)           0.490     3.311    block/core/fetch/m1[rs2v][0]_i_2_n_0
    SLICE_X24Y27         LUT5 (Prop_lut5_I4_O)        0.124     3.435 r  block/core/fetch/m1[rs2v][0]_i_1/O
                         net (fo=20, routed)          0.969     4.404    block/core/d_req_wdata[0]
    SLICE_X22Y24         LUT3 (Prop_lut3_I2_O)        0.124     4.528 r  block/core/m1[result][30]_i_16/O
                         net (fo=12, routed)          1.184     5.712    block/core/p_0_in2_in[0]
    SLICE_X36Y21         LUT2 (Prop_lut2_I1_O)        0.124     5.836 r  block/core/m1[result][1]_i_11/O
                         net (fo=1, routed)           0.000     5.836    block/core/m1[result][1]_i_11_n_0
    SLICE_X36Y21         CARRY4 (Prop_carry4_S[0]_CO[3])
                                                      0.513     6.349 r  block/core/m1_reg[result][1]_i_4/CO[3]
                         net (fo=1, routed)           0.000     6.349    block/core/m1_reg[result][1]_i_4_n_0
    SLICE_X36Y22         CARRY4 (Prop_carry4_CI_CO[3])
                                                      0.117     6.466 r  block/core/m1_reg[result][7]_i_18/CO[3]
                         net (fo=1, routed)           0.000     6.466    block/core/m1_reg[result][7]_i_18_n_0
    SLICE_X36Y23         CARRY4 (Prop_carry4_CI_CO[3])
                                                      0.117     6.583 r  block/core/m1_reg[result][11]_i_20/CO[3]
                         net (fo=1, routed)           0.000     6.583    block/core/m1_reg[result][11]_i_20_n_0
    SLICE_X36Y24         CARRY4 (Prop_carry4_CI_CO[3])
                                                      0.117     6.700 r  block/core/m1_reg[result][15]_i_21/CO[3]
                         net (fo=1, routed)           0.009     6.709    block/core/m1_reg[result][15]_i_21_n_0
    SLICE_X36Y25         CARRY4 (Prop_carry4_CI_CO[3])
                                                      0.117     6.826 r  block/core/m1_reg[result][19]_i_23/CO[3]
                         net (fo=1, routed)           0.000     6.826    block/core/m1_reg[result][19]_i_23_n_0
    SLICE_X36Y26         CARRY4 (Prop_carry4_CI_O[0])
                                                      0.219     7.045 r  block/core/m1_reg[result][23]_i_21/O[0]
                         net (fo=1, routed)           0.484     7.529    block/core/m1_reg[result][23]_i_21_n_7
    SLICE_X37Y26         LUT4 (Prop_lut4_I2_O)        0.295     7.824 r  block/core/m1[result][20]_i_14/O
                         net (fo=1, routed)           0.460     8.284    block/core/m1[result][20]_i_14_n_0
    SLICE_X33Y26         LUT5 (Prop_lut5_I4_O)        0.124     8.408 r  block/core/m1[result][20]_i_10/O
                         net (fo=1, routed)           0.634     9.042    block/core/m1[result][20]_i_10_n_0
    SLICE_X41Y28         LUT6 (Prop_lut6_I0_O)        0.124     9.166 r  block/core/m1[result][20]_i_5/O
                         net (fo=1, routed)           0.455     9.621    block/core/m1[result][20]_i_5_n_0
    SLICE_X42Y30         LUT6 (Prop_lut6_I4_O)        0.124     9.745 r  block/core/m1[result][20]_i_1/O
                         net (fo=1, routed)           0.000     9.745    block/core/result_return[20]
    SLICE_X42Y30         FDRE                                         r  block/core/m1_reg[result][20]/D
  -------------------------------------------------------------------    -------------------

                         (clock clk rise edge)       10.000    10.000 r  
                                                      0.000    10.000 r  clk (IN)
                         net (fo=1487, unset)         0.924    10.924    block/core/clk
    SLICE_X42Y30         FDRE                                         r  block/core/m1_reg[result][20]/C
                         clock pessimism              0.000    10.924    
                         clock uncertainty           -0.035    10.889    
    SLICE_X42Y30         FDRE (Setup_fdre_C_D)        0.077    10.966    block/core/m1_reg[result][20]
  -------------------------------------------------------------------
                         required time                         10.966    
                         arrival time                          -9.745    
  -------------------------------------------------------------------
                         slack                                  1.221    





Min Delay Paths
--------------------------------------------------------------------------------------
Slack (MET) :             0.095ns  (arrival time - required time)
  Source:                 block/core/w_reg[result][20]/C
                            (rising edge-triggered cell FDRE clocked by clk  {rise@0.000ns fall@5.000ns period=10.000ns})
  Destination:            block/core/rf_reg_r1_0_31_18_23/RAMB/I
                            (rising edge-triggered cell RAMD32 clocked by clk  {rise@0.000ns fall@5.000ns period=10.000ns})
  Path Group:             clk
  Path Type:              Hold (Min at Fast Process Corner)
  Requirement:            0.000ns  (clk rise@0.000ns - clk rise@0.000ns)
  Data Path Delay:        0.263ns  (logic 0.141ns (53.712%)  route 0.122ns (46.288%))
  Logic Levels:           0  
  Clock Path Skew:        0.022ns (DCD - SCD - CPR)
    Destination Clock Delay (DCD):    0.432ns
    Source Clock Delay      (SCD):    0.410ns
    Clock Pessimism Removal (CPR):    -0.000ns

    Location             Delay type                Incr(ns)  Path(ns)    Netlist Resource(s)
  -------------------------------------------------------------------    -------------------
                         (clock clk rise edge)        0.000     0.000 r  
                                                      0.000     0.000 r  clk (IN)
                         net (fo=1487, unset)         0.410     0.410    block/core/clk
    SLICE_X29Y32         FDRE                                         r  block/core/w_reg[result][20]/C
  -------------------------------------------------------------------    -------------------
    SLICE_X29Y32         FDRE (Prop_fdre_C_Q)         0.141     0.551 r  block/core/w_reg[result][20]/Q
                         net (fo=6, routed)           0.122     0.673    block/core/rf_reg_r1_0_31_18_23/DIB0
    SLICE_X30Y33         RAMD32                                       r  block/core/rf_reg_r1_0_31_18_23/RAMB/I
  -------------------------------------------------------------------    -------------------

                         (clock clk rise edge)        0.000     0.000 r  
                                                      0.000     0.000 r  clk (IN)
                         net (fo=1487, unset)         0.432     0.432    block/core/rf_reg_r1_0_31_18_23/WCLK
    SLICE_X30Y33         RAMD32                                       r  block/core/rf_reg_r1_0_31_18_23/RAMB/CLK
                         clock pessimism              0.000     0.432    
    SLICE_X30Y33         RAMD32 (Hold_ramd32_CLK_I)
                                                      0.146     0.578    block/core/rf_reg_r1_0_31_18_23/RAMB
  -------------------------------------------------------------------
                         required time                         -0.578    
                         arrival time                           0.673    
  -------------------------------------------------------------------
                         slack                                  0.095    

Slack (MET) :             0.107ns  (arrival time - required time)
  Source:                 block/core/w_reg[result][12]/C
                            (rising edge-triggered cell FDRE clocked by clk  {rise@0.000ns fall@5.000ns period=10.000ns})
  Destination:            block/core/rf_reg_r2_0_31_12_17/RAMA/I
                            (rising edge-triggered cell RAMD32 clocked by clk  {rise@0.000ns fall@5.000ns period=10.000ns})
  Path Group:             clk
  Path Type:              Hold (Min at Fast Process Corner)
  Requirement:            0.000ns  (clk rise@0.000ns - clk rise@0.000ns)
  Data Path Delay:        0.275ns  (logic 0.141ns (51.210%)  route 0.134ns (48.790%))
  Logic Levels:           0  
  Clock Path Skew:        0.022ns (DCD - SCD - CPR)
    Destination Clock Delay (DCD):    0.432ns
    Source Clock Delay      (SCD):    0.410ns
    Clock Pessimism Removal (CPR):    -0.000ns

    Location             Delay type                Incr(ns)  Path(ns)    Netlist Resource(s)
  -------------------------------------------------------------------    -------------------
                         (clock clk rise edge)        0.000     0.000 r  
                                                      0.000     0.000 r  clk (IN)
                         net (fo=1487, unset)         0.410     0.410    block/core/clk
    SLICE_X27Y31         FDRE                                         r  block/core/w_reg[result][12]/C
  -------------------------------------------------------------------    -------------------
    SLICE_X27Y31         FDRE (Prop_fdre_C_Q)         0.141     0.551 r  block/core/w_reg[result][12]/Q
                         net (fo=6, routed)           0.134     0.685    block/core/rf_reg_r2_0_31_12_17/DIA0
    SLICE_X26Y30         RAMD32                                       r  block/core/rf_reg_r2_0_31_12_17/RAMA/I
  -------------------------------------------------------------------    -------------------

                         (clock clk rise edge)        0.000     0.000 r  
                                                      0.000     0.000 r  clk (IN)
                         net (fo=1487, unset)         0.432     0.432    block/core/rf_reg_r2_0_31_12_17/WCLK
    SLICE_X26Y30         RAMD32                                       r  block/core/rf_reg_r2_0_31_12_17/RAMA/CLK
                         clock pessimism              0.000     0.432    
    SLICE_X26Y30         RAMD32 (Hold_ramd32_CLK_I)
                                                      0.147     0.579    block/core/rf_reg_r2_0_31_12_17/RAMA
  -------------------------------------------------------------------
                         required time                         -0.579    
                         arrival time                           0.685    
  -------------------------------------------------------------------
                         slack                                  0.107    

Slack (MET) :             0.109ns  (arrival time - required time)
  Source:                 block/core/w_reg[result][12]/C
                            (rising edge-triggered cell FDRE clocked by clk  {rise@0.000ns fall@5.000ns period=10.000ns})
  Destination:            block/core/rf_reg_r1_0_31_12_17/RAMA/I
                            (rising edge-triggered cell RAMD32 clocked by clk  {rise@0.000ns fall@5.000ns period=10.000ns})
  Path Group:             clk
  Path Type:              Hold (Min at Fast Process Corner)
  Requirement:            0.000ns  (clk rise@0.000ns - clk rise@0.000ns)
  Data Path Delay:        0.277ns  (logic 0.141ns (50.841%)  route 0.136ns (49.159%))
  Logic Levels:           0  
  Clock Path Skew:        0.022ns (DCD - SCD - CPR)
    Destination Clock Delay (DCD):    0.432ns
    Source Clock Delay      (SCD):    0.410ns
    Clock Pessimism Removal (CPR):    -0.000ns

    Location             Delay type                Incr(ns)  Path(ns)    Netlist Resource(s)
  -------------------------------------------------------------------    -------------------
                         (clock clk rise edge)        0.000     0.000 r  
                                                      0.000     0.000 r  clk (IN)
                         net (fo=1487, unset)         0.410     0.410    block/core/clk
    SLICE_X27Y31         FDRE                                         r  block/core/w_reg[result][12]/C
  -------------------------------------------------------------------    -------------------
    SLICE_X27Y31         FDRE (Prop_fdre_C_Q)         0.141     0.551 r  block/core/w_reg[result][12]/Q
                         net (fo=6, routed)           0.136     0.687    block/core/rf_reg_r1_0_31_12_17/DIA0
    SLICE_X26Y32         RAMD32                                       r  block/core/rf_reg_r1_0_31_12_17/RAMA/I
  -------------------------------------------------------------------    -------------------

                         (clock clk rise edge)        0.000     0.000 r  
                                                      0.000     0.000 r  clk (IN)
                         net (fo=1487, unset)         0.432     0.432    block/core/rf_reg_r1_0_31_12_17/WCLK
    SLICE_X26Y32         RAMD32                                       r  block/core/rf_reg_r1_0_31_12_17/RAMA/CLK
                         clock pessimism              0.000     0.432    
    SLICE_X26Y32         RAMD32 (Hold_ramd32_CLK_I)
                                                      0.147     0.579    block/core/rf_reg_r1_0_31_12_17/RAMA
  -------------------------------------------------------------------
                         required time                         -0.579    
                         arrival time                           0.687    
  -------------------------------------------------------------------
                         slack                                  0.109    

Slack (MET) :             0.111ns  (arrival time - required time)
  Source:                 block/core/w_reg[result][14]/C
                            (rising edge-triggered cell FDRE clocked by clk  {rise@0.000ns fall@5.000ns period=10.000ns})
  Destination:            block/core/rf_reg_r1_0_31_12_17/RAMB/I
                            (rising edge-triggered cell RAMD32 clocked by clk  {rise@0.000ns fall@5.000ns period=10.000ns})
  Path Group:             clk
  Path Type:              Hold (Min at Fast Process Corner)
  Requirement:            0.000ns  (clk rise@0.000ns - clk rise@0.000ns)
  Data Path Delay:        0.279ns  (logic 0.141ns (50.585%)  route 0.138ns (49.415%))
  Logic Levels:           0  
  Clock Path Skew:        0.022ns (DCD - SCD - CPR)
    Destination Clock Delay (DCD):    0.432ns
    Source Clock Delay      (SCD):    0.410ns
    Clock Pessimism Removal (CPR):    -0.000ns

    Location             Delay type                Incr(ns)  Path(ns)    Netlist Resource(s)
  -------------------------------------------------------------------    -------------------
                         (clock clk rise edge)        0.000     0.000 r  
                                                      0.000     0.000 r  clk (IN)
                         net (fo=1487, unset)         0.410     0.410    block/core/clk
    SLICE_X27Y31         FDRE                                         r  block/core/w_reg[result][14]/C
  -------------------------------------------------------------------    -------------------
    SLICE_X27Y31         FDRE (Prop_fdre_C_Q)         0.141     0.551 r  block/core/w_reg[result][14]/Q
                         net (fo=6, routed)           0.138     0.689    block/core/rf_reg_r1_0_31_12_17/DIB0
    SLICE_X26Y32         RAMD32                                       r  block/core/rf_reg_r1_0_31_12_17/RAMB/I
  -------------------------------------------------------------------    -------------------

                         (clock clk rise edge)        0.000     0.000 r  
                                                      0.000     0.000 r  clk (IN)
                         net (fo=1487, unset)         0.432     0.432    block/core/rf_reg_r1_0_31_12_17/WCLK
    SLICE_X26Y32         RAMD32                                       r  block/core/rf_reg_r1_0_31_12_17/RAMB/CLK
                         clock pessimism              0.000     0.432    
    SLICE_X26Y32         RAMD32 (Hold_ramd32_CLK_I)
                                                      0.146     0.578    block/core/rf_reg_r1_0_31_12_17/RAMB
  -------------------------------------------------------------------
                         required time                         -0.578    
                         arrival time                           0.689    
  -------------------------------------------------------------------
                         slack                                  0.111    

Slack (MET) :             0.112ns  (arrival time - required time)
  Source:                 block/core/fetch/rsp_pc_reg[30]/C
                            (rising edge-triggered cell FDRE clocked by clk  {rise@0.000ns fall@5.000ns period=10.000ns})
  Destination:            block/core/fetch/buf_pc_reg_0_3_24_29/RAMC/I
                            (rising edge-triggered cell RAMD32 clocked by clk  {rise@0.000ns fall@5.000ns period=10.000ns})
  Path Group:             clk
  Path Type:              Hold (Min at Fast Process Corner)
  Requirement:            0.000ns  (clk rise@0.000ns - clk rise@0.000ns)
  Data Path Delay:        0.277ns  (logic 0.141ns (50.813%)  route 0.136ns (49.187%))
  Logic Levels:           0  
  Clock Path Skew:        0.022ns (DCD - SCD - CPR)
    Destination Clock Delay (DCD):    0.432ns
    Source Clock Delay      (SCD):    0.410ns
    Clock Pessimism Removal (CPR):    -0.000ns

    Location             Delay type                Incr(ns)  Path(ns)    Netlist Resource(s)
  -------------------------------------------------------------------    -------------------
                         (clock clk rise edge)        0.000     0.000 r  
                                                      0.000     0.000 r  clk (IN)
                         net (fo=1487, unset)         0.410     0.410    block/core/fetch/clk
    SLICE_X23Y21         FDRE                                         r  block/core/fetch/rsp_pc_reg[30]/C
  -------------------------------------------------------------------    -------------------
    SLICE_X23Y21         FDRE (Prop_fdre_C_Q)         0.141     0.551 r  block/core/fetch/rsp_pc_reg[30]/Q
                         net (fo=5, routed)           0.136     0.688    block/core/fetch/buf_pc_reg_0_3_24_29/DIC0
    SLICE_X22Y19         RAMD32                                       r  block/core/fetch/buf_pc_reg_0_3_24_29/RAMC/I
  -------------------------------------------------------------------    -------------------

                         (clock clk rise edge)        0.000     0.000 r  
                                                      0.000     0.000 r  clk (IN)
                         net (fo=1487, unset)         0.432     0.432    block/core/fetch/buf_pc_reg_0_3_24_29/WCLK
    SLICE_X22Y19         RAMD32                                       r  block/core/fetch/buf_pc_reg_0_3_24_29/RAMC/CLK
                         clock pessimism              0.000     0.432    
    SLICE_X22Y19         RAMD32 (Hold_ramd32_CLK_I)
                                                      0.144     0.576    block/core/fetch/buf_pc_reg_0_3_24_29/RAMC
  -------------------------------------------------------------------
                         required time                         -0.576    
                         arrival time                           0.688    
  -------------------------------------------------------------------
                         slack                                  0.112    

Slack (MET) :             0.116ns  (arrival time - required time)
  Source:                 block/core/w_reg[result][22]/C
                            (rising edge-triggered cell FDRE clocked by clk  {rise@0.000ns fall@5.000ns period=10.000ns})
  Destination:            block/core/rf_reg_r1_0_31_18_23/RAMC/I
                            (rising edge-triggered cell RAMD32 clocked by clk  {rise@0.000ns fall@5.000ns period=10.000ns})
  Path Group:             clk
  Path Type:              Hold (Min at Fast Process Corner)
  Requirement:            0.000ns  (clk rise@0.000ns - clk rise@0.000ns)
  Data Path Delay:        0.282ns  (logic 0.141ns (50.074%)  route 0.141ns (49.926%))
  Logic Levels:           0  
  Clock Path Skew:        0.022ns (DCD - SCD - CPR)
    Destination Clock Delay (DCD):    0.432ns
    Source Clock Delay      (SCD):    0.410ns
    Clock Pessimism Removal (CPR):    -0.000ns

    Location             Delay type                Incr(ns)  Path(ns)    Netlist Resource(s)
  -------------------------------------------------------------------    -------------------
                         (clock clk rise edge)        0.000     0.000 r  
                                                      0.000     0.000 r  clk (IN)
                         net (fo=1487, unset)         0.410     0.410    block/core/clk
    SLICE_X29Y32         FDRE                                         r  block/core/w_reg[result][22]/C
  -------------------------------------------------------------------    -------------------
    SLICE_X29Y32         FDRE (Prop_fdre_C_Q)         0.141     0.551 r  block/core/w_reg[result][22]/Q
                         net (fo=6, routed)           0.141     0.692    block/core/rf_reg_r1_0_31_18_23/DIC0
    SLICE_X30Y33         RAMD32                                       r  block/core/rf_reg_r1_0_31_18_23/RAMC/I
  -------------------------------------------------------------------    -------------------

                         (clock clk rise edge)        0.000     0.000 r  
                                                      0.000     0.000 r  clk (IN)
                         net (fo=1487, unset)         0.432     0.432    block/core/rf_reg_r1_0_31_18_23/WCLK
    SLICE_X30Y33         RAMD32                                       r  block/core/rf_reg_r1_0_31_18_23/RAMC/CLK
                         clock pessimism              0.000     0.432    
    SLICE_X30Y33         RAMD32 (Hold_ramd32_CLK_I)
                                                      0.144     0.576    block/core/rf_reg_r1_0_31_18_23/RAMC
  -------------------------------------------------------------------
                         required time                         -0.576    
                         arrival time                           0.692    
  -------------------------------------------------------------------
                         slack                                  0.116    

Slack (MET) :             0.116ns  (arrival time - required time)
  Source:                 block/core/w_reg[result][0]/C
                            (rising edge-triggered cell FDRE clocked by clk  {rise@0.000ns fall@5.000ns period=10.000ns})
  Destination:            block/core/rf_reg_r1_0_31_0_5/RAMA/I
                            (rising edge-triggered cell RAMD32 clocked by clk  {rise@0.000ns fall@5.000ns period=10.000ns})
  Path Group:             clk
  Path Type:              Hold (Min at Fast Process Corner)
  Requirement:            0.000ns  (clk rise@0.000ns - clk rise@0.000ns)
  Data Path Delay:        0.285ns  (logic 0.141ns (49.513%)  route 0.144ns (50.486%))
  Logic Levels:           0  
  Clock Path Skew:        0.022ns (DCD - SCD - CPR)
    Destination Clock Delay (DCD):    0.432ns
    Source Clock Delay      (SCD):    0.410ns
    Clock Pessimism Removal (CPR):    -0.000ns

    Location             Delay type                Incr(ns)  Path(ns)    Netlist Resource(s)
  -------------------------------------------------------------------    -------------------
                         (clock clk rise edge)        0.000     0.000 r  
                                                      0.000     0.000 r  clk (IN)
                         net (fo=1487, unset)         0.410     0.410    block/core/clk
    SLICE_X25Y29         FDRE                                         r  block/core/w_reg[result][0]/C
  -------------------------------------------------------------------    -------------------
    SLICE_X25Y29         FDRE (Prop_fdre_C_Q)         0.141     0.551 r  block/core/w_reg[result][0]/Q
                         net (fo=8, routed)           0.144     0.695    block/core/rf_reg_r1_0_31_0_5/DIA0
    SLICE_X26Y28         RAMD32                                       r  block/core/rf_reg_r1_0_31_0_5/RAMA/I
  -------------------------------------------------------------------    -------------------

                         (clock clk rise edge)        0.000     0.000 r  
                                                      0.000     0.000 r  clk (IN)
                         net (fo=1487, unset)         0.432     0.432    block/core/rf_reg_r1_0_31_0_5/WCLK
    SLICE_X26Y28         RAMD32                                       r  block/core/rf_reg_r1_0_31_0_5/RAMA/CLK
                         clock pessimism              0.000     0.432    
    SLICE_X26Y28         RAMD32 (Hold_ramd32_CLK_I)
                                                      0.147     0.579    block/core/rf_reg_r1_0_31_0_5/RAMA
  -------------------------------------------------------------------
                         required time                         -0.579    
                         arrival time                           0.695    
  -------------------------------------------------------------------
                         slack                                  0.116    

Slack (MET) :             0.119ns  (arrival time - required time)
  Source:                 block/core/w_reg[result][21]/C
                            (rising edge-triggered cell FDRE clocked by clk  {rise@0.000ns fall@5.000ns period=10.000ns})
  Destination:            block/core/rf_reg_r2_0_31_18_23/RAMB_D1/I
                            (rising edge-triggered cell RAMD32 clocked by clk  {rise@0.000ns fall@5.000ns period=10.000ns})
  Path Group:             clk
  Path Type:              Hold (Min at Fast Process Corner)
  Requirement:            0.000ns  (clk rise@0.000ns - clk rise@0.000ns)
  Data Path Delay:        0.264ns  (logic 0.141ns (53.354%)  route 0.123ns (46.646%))
  Logic Levels:           0  
  Clock Path Skew:        0.022ns (DCD - SCD - CPR)
    Destination Clock Delay (DCD):    0.432ns
    Source Clock Delay      (SCD):    0.410ns
    Clock Pessimism Removal (CPR):    -0.000ns

    Location             Delay type                Incr(ns)  Path(ns)    Netlist Resource(s)
  -------------------------------------------------------------------    -------------------
                         (clock clk rise edge)        0.000     0.000 r  
                                                      0.000     0.000 r  clk (IN)
                         net (fo=1487, unset)         0.410     0.410    block/core/clk
    SLICE_X28Y33         FDRE                                         r  block/core/w_reg[result][21]/C
  -------------------------------------------------------------------    -------------------
    SLICE_X28Y33         FDRE (Prop_fdre_C_Q)         0.141     0.551 r  block/core/w_reg[result][21]/Q
                         net (fo=6, routed)           0.123     0.674    block/core/rf_reg_r2_0_31_18_23/DIB1
    SLICE_X30Y32         RAMD32                                       r  block/core/rf_reg_r2_0_31_18_23/RAMB_D1/I
  -------------------------------------------------------------------    -------------------

                         (clock clk rise edge)        0.000     0.000 r  
                                                      0.000     0.000 r  clk (IN)
                         net (fo=1487, unset)         0.432     0.432    block/core/rf_reg_r2_0_31_18_23/WCLK
    SLICE_X30Y32         RAMD32                                       r  block/core/rf_reg_r2_0_31_18_23/RAMB_D1/CLK
                         clock pessimism              0.000     0.432    
    SLICE_X30Y32         RAMD32 (Hold_ramd32_CLK_I)
                                                      0.124     0.556    block/core/rf_reg_r2_0_31_18_23/RAMB_D1
  -------------------------------------------------------------------
                         required time                         -0.556    
                         arrival time                           0.674    
  -------------------------------------------------------------------
                         slack                                  0.119    

Slack (MET) :             0.121ns  (arrival time - required time)
  Source:                 block/core/w_reg[result][18]/C
                            (rising edge-triggered cell FDRE clocked by clk  {rise@0.000ns fall@5.000ns period=10.000ns})
  Destination:            block/core/rf_reg_r2_0_31_18_23/RAMA/I
                            (rising edge-triggered cell RAMD32 clocked by clk  {rise@0.000ns fall@5.000ns period=10.000ns})
  Path Group:             clk
  Path Type:              Hold (Min at Fast Process Corner)
  Requirement:            0.000ns  (clk rise@0.000ns - clk rise@0.000ns)
  Data Path Delay:        0.289ns  (logic 0.141ns (48.744%)  route 0.148ns (51.256%))
  Logic Levels:           0  
  Clock Path Skew:        0.022ns (DCD - SCD - CPR)
    Destination Clock Delay (DCD):    0.432ns
    Source Clock Delay      (SCD):    0.410ns
    Clock Pessimism Removal (CPR):    -0.000ns

    Location             Delay type                Incr(ns)  Path(ns)    Netlist Resource(s)
  -------------------------------------------------------------------    -------------------
                         (clock clk rise edge)        0.000     0.000 r  
                                                      0.000     0.000 r  clk (IN)
                         net (fo=1487, unset)         0.410     0.410    block/core/clk
    SLICE_X28Y33         FDRE                                         r  block/core/w_reg[result][18]/C
  -------------------------------------------------------------------    -------------------
    SLICE_X28Y33         FDRE (Prop_fdre_C_Q)         0.141     0.551 r  block/core/w_reg[result][18]/Q
                         net (fo=6, routed)           0.148     0.699    block/core/rf_reg_r2_0_31_18_23/DIA0
    SLICE_X30Y32         RAMD32                                       r  block/core/rf_reg_r2_0_31_18_23/RAMA/I
  -------------------------------------------------------------------    -------------------

                         (clock clk rise edge)        0.000     0.000 r  
                                                      0.000     0.000 r  clk (IN)
                         net (fo=1487, unset)         0.432     0.432    block/core/rf_reg_r2_0_31_18_23/WCLK
    SLICE_X30Y32         RAMD32                                       r  block/core/rf_reg_r2_0_31_18_23/RAMA/CLK
                         clock pessimism              0.000     0.432    
    SLICE_X30Y32         RAMD32 (Hold_ramd32_CLK_I)
                                                      0.147     0.579    block/core/rf_reg_r2_0_31_18_23/RAMA
  -------------------------------------------------------------------
                         required time                         -0.579    
                         arrival time                           0.699    
  -------------------------------------------------------------------
                         slack                                  0.121    

Slack (MET) :             0.122ns  (arrival time - required time)
  Source:                 block/core/w_reg[result][13]/C
                            (rising edge-triggered cell FDRE clocked by clk  {rise@0.000ns fall@5.000ns period=10.000ns})
  Destination:            block/core/rf_reg_r2_0_31_12_17/RAMA_D1/I
                            (rising edge-triggered cell RAMD32 clocked by clk  {rise@0.000ns fall@5.000ns period=10.000ns})
  Path Group:             clk
  Path Type:              Hold (Min at Fast Process Corner)
  Requirement:            0.000ns  (clk rise@0.000ns - clk rise@0.000ns)
  Data Path Delay:        0.264ns  (logic 0.141ns (53.428%)  route 0.123ns (46.572%))
  Logic Levels:           0  
  Clock Path Skew:        0.022ns (DCD - SCD - CPR)
    Destination Clock Delay (DCD):    0.432ns
    Source Clock Delay      (SCD):    0.410ns
    Clock Pessimism Removal (CPR):    -0.000ns

    Location             Delay type                Incr(ns)  Path(ns)    Netlist Resource(s)
  -------------------------------------------------------------------    -------------------
                         (clock clk rise edge)        0.000     0.000 r  
                                                      0.000     0.000 r  clk (IN)
                         net (fo=1487, unset)         0.410     0.410    block/core/clk
    SLICE_X25Y31         FDRE                                         r  block/core/w_reg[result][13]/C
  -------------------------------------------------------------------    -------------------
    SLICE_X25Y31         FDRE (Prop_fdre_C_Q)         0.141     0.551 r  block/core/w_reg[result][13]/Q
                         net (fo=6, routed)           0.123     0.674    block/core/rf_reg_r2_0_31_12_17/DIA1
    SLICE_X26Y30         RAMD32                                       r  block/core/rf_reg_r2_0_31_12_17/RAMA_D1/I
  -------------------------------------------------------------------    -------------------

                         (clock clk rise edge)        0.000     0.000 r  
                                                      0.000     0.000 r  clk (IN)
                         net (fo=1487, unset)         0.432     0.432    block/core/rf_reg_r2_0_31_12_17/WCLK
    SLICE_X26Y30         RAMD32                                       r  block/core/rf_reg_r2_0_31_12_17/RAMA_D1/CLK
                         clock pessimism              0.000     0.432    
    SLICE_X26Y30         RAMD32 (Hold_ramd32_CLK_I)
                                                      0.120     0.552    block/core/rf_reg_r2_0_31_12_17/RAMA_D1
  -------------------------------------------------------------------
                         required time                         -0.552    
                         arrival time                           0.674    
  -------------------------------------------------------------------
                         slack                                  0.122    





Pulse Width Checks
--------------------------------------------------------------------------------------
Clock Name:         clk
Waveform(ns):       { 0.000 5.000 }
Period(ns):         10.000
Sources:            { clk }

Check Type        Corner  Lib Pin             Reference Pin  Required(ns)  Actual(ns)  Slack(ns)  Location      Pin
Min Period        n/a     RAMB36E1/CLKARDCLK  n/a            2.944         10.000      7.056      RAMB36_X1Y2   block/request_registered.ram_reg_0_0_0/CLKARDCLK
Min Period        n/a     RAMB36E1/CLKARDCLK  n/a            2.944         10.000      7.056      RAMB36_X2Y4   block/request_registered.ram_reg_0_0_1/CLKARDCLK
Min Period        n/a     RAMB36E1/CLKARDCLK  n/a            2.944         10.000      7.056      RAMB36_X2Y2   block/request_registered.ram_reg_0_0_2/CLKARDCLK
Min Period        n/a     RAMB36E1/CLKARDCLK  n/a            2.944         10.000      7.056      RAMB36_X0Y1   block/request_registered.ram_reg_0_0_3/CLKARDCLK
Min Period        n/a     RAMB36E1/CLKARDCLK  n/a            2.944         10.000      7.056      RAMB36_X2Y1   block/request_registered.ram_reg_0_0_4/CLKARDCLK
Min Period        n/a     RAMB36E1/CLKARDCLK  n/a            2.944         10.000      7.056      RAMB36_X0Y3   block/request_registered.ram_reg_0_0_5/CLKARDCLK
Min Period        n/a     RAMB36E1/CLKARDCLK  n/a            2.944         10.000      7.056      RAMB36_X0Y2   block/request_registered.ram_reg_0_0_6/CLKARDCLK
Min Period        n/a     RAMB36E1/CLKARDCLK  n/a            2.944         10.000      7.056      RAMB36_X0Y4   block/request_registered.ram_reg_0_0_7/CLKARDCLK
Min Period        n/a     RAMB36E1/CLKARDCLK  n/a            2.944         10.000      7.056      RAMB36_X2Y3   block/request_registered.ram_reg_1_0_0/CLKARDCLK
Min Period        n/a     RAMB36E1/CLKARDCLK  n/a            2.944         10.000      7.056      RAMB36_X1Y1   block/request_registered.ram_reg_1_0_1/CLKARDCLK
Low Pulse Width   Slow    RAMD32/CLK          n/a            1.250         5.000       3.750      SLICE_X20Y14  block/core/fetch/buf_err_reg_0_3_0_0/DP/CLK
Low Pulse Width   Fast    RAMD32/CLK          n/a            1.250         5.000       3.750      SLICE_X20Y14  block/core/fetch/buf_err_reg_0_3_0_0/DP/CLK
Low Pulse Width   Slow    RAMD32/CLK          n/a            1.250         5.000       3.750      SLICE_X20Y14  block/core/fetch/buf_err_reg_0_3_0_0/SP/CLK
Low Pulse Width   Fast    RAMD32/CLK          n/a            1.250         5.000       3.750      SLICE_X20Y14  block/core/fetch/buf_err_reg_0_3_0_0/SP/CLK
Low Pulse Width   Slow    RAMD32/CLK          n/a            1.250         5.000       3.750      SLICE_X18Y13  block/core/fetch/buf_insn_reg_0_3_0_5/RAMA/CLK
Low Pulse Width   Fast    RAMD32/CLK          n/a            1.250         5.000       3.750      SLICE_X18Y13  block/core/fetch/buf_insn_reg_0_3_0_5/RAMA/CLK
Low Pulse Width   Slow    RAMD32/CLK          n/a            1.250         5.000       3.750      SLICE_X18Y13  block/core/fetch/buf_insn_reg_0_3_0_5/RAMA_D1/CLK
Low Pulse Width   Fast    RAMD32/CLK          n/a            1.250         5.000       3.750      SLICE_X18Y13  block/core/fetch/buf_insn_reg_0_3_0_5/RAMA_D1/CLK
Low Pulse Width   Slow    RAMD32/CLK          n/a            1.250         5.000       3.750      SLICE_X18Y13  block/core/fetch/buf_insn_reg_0_3_0_5/RAMB/CLK
Low Pulse Width   Fast    RAMD32/CLK          n/a            1.250         5.000       3.750      SLICE_X18Y13  block/core/fetch/buf_insn_reg_0_3_0_5/RAMB/CLK
High Pulse Width  Slow    RAMD32/CLK          n/a            1.250         5.000       3.750      SLICE_X20Y14  block/core/fetch/buf_err_reg_0_3_0_0/DP/CLK
High Pulse Width  Fast    RAMD32/CLK          n/a            1.250         5.000       3.750      SLICE_X20Y14  block/core/fetch/buf_err_reg_0_3_0_0/DP/CLK
High Pulse Width  Slow    RAMD32/CLK          n/a            1.250         5.000       3.750      SLICE_X20Y14  block/core/fetch/buf_err_reg_0_3_0_0/SP/CLK
High Pulse Width  Fast    RAMD32/CLK          n/a            1.250         5.000       3.750      SLICE_X20Y14  block/core/fetch/buf_err_reg_0_3_0_0/SP/CLK
High Pulse Width  Slow    RAMD32/CLK          n/a            1.250         5.000       3.750      SLICE_X18Y13  block/core/fetch/buf_insn_reg_0_3_0_5/RAMA/CLK
High Pulse Width  Fast    RAMD32/CLK          n/a            1.250         5.000       3.750      SLICE_X18Y13  block/core/fetch/buf_insn_reg_0_3_0_5/RAMA/CLK
High Pulse Width  Slow    RAMD32/CLK          n/a            1.250         5.000       3.750      SLICE_X18Y13  block/core/fetch/buf_insn_reg_0_3_0_5/RAMA_D1/CLK
High Pulse Width  Fast    RAMD32/CLK          n/a            1.250         5.000       3.750      SLICE_X18Y13  block/core/fetch/buf_insn_reg_0_3_0_5/RAMA_D1/CLK
High Pulse Width  Slow    RAMD32/CLK          n/a            1.250         5.000       3.750      SLICE_X18Y13  block/core/fetch/buf_insn_reg_0_3_0_5/RAMB/CLK
High Pulse Width  Fast    RAMD32/CLK          n/a            1.250         5.000       3.750      SLICE_X18Y13  block/core/fetch/buf_insn_reg_0_3_0_5/RAMB/CLK



