Copyright 1986-2022 Xilinx, Inc. All Rights Reserved. Copyright 2022-2025 Advanced Micro Devices, Inc. All Rights Reserved.
---------------------------------------------------------------------------------------------------------------------------------------------
| Tool Version : Vivado v.2025.1 (lin64) Build 6140274 Wed May 21 22:58:25 MDT 2025
| Date         : Thu Oct  1 05:02:47 2026
| Host         : gondor running 64-bit Ubuntu 24.04.5 LTS
| Command      : report_timing_summary -max_paths 10 -file /home/elfo/Documents/Aster/build/timing/fpga/aster_bram/timing_summary.rpt
| Design       : timing_aster_bram
| Device       : 7z020-clg400
| Speed File   : -1  PRODUCTION 1.12 2019-11-22
| Design State : Routed
---------------------------------------------------------------------------------------------------------------------------------------------

Timing Summary Report

------------------------------------------------------------------------------------------------
| Timer Settings
| --------------
------------------------------------------------------------------------------------------------

  Enable Multi Corner Analysis               :  Yes
  Enable Pessimism Removal                   :  Yes
  Pessimism Removal Resolution               :  Nearest Common Node
  Enable Input Delay Default Clock           :  No
  Enable Preset / Clear Arcs                 :  No
  Disable Flight Delays                      :  No
  Ignore I/O Paths                           :  No
  Timing Early Launch at Borrowing Latches   :  No
  Borrow Time for Max Delay Exceptions       :  Yes
  Merge Timing Exceptions                    :  Yes
  Inter-SLR Compensation                     :  Conservative

  Corner  Analyze    Analyze    
  Name    Max Paths  Min Paths  
  ------  ---------  ---------  
  Slow    Yes        Yes        
  Fast    Yes        Yes        


------------------------------------------------------------------------------------------------
| Report Methodology
| ------------------
------------------------------------------------------------------------------------------------

No report available as report_methodology has not been run prior. Run report_methodology on the current design for the summary of methodology violations.



check_timing report

Table of Contents
-----------------
1. checking no_clock (0)
2. checking constant_clock (0)
3. checking pulse_width_clock (0)
4. checking unconstrained_internal_endpoints (0)
5. checking no_input_delay (1)
6. checking no_output_delay (33)
7. checking multiple_clock (0)
8. checking generated_clocks (0)
9. checking loops (0)
10. checking partial_input_delay (0)
11. checking partial_output_delay (0)
12. checking latch_loops (0)

1. checking no_clock (0)
------------------------
 There are 0 register/latch pins with no clock.


2. checking constant_clock (0)
------------------------------
 There are 0 register/latch pins with constant_clock.


3. checking pulse_width_clock (0)
---------------------------------
 There are 0 register/latch pins which need pulse_width check


4. checking unconstrained_internal_endpoints (0)
------------------------------------------------
 There are 0 pins that are not constrained for maximum delay.

 There are 0 pins that are not constrained for maximum delay due to constant clock.


5. checking no_input_delay (1)
------------------------------
 There is 1 input port with no input delay specified. (HIGH)

 There are 0 input ports with no input delay but user has a false path constraint.


6. checking no_output_delay (33)
--------------------------------
 There are 33 ports with no output delay specified. (HIGH)

 There are 0 ports with no output delay but user has a false path constraint

 There are 0 ports with no output delay but with a timing clock defined on it or propagating through it


7. checking multiple_clock (0)
------------------------------
 There are 0 register/latch pins with multiple clocks.


8. checking generated_clocks (0)
--------------------------------
 There are 0 generated clocks that are not connected to a clock source.


9. checking loops (0)
---------------------
 There are 0 combinational loops in the design.


10. checking partial_input_delay (0)
------------------------------------
 There are 0 input ports with partial input delay specified.


11. checking partial_output_delay (0)
-------------------------------------
 There are 0 ports with partial output delay specified.


12. checking latch_loops (0)
----------------------------
 There are 0 combinational latch loops in the design through latch input



------------------------------------------------------------------------------------------------
| Design Timing Summary
| ---------------------
------------------------------------------------------------------------------------------------

    WNS(ns)      TNS(ns)  TNS Failing Endpoints  TNS Total Endpoints      WHS(ns)      THS(ns)  THS Failing Endpoints  THS Total Endpoints     WPWS(ns)     TPWS(ns)  TPWS Failing Endpoints  TPWS Total Endpoints  
    -------      -------  ---------------------  -------------------      -------      -------  ---------------------  -------------------     --------     --------  ----------------------  --------------------  
      0.184        0.000                      0                 3439        0.098        0.000                      0                 3439        3.750        0.000                       0                   923  


All user specified timing constraints are met.


------------------------------------------------------------------------------------------------
| Clock Summary
| -------------
------------------------------------------------------------------------------------------------

Clock  Waveform(ns)       Period(ns)      Frequency(MHz)
-----  ------------       ----------      --------------
clk    {0.000 5.000}      10.000          100.000         


------------------------------------------------------------------------------------------------
| Intra Clock Table
| -----------------
------------------------------------------------------------------------------------------------

Clock             WNS(ns)      TNS(ns)  TNS Failing Endpoints  TNS Total Endpoints      WHS(ns)      THS(ns)  THS Failing Endpoints  THS Total Endpoints     WPWS(ns)     TPWS(ns)  TPWS Failing Endpoints  TPWS Total Endpoints  
-----             -------      -------  ---------------------  -------------------      -------      -------  ---------------------  -------------------     --------     --------  ----------------------  --------------------  
clk                 0.184        0.000                      0                 3439        0.098        0.000                      0                 3439        3.750        0.000                       0                   923  


------------------------------------------------------------------------------------------------
| Inter Clock Table
| -----------------
------------------------------------------------------------------------------------------------

From Clock    To Clock          WNS(ns)      TNS(ns)  TNS Failing Endpoints  TNS Total Endpoints      WHS(ns)      THS(ns)  THS Failing Endpoints  THS Total Endpoints  
----------    --------          -------      -------  ---------------------  -------------------      -------      -------  ---------------------  -------------------  


------------------------------------------------------------------------------------------------
| Other Path Groups Table
| -----------------------
------------------------------------------------------------------------------------------------

Path Group    From Clock    To Clock          WNS(ns)      TNS(ns)  TNS Failing Endpoints  TNS Total Endpoints      WHS(ns)      THS(ns)  THS Failing Endpoints  THS Total Endpoints  
----------    ----------    --------          -------      -------  ---------------------  -------------------      -------      -------  ---------------------  -------------------  


------------------------------------------------------------------------------------------------
| Timing Details
| --------------
------------------------------------------------------------------------------------------------


---------------------------------------------------------------------------------------------------
From Clock:  clk
  To Clock:  clk

Setup :            0  Failing Endpoints,  Worst Slack        0.184ns,  Total Violation        0.000ns
Hold  :            0  Failing Endpoints,  Worst Slack        0.098ns,  Total Violation        0.000ns
PW    :            0  Failing Endpoints,  Worst Slack        3.750ns,  Total Violation        0.000ns
---------------------------------------------------------------------------------------------------


Max Delay Paths
--------------------------------------------------------------------------------------
Slack (MET) :             0.184ns  (required time - arrival time)
  Source:                 core/fsel1_reg[1]/C
                            (rising edge-triggered cell FDRE clocked by clk  {rise@0.000ns fall@5.000ns period=10.000ns})
  Destination:            bram_samples_request.ram_reg_1_0_1/WEA[0]
                            (rising edge-triggered cell RAMB36E1 clocked by clk  {rise@0.000ns fall@5.000ns period=10.000ns})
  Path Group:             clk
  Path Type:              Setup (Max at Slow Process Corner)
  Requirement:            10.000ns  (clk rise@10.000ns - clk rise@0.000ns)
  Data Path Delay:        9.200ns  (logic 2.984ns (32.434%)  route 6.216ns (67.566%))
  Logic Levels:           12  (CARRY4=5 LUT2=1 LUT3=1 LUT4=2 LUT5=2 LUT6=1)
  Clock Path Skew:        -0.049ns (DCD - SCD + CPR)
    Destination Clock Delay (DCD):    0.924ns = ( 10.924 - 10.000 ) 
    Source Clock Delay      (SCD):    0.973ns
    Clock Pessimism Removal (CPR):    0.000ns
  Clock Uncertainty:      0.035ns  ((TSJ^2 + TIJ^2)^1/2 + DJ) / 2 + PE
    Total System Jitter     (TSJ):    0.071ns
    Total Input Jitter      (TIJ):    0.000ns
    Discrete Jitter          (DJ):    0.000ns
    Phase Error              (PE):    0.000ns

    Location             Delay type                Incr(ns)  Path(ns)    Netlist Resource(s)
  -------------------------------------------------------------------    -------------------
                         (clock clk rise edge)        0.000     0.000 r  
                                                      0.000     0.000 r  clk (IN)
                         net (fo=922, unset)          0.973     0.973    core/clk
    SLICE_X42Y18         FDRE                                         r  core/fsel1_reg[1]/C
  -------------------------------------------------------------------    -------------------
    SLICE_X42Y18         FDRE (Prop_fdre_C_Q)         0.478     1.451 r  core/fsel1_reg[1]/Q
                         net (fo=32, routed)          1.021     2.472    core/fetch/e_rs1v_reg[0]_0[1]
    SLICE_X43Y14         LUT4 (Prop_lut4_I1_O)        0.295     2.767 r  core/fetch/e_rs1v[6]_i_3/O
                         net (fo=2, routed)           0.583     3.349    core/fetch/w_reg[result][6]
    SLICE_X43Y15         LUT5 (Prop_lut5_I4_O)        0.153     3.502 r  core/fetch/e_rs1v[6]_i_2/O
                         net (fo=17, routed)          0.515     4.017    core/fetch/a1_out[6]
    SLICE_X41Y17         LUT2 (Prop_lut2_I0_O)        0.327     4.344 r  core/fetch/bram_samples_request.ram_reg_0_0_0_i_36/O
                         net (fo=1, routed)           0.000     4.344    core/fetch/bram_samples_request.ram_reg_0_0_0_i_36_n_0
    SLICE_X41Y17         CARRY4 (Prop_carry4_S[2]_CO[3])
                                                      0.398     4.742 r  core/fetch/bram_samples_request.ram_reg_0_0_0_i_5/CO[3]
                         net (fo=1, routed)           0.000     4.742    core/fetch/bram_samples_request.ram_reg_0_0_0_i_5_n_0
    SLICE_X41Y18         CARRY4 (Prop_carry4_CI_CO[3])
                                                      0.114     4.856 r  core/fetch/bram_samples_request.ram_reg_0_0_0_i_4/CO[3]
                         net (fo=1, routed)           0.000     4.856    core/fetch/bram_samples_request.ram_reg_0_0_0_i_4_n_0
    SLICE_X41Y19         CARRY4 (Prop_carry4_CI_CO[3])
                                                      0.114     4.970 r  core/fetch/bram_samples_request.ram_reg_0_0_0_i_3/CO[3]
                         net (fo=1, routed)           0.000     4.970    core/fetch/bram_samples_request.ram_reg_0_0_0_i_3_n_0
    SLICE_X41Y20         CARRY4 (Prop_carry4_CI_CO[3])
                                                      0.114     5.084 r  core/fetch/bram_samples_request.ram_reg_0_0_0_i_2/CO[3]
                         net (fo=1, routed)           0.000     5.084    core/fetch/bram_samples_request.ram_reg_0_0_0_i_2_n_0
    SLICE_X41Y21         CARRY4 (Prop_carry4_CI_O[3])
                                                      0.313     5.397 f  core/fetch/observe_reg[23]_i_2/O[3]
                         net (fo=3, routed)           0.673     6.070    core/d_req_addr[23]
    SLICE_X40Y20         LUT4 (Prop_lut4_I0_O)        0.306     6.376 r  core/d_err1_i_3/O
                         net (fo=1, routed)           0.581     6.957    core/d_err1_i_3_n_0
    SLICE_X40Y22         LUT6 (Prop_lut6_I0_O)        0.124     7.081 f  core/d_err1_i_2/O
                         net (fo=3, routed)           0.451     7.532    core/d_err1_i_2_0
    SLICE_X47Y22         LUT3 (Prop_lut3_I2_O)        0.124     7.656 r  core/bram_samples_request.ram_reg_0_0_0_i_41/O
                         net (fo=12, routed)          1.155     8.811    core/bram_samples_request.ram_reg_0_0_0_i_41_n_0
    SLICE_X25Y20         LUT5 (Prop_lut5_I4_O)        0.124     8.935 r  core/bram_samples_request.ram_reg_1_0_0_i_2/O
                         net (fo=3, routed)           1.238    10.173    core_n_95
    RAMB36_X1Y7          RAMB36E1                                     r  bram_samples_request.ram_reg_1_0_1/WEA[0]
  -------------------------------------------------------------------    -------------------

                         (clock clk rise edge)       10.000    10.000 r  
                                                      0.000    10.000 r  clk (IN)
                         net (fo=922, unset)          0.924    10.924    clk
    RAMB36_X1Y7          RAMB36E1                                     r  bram_samples_request.ram_reg_1_0_1/CLKARDCLK
                         clock pessimism              0.000    10.924    
                         clock uncertainty           -0.035    10.889    
    RAMB36_X1Y7          RAMB36E1 (Setup_ramb36e1_CLKARDCLK_WEA[0])
                                                     -0.532    10.357    bram_samples_request.ram_reg_1_0_1
  -------------------------------------------------------------------
                         required time                         10.357    
                         arrival time                         -10.173    
  -------------------------------------------------------------------
                         slack                                  0.184    

Slack (MET) :             0.184ns  (required time - arrival time)
  Source:                 core/fsel1_reg[1]/C
                            (rising edge-triggered cell FDRE clocked by clk  {rise@0.000ns fall@5.000ns period=10.000ns})
  Destination:            bram_samples_request.ram_reg_2_0_1/WEA[0]
                            (rising edge-triggered cell RAMB36E1 clocked by clk  {rise@0.000ns fall@5.000ns period=10.000ns})
  Path Group:             clk
  Path Type:              Setup (Max at Slow Process Corner)
  Requirement:            10.000ns  (clk rise@10.000ns - clk rise@0.000ns)
  Data Path Delay:        8.997ns  (logic 2.980ns (33.123%)  route 6.017ns (66.877%))
  Logic Levels:           12  (CARRY4=5 LUT2=1 LUT3=1 LUT4=2 LUT5=2 LUT6=1)
  Clock Path Skew:        -0.049ns (DCD - SCD + CPR)
    Destination Clock Delay (DCD):    0.924ns = ( 10.924 - 10.000 ) 
    Source Clock Delay      (SCD):    0.973ns
    Clock Pessimism Removal (CPR):    0.000ns
  Clock Uncertainty:      0.035ns  ((TSJ^2 + TIJ^2)^1/2 + DJ) / 2 + PE
    Total System Jitter     (TSJ):    0.071ns
    Total Input Jitter      (TIJ):    0.000ns
    Discrete Jitter          (DJ):    0.000ns
    Phase Error              (PE):    0.000ns

    Location             Delay type                Incr(ns)  Path(ns)    Netlist Resource(s)
  -------------------------------------------------------------------    -------------------
                         (clock clk rise edge)        0.000     0.000 r  
                                                      0.000     0.000 r  clk (IN)
                         net (fo=922, unset)          0.973     0.973    core/clk
    SLICE_X42Y18         FDRE                                         r  core/fsel1_reg[1]/C
  -------------------------------------------------------------------    -------------------
    SLICE_X42Y18         FDRE (Prop_fdre_C_Q)         0.478     1.451 r  core/fsel1_reg[1]/Q
                         net (fo=32, routed)          1.021     2.472    core/fetch/e_rs1v_reg[0]_0[1]
    SLICE_X43Y14         LUT4 (Prop_lut4_I1_O)        0.295     2.767 r  core/fetch/e_rs1v[6]_i_3/O
                         net (fo=2, routed)           0.583     3.349    core/fetch/w_reg[result][6]
    SLICE_X43Y15         LUT5 (Prop_lut5_I4_O)        0.153     3.502 r  core/fetch/e_rs1v[6]_i_2/O
                         net (fo=17, routed)          0.515     4.017    core/fetch/a1_out[6]
    SLICE_X41Y17         LUT2 (Prop_lut2_I0_O)        0.327     4.344 r  core/fetch/bram_samples_request.ram_reg_0_0_0_i_36/O
                         net (fo=1, routed)           0.000     4.344    core/fetch/bram_samples_request.ram_reg_0_0_0_i_36_n_0
    SLICE_X41Y17         CARRY4 (Prop_carry4_S[2]_CO[3])
                                                      0.398     4.742 r  core/fetch/bram_samples_request.ram_reg_0_0_0_i_5/CO[3]
                         net (fo=1, routed)           0.000     4.742    core/fetch/bram_samples_request.ram_reg_0_0_0_i_5_n_0
    SLICE_X41Y18         CARRY4 (Prop_carry4_CI_CO[3])
                                                      0.114     4.856 r  core/fetch/bram_samples_request.ram_reg_0_0_0_i_4/CO[3]
                         net (fo=1, routed)           0.000     4.856    core/fetch/bram_samples_request.ram_reg_0_0_0_i_4_n_0
    SLICE_X41Y19         CARRY4 (Prop_carry4_CI_CO[3])
                                                      0.114     4.970 r  core/fetch/bram_samples_request.ram_reg_0_0_0_i_3/CO[3]
                         net (fo=1, routed)           0.000     4.970    core/fetch/bram_samples_request.ram_reg_0_0_0_i_3_n_0
    SLICE_X41Y20         CARRY4 (Prop_carry4_CI_CO[3])
                                                      0.114     5.084 r  core/fetch/bram_samples_request.ram_reg_0_0_0_i_2/CO[3]
                         net (fo=1, routed)           0.000     5.084    core/fetch/bram_samples_request.ram_reg_0_0_0_i_2_n_0
    SLICE_X41Y21         CARRY4 (Prop_carry4_CI_O[3])
                                                      0.313     5.397 f  core/fetch/observe_reg[23]_i_2/O[3]
                         net (fo=3, routed)           0.673     6.070    core/d_req_addr[23]
    SLICE_X40Y20         LUT4 (Prop_lut4_I0_O)        0.306     6.376 r  core/d_err1_i_3/O
                         net (fo=1, routed)           0.581     6.957    core/d_err1_i_3_n_0
    SLICE_X40Y22         LUT6 (Prop_lut6_I0_O)        0.124     7.081 f  core/d_err1_i_2/O
                         net (fo=3, routed)           0.451     7.532    core/d_err1_i_2_0
    SLICE_X47Y22         LUT3 (Prop_lut3_I2_O)        0.124     7.656 r  core/bram_samples_request.ram_reg_0_0_0_i_41/O
                         net (fo=12, routed)          0.465     8.121    core/bram_samples_request.ram_reg_0_0_0_i_41_n_0
    SLICE_X49Y22         LUT5 (Prop_lut5_I4_O)        0.120     8.241 r  core/bram_samples_request.ram_reg_2_0_0_i_2/O
                         net (fo=3, routed)           1.729     9.970    core_n_91
    RAMB36_X4Y3          RAMB36E1                                     r  bram_samples_request.ram_reg_2_0_1/WEA[0]
  -------------------------------------------------------------------    -------------------

                         (clock clk rise edge)       10.000    10.000 r  
                                                      0.000    10.000 r  clk (IN)
                         net (fo=922, unset)          0.924    10.924    clk
    RAMB36_X4Y3          RAMB36E1                                     r  bram_samples_request.ram_reg_2_0_1/CLKARDCLK
                         clock pessimism              0.000    10.924    
                         clock uncertainty           -0.035    10.889    
    RAMB36_X4Y3          RAMB36E1 (Setup_ramb36e1_CLKARDCLK_WEA[0])
                                                     -0.735    10.154    bram_samples_request.ram_reg_2_0_1
  -------------------------------------------------------------------
                         required time                         10.154    
                         arrival time                          -9.970    
  -------------------------------------------------------------------
                         slack                                  0.184    

Slack (MET) :             0.209ns  (required time - arrival time)
  Source:                 core/fsel1_reg[1]/C
                            (rising edge-triggered cell FDRE clocked by clk  {rise@0.000ns fall@5.000ns period=10.000ns})
  Destination:            bram_samples_request.ram_reg_3_0_7/WEA[0]
                            (rising edge-triggered cell RAMB36E1 clocked by clk  {rise@0.000ns fall@5.000ns period=10.000ns})
  Path Group:             clk
  Path Type:              Setup (Max at Slow Process Corner)
  Requirement:            10.000ns  (clk rise@10.000ns - clk rise@0.000ns)
  Data Path Delay:        9.175ns  (logic 2.984ns (32.523%)  route 6.191ns (67.477%))
  Logic Levels:           12  (CARRY4=5 LUT2=1 LUT3=1 LUT4=2 LUT5=2 LUT6=1)
  Clock Path Skew:        -0.049ns (DCD - SCD + CPR)
    Destination Clock Delay (DCD):    0.924ns = ( 10.924 - 10.000 ) 
    Source Clock Delay      (SCD):    0.973ns
    Clock Pessimism Removal (CPR):    0.000ns
  Clock Uncertainty:      0.035ns  ((TSJ^2 + TIJ^2)^1/2 + DJ) / 2 + PE
    Total System Jitter     (TSJ):    0.071ns
    Total Input Jitter      (TIJ):    0.000ns
    Discrete Jitter          (DJ):    0.000ns
    Phase Error              (PE):    0.000ns

    Location             Delay type                Incr(ns)  Path(ns)    Netlist Resource(s)
  -------------------------------------------------------------------    -------------------
                         (clock clk rise edge)        0.000     0.000 r  
                                                      0.000     0.000 r  clk (IN)
                         net (fo=922, unset)          0.973     0.973    core/clk
    SLICE_X42Y18         FDRE                                         r  core/fsel1_reg[1]/C
  -------------------------------------------------------------------    -------------------
    SLICE_X42Y18         FDRE (Prop_fdre_C_Q)         0.478     1.451 r  core/fsel1_reg[1]/Q
                         net (fo=32, routed)          1.021     2.472    core/fetch/e_rs1v_reg[0]_0[1]
    SLICE_X43Y14         LUT4 (Prop_lut4_I1_O)        0.295     2.767 r  core/fetch/e_rs1v[6]_i_3/O
                         net (fo=2, routed)           0.583     3.349    core/fetch/w_reg[result][6]
    SLICE_X43Y15         LUT5 (Prop_lut5_I4_O)        0.153     3.502 r  core/fetch/e_rs1v[6]_i_2/O
                         net (fo=17, routed)          0.515     4.017    core/fetch/a1_out[6]
    SLICE_X41Y17         LUT2 (Prop_lut2_I0_O)        0.327     4.344 r  core/fetch/bram_samples_request.ram_reg_0_0_0_i_36/O
                         net (fo=1, routed)           0.000     4.344    core/fetch/bram_samples_request.ram_reg_0_0_0_i_36_n_0
    SLICE_X41Y17         CARRY4 (Prop_carry4_S[2]_CO[3])
                                                      0.398     4.742 r  core/fetch/bram_samples_request.ram_reg_0_0_0_i_5/CO[3]
                         net (fo=1, routed)           0.000     4.742    core/fetch/bram_samples_request.ram_reg_0_0_0_i_5_n_0
    SLICE_X41Y18         CARRY4 (Prop_carry4_CI_CO[3])
                                                      0.114     4.856 r  core/fetch/bram_samples_request.ram_reg_0_0_0_i_4/CO[3]
                         net (fo=1, routed)           0.000     4.856    core/fetch/bram_samples_request.ram_reg_0_0_0_i_4_n_0
    SLICE_X41Y19         CARRY4 (Prop_carry4_CI_CO[3])
                                                      0.114     4.970 r  core/fetch/bram_samples_request.ram_reg_0_0_0_i_3/CO[3]
                         net (fo=1, routed)           0.000     4.970    core/fetch/bram_samples_request.ram_reg_0_0_0_i_3_n_0
    SLICE_X41Y20         CARRY4 (Prop_carry4_CI_CO[3])
                                                      0.114     5.084 r  core/fetch/bram_samples_request.ram_reg_0_0_0_i_2/CO[3]
                         net (fo=1, routed)           0.000     5.084    core/fetch/bram_samples_request.ram_reg_0_0_0_i_2_n_0
    SLICE_X41Y21         CARRY4 (Prop_carry4_CI_O[3])
                                                      0.313     5.397 f  core/fetch/observe_reg[23]_i_2/O[3]
                         net (fo=3, routed)           0.673     6.070    core/d_req_addr[23]
    SLICE_X40Y20         LUT4 (Prop_lut4_I0_O)        0.306     6.376 r  core/d_err1_i_3/O
                         net (fo=1, routed)           0.581     6.957    core/d_err1_i_3_n_0
    SLICE_X40Y22         LUT6 (Prop_lut6_I0_O)        0.124     7.081 f  core/d_err1_i_2/O
                         net (fo=3, routed)           0.451     7.532    core/d_err1_i_2_0
    SLICE_X47Y22         LUT3 (Prop_lut3_I2_O)        0.124     7.656 r  core/bram_samples_request.ram_reg_0_0_0_i_41/O
                         net (fo=12, routed)          1.085     8.741    core/bram_samples_request.ram_reg_0_0_0_i_41_n_0
    SLICE_X31Y23         LUT5 (Prop_lut5_I4_O)        0.124     8.865 r  core/bram_samples_request.ram_reg_3_0_5_i_2/O
                         net (fo=3, routed)           1.283    10.148    core_n_89
    RAMB36_X1Y8          RAMB36E1                                     r  bram_samples_request.ram_reg_3_0_7/WEA[0]
  -------------------------------------------------------------------    -------------------

                         (clock clk rise edge)       10.000    10.000 r  
                                                      0.000    10.000 r  clk (IN)
                         net (fo=922, unset)          0.924    10.924    clk
    RAMB36_X1Y8          RAMB36E1                                     r  bram_samples_request.ram_reg_3_0_7/CLKARDCLK
                         clock pessimism              0.000    10.924    
                         clock uncertainty           -0.035    10.889    
    RAMB36_X1Y8          RAMB36E1 (Setup_ramb36e1_CLKARDCLK_WEA[0])
                                                     -0.532    10.357    bram_samples_request.ram_reg_3_0_7
  -------------------------------------------------------------------
                         required time                         10.357    
                         arrival time                         -10.148    
  -------------------------------------------------------------------
                         slack                                  0.209    

Slack (MET) :             0.234ns  (required time - arrival time)
  Source:                 core/fsel1_reg[1]/C
                            (rising edge-triggered cell FDRE clocked by clk  {rise@0.000ns fall@5.000ns period=10.000ns})
  Destination:            bram_samples_request.ram_reg_1_0_2/WEA[0]
                            (rising edge-triggered cell RAMB36E1 clocked by clk  {rise@0.000ns fall@5.000ns period=10.000ns})
  Path Group:             clk
  Path Type:              Setup (Max at Slow Process Corner)
  Requirement:            10.000ns  (clk rise@10.000ns - clk rise@0.000ns)
  Data Path Delay:        9.150ns  (logic 2.984ns (32.613%)  route 6.166ns (67.387%))
  Logic Levels:           12  (CARRY4=5 LUT2=1 LUT3=1 LUT4=2 LUT5=2 LUT6=1)
  Clock Path Skew:        -0.049ns (DCD - SCD + CPR)
    Destination Clock Delay (DCD):    0.924ns = ( 10.924 - 10.000 ) 
    Source Clock Delay      (SCD):    0.973ns
    Clock Pessimism Removal (CPR):    0.000ns
  Clock Uncertainty:      0.035ns  ((TSJ^2 + TIJ^2)^1/2 + DJ) / 2 + PE
    Total System Jitter     (TSJ):    0.071ns
    Total Input Jitter      (TIJ):    0.000ns
    Discrete Jitter          (DJ):    0.000ns
    Phase Error              (PE):    0.000ns

    Location             Delay type                Incr(ns)  Path(ns)    Netlist Resource(s)
  -------------------------------------------------------------------    -------------------
                         (clock clk rise edge)        0.000     0.000 r  
                                                      0.000     0.000 r  clk (IN)
                         net (fo=922, unset)          0.973     0.973    core/clk
    SLICE_X42Y18         FDRE                                         r  core/fsel1_reg[1]/C
  -------------------------------------------------------------------    -------------------
    SLICE_X42Y18         FDRE (Prop_fdre_C_Q)         0.478     1.451 r  core/fsel1_reg[1]/Q
                         net (fo=32, routed)          1.021     2.472    core/fetch/e_rs1v_reg[0]_0[1]
    SLICE_X43Y14         LUT4 (Prop_lut4_I1_O)        0.295     2.767 r  core/fetch/e_rs1v[6]_i_3/O
                         net (fo=2, routed)           0.583     3.349    core/fetch/w_reg[result][6]
    SLICE_X43Y15         LUT5 (Prop_lut5_I4_O)        0.153     3.502 r  core/fetch/e_rs1v[6]_i_2/O
                         net (fo=17, routed)          0.515     4.017    core/fetch/a1_out[6]
    SLICE_X41Y17         LUT2 (Prop_lut2_I0_O)        0.327     4.344 r  core/fetch/bram_samples_request.ram_reg_0_0_0_i_36/O
                         net (fo=1, routed)           0.000     4.344    core/fetch/bram_samples_request.ram_reg_0_0_0_i_36_n_0
    SLICE_X41Y17         CARRY4 (Prop_carry4_S[2]_CO[3])
                                                      0.398     4.742 r  core/fetch/bram_samples_request.ram_reg_0_0_0_i_5/CO[3]
                         net (fo=1, routed)           0.000     4.742    core/fetch/bram_samples_request.ram_reg_0_0_0_i_5_n_0
    SLICE_X41Y18         CARRY4 (Prop_carry4_CI_CO[3])
                                                      0.114     4.856 r  core/fetch/bram_samples_request.ram_reg_0_0_0_i_4/CO[3]
                         net (fo=1, routed)           0.000     4.856    core/fetch/bram_samples_request.ram_reg_0_0_0_i_4_n_0
    SLICE_X41Y19         CARRY4 (Prop_carry4_CI_CO[3])
                                                      0.114     4.970 r  core/fetch/bram_samples_request.ram_reg_0_0_0_i_3/CO[3]
                         net (fo=1, routed)           0.000     4.970    core/fetch/bram_samples_request.ram_reg_0_0_0_i_3_n_0
    SLICE_X41Y20         CARRY4 (Prop_carry4_CI_CO[3])
                                                      0.114     5.084 r  core/fetch/bram_samples_request.ram_reg_0_0_0_i_2/CO[3]
                         net (fo=1, routed)           0.000     5.084    core/fetch/bram_samples_request.ram_reg_0_0_0_i_2_n_0
    SLICE_X41Y21         CARRY4 (Prop_carry4_CI_O[3])
                                                      0.313     5.397 f  core/fetch/observe_reg[23]_i_2/O[3]
                         net (fo=3, routed)           0.673     6.070    core/d_req_addr[23]
    SLICE_X40Y20         LUT4 (Prop_lut4_I0_O)        0.306     6.376 r  core/d_err1_i_3/O
                         net (fo=1, routed)           0.581     6.957    core/d_err1_i_3_n_0
    SLICE_X40Y22         LUT6 (Prop_lut6_I0_O)        0.124     7.081 f  core/d_err1_i_2/O
                         net (fo=3, routed)           0.451     7.532    core/d_err1_i_2_0
    SLICE_X47Y22         LUT3 (Prop_lut3_I2_O)        0.124     7.656 r  core/bram_samples_request.ram_reg_0_0_0_i_41/O
                         net (fo=12, routed)          1.155     8.811    core/bram_samples_request.ram_reg_0_0_0_i_41_n_0
    SLICE_X25Y20         LUT5 (Prop_lut5_I4_O)        0.124     8.935 r  core/bram_samples_request.ram_reg_1_0_0_i_2/O
                         net (fo=3, routed)           1.187    10.123    core_n_95
    RAMB36_X0Y1          RAMB36E1                                     r  bram_samples_request.ram_reg_1_0_2/WEA[0]
  -------------------------------------------------------------------    -------------------

                         (clock clk rise edge)       10.000    10.000 r  
                                                      0.000    10.000 r  clk (IN)
                         net (fo=922, unset)          0.924    10.924    clk
    RAMB36_X0Y1          RAMB36E1                                     r  bram_samples_request.ram_reg_1_0_2/CLKARDCLK
                         clock pessimism              0.000    10.924    
                         clock uncertainty           -0.035    10.889    
    RAMB36_X0Y1          RAMB36E1 (Setup_ramb36e1_CLKARDCLK_WEA[0])
                                                     -0.532    10.357    bram_samples_request.ram_reg_1_0_2
  -------------------------------------------------------------------
                         required time                         10.357    
                         arrival time                         -10.123    
  -------------------------------------------------------------------
                         slack                                  0.234    

Slack (MET) :             0.246ns  (required time - arrival time)
  Source:                 core/fsel1_reg[1]/C
                            (rising edge-triggered cell FDRE clocked by clk  {rise@0.000ns fall@5.000ns period=10.000ns})
  Destination:            bram_samples_request.ram_reg_2_0_5/WEA[0]
                            (rising edge-triggered cell RAMB36E1 clocked by clk  {rise@0.000ns fall@5.000ns period=10.000ns})
  Path Group:             clk
  Path Type:              Setup (Max at Slow Process Corner)
  Requirement:            10.000ns  (clk rise@10.000ns - clk rise@0.000ns)
  Data Path Delay:        8.936ns  (logic 2.978ns (33.324%)  route 5.958ns (66.676%))
  Logic Levels:           12  (CARRY4=5 LUT2=1 LUT3=1 LUT4=2 LUT5=2 LUT6=1)
  Clock Path Skew:        -0.049ns (DCD - SCD + CPR)
    Destination Clock Delay (DCD):    0.924ns = ( 10.924 - 10.000 ) 
    Source Clock Delay      (SCD):    0.973ns
    Clock Pessimism Removal (CPR):    0.000ns
  Clock Uncertainty:      0.035ns  ((TSJ^2 + TIJ^2)^1/2 + DJ) / 2 + PE
    Total System Jitter     (TSJ):    0.071ns
    Total Input Jitter      (TIJ):    0.000ns
    Discrete Jitter          (DJ):    0.000ns
    Phase Error              (PE):    0.000ns

    Location             Delay type                Incr(ns)  Path(ns)    Netlist Resource(s)
  -------------------------------------------------------------------    -------------------
                         (clock clk rise edge)        0.000     0.000 r  
                                                      0.000     0.000 r  clk (IN)
                         net (fo=922, unset)          0.973     0.973    core/clk
    SLICE_X42Y18         FDRE                                         r  core/fsel1_reg[1]/C
  -------------------------------------------------------------------    -------------------
    SLICE_X42Y18         FDRE (Prop_fdre_C_Q)         0.478     1.451 r  core/fsel1_reg[1]/Q
                         net (fo=32, routed)          1.021     2.472    core/fetch/e_rs1v_reg[0]_0[1]
    SLICE_X43Y14         LUT4 (Prop_lut4_I1_O)        0.295     2.767 r  core/fetch/e_rs1v[6]_i_3/O
                         net (fo=2, routed)           0.583     3.349    core/fetch/w_reg[result][6]
    SLICE_X43Y15         LUT5 (Prop_lut5_I4_O)        0.153     3.502 r  core/fetch/e_rs1v[6]_i_2/O
                         net (fo=17, routed)          0.515     4.017    core/fetch/a1_out[6]
    SLICE_X41Y17         LUT2 (Prop_lut2_I0_O)        0.327     4.344 r  core/fetch/bram_samples_request.ram_reg_0_0_0_i_36/O
                         net (fo=1, routed)           0.000     4.344    core/fetch/bram_samples_request.ram_reg_0_0_0_i_36_n_0
    SLICE_X41Y17         CARRY4 (Prop_carry4_S[2]_CO[3])
                                                      0.398     4.742 r  core/fetch/bram_samples_request.ram_reg_0_0_0_i_5/CO[3]
                         net (fo=1, routed)           0.000     4.742    core/fetch/bram_samples_request.ram_reg_0_0_0_i_5_n_0
    SLICE_X41Y18         CARRY4 (Prop_carry4_CI_CO[3])
                                                      0.114     4.856 r  core/fetch/bram_samples_request.ram_reg_0_0_0_i_4/CO[3]
                         net (fo=1, routed)           0.000     4.856    core/fetch/bram_samples_request.ram_reg_0_0_0_i_4_n_0
    SLICE_X41Y19         CARRY4 (Prop_carry4_CI_CO[3])
                                                      0.114     4.970 r  core/fetch/bram_samples_request.ram_reg_0_0_0_i_3/CO[3]
                         net (fo=1, routed)           0.000     4.970    core/fetch/bram_samples_request.ram_reg_0_0_0_i_3_n_0
    SLICE_X41Y20         CARRY4 (Prop_carry4_CI_CO[3])
                                                      0.114     5.084 r  core/fetch/bram_samples_request.ram_reg_0_0_0_i_2/CO[3]
                         net (fo=1, routed)           0.000     5.084    core/fetch/bram_samples_request.ram_reg_0_0_0_i_2_n_0
    SLICE_X41Y21         CARRY4 (Prop_carry4_CI_O[3])
                                                      0.313     5.397 f  core/fetch/observe_reg[23]_i_2/O[3]
                         net (fo=3, routed)           0.673     6.070    core/d_req_addr[23]
    SLICE_X40Y20         LUT4 (Prop_lut4_I0_O)        0.306     6.376 r  core/d_err1_i_3/O
                         net (fo=1, routed)           0.581     6.957    core/d_err1_i_3_n_0
    SLICE_X40Y22         LUT6 (Prop_lut6_I0_O)        0.124     7.081 f  core/d_err1_i_2/O
                         net (fo=3, routed)           0.451     7.532    core/d_err1_i_2_0
    SLICE_X47Y22         LUT3 (Prop_lut3_I2_O)        0.124     7.656 r  core/bram_samples_request.ram_reg_0_0_0_i_41/O
                         net (fo=12, routed)          1.085     8.741    core/bram_samples_request.ram_reg_0_0_0_i_41_n_0
    SLICE_X31Y23         LUT5 (Prop_lut5_I4_O)        0.118     8.859 r  core/bram_samples_request.ram_reg_2_0_5_i_2/O
                         net (fo=3, routed)           1.051     9.909    core_n_93
    RAMB36_X2Y6          RAMB36E1                                     r  bram_samples_request.ram_reg_2_0_5/WEA[0]
  -------------------------------------------------------------------    -------------------

                         (clock clk rise edge)       10.000    10.000 r  
                                                      0.000    10.000 r  clk (IN)
                         net (fo=922, unset)          0.924    10.924    clk
    RAMB36_X2Y6          RAMB36E1                                     r  bram_samples_request.ram_reg_2_0_5/CLKARDCLK
                         clock pessimism              0.000    10.924    
                         clock uncertainty           -0.035    10.889    
    RAMB36_X2Y6          RAMB36E1 (Setup_ramb36e1_CLKARDCLK_WEA[0])
                                                     -0.734    10.155    bram_samples_request.ram_reg_2_0_5
  -------------------------------------------------------------------
                         required time                         10.155    
                         arrival time                          -9.909    
  -------------------------------------------------------------------
                         slack                                  0.246    

Slack (MET) :             0.253ns  (required time - arrival time)
  Source:                 core/fsel1_reg[1]/C
                            (rising edge-triggered cell FDRE clocked by clk  {rise@0.000ns fall@5.000ns period=10.000ns})
  Destination:            bram_samples_request.ram_reg_1_0_0/WEA[0]
                            (rising edge-triggered cell RAMB36E1 clocked by clk  {rise@0.000ns fall@5.000ns period=10.000ns})
  Path Group:             clk
  Path Type:              Setup (Max at Slow Process Corner)
  Requirement:            10.000ns  (clk rise@10.000ns - clk rise@0.000ns)
  Data Path Delay:        9.131ns  (logic 2.984ns (32.680%)  route 6.147ns (67.320%))
  Logic Levels:           12  (CARRY4=5 LUT2=1 LUT3=1 LUT4=2 LUT5=2 LUT6=1)
  Clock Path Skew:        -0.049ns (DCD - SCD + CPR)
    Destination Clock Delay (DCD):    0.924ns = ( 10.924 - 10.000 ) 
    Source Clock Delay      (SCD):    0.973ns
    Clock Pessimism Removal (CPR):    0.000ns
  Clock Uncertainty:      0.035ns  ((TSJ^2 + TIJ^2)^1/2 + DJ) / 2 + PE
    Total System Jitter     (TSJ):    0.071ns
    Total Input Jitter      (TIJ):    0.000ns
    Discrete Jitter          (DJ):    0.000ns
    Phase Error              (PE):    0.000ns

    Location             Delay type                Incr(ns)  Path(ns)    Netlist Resource(s)
  -------------------------------------------------------------------    -------------------
                         (clock clk rise edge)        0.000     0.000 r  
                                                      0.000     0.000 r  clk (IN)
                         net (fo=922, unset)          0.973     0.973    core/clk
    SLICE_X42Y18         FDRE                                         r  core/fsel1_reg[1]/C
  -------------------------------------------------------------------    -------------------
    SLICE_X42Y18         FDRE (Prop_fdre_C_Q)         0.478     1.451 r  core/fsel1_reg[1]/Q
                         net (fo=32, routed)          1.021     2.472    core/fetch/e_rs1v_reg[0]_0[1]
    SLICE_X43Y14         LUT4 (Prop_lut4_I1_O)        0.295     2.767 r  core/fetch/e_rs1v[6]_i_3/O
                         net (fo=2, routed)           0.583     3.349    core/fetch/w_reg[result][6]
    SLICE_X43Y15         LUT5 (Prop_lut5_I4_O)        0.153     3.502 r  core/fetch/e_rs1v[6]_i_2/O
                         net (fo=17, routed)          0.515     4.017    core/fetch/a1_out[6]
    SLICE_X41Y17         LUT2 (Prop_lut2_I0_O)        0.327     4.344 r  core/fetch/bram_samples_request.ram_reg_0_0_0_i_36/O
                         net (fo=1, routed)           0.000     4.344    core/fetch/bram_samples_request.ram_reg_0_0_0_i_36_n_0
    SLICE_X41Y17         CARRY4 (Prop_carry4_S[2]_CO[3])
                                                      0.398     4.742 r  core/fetch/bram_samples_request.ram_reg_0_0_0_i_5/CO[3]
                         net (fo=1, routed)           0.000     4.742    core/fetch/bram_samples_request.ram_reg_0_0_0_i_5_n_0
    SLICE_X41Y18         CARRY4 (Prop_carry4_CI_CO[3])
                                                      0.114     4.856 r  core/fetch/bram_samples_request.ram_reg_0_0_0_i_4/CO[3]
                         net (fo=1, routed)           0.000     4.856    core/fetch/bram_samples_request.ram_reg_0_0_0_i_4_n_0
    SLICE_X41Y19         CARRY4 (Prop_carry4_CI_CO[3])
                                                      0.114     4.970 r  core/fetch/bram_samples_request.ram_reg_0_0_0_i_3/CO[3]
                         net (fo=1, routed)           0.000     4.970    core/fetch/bram_samples_request.ram_reg_0_0_0_i_3_n_0
    SLICE_X41Y20         CARRY4 (Prop_carry4_CI_CO[3])
                                                      0.114     5.084 r  core/fetch/bram_samples_request.ram_reg_0_0_0_i_2/CO[3]
                         net (fo=1, routed)           0.000     5.084    core/fetch/bram_samples_request.ram_reg_0_0_0_i_2_n_0
    SLICE_X41Y21         CARRY4 (Prop_carry4_CI_O[3])
                                                      0.313     5.397 f  core/fetch/observe_reg[23]_i_2/O[3]
                         net (fo=3, routed)           0.673     6.070    core/d_req_addr[23]
    SLICE_X40Y20         LUT4 (Prop_lut4_I0_O)        0.306     6.376 r  core/d_err1_i_3/O
                         net (fo=1, routed)           0.581     6.957    core/d_err1_i_3_n_0
    SLICE_X40Y22         LUT6 (Prop_lut6_I0_O)        0.124     7.081 f  core/d_err1_i_2/O
                         net (fo=3, routed)           0.451     7.532    core/d_err1_i_2_0
    SLICE_X47Y22         LUT3 (Prop_lut3_I2_O)        0.124     7.656 r  core/bram_samples_request.ram_reg_0_0_0_i_41/O
                         net (fo=12, routed)          1.155     8.811    core/bram_samples_request.ram_reg_0_0_0_i_41_n_0
    SLICE_X25Y20         LUT5 (Prop_lut5_I4_O)        0.124     8.935 r  core/bram_samples_request.ram_reg_1_0_0_i_2/O
                         net (fo=3, routed)           1.169    10.104    core_n_95
    RAMB36_X0Y4          RAMB36E1                                     r  bram_samples_request.ram_reg_1_0_0/WEA[0]
  -------------------------------------------------------------------    -------------------

                         (clock clk rise edge)       10.000    10.000 r  
                                                      0.000    10.000 r  clk (IN)
                         net (fo=922, unset)          0.924    10.924    clk
    RAMB36_X0Y4          RAMB36E1                                     r  bram_samples_request.ram_reg_1_0_0/CLKARDCLK
                         clock pessimism              0.000    10.924    
                         clock uncertainty           -0.035    10.889    
    RAMB36_X0Y4          RAMB36E1 (Setup_ramb36e1_CLKARDCLK_WEA[0])
                                                     -0.532    10.357    bram_samples_request.ram_reg_1_0_0
  -------------------------------------------------------------------
                         required time                         10.357    
                         arrival time                         -10.104    
  -------------------------------------------------------------------
                         slack                                  0.253    

Slack (MET) :             0.324ns  (required time - arrival time)
  Source:                 core/fsel1_reg[1]/C
                            (rising edge-triggered cell FDRE clocked by clk  {rise@0.000ns fall@5.000ns period=10.000ns})
  Destination:            bram_samples_request.ram_reg_2_0_6/WEA[0]
                            (rising edge-triggered cell RAMB36E1 clocked by clk  {rise@0.000ns fall@5.000ns period=10.000ns})
  Path Group:             clk
  Path Type:              Setup (Max at Slow Process Corner)
  Requirement:            10.000ns  (clk rise@10.000ns - clk rise@0.000ns)
  Data Path Delay:        8.858ns  (logic 2.978ns (33.619%)  route 5.880ns (66.381%))
  Logic Levels:           12  (CARRY4=5 LUT2=1 LUT3=1 LUT4=2 LUT5=2 LUT6=1)
  Clock Path Skew:        -0.049ns (DCD - SCD + CPR)
    Destination Clock Delay (DCD):    0.924ns = ( 10.924 - 10.000 ) 
    Source Clock Delay      (SCD):    0.973ns
    Clock Pessimism Removal (CPR):    0.000ns
  Clock Uncertainty:      0.035ns  ((TSJ^2 + TIJ^2)^1/2 + DJ) / 2 + PE
    Total System Jitter     (TSJ):    0.071ns
    Total Input Jitter      (TIJ):    0.000ns
    Discrete Jitter          (DJ):    0.000ns
    Phase Error              (PE):    0.000ns

    Location             Delay type                Incr(ns)  Path(ns)    Netlist Resource(s)
  -------------------------------------------------------------------    -------------------
                         (clock clk rise edge)        0.000     0.000 r  
                                                      0.000     0.000 r  clk (IN)
                         net (fo=922, unset)          0.973     0.973    core/clk
    SLICE_X42Y18         FDRE                                         r  core/fsel1_reg[1]/C
  -------------------------------------------------------------------    -------------------
    SLICE_X42Y18         FDRE (Prop_fdre_C_Q)         0.478     1.451 r  core/fsel1_reg[1]/Q
                         net (fo=32, routed)          1.021     2.472    core/fetch/e_rs1v_reg[0]_0[1]
    SLICE_X43Y14         LUT4 (Prop_lut4_I1_O)        0.295     2.767 r  core/fetch/e_rs1v[6]_i_3/O
                         net (fo=2, routed)           0.583     3.349    core/fetch/w_reg[result][6]
    SLICE_X43Y15         LUT5 (Prop_lut5_I4_O)        0.153     3.502 r  core/fetch/e_rs1v[6]_i_2/O
                         net (fo=17, routed)          0.515     4.017    core/fetch/a1_out[6]
    SLICE_X41Y17         LUT2 (Prop_lut2_I0_O)        0.327     4.344 r  core/fetch/bram_samples_request.ram_reg_0_0_0_i_36/O
                         net (fo=1, routed)           0.000     4.344    core/fetch/bram_samples_request.ram_reg_0_0_0_i_36_n_0
    SLICE_X41Y17         CARRY4 (Prop_carry4_S[2]_CO[3])
                                                      0.398     4.742 r  core/fetch/bram_samples_request.ram_reg_0_0_0_i_5/CO[3]
                         net (fo=1, routed)           0.000     4.742    core/fetch/bram_samples_request.ram_reg_0_0_0_i_5_n_0
    SLICE_X41Y18         CARRY4 (Prop_carry4_CI_CO[3])
                                                      0.114     4.856 r  core/fetch/bram_samples_request.ram_reg_0_0_0_i_4/CO[3]
                         net (fo=1, routed)           0.000     4.856    core/fetch/bram_samples_request.ram_reg_0_0_0_i_4_n_0
    SLICE_X41Y19         CARRY4 (Prop_carry4_CI_CO[3])
                                                      0.114     4.970 r  core/fetch/bram_samples_request.ram_reg_0_0_0_i_3/CO[3]
                         net (fo=1, routed)           0.000     4.970    core/fetch/bram_samples_request.ram_reg_0_0_0_i_3_n_0
    SLICE_X41Y20         CARRY4 (Prop_carry4_CI_CO[3])
                                                      0.114     5.084 r  core/fetch/bram_samples_request.ram_reg_0_0_0_i_2/CO[3]
                         net (fo=1, routed)           0.000     5.084    core/fetch/bram_samples_request.ram_reg_0_0_0_i_2_n_0
    SLICE_X41Y21         CARRY4 (Prop_carry4_CI_O[3])
                                                      0.313     5.397 f  core/fetch/observe_reg[23]_i_2/O[3]
                         net (fo=3, routed)           0.673     6.070    core/d_req_addr[23]
    SLICE_X40Y20         LUT4 (Prop_lut4_I0_O)        0.306     6.376 r  core/d_err1_i_3/O
                         net (fo=1, routed)           0.581     6.957    core/d_err1_i_3_n_0
    SLICE_X40Y22         LUT6 (Prop_lut6_I0_O)        0.124     7.081 f  core/d_err1_i_2/O
                         net (fo=3, routed)           0.451     7.532    core/d_err1_i_2_0
    SLICE_X47Y22         LUT3 (Prop_lut3_I2_O)        0.124     7.656 r  core/bram_samples_request.ram_reg_0_0_0_i_41/O
                         net (fo=12, routed)          1.085     8.741    core/bram_samples_request.ram_reg_0_0_0_i_41_n_0
    SLICE_X31Y23         LUT5 (Prop_lut5_I4_O)        0.118     8.859 r  core/bram_samples_request.ram_reg_2_0_5_i_2/O
                         net (fo=3, routed)           0.972     9.831    core_n_93
    RAMB36_X2Y5          RAMB36E1                                     r  bram_samples_request.ram_reg_2_0_6/WEA[0]
  -------------------------------------------------------------------    -------------------

                         (clock clk rise edge)       10.000    10.000 r  
                                                      0.000    10.000 r  clk (IN)
                         net (fo=922, unset)          0.924    10.924    clk
    RAMB36_X2Y5          RAMB36E1                                     r  bram_samples_request.ram_reg_2_0_6/CLKARDCLK
                         clock pessimism              0.000    10.924    
                         clock uncertainty           -0.035    10.889    
    RAMB36_X2Y5          RAMB36E1 (Setup_ramb36e1_CLKARDCLK_WEA[0])
                                                     -0.734    10.155    bram_samples_request.ram_reg_2_0_6
  -------------------------------------------------------------------
                         required time                         10.155    
                         arrival time                          -9.831    
  -------------------------------------------------------------------
                         slack                                  0.324    

Slack (MET) :             0.358ns  (required time - arrival time)
  Source:                 core/fsel1_reg[1]/C
                            (rising edge-triggered cell FDRE clocked by clk  {rise@0.000ns fall@5.000ns period=10.000ns})
  Destination:            bram_samples_request.ram_reg_2_0_7/WEA[0]
                            (rising edge-triggered cell RAMB36E1 clocked by clk  {rise@0.000ns fall@5.000ns period=10.000ns})
  Path Group:             clk
  Path Type:              Setup (Max at Slow Process Corner)
  Requirement:            10.000ns  (clk rise@10.000ns - clk rise@0.000ns)
  Data Path Delay:        8.824ns  (logic 2.978ns (33.748%)  route 5.846ns (66.252%))
  Logic Levels:           12  (CARRY4=5 LUT2=1 LUT3=1 LUT4=2 LUT5=2 LUT6=1)
  Clock Path Skew:        -0.049ns (DCD - SCD + CPR)
    Destination Clock Delay (DCD):    0.924ns = ( 10.924 - 10.000 ) 
    Source Clock Delay      (SCD):    0.973ns
    Clock Pessimism Removal (CPR):    0.000ns
  Clock Uncertainty:      0.035ns  ((TSJ^2 + TIJ^2)^1/2 + DJ) / 2 + PE
    Total System Jitter     (TSJ):    0.071ns
    Total Input Jitter      (TIJ):    0.000ns
    Discrete Jitter          (DJ):    0.000ns
    Phase Error              (PE):    0.000ns

    Location             Delay type                Incr(ns)  Path(ns)    Netlist Resource(s)
  -------------------------------------------------------------------    -------------------
                         (clock clk rise edge)        0.000     0.000 r  
                                                      0.000     0.000 r  clk (IN)
                         net (fo=922, unset)          0.973     0.973    core/clk
    SLICE_X42Y18         FDRE                                         r  core/fsel1_reg[1]/C
  -------------------------------------------------------------------    -------------------
    SLICE_X42Y18         FDRE (Prop_fdre_C_Q)         0.478     1.451 r  core/fsel1_reg[1]/Q
                         net (fo=32, routed)          1.021     2.472    core/fetch/e_rs1v_reg[0]_0[1]
    SLICE_X43Y14         LUT4 (Prop_lut4_I1_O)        0.295     2.767 r  core/fetch/e_rs1v[6]_i_3/O
                         net (fo=2, routed)           0.583     3.349    core/fetch/w_reg[result][6]
    SLICE_X43Y15         LUT5 (Prop_lut5_I4_O)        0.153     3.502 r  core/fetch/e_rs1v[6]_i_2/O
                         net (fo=17, routed)          0.515     4.017    core/fetch/a1_out[6]
    SLICE_X41Y17         LUT2 (Prop_lut2_I0_O)        0.327     4.344 r  core/fetch/bram_samples_request.ram_reg_0_0_0_i_36/O
                         net (fo=1, routed)           0.000     4.344    core/fetch/bram_samples_request.ram_reg_0_0_0_i_36_n_0
    SLICE_X41Y17         CARRY4 (Prop_carry4_S[2]_CO[3])
                                                      0.398     4.742 r  core/fetch/bram_samples_request.ram_reg_0_0_0_i_5/CO[3]
                         net (fo=1, routed)           0.000     4.742    core/fetch/bram_samples_request.ram_reg_0_0_0_i_5_n_0
    SLICE_X41Y18         CARRY4 (Prop_carry4_CI_CO[3])
                                                      0.114     4.856 r  core/fetch/bram_samples_request.ram_reg_0_0_0_i_4/CO[3]
                         net (fo=1, routed)           0.000     4.856    core/fetch/bram_samples_request.ram_reg_0_0_0_i_4_n_0
    SLICE_X41Y19         CARRY4 (Prop_carry4_CI_CO[3])
                                                      0.114     4.970 r  core/fetch/bram_samples_request.ram_reg_0_0_0_i_3/CO[3]
                         net (fo=1, routed)           0.000     4.970    core/fetch/bram_samples_request.ram_reg_0_0_0_i_3_n_0
    SLICE_X41Y20         CARRY4 (Prop_carry4_CI_CO[3])
                                                      0.114     5.084 r  core/fetch/bram_samples_request.ram_reg_0_0_0_i_2/CO[3]
                         net (fo=1, routed)           0.000     5.084    core/fetch/bram_samples_request.ram_reg_0_0_0_i_2_n_0
    SLICE_X41Y21         CARRY4 (Prop_carry4_CI_O[3])
                                                      0.313     5.397 f  core/fetch/observe_reg[23]_i_2/O[3]
                         net (fo=3, routed)           0.673     6.070    core/d_req_addr[23]
    SLICE_X40Y20         LUT4 (Prop_lut4_I0_O)        0.306     6.376 r  core/d_err1_i_3/O
                         net (fo=1, routed)           0.581     6.957    core/d_err1_i_3_n_0
    SLICE_X40Y22         LUT6 (Prop_lut6_I0_O)        0.124     7.081 f  core/d_err1_i_2/O
                         net (fo=3, routed)           0.451     7.532    core/d_err1_i_2_0
    SLICE_X47Y22         LUT3 (Prop_lut3_I2_O)        0.124     7.656 r  core/bram_samples_request.ram_reg_0_0_0_i_41/O
                         net (fo=12, routed)          1.085     8.741    core/bram_samples_request.ram_reg_0_0_0_i_41_n_0
    SLICE_X31Y23         LUT5 (Prop_lut5_I4_O)        0.118     8.859 r  core/bram_samples_request.ram_reg_2_0_5_i_2/O
                         net (fo=3, routed)           0.938     9.797    core_n_93
    RAMB36_X1Y4          RAMB36E1                                     r  bram_samples_request.ram_reg_2_0_7/WEA[0]
  -------------------------------------------------------------------    -------------------

                         (clock clk rise edge)       10.000    10.000 r  
                                                      0.000    10.000 r  clk (IN)
                         net (fo=922, unset)          0.924    10.924    clk
    RAMB36_X1Y4          RAMB36E1                                     r  bram_samples_request.ram_reg_2_0_7/CLKARDCLK
                         clock pessimism              0.000    10.924    
                         clock uncertainty           -0.035    10.889    
    RAMB36_X1Y4          RAMB36E1 (Setup_ramb36e1_CLKARDCLK_WEA[0])
                                                     -0.734    10.155    bram_samples_request.ram_reg_2_0_7
  -------------------------------------------------------------------
                         required time                         10.155    
                         arrival time                          -9.797    
  -------------------------------------------------------------------
                         slack                                  0.358    

Slack (MET) :             0.366ns  (required time - arrival time)
  Source:                 core/fsel1_reg[1]/C
                            (rising edge-triggered cell FDRE clocked by clk  {rise@0.000ns fall@5.000ns period=10.000ns})
  Destination:            bram_samples_request.ram_reg_0_0_7/WEA[0]
                            (rising edge-triggered cell RAMB36E1 clocked by clk  {rise@0.000ns fall@5.000ns period=10.000ns})
  Path Group:             clk
  Path Type:              Setup (Max at Slow Process Corner)
  Requirement:            10.000ns  (clk rise@10.000ns - clk rise@0.000ns)
  Data Path Delay:        9.018ns  (logic 2.984ns (33.088%)  route 6.034ns (66.912%))
  Logic Levels:           12  (CARRY4=5 LUT2=1 LUT3=1 LUT4=3 LUT5=1 LUT6=1)
  Clock Path Skew:        -0.049ns (DCD - SCD + CPR)
    Destination Clock Delay (DCD):    0.924ns = ( 10.924 - 10.000 ) 
    Source Clock Delay      (SCD):    0.973ns
    Clock Pessimism Removal (CPR):    0.000ns
  Clock Uncertainty:      0.035ns  ((TSJ^2 + TIJ^2)^1/2 + DJ) / 2 + PE
    Total System Jitter     (TSJ):    0.071ns
    Total Input Jitter      (TIJ):    0.000ns
    Discrete Jitter          (DJ):    0.000ns
    Phase Error              (PE):    0.000ns

    Location             Delay type                Incr(ns)  Path(ns)    Netlist Resource(s)
  -------------------------------------------------------------------    -------------------
                         (clock clk rise edge)        0.000     0.000 r  
                                                      0.000     0.000 r  clk (IN)
                         net (fo=922, unset)          0.973     0.973    core/clk
    SLICE_X42Y18         FDRE                                         r  core/fsel1_reg[1]/C
  -------------------------------------------------------------------    -------------------
    SLICE_X42Y18         FDRE (Prop_fdre_C_Q)         0.478     1.451 r  core/fsel1_reg[1]/Q
                         net (fo=32, routed)          1.021     2.472    core/fetch/e_rs1v_reg[0]_0[1]
    SLICE_X43Y14         LUT4 (Prop_lut4_I1_O)        0.295     2.767 r  core/fetch/e_rs1v[6]_i_3/O
                         net (fo=2, routed)           0.583     3.349    core/fetch/w_reg[result][6]
    SLICE_X43Y15         LUT5 (Prop_lut5_I4_O)        0.153     3.502 r  core/fetch/e_rs1v[6]_i_2/O
                         net (fo=17, routed)          0.515     4.017    core/fetch/a1_out[6]
    SLICE_X41Y17         LUT2 (Prop_lut2_I0_O)        0.327     4.344 r  core/fetch/bram_samples_request.ram_reg_0_0_0_i_36/O
                         net (fo=1, routed)           0.000     4.344    core/fetch/bram_samples_request.ram_reg_0_0_0_i_36_n_0
    SLICE_X41Y17         CARRY4 (Prop_carry4_S[2]_CO[3])
                                                      0.398     4.742 r  core/fetch/bram_samples_request.ram_reg_0_0_0_i_5/CO[3]
                         net (fo=1, routed)           0.000     4.742    core/fetch/bram_samples_request.ram_reg_0_0_0_i_5_n_0
    SLICE_X41Y18         CARRY4 (Prop_carry4_CI_CO[3])
                                                      0.114     4.856 r  core/fetch/bram_samples_request.ram_reg_0_0_0_i_4/CO[3]
                         net (fo=1, routed)           0.000     4.856    core/fetch/bram_samples_request.ram_reg_0_0_0_i_4_n_0
    SLICE_X41Y19         CARRY4 (Prop_carry4_CI_CO[3])
                                                      0.114     4.970 r  core/fetch/bram_samples_request.ram_reg_0_0_0_i_3/CO[3]
                         net (fo=1, routed)           0.000     4.970    core/fetch/bram_samples_request.ram_reg_0_0_0_i_3_n_0
    SLICE_X41Y20         CARRY4 (Prop_carry4_CI_CO[3])
                                                      0.114     5.084 r  core/fetch/bram_samples_request.ram_reg_0_0_0_i_2/CO[3]
                         net (fo=1, routed)           0.000     5.084    core/fetch/bram_samples_request.ram_reg_0_0_0_i_2_n_0
    SLICE_X41Y21         CARRY4 (Prop_carry4_CI_O[3])
                                                      0.313     5.397 f  core/fetch/observe_reg[23]_i_2/O[3]
                         net (fo=3, routed)           0.673     6.070    core/d_req_addr[23]
    SLICE_X40Y20         LUT4 (Prop_lut4_I0_O)        0.306     6.376 r  core/d_err1_i_3/O
                         net (fo=1, routed)           0.581     6.957    core/d_err1_i_3_n_0
    SLICE_X40Y22         LUT6 (Prop_lut6_I0_O)        0.124     7.081 f  core/d_err1_i_2/O
                         net (fo=3, routed)           0.451     7.532    core/d_err1_i_2_0
    SLICE_X47Y22         LUT3 (Prop_lut3_I2_O)        0.124     7.656 r  core/bram_samples_request.ram_reg_0_0_0_i_41/O
                         net (fo=12, routed)          0.759     8.415    core/bram_samples_request.ram_reg_0_0_0_i_41_n_0
    SLICE_X33Y20         LUT4 (Prop_lut4_I3_O)        0.124     8.539 r  core/bram_samples_request.ram_reg_0_0_5_i_2/O
                         net (fo=3, routed)           1.452     9.991    core_n_101
    RAMB36_X1Y0          RAMB36E1                                     r  bram_samples_request.ram_reg_0_0_7/WEA[0]
  -------------------------------------------------------------------    -------------------

                         (clock clk rise edge)       10.000    10.000 r  
                                                      0.000    10.000 r  clk (IN)
                         net (fo=922, unset)          0.924    10.924    clk
    RAMB36_X1Y0          RAMB36E1                                     r  bram_samples_request.ram_reg_0_0_7/CLKARDCLK
                         clock pessimism              0.000    10.924    
                         clock uncertainty           -0.035    10.889    
    RAMB36_X1Y0          RAMB36E1 (Setup_ramb36e1_CLKARDCLK_WEA[0])
                                                     -0.532    10.357    bram_samples_request.ram_reg_0_0_7
  -------------------------------------------------------------------
                         required time                         10.357    
                         arrival time                          -9.991    
  -------------------------------------------------------------------
                         slack                                  0.366    

Slack (MET) :             0.381ns  (required time - arrival time)
  Source:                 core/fsel1_reg[1]/C
                            (rising edge-triggered cell FDRE clocked by clk  {rise@0.000ns fall@5.000ns period=10.000ns})
  Destination:            bram_samples_request.ram_reg_1_0_7/WEA[0]
                            (rising edge-triggered cell RAMB36E1 clocked by clk  {rise@0.000ns fall@5.000ns period=10.000ns})
  Path Group:             clk
  Path Type:              Setup (Max at Slow Process Corner)
  Requirement:            10.000ns  (clk rise@10.000ns - clk rise@0.000ns)
  Data Path Delay:        9.003ns  (logic 2.984ns (33.143%)  route 6.019ns (66.857%))
  Logic Levels:           12  (CARRY4=5 LUT2=1 LUT3=1 LUT4=2 LUT5=2 LUT6=1)
  Clock Path Skew:        -0.049ns (DCD - SCD + CPR)
    Destination Clock Delay (DCD):    0.924ns = ( 10.924 - 10.000 ) 
    Source Clock Delay      (SCD):    0.973ns
    Clock Pessimism Removal (CPR):    0.000ns
  Clock Uncertainty:      0.035ns  ((TSJ^2 + TIJ^2)^1/2 + DJ) / 2 + PE
    Total System Jitter     (TSJ):    0.071ns
    Total Input Jitter      (TIJ):    0.000ns
    Discrete Jitter          (DJ):    0.000ns
    Phase Error              (PE):    0.000ns

    Location             Delay type                Incr(ns)  Path(ns)    Netlist Resource(s)
  -------------------------------------------------------------------    -------------------
                         (clock clk rise edge)        0.000     0.000 r  
                                                      0.000     0.000 r  clk (IN)
                         net (fo=922, unset)          0.973     0.973    core/clk
    SLICE_X42Y18         FDRE                                         r  core/fsel1_reg[1]/C
  -------------------------------------------------------------------    -------------------
    SLICE_X42Y18         FDRE (Prop_fdre_C_Q)         0.478     1.451 r  core/fsel1_reg[1]/Q
                         net (fo=32, routed)          1.021     2.472    core/fetch/e_rs1v_reg[0]_0[1]
    SLICE_X43Y14         LUT4 (Prop_lut4_I1_O)        0.295     2.767 r  core/fetch/e_rs1v[6]_i_3/O
                         net (fo=2, routed)           0.583     3.349    core/fetch/w_reg[result][6]
    SLICE_X43Y15         LUT5 (Prop_lut5_I4_O)        0.153     3.502 r  core/fetch/e_rs1v[6]_i_2/O
                         net (fo=17, routed)          0.515     4.017    core/fetch/a1_out[6]
    SLICE_X41Y17         LUT2 (Prop_lut2_I0_O)        0.327     4.344 r  core/fetch/bram_samples_request.ram_reg_0_0_0_i_36/O
                         net (fo=1, routed)           0.000     4.344    core/fetch/bram_samples_request.ram_reg_0_0_0_i_36_n_0
    SLICE_X41Y17         CARRY4 (Prop_carry4_S[2]_CO[3])
                                                      0.398     4.742 r  core/fetch/bram_samples_request.ram_reg_0_0_0_i_5/CO[3]
                         net (fo=1, routed)           0.000     4.742    core/fetch/bram_samples_request.ram_reg_0_0_0_i_5_n_0
    SLICE_X41Y18         CARRY4 (Prop_carry4_CI_CO[3])
                                                      0.114     4.856 r  core/fetch/bram_samples_request.ram_reg_0_0_0_i_4/CO[3]
                         net (fo=1, routed)           0.000     4.856    core/fetch/bram_samples_request.ram_reg_0_0_0_i_4_n_0
    SLICE_X41Y19         CARRY4 (Prop_carry4_CI_CO[3])
                                                      0.114     4.970 r  core/fetch/bram_samples_request.ram_reg_0_0_0_i_3/CO[3]
                         net (fo=1, routed)           0.000     4.970    core/fetch/bram_samples_request.ram_reg_0_0_0_i_3_n_0
    SLICE_X41Y20         CARRY4 (Prop_carry4_CI_CO[3])
                                                      0.114     5.084 r  core/fetch/bram_samples_request.ram_reg_0_0_0_i_2/CO[3]
                         net (fo=1, routed)           0.000     5.084    core/fetch/bram_samples_request.ram_reg_0_0_0_i_2_n_0
    SLICE_X41Y21         CARRY4 (Prop_carry4_CI_O[3])
                                                      0.313     5.397 f  core/fetch/observe_reg[23]_i_2/O[3]
                         net (fo=3, routed)           0.673     6.070    core/d_req_addr[23]
    SLICE_X40Y20         LUT4 (Prop_lut4_I0_O)        0.306     6.376 r  core/d_err1_i_3/O
                         net (fo=1, routed)           0.581     6.957    core/d_err1_i_3_n_0
    SLICE_X40Y22         LUT6 (Prop_lut6_I0_O)        0.124     7.081 f  core/d_err1_i_2/O
                         net (fo=3, routed)           0.451     7.532    core/d_err1_i_2_0
    SLICE_X47Y22         LUT3 (Prop_lut3_I2_O)        0.124     7.656 r  core/bram_samples_request.ram_reg_0_0_0_i_41/O
                         net (fo=12, routed)          1.033     8.689    core/bram_samples_request.ram_reg_0_0_0_i_41_n_0
    SLICE_X65Y27         LUT5 (Prop_lut5_I4_O)        0.124     8.813 r  core/bram_samples_request.ram_reg_1_0_5_i_2/O
                         net (fo=3, routed)           1.164     9.976    core_n_97
    RAMB36_X3Y8          RAMB36E1                                     r  bram_samples_request.ram_reg_1_0_7/WEA[0]
  -------------------------------------------------------------------    -------------------

                         (clock clk rise edge)       10.000    10.000 r  
                                                      0.000    10.000 r  clk (IN)
                         net (fo=922, unset)          0.924    10.924    clk
    RAMB36_X3Y8          RAMB36E1                                     r  bram_samples_request.ram_reg_1_0_7/CLKARDCLK
                         clock pessimism              0.000    10.924    
                         clock uncertainty           -0.035    10.889    
    RAMB36_X3Y8          RAMB36E1 (Setup_ramb36e1_CLKARDCLK_WEA[0])
                                                     -0.532    10.357    bram_samples_request.ram_reg_1_0_7
  -------------------------------------------------------------------
                         required time                         10.357    
                         arrival time                          -9.976    
  -------------------------------------------------------------------
                         slack                                  0.381    





Min Delay Paths
--------------------------------------------------------------------------------------
Slack (MET) :             0.098ns  (arrival time - required time)
  Source:                 core/m1_reg[rdata][27]/C
                            (rising edge-triggered cell FDRE clocked by clk  {rise@0.000ns fall@5.000ns period=10.000ns})
  Destination:            core/m2_reg[rdata][27]/D
                            (rising edge-triggered cell FDRE clocked by clk  {rise@0.000ns fall@5.000ns period=10.000ns})
  Path Group:             clk
  Path Type:              Hold (Min at Fast Process Corner)
  Requirement:            0.000ns  (clk rise@0.000ns - clk rise@0.000ns)
  Data Path Delay:        0.240ns  (logic 0.186ns (77.466%)  route 0.054ns (22.534%))
  Logic Levels:           1  (LUT6=1)
  Clock Path Skew:        0.022ns (DCD - SCD - CPR)
    Destination Clock Delay (DCD):    0.432ns
    Source Clock Delay      (SCD):    0.410ns
    Clock Pessimism Removal (CPR):    -0.000ns

    Location             Delay type                Incr(ns)  Path(ns)    Netlist Resource(s)
  -------------------------------------------------------------------    -------------------
                         (clock clk rise edge)        0.000     0.000 r  
                                                      0.000     0.000 r  clk (IN)
                         net (fo=922, unset)          0.410     0.410    core/clk
    SLICE_X21Y5          FDRE                                         r  core/m1_reg[rdata][27]/C
  -------------------------------------------------------------------    -------------------
    SLICE_X21Y5          FDRE (Prop_fdre_C_Q)         0.141     0.551 r  core/m1_reg[rdata][27]/Q
                         net (fo=1, routed)           0.054     0.605    core/m1_reg[rdata][27]
    SLICE_X20Y5          LUT6 (Prop_lut6_I2_O)        0.045     0.650 r  core/m2[rdata][27]_i_1/O
                         net (fo=1, routed)           0.000     0.650    core/m2[rdata][27]_i_1_n_0
    SLICE_X20Y5          FDRE                                         r  core/m2_reg[rdata][27]/D
  -------------------------------------------------------------------    -------------------

                         (clock clk rise edge)        0.000     0.000 r  
                                                      0.000     0.000 r  clk (IN)
                         net (fo=922, unset)          0.432     0.432    core/clk
    SLICE_X20Y5          FDRE                                         r  core/m2_reg[rdata][27]/C
                         clock pessimism              0.000     0.432    
    SLICE_X20Y5          FDRE (Hold_fdre_C_D)         0.121     0.553    core/m2_reg[rdata][27]
  -------------------------------------------------------------------
                         required time                         -0.553    
                         arrival time                           0.650    
  -------------------------------------------------------------------
                         slack                                  0.098    

Slack (MET) :             0.118ns  (arrival time - required time)
  Source:                 core/w_reg[result][0]/C
                            (rising edge-triggered cell FDRE clocked by clk  {rise@0.000ns fall@5.000ns period=10.000ns})
  Destination:            core/rf_reg_r1_0_31_0_5/RAMA/I
                            (rising edge-triggered cell RAMD32 clocked by clk  {rise@0.000ns fall@5.000ns period=10.000ns})
  Path Group:             clk
  Path Type:              Hold (Min at Fast Process Corner)
  Requirement:            0.000ns  (clk rise@0.000ns - clk rise@0.000ns)
  Data Path Delay:        0.286ns  (logic 0.141ns (49.271%)  route 0.145ns (50.729%))
  Logic Levels:           0  
  Clock Path Skew:        0.022ns (DCD - SCD - CPR)
    Destination Clock Delay (DCD):    0.432ns
    Source Clock Delay      (SCD):    0.410ns
    Clock Pessimism Removal (CPR):    -0.000ns

    Location             Delay type                Incr(ns)  Path(ns)    Netlist Resource(s)
  -------------------------------------------------------------------    -------------------
                         (clock clk rise edge)        0.000     0.000 r  
                                                      0.000     0.000 r  clk (IN)
                         net (fo=922, unset)          0.410     0.410    core/clk
    SLICE_X43Y15         FDRE                                         r  core/w_reg[result][0]/C
  -------------------------------------------------------------------    -------------------
    SLICE_X43Y15         FDRE (Prop_fdre_C_Q)         0.141     0.551 r  core/w_reg[result][0]/Q
                         net (fo=7, routed)           0.145     0.696    core/rf_reg_r1_0_31_0_5/DIA0
    SLICE_X42Y16         RAMD32                                       r  core/rf_reg_r1_0_31_0_5/RAMA/I
  -------------------------------------------------------------------    -------------------

                         (clock clk rise edge)        0.000     0.000 r  
                                                      0.000     0.000 r  clk (IN)
                         net (fo=922, unset)          0.432     0.432    core/rf_reg_r1_0_31_0_5/WCLK
    SLICE_X42Y16         RAMD32                                       r  core/rf_reg_r1_0_31_0_5/RAMA/CLK
                         clock pessimism              0.000     0.432    
    SLICE_X42Y16         RAMD32 (Hold_ramd32_CLK_I)
                                                      0.147     0.579    core/rf_reg_r1_0_31_0_5/RAMA
  -------------------------------------------------------------------
                         required time                         -0.579    
                         arrival time                           0.696    
  -------------------------------------------------------------------
                         slack                                  0.118    

Slack (MET) :             0.131ns  (arrival time - required time)
  Source:                 core/fetch/rsp_pc_reg[8]/C
                            (rising edge-triggered cell FDRE clocked by clk  {rise@0.000ns fall@5.000ns period=10.000ns})
  Destination:            core/fetch/buf_pc_reg_0_3_6_11/RAMA/I
                            (rising edge-triggered cell RAMD32 clocked by clk  {rise@0.000ns fall@5.000ns period=10.000ns})
  Path Group:             clk
  Path Type:              Hold (Min at Fast Process Corner)
  Requirement:            0.000ns  (clk rise@0.000ns - clk rise@0.000ns)
  Data Path Delay:        0.300ns  (logic 0.164ns (54.744%)  route 0.136ns (45.256%))
  Logic Levels:           0  
  Clock Path Skew:        0.022ns (DCD - SCD - CPR)
    Destination Clock Delay (DCD):    0.432ns
    Source Clock Delay      (SCD):    0.410ns
    Clock Pessimism Removal (CPR):    -0.000ns

    Location             Delay type                Incr(ns)  Path(ns)    Netlist Resource(s)
  -------------------------------------------------------------------    -------------------
                         (clock clk rise edge)        0.000     0.000 r  
                                                      0.000     0.000 r  clk (IN)
                         net (fo=922, unset)          0.410     0.410    core/fetch/clk
    SLICE_X20Y7          FDRE                                         r  core/fetch/rsp_pc_reg[8]/C
  -------------------------------------------------------------------    -------------------
    SLICE_X20Y7          FDRE (Prop_fdre_C_Q)         0.164     0.574 r  core/fetch/rsp_pc_reg[8]/Q
                         net (fo=4, routed)           0.136     0.710    core/fetch/buf_pc_reg_0_3_6_11/DIA0
    SLICE_X22Y7          RAMD32                                       r  core/fetch/buf_pc_reg_0_3_6_11/RAMA/I
  -------------------------------------------------------------------    -------------------

                         (clock clk rise edge)        0.000     0.000 r  
                                                      0.000     0.000 r  clk (IN)
                         net (fo=922, unset)          0.432     0.432    core/fetch/buf_pc_reg_0_3_6_11/WCLK
    SLICE_X22Y7          RAMD32                                       r  core/fetch/buf_pc_reg_0_3_6_11/RAMA/CLK
                         clock pessimism              0.000     0.432    
    SLICE_X22Y7          RAMD32 (Hold_ramd32_CLK_I)
                                                      0.147     0.579    core/fetch/buf_pc_reg_0_3_6_11/RAMA
  -------------------------------------------------------------------
                         required time                         -0.579    
                         arrival time                           0.710    
  -------------------------------------------------------------------
                         slack                                  0.131    

Slack (MET) :             0.132ns  (arrival time - required time)
  Source:                 bram_samples_request.d_q2_reg[14]_i_2/C
                            (rising edge-triggered cell FDRE clocked by clk  {rise@0.000ns fall@5.000ns period=10.000ns})
  Destination:            bram_samples_request.d_q2_reg[14]/D
                            (rising edge-triggered cell FDRE clocked by clk  {rise@0.000ns fall@5.000ns period=10.000ns})
  Path Group:             clk
  Path Type:              Hold (Min at Fast Process Corner)
  Requirement:            0.000ns  (clk rise@0.000ns - clk rise@0.000ns)
  Data Path Delay:        0.273ns  (logic 0.186ns (68.106%)  route 0.087ns (31.894%))
  Logic Levels:           1  (LUT3=1)
  Clock Path Skew:        0.022ns (DCD - SCD - CPR)
    Destination Clock Delay (DCD):    0.432ns
    Source Clock Delay      (SCD):    0.410ns
    Clock Pessimism Removal (CPR):    -0.000ns

    Location             Delay type                Incr(ns)  Path(ns)    Netlist Resource(s)
  -------------------------------------------------------------------    -------------------
                         (clock clk rise edge)        0.000     0.000 r  
                                                      0.000     0.000 r  clk (IN)
                         net (fo=922, unset)          0.410     0.410    clk
    SLICE_X31Y23         FDRE                                         r  bram_samples_request.d_q2_reg[14]_i_2/C
  -------------------------------------------------------------------    -------------------
    SLICE_X31Y23         FDRE (Prop_fdre_C_Q)         0.141     0.551 r  bram_samples_request.d_q2_reg[14]_i_2/Q
                         net (fo=1, routed)           0.087     0.638    bram_samples_request.d_q2_reg[14]_i_2_n_0
    SLICE_X30Y23         LUT3 (Prop_lut3_I2_O)        0.045     0.683 r  bram_samples_request.d_q2[14]_i_1/O
                         net (fo=1, routed)           0.000     0.683    bram_samples_request.d_q[14]
    SLICE_X30Y23         FDRE                                         r  bram_samples_request.d_q2_reg[14]/D
  -------------------------------------------------------------------    -------------------

                         (clock clk rise edge)        0.000     0.000 r  
                                                      0.000     0.000 r  clk (IN)
                         net (fo=922, unset)          0.432     0.432    clk
    SLICE_X30Y23         FDRE                                         r  bram_samples_request.d_q2_reg[14]/C
                         clock pessimism              0.000     0.432    
    SLICE_X30Y23         FDRE (Hold_fdre_C_D)         0.120     0.552    bram_samples_request.d_q2_reg[14]
  -------------------------------------------------------------------
                         required time                         -0.552    
                         arrival time                           0.683    
  -------------------------------------------------------------------
                         slack                                  0.132    

Slack (MET) :             0.132ns  (arrival time - required time)
  Source:                 bram_samples_request.d_q2_reg[28]_i_2/C
                            (rising edge-triggered cell FDRE clocked by clk  {rise@0.000ns fall@5.000ns period=10.000ns})
  Destination:            bram_samples_request.d_q2_reg[28]/D
                            (rising edge-triggered cell FDRE clocked by clk  {rise@0.000ns fall@5.000ns period=10.000ns})
  Path Group:             clk
  Path Type:              Hold (Min at Fast Process Corner)
  Requirement:            0.000ns  (clk rise@0.000ns - clk rise@0.000ns)
  Data Path Delay:        0.273ns  (logic 0.186ns (68.106%)  route 0.087ns (31.894%))
  Logic Levels:           1  (LUT3=1)
  Clock Path Skew:        0.022ns (DCD - SCD - CPR)
    Destination Clock Delay (DCD):    0.432ns
    Source Clock Delay      (SCD):    0.410ns
    Clock Pessimism Removal (CPR):    -0.000ns

    Location             Delay type                Incr(ns)  Path(ns)    Netlist Resource(s)
  -------------------------------------------------------------------    -------------------
                         (clock clk rise edge)        0.000     0.000 r  
                                                      0.000     0.000 r  clk (IN)
                         net (fo=922, unset)          0.410     0.410    clk
    SLICE_X31Y16         FDRE                                         r  bram_samples_request.d_q2_reg[28]_i_2/C
  -------------------------------------------------------------------    -------------------
    SLICE_X31Y16         FDRE (Prop_fdre_C_Q)         0.141     0.551 r  bram_samples_request.d_q2_reg[28]_i_2/Q
                         net (fo=1, routed)           0.087     0.638    bram_samples_request.d_q2_reg[28]_i_2_n_0
    SLICE_X30Y16         LUT3 (Prop_lut3_I2_O)        0.045     0.683 r  bram_samples_request.d_q2[28]_i_1/O
                         net (fo=1, routed)           0.000     0.683    bram_samples_request.d_q[28]
    SLICE_X30Y16         FDRE                                         r  bram_samples_request.d_q2_reg[28]/D
  -------------------------------------------------------------------    -------------------

                         (clock clk rise edge)        0.000     0.000 r  
                                                      0.000     0.000 r  clk (IN)
                         net (fo=922, unset)          0.432     0.432    clk
    SLICE_X30Y16         FDRE                                         r  bram_samples_request.d_q2_reg[28]/C
                         clock pessimism              0.000     0.432    
    SLICE_X30Y16         FDRE (Hold_fdre_C_D)         0.120     0.552    bram_samples_request.d_q2_reg[28]
  -------------------------------------------------------------------
                         required time                         -0.552    
                         arrival time                           0.683    
  -------------------------------------------------------------------
                         slack                                  0.132    

Slack (MET) :             0.132ns  (arrival time - required time)
  Source:                 bram_samples_request.d_q2_reg[30]_i_2/C
                            (rising edge-triggered cell FDRE clocked by clk  {rise@0.000ns fall@5.000ns period=10.000ns})
  Destination:            bram_samples_request.d_q2_reg[30]/D
                            (rising edge-triggered cell FDRE clocked by clk  {rise@0.000ns fall@5.000ns period=10.000ns})
  Path Group:             clk
  Path Type:              Hold (Min at Fast Process Corner)
  Requirement:            0.000ns  (clk rise@0.000ns - clk rise@0.000ns)
  Data Path Delay:        0.273ns  (logic 0.186ns (68.106%)  route 0.087ns (31.894%))
  Logic Levels:           1  (LUT3=1)
  Clock Path Skew:        0.022ns (DCD - SCD - CPR)
    Destination Clock Delay (DCD):    0.432ns
    Source Clock Delay      (SCD):    0.410ns
    Clock Pessimism Removal (CPR):    -0.000ns

    Location             Delay type                Incr(ns)  Path(ns)    Netlist Resource(s)
  -------------------------------------------------------------------    -------------------
                         (clock clk rise edge)        0.000     0.000 r  
                                                      0.000     0.000 r  clk (IN)
                         net (fo=922, unset)          0.410     0.410    clk
    SLICE_X31Y20         FDRE                                         r  bram_samples_request.d_q2_reg[30]_i_2/C
  -------------------------------------------------------------------    -------------------
    SLICE_X31Y20         FDRE (Prop_fdre_C_Q)         0.141     0.551 r  bram_samples_request.d_q2_reg[30]_i_2/Q
                         net (fo=1, routed)           0.087     0.638    bram_samples_request.d_q2_reg[30]_i_2_n_0
    SLICE_X30Y20         LUT3 (Prop_lut3_I2_O)        0.045     0.683 r  bram_samples_request.d_q2[30]_i_1/O
                         net (fo=1, routed)           0.000     0.683    bram_samples_request.d_q[30]
    SLICE_X30Y20         FDRE                                         r  bram_samples_request.d_q2_reg[30]/D
  -------------------------------------------------------------------    -------------------

                         (clock clk rise edge)        0.000     0.000 r  
                                                      0.000     0.000 r  clk (IN)
                         net (fo=922, unset)          0.432     0.432    clk
    SLICE_X30Y20         FDRE                                         r  bram_samples_request.d_q2_reg[30]/C
                         clock pessimism              0.000     0.432    
    SLICE_X30Y20         FDRE (Hold_fdre_C_D)         0.120     0.552    bram_samples_request.d_q2_reg[30]
  -------------------------------------------------------------------
                         required time                         -0.552    
                         arrival time                           0.683    
  -------------------------------------------------------------------
                         slack                                  0.132    

Slack (MET) :             0.133ns  (arrival time - required time)
  Source:                 core/fetch/rsp_pc_reg[28]/C
                            (rising edge-triggered cell FDRE clocked by clk  {rise@0.000ns fall@5.000ns period=10.000ns})
  Destination:            core/fetch/buf_pc_reg_0_3_24_29/RAMB/I
                            (rising edge-triggered cell RAMD32 clocked by clk  {rise@0.000ns fall@5.000ns period=10.000ns})
  Path Group:             clk
  Path Type:              Hold (Min at Fast Process Corner)
  Requirement:            0.000ns  (clk rise@0.000ns - clk rise@0.000ns)
  Data Path Delay:        0.300ns  (logic 0.164ns (54.597%)  route 0.136ns (45.403%))
  Logic Levels:           0  
  Clock Path Skew:        0.022ns (DCD - SCD - CPR)
    Destination Clock Delay (DCD):    0.432ns
    Source Clock Delay      (SCD):    0.410ns
    Clock Pessimism Removal (CPR):    -0.000ns

    Location             Delay type                Incr(ns)  Path(ns)    Netlist Resource(s)
  -------------------------------------------------------------------    -------------------
                         (clock clk rise edge)        0.000     0.000 r  
                                                      0.000     0.000 r  clk (IN)
                         net (fo=922, unset)          0.410     0.410    core/fetch/clk
    SLICE_X20Y12         FDRE                                         r  core/fetch/rsp_pc_reg[28]/C
  -------------------------------------------------------------------    -------------------
    SLICE_X20Y12         FDRE (Prop_fdre_C_Q)         0.164     0.574 r  core/fetch/rsp_pc_reg[28]/Q
                         net (fo=5, routed)           0.136     0.711    core/fetch/buf_pc_reg_0_3_24_29/DIB0
    SLICE_X22Y11         RAMD32                                       r  core/fetch/buf_pc_reg_0_3_24_29/RAMB/I
  -------------------------------------------------------------------    -------------------

                         (clock clk rise edge)        0.000     0.000 r  
                                                      0.000     0.000 r  clk (IN)
                         net (fo=922, unset)          0.432     0.432    core/fetch/buf_pc_reg_0_3_24_29/WCLK
    SLICE_X22Y11         RAMD32                                       r  core/fetch/buf_pc_reg_0_3_24_29/RAMB/CLK
                         clock pessimism              0.000     0.432    
    SLICE_X22Y11         RAMD32 (Hold_ramd32_CLK_I)
                                                      0.146     0.578    core/fetch/buf_pc_reg_0_3_24_29/RAMB
  -------------------------------------------------------------------
                         required time                         -0.578    
                         arrival time                           0.711    
  -------------------------------------------------------------------
                         slack                                  0.133    

Slack (MET) :             0.134ns  (arrival time - required time)
  Source:                 core/fetch/rsp_pc_reg[6]/C
                            (rising edge-triggered cell FDRE clocked by clk  {rise@0.000ns fall@5.000ns period=10.000ns})
  Destination:            core/fetch/buf_pc_reg_0_3_0_5/RAMC/I
                            (rising edge-triggered cell RAMD32 clocked by clk  {rise@0.000ns fall@5.000ns period=10.000ns})
  Path Group:             clk
  Path Type:              Hold (Min at Fast Process Corner)
  Requirement:            0.000ns  (clk rise@0.000ns - clk rise@0.000ns)
  Data Path Delay:        0.300ns  (logic 0.164ns (54.734%)  route 0.136ns (45.266%))
  Logic Levels:           0  
  Clock Path Skew:        0.022ns (DCD - SCD - CPR)
    Destination Clock Delay (DCD):    0.432ns
    Source Clock Delay      (SCD):    0.410ns
    Clock Pessimism Removal (CPR):    -0.000ns

    Location             Delay type                Incr(ns)  Path(ns)    Netlist Resource(s)
  -------------------------------------------------------------------    -------------------
                         (clock clk rise edge)        0.000     0.000 r  
                                                      0.000     0.000 r  clk (IN)
                         net (fo=922, unset)          0.410     0.410    core/fetch/clk
    SLICE_X20Y6          FDRE                                         r  core/fetch/rsp_pc_reg[6]/C
  -------------------------------------------------------------------    -------------------
    SLICE_X20Y6          FDRE (Prop_fdre_C_Q)         0.164     0.574 r  core/fetch/rsp_pc_reg[6]/Q
                         net (fo=4, routed)           0.136     0.710    core/fetch/buf_pc_reg_0_3_0_5/DIC0
    SLICE_X22Y6          RAMD32                                       r  core/fetch/buf_pc_reg_0_3_0_5/RAMC/I
  -------------------------------------------------------------------    -------------------

                         (clock clk rise edge)        0.000     0.000 r  
                                                      0.000     0.000 r  clk (IN)
                         net (fo=922, unset)          0.432     0.432    core/fetch/buf_pc_reg_0_3_0_5/WCLK
    SLICE_X22Y6          RAMD32                                       r  core/fetch/buf_pc_reg_0_3_0_5/RAMC/CLK
                         clock pessimism              0.000     0.432    
    SLICE_X22Y6          RAMD32 (Hold_ramd32_CLK_I)
                                                      0.144     0.576    core/fetch/buf_pc_reg_0_3_0_5/RAMC
  -------------------------------------------------------------------
                         required time                         -0.576    
                         arrival time                           0.710    
  -------------------------------------------------------------------
                         slack                                  0.134    

Slack (MET) :             0.144ns  (arrival time - required time)
  Source:                 core/fetch/rsp_pc_reg[5]/C
                            (rising edge-triggered cell FDRE clocked by clk  {rise@0.000ns fall@5.000ns period=10.000ns})
  Destination:            core/fetch/buf_pc_reg_0_3_0_5/RAMB_D1/I
                            (rising edge-triggered cell RAMD32 clocked by clk  {rise@0.000ns fall@5.000ns period=10.000ns})
  Path Group:             clk
  Path Type:              Hold (Min at Fast Process Corner)
  Requirement:            0.000ns  (clk rise@0.000ns - clk rise@0.000ns)
  Data Path Delay:        0.289ns  (logic 0.164ns (56.718%)  route 0.125ns (43.282%))
  Logic Levels:           0  
  Clock Path Skew:        0.022ns (DCD - SCD - CPR)
    Destination Clock Delay (DCD):    0.432ns
    Source Clock Delay      (SCD):    0.410ns
    Clock Pessimism Removal (CPR):    -0.000ns

    Location             Delay type                Incr(ns)  Path(ns)    Netlist Resource(s)
  -------------------------------------------------------------------    -------------------
                         (clock clk rise edge)        0.000     0.000 r  
                                                      0.000     0.000 r  clk (IN)
                         net (fo=922, unset)          0.410     0.410    core/fetch/clk
    SLICE_X20Y6          FDRE                                         r  core/fetch/rsp_pc_reg[5]/C
  -------------------------------------------------------------------    -------------------
    SLICE_X20Y6          FDRE (Prop_fdre_C_Q)         0.164     0.574 r  core/fetch/rsp_pc_reg[5]/Q
                         net (fo=4, routed)           0.125     0.699    core/fetch/buf_pc_reg_0_3_0_5/DIB1
    SLICE_X22Y6          RAMD32                                       r  core/fetch/buf_pc_reg_0_3_0_5/RAMB_D1/I
  -------------------------------------------------------------------    -------------------

                         (clock clk rise edge)        0.000     0.000 r  
                                                      0.000     0.000 r  clk (IN)
                         net (fo=922, unset)          0.432     0.432    core/fetch/buf_pc_reg_0_3_0_5/WCLK
    SLICE_X22Y6          RAMD32                                       r  core/fetch/buf_pc_reg_0_3_0_5/RAMB_D1/CLK
                         clock pessimism              0.000     0.432    
    SLICE_X22Y6          RAMD32 (Hold_ramd32_CLK_I)
                                                      0.124     0.556    core/fetch/buf_pc_reg_0_3_0_5/RAMB_D1
  -------------------------------------------------------------------
                         required time                         -0.556    
                         arrival time                           0.699    
  -------------------------------------------------------------------
                         slack                                  0.144    

Slack (MET) :             0.146ns  (arrival time - required time)
  Source:                 core/m1_reg[rdata][1]/C
                            (rising edge-triggered cell FDRE clocked by clk  {rise@0.000ns fall@5.000ns period=10.000ns})
  Destination:            core/m2_reg[rdata][1]/D
                            (rising edge-triggered cell FDRE clocked by clk  {rise@0.000ns fall@5.000ns period=10.000ns})
  Path Group:             clk
  Path Type:              Hold (Min at Fast Process Corner)
  Requirement:            0.000ns  (clk rise@0.000ns - clk rise@0.000ns)
  Data Path Delay:        0.259ns  (logic 0.209ns (80.663%)  route 0.050ns (19.337%))
  Logic Levels:           1  (LUT6=1)
  Clock Path Skew:        0.022ns (DCD - SCD - CPR)
    Destination Clock Delay (DCD):    0.432ns
    Source Clock Delay      (SCD):    0.410ns
    Clock Pessimism Removal (CPR):    -0.000ns

    Location             Delay type                Incr(ns)  Path(ns)    Netlist Resource(s)
  -------------------------------------------------------------------    -------------------
                         (clock clk rise edge)        0.000     0.000 r  
                                                      0.000     0.000 r  clk (IN)
                         net (fo=922, unset)          0.410     0.410    core/clk
    SLICE_X36Y7          FDRE                                         r  core/m1_reg[rdata][1]/C
  -------------------------------------------------------------------    -------------------
    SLICE_X36Y7          FDRE (Prop_fdre_C_Q)         0.164     0.574 r  core/m1_reg[rdata][1]/Q
                         net (fo=1, routed)           0.050     0.624    core/m1_reg[rdata][1]
    SLICE_X37Y7          LUT6 (Prop_lut6_I2_O)        0.045     0.669 r  core/m2[rdata][1]_i_1/O
                         net (fo=1, routed)           0.000     0.669    core/m2[rdata][1]_i_1_n_0
    SLICE_X37Y7          FDRE                                         r  core/m2_reg[rdata][1]/D
  -------------------------------------------------------------------    -------------------

                         (clock clk rise edge)        0.000     0.000 r  
                                                      0.000     0.000 r  clk (IN)
                         net (fo=922, unset)          0.432     0.432    core/clk
    SLICE_X37Y7          FDRE                                         r  core/m2_reg[rdata][1]/C
                         clock pessimism              0.000     0.432    
    SLICE_X37Y7          FDRE (Hold_fdre_C_D)         0.092     0.524    core/m2_reg[rdata][1]
  -------------------------------------------------------------------
                         required time                         -0.524    
                         arrival time                           0.669    
  -------------------------------------------------------------------
                         slack                                  0.146    





Pulse Width Checks
--------------------------------------------------------------------------------------
Clock Name:         clk
Waveform(ns):       { 0.000 5.000 }
Period(ns):         10.000
Sources:            { clk }

Check Type        Corner  Lib Pin             Reference Pin  Required(ns)  Actual(ns)  Slack(ns)  Location     Pin
Min Period        n/a     RAMB36E1/CLKARDCLK  n/a            2.944         10.000      7.056      RAMB36_X3Y1  bram_samples_request.ram_reg_0_0_0/CLKARDCLK
Min Period        n/a     RAMB36E1/CLKARDCLK  n/a            2.944         10.000      7.056      RAMB36_X3Y2  bram_samples_request.ram_reg_0_0_1/CLKARDCLK
Min Period        n/a     RAMB36E1/CLKARDCLK  n/a            2.944         10.000      7.056      RAMB36_X3Y6  bram_samples_request.ram_reg_0_0_2/CLKARDCLK
Min Period        n/a     RAMB36E1/CLKARDCLK  n/a            2.944         10.000      7.056      RAMB36_X3Y5  bram_samples_request.ram_reg_0_0_3/CLKARDCLK
Min Period        n/a     RAMB36E1/CLKARDCLK  n/a            2.944         10.000      7.056      RAMB36_X3Y0  bram_samples_request.ram_reg_0_0_4/CLKARDCLK
Min Period        n/a     RAMB36E1/CLKARDCLK  n/a            2.944         10.000      7.056      RAMB36_X2Y0  bram_samples_request.ram_reg_0_0_5/CLKARDCLK
Min Period        n/a     RAMB36E1/CLKARDCLK  n/a            2.944         10.000      7.056      RAMB36_X0Y2  bram_samples_request.ram_reg_0_0_6/CLKARDCLK
Min Period        n/a     RAMB36E1/CLKARDCLK  n/a            2.944         10.000      7.056      RAMB36_X1Y0  bram_samples_request.ram_reg_0_0_7/CLKARDCLK
Min Period        n/a     RAMB36E1/CLKARDCLK  n/a            2.944         10.000      7.056      RAMB36_X0Y4  bram_samples_request.ram_reg_1_0_0/CLKARDCLK
Min Period        n/a     RAMB36E1/CLKARDCLK  n/a            2.944         10.000      7.056      RAMB36_X1Y7  bram_samples_request.ram_reg_1_0_1/CLKARDCLK
Low Pulse Width   Slow    RAMD32/CLK          n/a            1.250         5.000       3.750      SLICE_X26Y9  core/fetch/buf_err_reg_0_3_0_0/DP/CLK
Low Pulse Width   Fast    RAMD32/CLK          n/a            1.250         5.000       3.750      SLICE_X26Y9  core/fetch/buf_err_reg_0_3_0_0/DP/CLK
Low Pulse Width   Slow    RAMD32/CLK          n/a            1.250         5.000       3.750      SLICE_X26Y9  core/fetch/buf_err_reg_0_3_0_0/SP/CLK
Low Pulse Width   Fast    RAMD32/CLK          n/a            1.250         5.000       3.750      SLICE_X26Y9  core/fetch/buf_err_reg_0_3_0_0/SP/CLK
Low Pulse Width   Slow    RAMD32/CLK          n/a            1.250         5.000       3.750      SLICE_X30Y4  core/fetch/buf_insn_reg_0_3_0_5/RAMA/CLK
Low Pulse Width   Fast    RAMD32/CLK          n/a            1.250         5.000       3.750      SLICE_X30Y4  core/fetch/buf_insn_reg_0_3_0_5/RAMA/CLK
Low Pulse Width   Slow    RAMD32/CLK          n/a            1.250         5.000       3.750      SLICE_X30Y4  core/fetch/buf_insn_reg_0_3_0_5/RAMA_D1/CLK
Low Pulse Width   Fast    RAMD32/CLK          n/a            1.250         5.000       3.750      SLICE_X30Y4  core/fetch/buf_insn_reg_0_3_0_5/RAMA_D1/CLK
Low Pulse Width   Slow    RAMD32/CLK          n/a            1.250         5.000       3.750      SLICE_X30Y4  core/fetch/buf_insn_reg_0_3_0_5/RAMB/CLK
Low Pulse Width   Fast    RAMD32/CLK          n/a            1.250         5.000       3.750      SLICE_X30Y4  core/fetch/buf_insn_reg_0_3_0_5/RAMB/CLK
High Pulse Width  Slow    RAMD32/CLK          n/a            1.250         5.000       3.750      SLICE_X26Y9  core/fetch/buf_err_reg_0_3_0_0/DP/CLK
High Pulse Width  Fast    RAMD32/CLK          n/a            1.250         5.000       3.750      SLICE_X26Y9  core/fetch/buf_err_reg_0_3_0_0/DP/CLK
High Pulse Width  Slow    RAMD32/CLK          n/a            1.250         5.000       3.750      SLICE_X26Y9  core/fetch/buf_err_reg_0_3_0_0/SP/CLK
High Pulse Width  Fast    RAMD32/CLK          n/a            1.250         5.000       3.750      SLICE_X26Y9  core/fetch/buf_err_reg_0_3_0_0/SP/CLK
High Pulse Width  Slow    RAMD32/CLK          n/a            1.250         5.000       3.750      SLICE_X30Y4  core/fetch/buf_insn_reg_0_3_0_5/RAMA/CLK
High Pulse Width  Fast    RAMD32/CLK          n/a            1.250         5.000       3.750      SLICE_X30Y4  core/fetch/buf_insn_reg_0_3_0_5/RAMA/CLK
High Pulse Width  Slow    RAMD32/CLK          n/a            1.250         5.000       3.750      SLICE_X30Y4  core/fetch/buf_insn_reg_0_3_0_5/RAMA_D1/CLK
High Pulse Width  Fast    RAMD32/CLK          n/a            1.250         5.000       3.750      SLICE_X30Y4  core/fetch/buf_insn_reg_0_3_0_5/RAMA_D1/CLK
High Pulse Width  Slow    RAMD32/CLK          n/a            1.250         5.000       3.750      SLICE_X30Y4  core/fetch/buf_insn_reg_0_3_0_5/RAMB/CLK
High Pulse Width  Fast    RAMD32/CLK          n/a            1.250         5.000       3.750      SLICE_X30Y4  core/fetch/buf_insn_reg_0_3_0_5/RAMB/CLK



