Copyright 1986-2022 Xilinx, Inc. All Rights Reserved. Copyright 2022-2025 Advanced Micro Devices, Inc. All Rights Reserved.
---------------------------------------------------------------------------------------------------------------------------------------------
| Tool Version : Vivado v.2025.1 (lin64) Build 6140274 Wed May 21 22:58:25 MDT 2025
| Date         : Thu Oct  1 12:23:40 2026
| Host         : gondor running 64-bit Ubuntu 24.04.5 LTS
| Command      : report_timing_summary -max_paths 10 -file /home/elfo/Documents/Aster/build/timing/fpga/aster/timing_summary.rpt
| Design       : timing_aster
| Device       : 7z020-clg400
| Speed File   : -1  PRODUCTION 1.12 2019-11-22
| Design State : Routed
---------------------------------------------------------------------------------------------------------------------------------------------

Timing Summary Report

------------------------------------------------------------------------------------------------
| Timer Settings
| --------------
------------------------------------------------------------------------------------------------

  Enable Multi Corner Analysis               :  Yes
  Enable Pessimism Removal                   :  Yes
  Pessimism Removal Resolution               :  Nearest Common Node
  Enable Input Delay Default Clock           :  No
  Enable Preset / Clear Arcs                 :  No
  Disable Flight Delays                      :  No
  Ignore I/O Paths                           :  No
  Timing Early Launch at Borrowing Latches   :  No
  Borrow Time for Max Delay Exceptions       :  Yes
  Merge Timing Exceptions                    :  Yes
  Inter-SLR Compensation                     :  Conservative

  Corner  Analyze    Analyze    
  Name    Max Paths  Min Paths  
  ------  ---------  ---------  
  Slow    Yes        Yes        
  Fast    Yes        Yes        


------------------------------------------------------------------------------------------------
| Report Methodology
| ------------------
------------------------------------------------------------------------------------------------

No report available as report_methodology has not been run prior. Run report_methodology on the current design for the summary of methodology violations.



check_timing report

Table of Contents
-----------------
1. checking no_clock (0)
2. checking constant_clock (0)
3. checking pulse_width_clock (0)
4. checking unconstrained_internal_endpoints (0)
5. checking no_input_delay (71)
6. checking no_output_delay (102)
7. checking multiple_clock (0)
8. checking generated_clocks (0)
9. checking loops (0)
10. checking partial_input_delay (0)
11. checking partial_output_delay (0)
12. checking latch_loops (0)

1. checking no_clock (0)
------------------------
 There are 0 register/latch pins with no clock.


2. checking constant_clock (0)
------------------------------
 There are 0 register/latch pins with constant_clock.


3. checking pulse_width_clock (0)
---------------------------------
 There are 0 register/latch pins which need pulse_width check


4. checking unconstrained_internal_endpoints (0)
------------------------------------------------
 There are 0 pins that are not constrained for maximum delay.

 There are 0 pins that are not constrained for maximum delay due to constant clock.


5. checking no_input_delay (71)
-------------------------------
 There are 71 input ports with no input delay specified. (HIGH)

 There are 0 input ports with no input delay but user has a false path constraint.


6. checking no_output_delay (102)
---------------------------------
 There are 102 ports with no output delay specified. (HIGH)

 There are 0 ports with no output delay but user has a false path constraint

 There are 0 ports with no output delay but with a timing clock defined on it or propagating through it


7. checking multiple_clock (0)
------------------------------
 There are 0 register/latch pins with multiple clocks.


8. checking generated_clocks (0)
--------------------------------
 There are 0 generated clocks that are not connected to a clock source.


9. checking loops (0)
---------------------
 There are 0 combinational loops in the design.


10. checking partial_input_delay (0)
------------------------------------
 There are 0 input ports with partial input delay specified.


11. checking partial_output_delay (0)
-------------------------------------
 There are 0 ports with partial output delay specified.


12. checking latch_loops (0)
----------------------------
 There are 0 combinational latch loops in the design through latch input



------------------------------------------------------------------------------------------------
| Design Timing Summary
| ---------------------
------------------------------------------------------------------------------------------------

    WNS(ns)      TNS(ns)  TNS Failing Endpoints  TNS Total Endpoints      WHS(ns)      THS(ns)  THS Failing Endpoints  THS Total Endpoints     WPWS(ns)     TPWS(ns)  TPWS Failing Endpoints  TPWS Total Endpoints  
    -------      -------  ---------------------  -------------------      -------      -------  ---------------------  -------------------     --------     --------  ----------------------  --------------------  
      0.709        0.000                      0                 2718        0.115        0.000                      0                 2718        3.750        0.000                       0                   906  


All user specified timing constraints are met.


------------------------------------------------------------------------------------------------
| Clock Summary
| -------------
------------------------------------------------------------------------------------------------

Clock  Waveform(ns)       Period(ns)      Frequency(MHz)
-----  ------------       ----------      --------------
clk    {0.000 5.000}      10.000          100.000         


------------------------------------------------------------------------------------------------
| Intra Clock Table
| -----------------
------------------------------------------------------------------------------------------------

Clock             WNS(ns)      TNS(ns)  TNS Failing Endpoints  TNS Total Endpoints      WHS(ns)      THS(ns)  THS Failing Endpoints  THS Total Endpoints     WPWS(ns)     TPWS(ns)  TPWS Failing Endpoints  TPWS Total Endpoints  
-----             -------      -------  ---------------------  -------------------      -------      -------  ---------------------  -------------------     --------     --------  ----------------------  --------------------  
clk                 0.709        0.000                      0                 2718        0.115        0.000                      0                 2718        3.750        0.000                       0                   906  


------------------------------------------------------------------------------------------------
| Inter Clock Table
| -----------------
------------------------------------------------------------------------------------------------

From Clock    To Clock          WNS(ns)      TNS(ns)  TNS Failing Endpoints  TNS Total Endpoints      WHS(ns)      THS(ns)  THS Failing Endpoints  THS Total Endpoints  
----------    --------          -------      -------  ---------------------  -------------------      -------      -------  ---------------------  -------------------  


------------------------------------------------------------------------------------------------
| Other Path Groups Table
| -----------------------
------------------------------------------------------------------------------------------------

Path Group    From Clock    To Clock          WNS(ns)      TNS(ns)  TNS Failing Endpoints  TNS Total Endpoints      WHS(ns)      THS(ns)  THS Failing Endpoints  THS Total Endpoints  
----------    ----------    --------          -------      -------  ---------------------  -------------------      -------      -------  ---------------------  -------------------  


------------------------------------------------------------------------------------------------
| Timing Details
| --------------
------------------------------------------------------------------------------------------------


---------------------------------------------------------------------------------------------------
From Clock:  clk
  To Clock:  clk

Setup :            0  Failing Endpoints,  Worst Slack        0.709ns,  Total Violation        0.000ns
Hold  :            0  Failing Endpoints,  Worst Slack        0.115ns,  Total Violation        0.000ns
PW    :            0  Failing Endpoints,  Worst Slack        3.750ns,  Total Violation        0.000ns
---------------------------------------------------------------------------------------------------


Max Delay Paths
--------------------------------------------------------------------------------------
Slack (MET) :             0.709ns  (required time - arrival time)
  Source:                 core/fsel2_reg[1]/C
                            (rising edge-triggered cell FDRE clocked by clk  {rise@0.000ns fall@5.000ns period=10.000ns})
  Destination:            core/m1_reg[result][27]/D
                            (rising edge-triggered cell FDRE clocked by clk  {rise@0.000ns fall@5.000ns period=10.000ns})
  Path Group:             clk
  Path Type:              Setup (Max at Slow Process Corner)
  Requirement:            10.000ns  (clk rise@10.000ns - clk rise@0.000ns)
  Data Path Delay:        9.284ns  (logic 2.915ns (31.397%)  route 6.369ns (68.603%))
  Logic Levels:           14  (CARRY4=7 LUT3=1 LUT4=2 LUT5=1 LUT6=3)
  Clock Path Skew:        -0.049ns (DCD - SCD + CPR)
    Destination Clock Delay (DCD):    0.924ns = ( 10.924 - 10.000 ) 
    Source Clock Delay      (SCD):    0.973ns
    Clock Pessimism Removal (CPR):    0.000ns
  Clock Uncertainty:      0.035ns  ((TSJ^2 + TIJ^2)^1/2 + DJ) / 2 + PE
    Total System Jitter     (TSJ):    0.071ns
    Total Input Jitter      (TIJ):    0.000ns
    Discrete Jitter          (DJ):    0.000ns
    Phase Error              (PE):    0.000ns

    Location             Delay type                Incr(ns)  Path(ns)    Netlist Resource(s)
  -------------------------------------------------------------------    -------------------
                         (clock clk rise edge)        0.000     0.000 r  
                                                      0.000     0.000 r  clk (IN)
                         net (fo=905, unset)          0.973     0.973    core/clk
    SLICE_X41Y63         FDRE                                         r  core/fsel2_reg[1]/C
  -------------------------------------------------------------------    -------------------
    SLICE_X41Y63         FDRE (Prop_fdre_C_Q)         0.456     1.429 r  core/fsel2_reg[1]/Q
                         net (fo=32, routed)          1.437     2.866    core/fetch/m1_reg[rs2v][31][1]
    SLICE_X48Y45         LUT4 (Prop_lut4_I1_O)        0.124     2.990 r  core/fetch/d_req_wdata[0]_INST_0_i_1/O
                         net (fo=1, routed)           0.483     3.473    core/fetch/d_req_wdata[0]_INST_0_i_1_n_0
    SLICE_X49Y45         LUT5 (Prop_lut5_I4_O)        0.124     3.597 r  core/fetch/d_req_wdata[0]_INST_0/O
                         net (fo=21, routed)          1.048     4.645    core/fsel2_reg[0]_3
    SLICE_X56Y53         LUT3 (Prop_lut3_I2_O)        0.124     4.769 r  core/m1[result][1]_i_9/O
                         net (fo=39, routed)          1.071     5.840    core/m1[result][1]_i_9_n_0
    SLICE_X47Y49         CARRY4 (Prop_carry4_DI[0]_CO[3])
                                                      0.526     6.366 r  core/m1_reg[result][1]_i_13/CO[3]
                         net (fo=1, routed)           0.001     6.366    core/m1_reg[result][1]_i_13_n_0
    SLICE_X47Y50         CARRY4 (Prop_carry4_CI_CO[3])
                                                      0.114     6.480 r  core/m1_reg[result][4]_i_22/CO[3]
                         net (fo=1, routed)           0.000     6.480    core/m1_reg[result][4]_i_22_n_0
    SLICE_X47Y51         CARRY4 (Prop_carry4_CI_CO[3])
                                                      0.114     6.594 r  core/m1_reg[result][8]_i_22/CO[3]
                         net (fo=1, routed)           0.000     6.594    core/m1_reg[result][8]_i_22_n_0
    SLICE_X47Y52         CARRY4 (Prop_carry4_CI_CO[3])
                                                      0.114     6.708 r  core/m1_reg[result][15]_i_20/CO[3]
                         net (fo=1, routed)           0.000     6.708    core/m1_reg[result][15]_i_20_n_0
    SLICE_X47Y53         CARRY4 (Prop_carry4_CI_CO[3])
                                                      0.114     6.822 r  core/m1_reg[result][19]_i_22/CO[3]
                         net (fo=1, routed)           0.000     6.822    core/m1_reg[result][19]_i_22_n_0
    SLICE_X47Y54         CARRY4 (Prop_carry4_CI_CO[3])
                                                      0.114     6.936 r  core/m1_reg[result][23]_i_20/CO[3]
                         net (fo=1, routed)           0.000     6.936    core/m1_reg[result][23]_i_20_n_0
    SLICE_X47Y55         CARRY4 (Prop_carry4_CI_O[3])
                                                      0.313     7.249 r  core/m1_reg[result][31]_i_43/O[3]
                         net (fo=1, routed)           0.664     7.913    core/m1_reg[result][31]_i_43_n_4
    SLICE_X46Y55         LUT4 (Prop_lut4_I0_O)        0.306     8.219 r  core/m1[result][27]_i_16/O
                         net (fo=1, routed)           0.687     8.906    core/m1[result][27]_i_16_n_0
    SLICE_X44Y58         LUT6 (Prop_lut6_I4_O)        0.124     9.030 r  core/m1[result][27]_i_10/O
                         net (fo=1, routed)           0.435     9.466    core/m1[result][27]_i_10_n_0
    SLICE_X42Y58         LUT6 (Prop_lut6_I2_O)        0.124     9.590 r  core/m1[result][27]_i_5/O
                         net (fo=1, routed)           0.544    10.133    core/m1[result][27]_i_5_n_0
    SLICE_X42Y58         LUT6 (Prop_lut6_I4_O)        0.124    10.257 r  core/m1[result][27]_i_1/O
                         net (fo=1, routed)           0.000    10.257    core/m1[result][27]_i_1_n_0
    SLICE_X42Y58         FDRE                                         r  core/m1_reg[result][27]/D
  -------------------------------------------------------------------    -------------------

                         (clock clk rise edge)       10.000    10.000 r  
                                                      0.000    10.000 r  clk (IN)
                         net (fo=905, unset)          0.924    10.924    core/clk
    SLICE_X42Y58         FDRE                                         r  core/m1_reg[result][27]/C
                         clock pessimism              0.000    10.924    
                         clock uncertainty           -0.035    10.889    
    SLICE_X42Y58         FDRE (Setup_fdre_C_D)        0.077    10.966    core/m1_reg[result][27]
  -------------------------------------------------------------------
                         required time                         10.966    
                         arrival time                         -10.257    
  -------------------------------------------------------------------
                         slack                                  0.709    

Slack (MET) :             0.949ns  (required time - arrival time)
  Source:                 core/fsel2_reg[1]/C
                            (rising edge-triggered cell FDRE clocked by clk  {rise@0.000ns fall@5.000ns period=10.000ns})
  Destination:            core/m1_reg[result][3]/D
                            (rising edge-triggered cell FDRE clocked by clk  {rise@0.000ns fall@5.000ns period=10.000ns})
  Path Group:             clk
  Path Type:              Setup (Max at Slow Process Corner)
  Requirement:            10.000ns  (clk rise@10.000ns - clk rise@0.000ns)
  Data Path Delay:        8.997ns  (logic 2.245ns (24.951%)  route 6.752ns (75.049%))
  Logic Levels:           9  (CARRY4=1 LUT3=1 LUT4=2 LUT5=1 LUT6=4)
  Clock Path Skew:        -0.049ns (DCD - SCD + CPR)
    Destination Clock Delay (DCD):    0.924ns = ( 10.924 - 10.000 ) 
    Source Clock Delay      (SCD):    0.973ns
    Clock Pessimism Removal (CPR):    0.000ns
  Clock Uncertainty:      0.035ns  ((TSJ^2 + TIJ^2)^1/2 + DJ) / 2 + PE
    Total System Jitter     (TSJ):    0.071ns
    Total Input Jitter      (TIJ):    0.000ns
    Discrete Jitter          (DJ):    0.000ns
    Phase Error              (PE):    0.000ns

    Location             Delay type                Incr(ns)  Path(ns)    Netlist Resource(s)
  -------------------------------------------------------------------    -------------------
                         (clock clk rise edge)        0.000     0.000 r  
                                                      0.000     0.000 r  clk (IN)
                         net (fo=905, unset)          0.973     0.973    core/clk
    SLICE_X41Y63         FDRE                                         r  core/fsel2_reg[1]/C
  -------------------------------------------------------------------    -------------------
    SLICE_X41Y63         FDRE (Prop_fdre_C_Q)         0.456     1.429 r  core/fsel2_reg[1]/Q
                         net (fo=32, routed)          1.437     2.866    core/fetch/m1_reg[rs2v][31][1]
    SLICE_X48Y45         LUT4 (Prop_lut4_I1_O)        0.124     2.990 r  core/fetch/d_req_wdata[0]_INST_0_i_1/O
                         net (fo=1, routed)           0.483     3.473    core/fetch/d_req_wdata[0]_INST_0_i_1_n_0
    SLICE_X49Y45         LUT5 (Prop_lut5_I4_O)        0.124     3.597 r  core/fetch/d_req_wdata[0]_INST_0/O
                         net (fo=21, routed)          1.048     4.645    core/fsel2_reg[0]_3
    SLICE_X56Y53         LUT3 (Prop_lut3_I2_O)        0.124     4.769 r  core/m1[result][1]_i_9/O
                         net (fo=39, routed)          1.071     5.840    core/m1[result][1]_i_9_n_0
    SLICE_X47Y49         CARRY4 (Prop_carry4_DI[0]_O[3])
                                                      0.615     6.455 r  core/m1_reg[result][1]_i_13/O[3]
                         net (fo=1, routed)           0.590     7.044    core/m1_reg[result][1]_i_13_n_4
    SLICE_X48Y49         LUT4 (Prop_lut4_I0_O)        0.306     7.350 r  core/m1[result][3]_i_20/O
                         net (fo=1, routed)           0.708     8.058    core/m1[result][3]_i_20_n_0
    SLICE_X60Y49         LUT6 (Prop_lut6_I4_O)        0.124     8.182 r  core/m1[result][3]_i_11/O
                         net (fo=1, routed)           0.491     8.674    core/m1[result][3]_i_11_n_0
    SLICE_X60Y51         LUT6 (Prop_lut6_I0_O)        0.124     8.798 r  core/m1[result][3]_i_6/O
                         net (fo=1, routed)           0.340     9.138    core/m1[result][3]_i_6_n_0
    SLICE_X61Y51         LUT6 (Prop_lut6_I2_O)        0.124     9.262 r  core/m1[result][3]_i_3/O
                         net (fo=1, routed)           0.585     9.846    core/alu[3]
    SLICE_X55Y50         LUT6 (Prop_lut6_I3_O)        0.124     9.970 r  core/m1[result][3]_i_1/O
                         net (fo=1, routed)           0.000     9.970    core/m1[result][3]_i_1_n_0
    SLICE_X55Y50         FDRE                                         r  core/m1_reg[result][3]/D
  -------------------------------------------------------------------    -------------------

                         (clock clk rise edge)       10.000    10.000 r  
                                                      0.000    10.000 r  clk (IN)
                         net (fo=905, unset)          0.924    10.924    core/clk
    SLICE_X55Y50         FDRE                                         r  core/m1_reg[result][3]/C
                         clock pessimism              0.000    10.924    
                         clock uncertainty           -0.035    10.889    
    SLICE_X55Y50         FDRE (Setup_fdre_C_D)        0.031    10.920    core/m1_reg[result][3]
  -------------------------------------------------------------------
                         required time                         10.920    
                         arrival time                          -9.970    
  -------------------------------------------------------------------
                         slack                                  0.949    

Slack (MET) :             0.960ns  (required time - arrival time)
  Source:                 core/fsel2_reg[1]/C
                            (rising edge-triggered cell FDRE clocked by clk  {rise@0.000ns fall@5.000ns period=10.000ns})
  Destination:            core/m1_reg[result][0]/D
                            (rising edge-triggered cell FDRE clocked by clk  {rise@0.000ns fall@5.000ns period=10.000ns})
  Path Group:             clk
  Path Type:              Setup (Max at Slow Process Corner)
  Requirement:            10.000ns  (clk rise@10.000ns - clk rise@0.000ns)
  Data Path Delay:        8.987ns  (logic 2.304ns (25.636%)  route 6.683ns (74.364%))
  Logic Levels:           11  (CARRY4=4 LUT3=1 LUT4=1 LUT5=1 LUT6=4)
  Clock Path Skew:        -0.049ns (DCD - SCD + CPR)
    Destination Clock Delay (DCD):    0.924ns = ( 10.924 - 10.000 ) 
    Source Clock Delay      (SCD):    0.973ns
    Clock Pessimism Removal (CPR):    0.000ns
  Clock Uncertainty:      0.035ns  ((TSJ^2 + TIJ^2)^1/2 + DJ) / 2 + PE
    Total System Jitter     (TSJ):    0.071ns
    Total Input Jitter      (TIJ):    0.000ns
    Discrete Jitter          (DJ):    0.000ns
    Phase Error              (PE):    0.000ns

    Location             Delay type                Incr(ns)  Path(ns)    Netlist Resource(s)
  -------------------------------------------------------------------    -------------------
                         (clock clk rise edge)        0.000     0.000 r  
                                                      0.000     0.000 r  clk (IN)
                         net (fo=905, unset)          0.973     0.973    core/clk
    SLICE_X41Y63         FDRE                                         r  core/fsel2_reg[1]/C
  -------------------------------------------------------------------    -------------------
    SLICE_X41Y63         FDRE (Prop_fdre_C_Q)         0.456     1.429 r  core/fsel2_reg[1]/Q
                         net (fo=32, routed)          1.499     2.928    core/fetch/m1_reg[rs2v][31][1]
    SLICE_X40Y45         LUT4 (Prop_lut4_I1_O)        0.124     3.052 r  core/fetch/d_req_wdata[6]_INST_0_i_1/O
                         net (fo=1, routed)           0.537     3.589    core/fetch/d_req_wdata[6]_INST_0_i_1_n_0
    SLICE_X40Y45         LUT5 (Prop_lut5_I4_O)        0.124     3.713 r  core/fetch/d_req_wdata[6]_INST_0/O
                         net (fo=20, routed)          1.253     4.966    core/fsel2_reg[0]_1
    SLICE_X51Y51         LUT3 (Prop_lut3_I2_O)        0.154     5.120 r  core/m1[result][6]_i_8/O
                         net (fo=2, routed)           0.750     5.870    core/m1[result][6]_i_8_n_0
    SLICE_X46Y49         LUT6 (Prop_lut6_I0_O)        0.327     6.197 r  core/m1[result][0]_i_61/O
                         net (fo=2, routed)           0.344     6.542    core/m1[result][0]_i_61_n_0
    SLICE_X46Y51         CARRY4 (Prop_carry4_DI[3]_CO[3])
                                                      0.396     6.938 r  core/m1_reg[result][0]_i_56/CO[3]
                         net (fo=1, routed)           0.000     6.938    core/m1_reg[result][0]_i_56_n_0
    SLICE_X46Y52         CARRY4 (Prop_carry4_CI_CO[3])
                                                      0.117     7.055 r  core/m1_reg[result][0]_i_42/CO[3]
                         net (fo=1, routed)           0.000     7.055    core/m1_reg[result][0]_i_42_n_0
    SLICE_X46Y53         CARRY4 (Prop_carry4_CI_CO[3])
                                                      0.117     7.172 r  core/m1_reg[result][0]_i_27/CO[3]
                         net (fo=1, routed)           0.000     7.172    core/m1_reg[result][0]_i_27_n_0
    SLICE_X46Y54         CARRY4 (Prop_carry4_CI_CO[3])
                                                      0.117     7.289 r  core/m1_reg[result][0]_i_17/CO[3]
                         net (fo=1, routed)           1.169     8.457    core/m1_reg[result][0]_i_17_n_0
    SLICE_X58Y53         LUT6 (Prop_lut6_I1_O)        0.124     8.581 r  core/m1[result][0]_i_13/O
                         net (fo=1, routed)           0.563     9.144    core/m1[result][0]_i_13_n_0
    SLICE_X60Y52         LUT6 (Prop_lut6_I5_O)        0.124     9.268 r  core/m1[result][0]_i_5/O
                         net (fo=1, routed)           0.568     9.836    core/m1[result][0]_i_5_n_0
    SLICE_X59Y50         LUT6 (Prop_lut6_I3_O)        0.124     9.960 r  core/m1[result][0]_i_1/O
                         net (fo=1, routed)           0.000     9.960    core/m1[result][0]_i_1_n_0
    SLICE_X59Y50         FDRE                                         r  core/m1_reg[result][0]/D
  -------------------------------------------------------------------    -------------------

                         (clock clk rise edge)       10.000    10.000 r  
                                                      0.000    10.000 r  clk (IN)
                         net (fo=905, unset)          0.924    10.924    core/clk
    SLICE_X59Y50         FDRE                                         r  core/m1_reg[result][0]/C
                         clock pessimism              0.000    10.924    
                         clock uncertainty           -0.035    10.889    
    SLICE_X59Y50         FDRE (Setup_fdre_C_D)        0.031    10.920    core/m1_reg[result][0]
  -------------------------------------------------------------------
                         required time                         10.920    
                         arrival time                          -9.960    
  -------------------------------------------------------------------
                         slack                                  0.960    

Slack (MET) :             0.963ns  (required time - arrival time)
  Source:                 core/fsel2_reg[1]/C
                            (rising edge-triggered cell FDRE clocked by clk  {rise@0.000ns fall@5.000ns period=10.000ns})
  Destination:            core/m1_reg[result][29]/D
                            (rising edge-triggered cell FDRE clocked by clk  {rise@0.000ns fall@5.000ns period=10.000ns})
  Path Group:             clk
  Path Type:              Setup (Max at Slow Process Corner)
  Requirement:            10.000ns  (clk rise@10.000ns - clk rise@0.000ns)
  Data Path Delay:        8.982ns  (logic 3.047ns (33.923%)  route 5.935ns (66.077%))
  Logic Levels:           15  (CARRY4=8 LUT3=1 LUT4=2 LUT5=1 LUT6=3)
  Clock Path Skew:        -0.049ns (DCD - SCD + CPR)
    Destination Clock Delay (DCD):    0.924ns = ( 10.924 - 10.000 ) 
    Source Clock Delay      (SCD):    0.973ns
    Clock Pessimism Removal (CPR):    0.000ns
  Clock Uncertainty:      0.035ns  ((TSJ^2 + TIJ^2)^1/2 + DJ) / 2 + PE
    Total System Jitter     (TSJ):    0.071ns
    Total Input Jitter      (TIJ):    0.000ns
    Discrete Jitter          (DJ):    0.000ns
    Phase Error              (PE):    0.000ns

    Location             Delay type                Incr(ns)  Path(ns)    Netlist Resource(s)
  -------------------------------------------------------------------    -------------------
                         (clock clk rise edge)        0.000     0.000 r  
                                                      0.000     0.000 r  clk (IN)
                         net (fo=905, unset)          0.973     0.973    core/clk
    SLICE_X41Y63         FDRE                                         r  core/fsel2_reg[1]/C
  -------------------------------------------------------------------    -------------------
    SLICE_X41Y63         FDRE (Prop_fdre_C_Q)         0.456     1.429 r  core/fsel2_reg[1]/Q
                         net (fo=32, routed)          1.437     2.866    core/fetch/m1_reg[rs2v][31][1]
    SLICE_X48Y45         LUT4 (Prop_lut4_I1_O)        0.124     2.990 r  core/fetch/d_req_wdata[0]_INST_0_i_1/O
                         net (fo=1, routed)           0.483     3.473    core/fetch/d_req_wdata[0]_INST_0_i_1_n_0
    SLICE_X49Y45         LUT5 (Prop_lut5_I4_O)        0.124     3.597 r  core/fetch/d_req_wdata[0]_INST_0/O
                         net (fo=21, routed)          1.048     4.645    core/fsel2_reg[0]_3
    SLICE_X56Y53         LUT3 (Prop_lut3_I2_O)        0.124     4.769 r  core/m1[result][1]_i_9/O
                         net (fo=39, routed)          1.071     5.840    core/m1[result][1]_i_9_n_0
    SLICE_X47Y49         CARRY4 (Prop_carry4_DI[0]_CO[3])
                                                      0.526     6.366 r  core/m1_reg[result][1]_i_13/CO[3]
                         net (fo=1, routed)           0.001     6.366    core/m1_reg[result][1]_i_13_n_0
    SLICE_X47Y50         CARRY4 (Prop_carry4_CI_CO[3])
                                                      0.114     6.480 r  core/m1_reg[result][4]_i_22/CO[3]
                         net (fo=1, routed)           0.000     6.480    core/m1_reg[result][4]_i_22_n_0
    SLICE_X47Y51         CARRY4 (Prop_carry4_CI_CO[3])
                                                      0.114     6.594 r  core/m1_reg[result][8]_i_22/CO[3]
                         net (fo=1, routed)           0.000     6.594    core/m1_reg[result][8]_i_22_n_0
    SLICE_X47Y52         CARRY4 (Prop_carry4_CI_CO[3])
                                                      0.114     6.708 r  core/m1_reg[result][15]_i_20/CO[3]
                         net (fo=1, routed)           0.000     6.708    core/m1_reg[result][15]_i_20_n_0
    SLICE_X47Y53         CARRY4 (Prop_carry4_CI_CO[3])
                                                      0.114     6.822 r  core/m1_reg[result][19]_i_22/CO[3]
                         net (fo=1, routed)           0.000     6.822    core/m1_reg[result][19]_i_22_n_0
    SLICE_X47Y54         CARRY4 (Prop_carry4_CI_CO[3])
                                                      0.114     6.936 r  core/m1_reg[result][23]_i_20/CO[3]
                         net (fo=1, routed)           0.000     6.936    core/m1_reg[result][23]_i_20_n_0
    SLICE_X47Y55         CARRY4 (Prop_carry4_CI_CO[3])
                                                      0.114     7.050 r  core/m1_reg[result][31]_i_43/CO[3]
                         net (fo=1, routed)           0.000     7.050    core/m1_reg[result][31]_i_43_n_0
    SLICE_X47Y56         CARRY4 (Prop_carry4_CI_O[1])
                                                      0.334     7.384 r  core/m1_reg[result][31]_i_35/O[1]
                         net (fo=1, routed)           0.624     8.008    core/m1_reg[result][31]_i_35_n_6
    SLICE_X47Y57         LUT4 (Prop_lut4_I0_O)        0.303     8.311 r  core/m1[result][29]_i_13/O
                         net (fo=1, routed)           0.407     8.718    core/m1[result][29]_i_13_n_0
    SLICE_X47Y59         LUT6 (Prop_lut6_I4_O)        0.124     8.842 r  core/m1[result][29]_i_8/O
                         net (fo=1, routed)           0.432     9.274    core/m1[result][29]_i_8_n_0
    SLICE_X47Y60         LUT6 (Prop_lut6_I4_O)        0.124     9.398 r  core/m1[result][29]_i_3/O
                         net (fo=1, routed)           0.433     9.831    core/alu[29]
    SLICE_X47Y60         LUT6 (Prop_lut6_I3_O)        0.124     9.955 r  core/m1[result][29]_i_1/O
                         net (fo=1, routed)           0.000     9.955    core/m1[result][29]_i_1_n_0
    SLICE_X47Y60         FDRE                                         r  core/m1_reg[result][29]/D
  -------------------------------------------------------------------    -------------------

                         (clock clk rise edge)       10.000    10.000 r  
                                                      0.000    10.000 r  clk (IN)
                         net (fo=905, unset)          0.924    10.924    core/clk
    SLICE_X47Y60         FDRE                                         r  core/m1_reg[result][29]/C
                         clock pessimism              0.000    10.924    
                         clock uncertainty           -0.035    10.889    
    SLICE_X47Y60         FDRE (Setup_fdre_C_D)        0.029    10.918    core/m1_reg[result][29]
  -------------------------------------------------------------------
                         required time                         10.918    
                         arrival time                          -9.955    
  -------------------------------------------------------------------
                         slack                                  0.963    

Slack (MET) :             0.966ns  (required time - arrival time)
  Source:                 core/fsel2_reg[1]/C
                            (rising edge-triggered cell FDRE clocked by clk  {rise@0.000ns fall@5.000ns period=10.000ns})
  Destination:            core/m1_reg[result][10]/D
                            (rising edge-triggered cell FDRE clocked by clk  {rise@0.000ns fall@5.000ns period=10.000ns})
  Path Group:             clk
  Path Type:              Setup (Max at Slow Process Corner)
  Requirement:            10.000ns  (clk rise@10.000ns - clk rise@0.000ns)
  Data Path Delay:        9.027ns  (logic 2.381ns (26.376%)  route 6.646ns (73.624%))
  Logic Levels:           10  (CARRY4=3 LUT3=1 LUT4=2 LUT5=1 LUT6=3)
  Clock Path Skew:        -0.049ns (DCD - SCD + CPR)
    Destination Clock Delay (DCD):    0.924ns = ( 10.924 - 10.000 ) 
    Source Clock Delay      (SCD):    0.973ns
    Clock Pessimism Removal (CPR):    0.000ns
  Clock Uncertainty:      0.035ns  ((TSJ^2 + TIJ^2)^1/2 + DJ) / 2 + PE
    Total System Jitter     (TSJ):    0.071ns
    Total Input Jitter      (TIJ):    0.000ns
    Discrete Jitter          (DJ):    0.000ns
    Phase Error              (PE):    0.000ns

    Location             Delay type                Incr(ns)  Path(ns)    Netlist Resource(s)
  -------------------------------------------------------------------    -------------------
                         (clock clk rise edge)        0.000     0.000 r  
                                                      0.000     0.000 r  clk (IN)
                         net (fo=905, unset)          0.973     0.973    core/clk
    SLICE_X41Y63         FDRE                                         r  core/fsel2_reg[1]/C
  -------------------------------------------------------------------    -------------------
    SLICE_X41Y63         FDRE (Prop_fdre_C_Q)         0.456     1.429 r  core/fsel2_reg[1]/Q
                         net (fo=32, routed)          1.437     2.866    core/fetch/m1_reg[rs2v][31][1]
    SLICE_X48Y45         LUT4 (Prop_lut4_I1_O)        0.124     2.990 r  core/fetch/d_req_wdata[0]_INST_0_i_1/O
                         net (fo=1, routed)           0.483     3.473    core/fetch/d_req_wdata[0]_INST_0_i_1_n_0
    SLICE_X49Y45         LUT5 (Prop_lut5_I4_O)        0.124     3.597 r  core/fetch/d_req_wdata[0]_INST_0/O
                         net (fo=21, routed)          1.048     4.645    core/fsel2_reg[0]_3
    SLICE_X56Y53         LUT3 (Prop_lut3_I2_O)        0.124     4.769 r  core/m1[result][1]_i_9/O
                         net (fo=39, routed)          1.071     5.840    core/m1[result][1]_i_9_n_0
    SLICE_X47Y49         CARRY4 (Prop_carry4_DI[0]_CO[3])
                                                      0.526     6.366 r  core/m1_reg[result][1]_i_13/CO[3]
                         net (fo=1, routed)           0.001     6.366    core/m1_reg[result][1]_i_13_n_0
    SLICE_X47Y50         CARRY4 (Prop_carry4_CI_CO[3])
                                                      0.114     6.480 r  core/m1_reg[result][4]_i_22/CO[3]
                         net (fo=1, routed)           0.000     6.480    core/m1_reg[result][4]_i_22_n_0
    SLICE_X47Y51         CARRY4 (Prop_carry4_CI_O[2])
                                                      0.239     6.719 r  core/m1_reg[result][8]_i_22/O[2]
                         net (fo=1, routed)           0.956     7.676    core/m1_reg[result][8]_i_22_n_5
    SLICE_X54Y51         LUT4 (Prop_lut4_I0_O)        0.302     7.978 r  core/m1[result][10]_i_16/O
                         net (fo=1, routed)           0.282     8.260    core/m1[result][10]_i_16_n_0
    SLICE_X54Y51         LUT6 (Prop_lut6_I4_O)        0.124     8.384 r  core/m1[result][10]_i_10/O
                         net (fo=1, routed)           0.868     9.252    core/m1[result][10]_i_10_n_0
    SLICE_X46Y50         LUT6 (Prop_lut6_I2_O)        0.124     9.376 r  core/m1[result][10]_i_5/O
                         net (fo=1, routed)           0.500     9.876    core/m1[result][10]_i_5_n_0
    SLICE_X46Y48         LUT6 (Prop_lut6_I4_O)        0.124    10.000 r  core/m1[result][10]_i_1/O
                         net (fo=1, routed)           0.000    10.000    core/m1[result][10]_i_1_n_0
    SLICE_X46Y48         FDRE                                         r  core/m1_reg[result][10]/D
  -------------------------------------------------------------------    -------------------

                         (clock clk rise edge)       10.000    10.000 r  
                                                      0.000    10.000 r  clk (IN)
                         net (fo=905, unset)          0.924    10.924    core/clk
    SLICE_X46Y48         FDRE                                         r  core/m1_reg[result][10]/C
                         clock pessimism              0.000    10.924    
                         clock uncertainty           -0.035    10.889    
    SLICE_X46Y48         FDRE (Setup_fdre_C_D)        0.077    10.966    core/m1_reg[result][10]
  -------------------------------------------------------------------
                         required time                         10.966    
                         arrival time                         -10.000    
  -------------------------------------------------------------------
                         slack                                  0.966    

Slack (MET) :             1.003ns  (required time - arrival time)
  Source:                 core/fsel2_reg[1]/C
                            (rising edge-triggered cell FDRE clocked by clk  {rise@0.000ns fall@5.000ns period=10.000ns})
  Destination:            core/m1_reg[result][9]/D
                            (rising edge-triggered cell FDRE clocked by clk  {rise@0.000ns fall@5.000ns period=10.000ns})
  Path Group:             clk
  Path Type:              Setup (Max at Slow Process Corner)
  Requirement:            10.000ns  (clk rise@10.000ns - clk rise@0.000ns)
  Data Path Delay:        8.990ns  (logic 2.477ns (27.552%)  route 6.513ns (72.448%))
  Logic Levels:           10  (CARRY4=3 LUT3=1 LUT4=2 LUT5=1 LUT6=3)
  Clock Path Skew:        -0.049ns (DCD - SCD + CPR)
    Destination Clock Delay (DCD):    0.924ns = ( 10.924 - 10.000 ) 
    Source Clock Delay      (SCD):    0.973ns
    Clock Pessimism Removal (CPR):    0.000ns
  Clock Uncertainty:      0.035ns  ((TSJ^2 + TIJ^2)^1/2 + DJ) / 2 + PE
    Total System Jitter     (TSJ):    0.071ns
    Total Input Jitter      (TIJ):    0.000ns
    Discrete Jitter          (DJ):    0.000ns
    Phase Error              (PE):    0.000ns

    Location             Delay type                Incr(ns)  Path(ns)    Netlist Resource(s)
  -------------------------------------------------------------------    -------------------
                         (clock clk rise edge)        0.000     0.000 r  
                                                      0.000     0.000 r  clk (IN)
                         net (fo=905, unset)          0.973     0.973    core/clk
    SLICE_X41Y63         FDRE                                         r  core/fsel2_reg[1]/C
  -------------------------------------------------------------------    -------------------
    SLICE_X41Y63         FDRE (Prop_fdre_C_Q)         0.456     1.429 r  core/fsel2_reg[1]/Q
                         net (fo=32, routed)          1.437     2.866    core/fetch/m1_reg[rs2v][31][1]
    SLICE_X48Y45         LUT4 (Prop_lut4_I1_O)        0.124     2.990 r  core/fetch/d_req_wdata[0]_INST_0_i_1/O
                         net (fo=1, routed)           0.483     3.473    core/fetch/d_req_wdata[0]_INST_0_i_1_n_0
    SLICE_X49Y45         LUT5 (Prop_lut5_I4_O)        0.124     3.597 r  core/fetch/d_req_wdata[0]_INST_0/O
                         net (fo=21, routed)          1.048     4.645    core/fsel2_reg[0]_3
    SLICE_X56Y53         LUT3 (Prop_lut3_I2_O)        0.124     4.769 r  core/m1[result][1]_i_9/O
                         net (fo=39, routed)          1.071     5.840    core/m1[result][1]_i_9_n_0
    SLICE_X47Y49         CARRY4 (Prop_carry4_DI[0]_CO[3])
                                                      0.526     6.366 r  core/m1_reg[result][1]_i_13/CO[3]
                         net (fo=1, routed)           0.001     6.366    core/m1_reg[result][1]_i_13_n_0
    SLICE_X47Y50         CARRY4 (Prop_carry4_CI_CO[3])
                                                      0.114     6.480 r  core/m1_reg[result][4]_i_22/CO[3]
                         net (fo=1, routed)           0.000     6.480    core/m1_reg[result][4]_i_22_n_0
    SLICE_X47Y51         CARRY4 (Prop_carry4_CI_O[1])
                                                      0.334     6.814 r  core/m1_reg[result][8]_i_22/O[1]
                         net (fo=1, routed)           0.586     7.400    core/m1_reg[result][8]_i_22_n_6
    SLICE_X49Y53         LUT4 (Prop_lut4_I0_O)        0.303     7.703 r  core/m1[result][9]_i_16/O
                         net (fo=1, routed)           0.835     8.538    core/m1[result][9]_i_16_n_0
    SLICE_X58Y52         LUT6 (Prop_lut6_I4_O)        0.124     8.662 r  core/m1[result][9]_i_10/O
                         net (fo=1, routed)           0.466     9.128    core/m1[result][9]_i_10_n_0
    SLICE_X58Y52         LUT6 (Prop_lut6_I2_O)        0.124     9.252 r  core/m1[result][9]_i_5/O
                         net (fo=1, routed)           0.587     9.839    core/m1[result][9]_i_5_n_0
    SLICE_X54Y51         LUT6 (Prop_lut6_I4_O)        0.124     9.963 r  core/m1[result][9]_i_1/O
                         net (fo=1, routed)           0.000     9.963    core/m1[result][9]_i_1_n_0
    SLICE_X54Y51         FDRE                                         r  core/m1_reg[result][9]/D
  -------------------------------------------------------------------    -------------------

                         (clock clk rise edge)       10.000    10.000 r  
                                                      0.000    10.000 r  clk (IN)
                         net (fo=905, unset)          0.924    10.924    core/clk
    SLICE_X54Y51         FDRE                                         r  core/m1_reg[result][9]/C
                         clock pessimism              0.000    10.924    
                         clock uncertainty           -0.035    10.889    
    SLICE_X54Y51         FDRE (Setup_fdre_C_D)        0.077    10.966    core/m1_reg[result][9]
  -------------------------------------------------------------------
                         required time                         10.966    
                         arrival time                          -9.963    
  -------------------------------------------------------------------
                         slack                                  1.003    

Slack (MET) :             1.038ns  (required time - arrival time)
  Source:                 core/fsel2_reg[1]/C
                            (rising edge-triggered cell FDRE clocked by clk  {rise@0.000ns fall@5.000ns period=10.000ns})
  Destination:            core/m1_reg[result][15]/D
                            (rising edge-triggered cell FDRE clocked by clk  {rise@0.000ns fall@5.000ns period=10.000ns})
  Path Group:             clk
  Path Type:              Setup (Max at Slow Process Corner)
  Requirement:            10.000ns  (clk rise@10.000ns - clk rise@0.000ns)
  Data Path Delay:        8.907ns  (logic 2.573ns (28.886%)  route 6.334ns (71.114%))
  Logic Levels:           11  (CARRY4=4 LUT3=1 LUT4=2 LUT5=1 LUT6=3)
  Clock Path Skew:        -0.049ns (DCD - SCD + CPR)
    Destination Clock Delay (DCD):    0.924ns = ( 10.924 - 10.000 ) 
    Source Clock Delay      (SCD):    0.973ns
    Clock Pessimism Removal (CPR):    0.000ns
  Clock Uncertainty:      0.035ns  ((TSJ^2 + TIJ^2)^1/2 + DJ) / 2 + PE
    Total System Jitter     (TSJ):    0.071ns
    Total Input Jitter      (TIJ):    0.000ns
    Discrete Jitter          (DJ):    0.000ns
    Phase Error              (PE):    0.000ns

    Location             Delay type                Incr(ns)  Path(ns)    Netlist Resource(s)
  -------------------------------------------------------------------    -------------------
                         (clock clk rise edge)        0.000     0.000 r  
                                                      0.000     0.000 r  clk (IN)
                         net (fo=905, unset)          0.973     0.973    core/clk
    SLICE_X41Y63         FDRE                                         r  core/fsel2_reg[1]/C
  -------------------------------------------------------------------    -------------------
    SLICE_X41Y63         FDRE (Prop_fdre_C_Q)         0.456     1.429 r  core/fsel2_reg[1]/Q
                         net (fo=32, routed)          1.437     2.866    core/fetch/m1_reg[rs2v][31][1]
    SLICE_X48Y45         LUT4 (Prop_lut4_I1_O)        0.124     2.990 r  core/fetch/d_req_wdata[0]_INST_0_i_1/O
                         net (fo=1, routed)           0.483     3.473    core/fetch/d_req_wdata[0]_INST_0_i_1_n_0
    SLICE_X49Y45         LUT5 (Prop_lut5_I4_O)        0.124     3.597 r  core/fetch/d_req_wdata[0]_INST_0/O
                         net (fo=21, routed)          1.048     4.645    core/fsel2_reg[0]_3
    SLICE_X56Y53         LUT3 (Prop_lut3_I2_O)        0.124     4.769 r  core/m1[result][1]_i_9/O
                         net (fo=39, routed)          1.071     5.840    core/m1[result][1]_i_9_n_0
    SLICE_X47Y49         CARRY4 (Prop_carry4_DI[0]_CO[3])
                                                      0.526     6.366 r  core/m1_reg[result][1]_i_13/CO[3]
                         net (fo=1, routed)           0.001     6.366    core/m1_reg[result][1]_i_13_n_0
    SLICE_X47Y50         CARRY4 (Prop_carry4_CI_CO[3])
                                                      0.114     6.480 r  core/m1_reg[result][4]_i_22/CO[3]
                         net (fo=1, routed)           0.000     6.480    core/m1_reg[result][4]_i_22_n_0
    SLICE_X47Y51         CARRY4 (Prop_carry4_CI_CO[3])
                                                      0.114     6.594 r  core/m1_reg[result][8]_i_22/CO[3]
                         net (fo=1, routed)           0.000     6.594    core/m1_reg[result][8]_i_22_n_0
    SLICE_X47Y52         CARRY4 (Prop_carry4_CI_O[3])
                                                      0.313     6.907 r  core/m1_reg[result][15]_i_20/O[3]
                         net (fo=1, routed)           0.725     7.632    core/m1_reg[result][15]_i_20_n_4
    SLICE_X50Y53         LUT4 (Prop_lut4_I0_O)        0.306     7.938 r  core/m1[result][15]_i_16/O
                         net (fo=1, routed)           0.638     8.576    core/m1[result][15]_i_16_n_0
    SLICE_X50Y53         LUT6 (Prop_lut6_I4_O)        0.124     8.700 r  core/m1[result][15]_i_10/O
                         net (fo=1, routed)           0.488     9.188    core/m1[result][15]_i_10_n_0
    SLICE_X44Y52         LUT6 (Prop_lut6_I2_O)        0.124     9.312 r  core/m1[result][15]_i_5/O
                         net (fo=1, routed)           0.445     9.756    core/m1[result][15]_i_5_n_0
    SLICE_X43Y50         LUT6 (Prop_lut6_I4_O)        0.124     9.880 r  core/m1[result][15]_i_1/O
                         net (fo=1, routed)           0.000     9.880    core/m1[result][15]_i_1_n_0
    SLICE_X43Y50         FDRE                                         r  core/m1_reg[result][15]/D
  -------------------------------------------------------------------    -------------------

                         (clock clk rise edge)       10.000    10.000 r  
                                                      0.000    10.000 r  clk (IN)
                         net (fo=905, unset)          0.924    10.924    core/clk
    SLICE_X43Y50         FDRE                                         r  core/m1_reg[result][15]/C
                         clock pessimism              0.000    10.924    
                         clock uncertainty           -0.035    10.889    
    SLICE_X43Y50         FDRE (Setup_fdre_C_D)        0.029    10.918    core/m1_reg[result][15]
  -------------------------------------------------------------------
                         required time                         10.918    
                         arrival time                          -9.880    
  -------------------------------------------------------------------
                         slack                                  1.038    

Slack (MET) :             1.047ns  (required time - arrival time)
  Source:                 core/fsel2_reg[1]/C
                            (rising edge-triggered cell FDRE clocked by clk  {rise@0.000ns fall@5.000ns period=10.000ns})
  Destination:            core/m1_reg[result][28]/D
                            (rising edge-triggered cell FDRE clocked by clk  {rise@0.000ns fall@5.000ns period=10.000ns})
  Path Group:             clk
  Path Type:              Setup (Max at Slow Process Corner)
  Requirement:            10.000ns  (clk rise@10.000ns - clk rise@0.000ns)
  Data Path Delay:        8.898ns  (logic 2.931ns (32.940%)  route 5.967ns (67.060%))
  Logic Levels:           15  (CARRY4=8 LUT3=1 LUT4=2 LUT5=1 LUT6=3)
  Clock Path Skew:        -0.049ns (DCD - SCD + CPR)
    Destination Clock Delay (DCD):    0.924ns = ( 10.924 - 10.000 ) 
    Source Clock Delay      (SCD):    0.973ns
    Clock Pessimism Removal (CPR):    0.000ns
  Clock Uncertainty:      0.035ns  ((TSJ^2 + TIJ^2)^1/2 + DJ) / 2 + PE
    Total System Jitter     (TSJ):    0.071ns
    Total Input Jitter      (TIJ):    0.000ns
    Discrete Jitter          (DJ):    0.000ns
    Phase Error              (PE):    0.000ns

    Location             Delay type                Incr(ns)  Path(ns)    Netlist Resource(s)
  -------------------------------------------------------------------    -------------------
                         (clock clk rise edge)        0.000     0.000 r  
                                                      0.000     0.000 r  clk (IN)
                         net (fo=905, unset)          0.973     0.973    core/clk
    SLICE_X41Y63         FDRE                                         r  core/fsel2_reg[1]/C
  -------------------------------------------------------------------    -------------------
    SLICE_X41Y63         FDRE (Prop_fdre_C_Q)         0.456     1.429 r  core/fsel2_reg[1]/Q
                         net (fo=32, routed)          1.437     2.866    core/fetch/m1_reg[rs2v][31][1]
    SLICE_X48Y45         LUT4 (Prop_lut4_I1_O)        0.124     2.990 r  core/fetch/d_req_wdata[0]_INST_0_i_1/O
                         net (fo=1, routed)           0.483     3.473    core/fetch/d_req_wdata[0]_INST_0_i_1_n_0
    SLICE_X49Y45         LUT5 (Prop_lut5_I4_O)        0.124     3.597 r  core/fetch/d_req_wdata[0]_INST_0/O
                         net (fo=21, routed)          1.048     4.645    core/fsel2_reg[0]_3
    SLICE_X56Y53         LUT3 (Prop_lut3_I2_O)        0.124     4.769 r  core/m1[result][1]_i_9/O
                         net (fo=39, routed)          1.071     5.840    core/m1[result][1]_i_9_n_0
    SLICE_X47Y49         CARRY4 (Prop_carry4_DI[0]_CO[3])
                                                      0.526     6.366 r  core/m1_reg[result][1]_i_13/CO[3]
                         net (fo=1, routed)           0.001     6.366    core/m1_reg[result][1]_i_13_n_0
    SLICE_X47Y50         CARRY4 (Prop_carry4_CI_CO[3])
                                                      0.114     6.480 r  core/m1_reg[result][4]_i_22/CO[3]
                         net (fo=1, routed)           0.000     6.480    core/m1_reg[result][4]_i_22_n_0
    SLICE_X47Y51         CARRY4 (Prop_carry4_CI_CO[3])
                                                      0.114     6.594 r  core/m1_reg[result][8]_i_22/CO[3]
                         net (fo=1, routed)           0.000     6.594    core/m1_reg[result][8]_i_22_n_0
    SLICE_X47Y52         CARRY4 (Prop_carry4_CI_CO[3])
                                                      0.114     6.708 r  core/m1_reg[result][15]_i_20/CO[3]
                         net (fo=1, routed)           0.000     6.708    core/m1_reg[result][15]_i_20_n_0
    SLICE_X47Y53         CARRY4 (Prop_carry4_CI_CO[3])
                                                      0.114     6.822 r  core/m1_reg[result][19]_i_22/CO[3]
                         net (fo=1, routed)           0.000     6.822    core/m1_reg[result][19]_i_22_n_0
    SLICE_X47Y54         CARRY4 (Prop_carry4_CI_CO[3])
                                                      0.114     6.936 r  core/m1_reg[result][23]_i_20/CO[3]
                         net (fo=1, routed)           0.000     6.936    core/m1_reg[result][23]_i_20_n_0
    SLICE_X47Y55         CARRY4 (Prop_carry4_CI_CO[3])
                                                      0.114     7.050 r  core/m1_reg[result][31]_i_43/CO[3]
                         net (fo=1, routed)           0.000     7.050    core/m1_reg[result][31]_i_43_n_0
    SLICE_X47Y56         CARRY4 (Prop_carry4_CI_O[0])
                                                      0.222     7.272 r  core/m1_reg[result][31]_i_35/O[0]
                         net (fo=1, routed)           0.808     8.080    core/m1_reg[result][31]_i_35_n_7
    SLICE_X46Y59         LUT4 (Prop_lut4_I0_O)        0.299     8.379 r  core/m1[result][28]_i_24/O
                         net (fo=1, routed)           0.283     8.663    core/m1[result][28]_i_24_n_0
    SLICE_X45Y59         LUT6 (Prop_lut6_I4_O)        0.124     8.787 r  core/m1[result][28]_i_12/O
                         net (fo=1, routed)           0.433     9.220    core/m1[result][28]_i_12_n_0
    SLICE_X45Y59         LUT6 (Prop_lut6_I2_O)        0.124     9.344 r  core/m1[result][28]_i_5/O
                         net (fo=1, routed)           0.403     9.747    core/m1[result][28]_i_5_n_0
    SLICE_X45Y59         LUT6 (Prop_lut6_I4_O)        0.124     9.871 r  core/m1[result][28]_i_1/O
                         net (fo=1, routed)           0.000     9.871    core/m1[result][28]_i_1_n_0
    SLICE_X45Y59         FDRE                                         r  core/m1_reg[result][28]/D
  -------------------------------------------------------------------    -------------------

                         (clock clk rise edge)       10.000    10.000 r  
                                                      0.000    10.000 r  clk (IN)
                         net (fo=905, unset)          0.924    10.924    core/clk
    SLICE_X45Y59         FDRE                                         r  core/m1_reg[result][28]/C
                         clock pessimism              0.000    10.924    
                         clock uncertainty           -0.035    10.889    
    SLICE_X45Y59         FDRE (Setup_fdre_C_D)        0.029    10.918    core/m1_reg[result][28]
  -------------------------------------------------------------------
                         required time                         10.918    
                         arrival time                          -9.871    
  -------------------------------------------------------------------
                         slack                                  1.047    

Slack (MET) :             1.075ns  (required time - arrival time)
  Source:                 core/fsel1_reg[1]/C
                            (rising edge-triggered cell FDRE clocked by clk  {rise@0.000ns fall@5.000ns period=10.000ns})
  Destination:            core/m1_reg[writes_rd]/D
                            (rising edge-triggered cell FDRE clocked by clk  {rise@0.000ns fall@5.000ns period=10.000ns})
  Path Group:             clk
  Path Type:              Setup (Max at Slow Process Corner)
  Requirement:            10.000ns  (clk rise@10.000ns - clk rise@0.000ns)
  Data Path Delay:        8.888ns  (logic 2.782ns (31.302%)  route 6.106ns (68.698%))
  Logic Levels:           10  (CARRY4=3 LUT2=1 LUT4=1 LUT5=1 LUT6=4)
  Clock Path Skew:        -0.049ns (DCD - SCD + CPR)
    Destination Clock Delay (DCD):    0.924ns = ( 10.924 - 10.000 ) 
    Source Clock Delay      (SCD):    0.973ns
    Clock Pessimism Removal (CPR):    0.000ns
  Clock Uncertainty:      0.035ns  ((TSJ^2 + TIJ^2)^1/2 + DJ) / 2 + PE
    Total System Jitter     (TSJ):    0.071ns
    Total Input Jitter      (TIJ):    0.000ns
    Discrete Jitter          (DJ):    0.000ns
    Phase Error              (PE):    0.000ns

    Location             Delay type                Incr(ns)  Path(ns)    Netlist Resource(s)
  -------------------------------------------------------------------    -------------------
                         (clock clk rise edge)        0.000     0.000 r  
                                                      0.000     0.000 r  clk (IN)
                         net (fo=905, unset)          0.973     0.973    core/clk
    SLICE_X41Y61         FDRE                                         r  core/fsel1_reg[1]/C
  -------------------------------------------------------------------    -------------------
    SLICE_X41Y61         FDRE (Prop_fdre_C_Q)         0.419     1.392 r  core/fsel1_reg[1]/Q
                         net (fo=32, routed)          1.181     2.573    core/fetch/m1_reg[rs1v][31]_2[1]
    SLICE_X48Y46         LUT4 (Prop_lut4_I1_O)        0.296     2.869 r  core/fetch/d_req_addr[0]_INST_0_i_9/O
                         net (fo=2, routed)           0.796     3.664    core/fetch/w_reg[result][3]
    SLICE_X51Y46         LUT5 (Prop_lut5_I4_O)        0.153     3.817 r  core/fetch/d_req_addr[0]_INST_0_i_1/O
                         net (fo=20, routed)          1.478     5.295    core/fetch/fsel1_reg[0]_29
    SLICE_X38Y50         LUT6 (Prop_lut6_I2_O)        0.327     5.622 r  core/fetch/squash_i_118/O
                         net (fo=1, routed)           0.000     5.622    core/fetch/squash_i_118_n_0
    SLICE_X38Y50         CARRY4 (Prop_carry4_S[1]_CO[3])
                                                      0.533     6.155 r  core/fetch/squash_reg_i_79/CO[3]
                         net (fo=1, routed)           0.000     6.155    core/fetch/squash_reg_i_79_n_0
    SLICE_X38Y51         CARRY4 (Prop_carry4_CI_CO[3])
                                                      0.117     6.272 r  core/fetch/squash_reg_i_44/CO[3]
                         net (fo=1, routed)           0.000     6.272    core/fetch/squash_reg_i_44_n_0
    SLICE_X38Y52         CARRY4 (Prop_carry4_CI_CO[2])
                                                      0.229     6.501 f  core/fetch/squash_reg_i_12/CO[2]
                         net (fo=1, routed)           0.569     7.070    core/fetch/squash_reg_i_12_n_1
    SLICE_X41Y52         LUT6 (Prop_lut6_I3_O)        0.310     7.380 f  core/fetch/squash_i_4/O
                         net (fo=1, routed)           0.767     8.147    core/fetch/squash_i_4_n_0
    SLICE_X45Y59         LUT6 (Prop_lut6_I3_O)        0.124     8.271 f  core/fetch/squash_i_2/O
                         net (fo=2, routed)           0.469     8.739    core/e_taken
    SLICE_X48Y60         LUT6 (Prop_lut6_I0_O)        0.124     8.863 f  core/m1[trap]_i_1/O
                         net (fo=5, routed)           0.847     9.711    core/e_slot[trap]
    SLICE_X45Y65         LUT2 (Prop_lut2_I1_O)        0.150     9.861 r  core/m1[writes_rd]_i_1/O
                         net (fo=1, routed)           0.000     9.861    core/e_slot[writes_rd]
    SLICE_X45Y65         FDRE                                         r  core/m1_reg[writes_rd]/D
  -------------------------------------------------------------------    -------------------

                         (clock clk rise edge)       10.000    10.000 r  
                                                      0.000    10.000 r  clk (IN)
                         net (fo=905, unset)          0.924    10.924    core/clk
    SLICE_X45Y65         FDRE                                         r  core/m1_reg[writes_rd]/C
                         clock pessimism              0.000    10.924    
                         clock uncertainty           -0.035    10.889    
    SLICE_X45Y65         FDRE (Setup_fdre_C_D)        0.047    10.936    core/m1_reg[writes_rd]
  -------------------------------------------------------------------
                         required time                         10.936    
                         arrival time                          -9.861    
  -------------------------------------------------------------------
                         slack                                  1.075    

Slack (MET) :             1.118ns  (required time - arrival time)
  Source:                 core/fsel2_reg[1]/C
                            (rising edge-triggered cell FDRE clocked by clk  {rise@0.000ns fall@5.000ns period=10.000ns})
  Destination:            core/m1_reg[result][23]/D
                            (rising edge-triggered cell FDRE clocked by clk  {rise@0.000ns fall@5.000ns period=10.000ns})
  Path Group:             clk
  Path Type:              Setup (Max at Slow Process Corner)
  Requirement:            10.000ns  (clk rise@10.000ns - clk rise@0.000ns)
  Data Path Delay:        8.875ns  (logic 2.801ns (31.562%)  route 6.074ns (68.438%))
  Logic Levels:           13  (CARRY4=6 LUT3=1 LUT4=2 LUT5=1 LUT6=3)
  Clock Path Skew:        -0.049ns (DCD - SCD + CPR)
    Destination Clock Delay (DCD):    0.924ns = ( 10.924 - 10.000 ) 
    Source Clock Delay      (SCD):    0.973ns
    Clock Pessimism Removal (CPR):    0.000ns
  Clock Uncertainty:      0.035ns  ((TSJ^2 + TIJ^2)^1/2 + DJ) / 2 + PE
    Total System Jitter     (TSJ):    0.071ns
    Total Input Jitter      (TIJ):    0.000ns
    Discrete Jitter          (DJ):    0.000ns
    Phase Error              (PE):    0.000ns

    Location             Delay type                Incr(ns)  Path(ns)    Netlist Resource(s)
  -------------------------------------------------------------------    -------------------
                         (clock clk rise edge)        0.000     0.000 r  
                                                      0.000     0.000 r  clk (IN)
                         net (fo=905, unset)          0.973     0.973    core/clk
    SLICE_X41Y63         FDRE                                         r  core/fsel2_reg[1]/C
  -------------------------------------------------------------------    -------------------
    SLICE_X41Y63         FDRE (Prop_fdre_C_Q)         0.456     1.429 r  core/fsel2_reg[1]/Q
                         net (fo=32, routed)          1.437     2.866    core/fetch/m1_reg[rs2v][31][1]
    SLICE_X48Y45         LUT4 (Prop_lut4_I1_O)        0.124     2.990 r  core/fetch/d_req_wdata[0]_INST_0_i_1/O
                         net (fo=1, routed)           0.483     3.473    core/fetch/d_req_wdata[0]_INST_0_i_1_n_0
    SLICE_X49Y45         LUT5 (Prop_lut5_I4_O)        0.124     3.597 r  core/fetch/d_req_wdata[0]_INST_0/O
                         net (fo=21, routed)          1.048     4.645    core/fsel2_reg[0]_3
    SLICE_X56Y53         LUT3 (Prop_lut3_I2_O)        0.124     4.769 r  core/m1[result][1]_i_9/O
                         net (fo=39, routed)          1.071     5.840    core/m1[result][1]_i_9_n_0
    SLICE_X47Y49         CARRY4 (Prop_carry4_DI[0]_CO[3])
                                                      0.526     6.366 r  core/m1_reg[result][1]_i_13/CO[3]
                         net (fo=1, routed)           0.001     6.366    core/m1_reg[result][1]_i_13_n_0
    SLICE_X47Y50         CARRY4 (Prop_carry4_CI_CO[3])
                                                      0.114     6.480 r  core/m1_reg[result][4]_i_22/CO[3]
                         net (fo=1, routed)           0.000     6.480    core/m1_reg[result][4]_i_22_n_0
    SLICE_X47Y51         CARRY4 (Prop_carry4_CI_CO[3])
                                                      0.114     6.594 r  core/m1_reg[result][8]_i_22/CO[3]
                         net (fo=1, routed)           0.000     6.594    core/m1_reg[result][8]_i_22_n_0
    SLICE_X47Y52         CARRY4 (Prop_carry4_CI_CO[3])
                                                      0.114     6.708 r  core/m1_reg[result][15]_i_20/CO[3]
                         net (fo=1, routed)           0.000     6.708    core/m1_reg[result][15]_i_20_n_0
    SLICE_X47Y53         CARRY4 (Prop_carry4_CI_CO[3])
                                                      0.114     6.822 r  core/m1_reg[result][19]_i_22/CO[3]
                         net (fo=1, routed)           0.000     6.822    core/m1_reg[result][19]_i_22_n_0
    SLICE_X47Y54         CARRY4 (Prop_carry4_CI_O[3])
                                                      0.313     7.135 r  core/m1_reg[result][23]_i_20/O[3]
                         net (fo=1, routed)           0.614     7.749    core/m1_reg[result][23]_i_20_n_4
    SLICE_X46Y55         LUT4 (Prop_lut4_I0_O)        0.306     8.055 r  core/m1[result][23]_i_16/O
                         net (fo=1, routed)           0.605     8.660    core/m1[result][23]_i_16_n_0
    SLICE_X45Y57         LUT6 (Prop_lut6_I4_O)        0.124     8.784 r  core/m1[result][23]_i_10/O
                         net (fo=1, routed)           0.319     9.103    core/m1[result][23]_i_10_n_0
    SLICE_X42Y57         LUT6 (Prop_lut6_I2_O)        0.124     9.227 r  core/m1[result][23]_i_5/O
                         net (fo=1, routed)           0.496     9.724    core/m1[result][23]_i_5_n_0
    SLICE_X42Y57         LUT6 (Prop_lut6_I4_O)        0.124     9.848 r  core/m1[result][23]_i_1/O
                         net (fo=1, routed)           0.000     9.848    core/m1[result][23]_i_1_n_0
    SLICE_X42Y57         FDRE                                         r  core/m1_reg[result][23]/D
  -------------------------------------------------------------------    -------------------

                         (clock clk rise edge)       10.000    10.000 r  
                                                      0.000    10.000 r  clk (IN)
                         net (fo=905, unset)          0.924    10.924    core/clk
    SLICE_X42Y57         FDRE                                         r  core/m1_reg[result][23]/C
                         clock pessimism              0.000    10.924    
                         clock uncertainty           -0.035    10.889    
    SLICE_X42Y57         FDRE (Setup_fdre_C_D)        0.077    10.966    core/m1_reg[result][23]
  -------------------------------------------------------------------
                         required time                         10.966    
                         arrival time                          -9.848    
  -------------------------------------------------------------------
                         slack                                  1.118    





Min Delay Paths
--------------------------------------------------------------------------------------
Slack (MET) :             0.115ns  (arrival time - required time)
  Source:                 core/fetch/rsp_pc_reg[16]/C
                            (rising edge-triggered cell FDRE clocked by clk  {rise@0.000ns fall@5.000ns period=10.000ns})
  Destination:            core/fetch/buf_pc_reg_0_3_12_17/RAMB/I
                            (rising edge-triggered cell RAMD32 clocked by clk  {rise@0.000ns fall@5.000ns period=10.000ns})
  Path Group:             clk
  Path Type:              Hold (Min at Fast Process Corner)
  Requirement:            0.000ns  (clk rise@0.000ns - clk rise@0.000ns)
  Data Path Delay:        0.283ns  (logic 0.141ns (49.857%)  route 0.142ns (50.143%))
  Logic Levels:           0  
  Clock Path Skew:        0.022ns (DCD - SCD - CPR)
    Destination Clock Delay (DCD):    0.432ns
    Source Clock Delay      (SCD):    0.410ns
    Clock Pessimism Removal (CPR):    -0.000ns

    Location             Delay type                Incr(ns)  Path(ns)    Netlist Resource(s)
  -------------------------------------------------------------------    -------------------
                         (clock clk rise edge)        0.000     0.000 r  
                                                      0.000     0.000 r  clk (IN)
                         net (fo=905, unset)          0.410     0.410    core/fetch/clk
    SLICE_X60Y61         FDRE                                         r  core/fetch/rsp_pc_reg[16]/C
  -------------------------------------------------------------------    -------------------
    SLICE_X60Y61         FDRE (Prop_fdre_C_Q)         0.141     0.551 r  core/fetch/rsp_pc_reg[16]/Q
                         net (fo=4, routed)           0.142     0.693    core/fetch/buf_pc_reg_0_3_12_17/DIB0
    SLICE_X58Y60         RAMD32                                       r  core/fetch/buf_pc_reg_0_3_12_17/RAMB/I
  -------------------------------------------------------------------    -------------------

                         (clock clk rise edge)        0.000     0.000 r  
                                                      0.000     0.000 r  clk (IN)
                         net (fo=905, unset)          0.432     0.432    core/fetch/buf_pc_reg_0_3_12_17/WCLK
    SLICE_X58Y60         RAMD32                                       r  core/fetch/buf_pc_reg_0_3_12_17/RAMB/CLK
                         clock pessimism              0.000     0.432    
    SLICE_X58Y60         RAMD32 (Hold_ramd32_CLK_I)
                                                      0.146     0.578    core/fetch/buf_pc_reg_0_3_12_17/RAMB
  -------------------------------------------------------------------
                         required time                         -0.578    
                         arrival time                           0.693    
  -------------------------------------------------------------------
                         slack                                  0.115    

Slack (MET) :             0.120ns  (arrival time - required time)
  Source:                 core/w_reg[result][10]/C
                            (rising edge-triggered cell FDRE clocked by clk  {rise@0.000ns fall@5.000ns period=10.000ns})
  Destination:            core/rf_reg_r1_0_31_6_11/RAMC/I
                            (rising edge-triggered cell RAMD32 clocked by clk  {rise@0.000ns fall@5.000ns period=10.000ns})
  Path Group:             clk
  Path Type:              Hold (Min at Fast Process Corner)
  Requirement:            0.000ns  (clk rise@0.000ns - clk rise@0.000ns)
  Data Path Delay:        0.285ns  (logic 0.141ns (49.428%)  route 0.144ns (50.572%))
  Logic Levels:           0  
  Clock Path Skew:        0.022ns (DCD - SCD - CPR)
    Destination Clock Delay (DCD):    0.432ns
    Source Clock Delay      (SCD):    0.410ns
    Clock Pessimism Removal (CPR):    -0.000ns

    Location             Delay type                Incr(ns)  Path(ns)    Netlist Resource(s)
  -------------------------------------------------------------------    -------------------
                         (clock clk rise edge)        0.000     0.000 r  
                                                      0.000     0.000 r  clk (IN)
                         net (fo=905, unset)          0.410     0.410    core/clk
    SLICE_X39Y45         FDRE                                         r  core/w_reg[result][10]/C
  -------------------------------------------------------------------    -------------------
    SLICE_X39Y45         FDRE (Prop_fdre_C_Q)         0.141     0.551 r  core/w_reg[result][10]/Q
                         net (fo=6, routed)           0.144     0.695    core/rf_reg_r1_0_31_6_11/DIC0
    SLICE_X38Y45         RAMD32                                       r  core/rf_reg_r1_0_31_6_11/RAMC/I
  -------------------------------------------------------------------    -------------------

                         (clock clk rise edge)        0.000     0.000 r  
                                                      0.000     0.000 r  clk (IN)
                         net (fo=905, unset)          0.432     0.432    core/rf_reg_r1_0_31_6_11/WCLK
    SLICE_X38Y45         RAMD32                                       r  core/rf_reg_r1_0_31_6_11/RAMC/CLK
                         clock pessimism              0.000     0.432    
    SLICE_X38Y45         RAMD32 (Hold_ramd32_CLK_I)
                                                      0.144     0.576    core/rf_reg_r1_0_31_6_11/RAMC
  -------------------------------------------------------------------
                         required time                         -0.576    
                         arrival time                           0.695    
  -------------------------------------------------------------------
                         slack                                  0.120    

Slack (MET) :             0.121ns  (arrival time - required time)
  Source:                 core/fetch/rsp_pc_reg[30]/C
                            (rising edge-triggered cell FDRE clocked by clk  {rise@0.000ns fall@5.000ns period=10.000ns})
  Destination:            core/fetch/buf_pc_reg_0_3_24_29/RAMC/I
                            (rising edge-triggered cell RAMD32 clocked by clk  {rise@0.000ns fall@5.000ns period=10.000ns})
  Path Group:             clk
  Path Type:              Hold (Min at Fast Process Corner)
  Requirement:            0.000ns  (clk rise@0.000ns - clk rise@0.000ns)
  Data Path Delay:        0.286ns  (logic 0.164ns (57.302%)  route 0.122ns (42.698%))
  Logic Levels:           0  
  Clock Path Skew:        0.022ns (DCD - SCD - CPR)
    Destination Clock Delay (DCD):    0.432ns
    Source Clock Delay      (SCD):    0.410ns
    Clock Pessimism Removal (CPR):    -0.000ns

    Location             Delay type                Incr(ns)  Path(ns)    Netlist Resource(s)
  -------------------------------------------------------------------    -------------------
                         (clock clk rise edge)        0.000     0.000 r  
                                                      0.000     0.000 r  clk (IN)
                         net (fo=905, unset)          0.410     0.410    core/fetch/clk
    SLICE_X58Y64         FDRE                                         r  core/fetch/rsp_pc_reg[30]/C
  -------------------------------------------------------------------    -------------------
    SLICE_X58Y64         FDRE (Prop_fdre_C_Q)         0.164     0.574 r  core/fetch/rsp_pc_reg[30]/Q
                         net (fo=5, routed)           0.122     0.696    core/fetch/buf_pc_reg_0_3_24_29/DIC0
    SLICE_X58Y63         RAMD32                                       r  core/fetch/buf_pc_reg_0_3_24_29/RAMC/I
  -------------------------------------------------------------------    -------------------

                         (clock clk rise edge)        0.000     0.000 r  
                                                      0.000     0.000 r  clk (IN)
                         net (fo=905, unset)          0.432     0.432    core/fetch/buf_pc_reg_0_3_24_29/WCLK
    SLICE_X58Y63         RAMD32                                       r  core/fetch/buf_pc_reg_0_3_24_29/RAMC/CLK
                         clock pessimism              0.000     0.432    
    SLICE_X58Y63         RAMD32 (Hold_ramd32_CLK_I)
                                                      0.144     0.576    core/fetch/buf_pc_reg_0_3_24_29/RAMC
  -------------------------------------------------------------------
                         required time                         -0.576    
                         arrival time                           0.696    
  -------------------------------------------------------------------
                         slack                                  0.121    

Slack (MET) :             0.127ns  (arrival time - required time)
  Source:                 core/fetch/rsp_pc_reg[10]/C
                            (rising edge-triggered cell FDRE clocked by clk  {rise@0.000ns fall@5.000ns period=10.000ns})
  Destination:            core/fetch/buf_pc_reg_0_3_6_11/RAMB/I
                            (rising edge-triggered cell RAMD32 clocked by clk  {rise@0.000ns fall@5.000ns period=10.000ns})
  Path Group:             clk
  Path Type:              Hold (Min at Fast Process Corner)
  Requirement:            0.000ns  (clk rise@0.000ns - clk rise@0.000ns)
  Data Path Delay:        0.295ns  (logic 0.164ns (55.596%)  route 0.131ns (44.404%))
  Logic Levels:           0  
  Clock Path Skew:        0.022ns (DCD - SCD - CPR)
    Destination Clock Delay (DCD):    0.432ns
    Source Clock Delay      (SCD):    0.410ns
    Clock Pessimism Removal (CPR):    -0.000ns

    Location             Delay type                Incr(ns)  Path(ns)    Netlist Resource(s)
  -------------------------------------------------------------------    -------------------
                         (clock clk rise edge)        0.000     0.000 r  
                                                      0.000     0.000 r  clk (IN)
                         net (fo=905, unset)          0.410     0.410    core/fetch/clk
    SLICE_X58Y59         FDRE                                         r  core/fetch/rsp_pc_reg[10]/C
  -------------------------------------------------------------------    -------------------
    SLICE_X58Y59         FDRE (Prop_fdre_C_Q)         0.164     0.574 r  core/fetch/rsp_pc_reg[10]/Q
                         net (fo=4, routed)           0.131     0.705    core/fetch/buf_pc_reg_0_3_6_11/DIB0
    SLICE_X58Y58         RAMD32                                       r  core/fetch/buf_pc_reg_0_3_6_11/RAMB/I
  -------------------------------------------------------------------    -------------------

                         (clock clk rise edge)        0.000     0.000 r  
                                                      0.000     0.000 r  clk (IN)
                         net (fo=905, unset)          0.432     0.432    core/fetch/buf_pc_reg_0_3_6_11/WCLK
    SLICE_X58Y58         RAMD32                                       r  core/fetch/buf_pc_reg_0_3_6_11/RAMB/CLK
                         clock pessimism              0.000     0.432    
    SLICE_X58Y58         RAMD32 (Hold_ramd32_CLK_I)
                                                      0.146     0.578    core/fetch/buf_pc_reg_0_3_6_11/RAMB
  -------------------------------------------------------------------
                         required time                         -0.578    
                         arrival time                           0.705    
  -------------------------------------------------------------------
                         slack                                  0.127    

Slack (MET) :             0.129ns  (arrival time - required time)
  Source:                 core/fetch/rsp_pc_reg[21]/C
                            (rising edge-triggered cell FDRE clocked by clk  {rise@0.000ns fall@5.000ns period=10.000ns})
  Destination:            core/fetch/buf_pc_reg_0_3_18_23/RAMA_D1/I
                            (rising edge-triggered cell RAMD32 clocked by clk  {rise@0.000ns fall@5.000ns period=10.000ns})
  Path Group:             clk
  Path Type:              Hold (Min at Fast Process Corner)
  Requirement:            0.000ns  (clk rise@0.000ns - clk rise@0.000ns)
  Data Path Delay:        0.270ns  (logic 0.141ns (52.133%)  route 0.129ns (47.867%))
  Logic Levels:           0  
  Clock Path Skew:        0.022ns (DCD - SCD - CPR)
    Destination Clock Delay (DCD):    0.432ns
    Source Clock Delay      (SCD):    0.410ns
    Clock Pessimism Removal (CPR):    -0.000ns

    Location             Delay type                Incr(ns)  Path(ns)    Netlist Resource(s)
  -------------------------------------------------------------------    -------------------
                         (clock clk rise edge)        0.000     0.000 r  
                                                      0.000     0.000 r  clk (IN)
                         net (fo=905, unset)          0.410     0.410    core/fetch/clk
    SLICE_X60Y62         FDRE                                         r  core/fetch/rsp_pc_reg[21]/C
  -------------------------------------------------------------------    -------------------
    SLICE_X60Y62         FDRE (Prop_fdre_C_Q)         0.141     0.551 r  core/fetch/rsp_pc_reg[21]/Q
                         net (fo=5, routed)           0.129     0.681    core/fetch/buf_pc_reg_0_3_18_23/DIA1
    SLICE_X58Y62         RAMD32                                       r  core/fetch/buf_pc_reg_0_3_18_23/RAMA_D1/I
  -------------------------------------------------------------------    -------------------

                         (clock clk rise edge)        0.000     0.000 r  
                                                      0.000     0.000 r  clk (IN)
                         net (fo=905, unset)          0.432     0.432    core/fetch/buf_pc_reg_0_3_18_23/WCLK
    SLICE_X58Y62         RAMD32                                       r  core/fetch/buf_pc_reg_0_3_18_23/RAMA_D1/CLK
                         clock pessimism              0.000     0.432    
    SLICE_X58Y62         RAMD32 (Hold_ramd32_CLK_I)
                                                      0.120     0.552    core/fetch/buf_pc_reg_0_3_18_23/RAMA_D1
  -------------------------------------------------------------------
                         required time                         -0.552    
                         arrival time                           0.681    
  -------------------------------------------------------------------
                         slack                                  0.129    

Slack (MET) :             0.132ns  (arrival time - required time)
  Source:                 core/w_reg[trap]/C
                            (rising edge-triggered cell FDRE clocked by clk  {rise@0.000ns fall@5.000ns period=10.000ns})
  Destination:            core/trapped_reg/D
                            (rising edge-triggered cell FDRE clocked by clk  {rise@0.000ns fall@5.000ns period=10.000ns})
  Path Group:             clk
  Path Type:              Hold (Min at Fast Process Corner)
  Requirement:            0.000ns  (clk rise@0.000ns - clk rise@0.000ns)
  Data Path Delay:        0.273ns  (logic 0.186ns (68.106%)  route 0.087ns (31.894%))
  Logic Levels:           1  (LUT3=1)
  Clock Path Skew:        0.022ns (DCD - SCD - CPR)
    Destination Clock Delay (DCD):    0.432ns
    Source Clock Delay      (SCD):    0.410ns
    Clock Pessimism Removal (CPR):    -0.000ns

    Location             Delay type                Incr(ns)  Path(ns)    Netlist Resource(s)
  -------------------------------------------------------------------    -------------------
                         (clock clk rise edge)        0.000     0.000 r  
                                                      0.000     0.000 r  clk (IN)
                         net (fo=905, unset)          0.410     0.410    core/clk
    SLICE_X39Y66         FDRE                                         r  core/w_reg[trap]/C
  -------------------------------------------------------------------    -------------------
    SLICE_X39Y66         FDRE (Prop_fdre_C_Q)         0.141     0.551 r  core/w_reg[trap]/Q
                         net (fo=1, routed)           0.087     0.638    core/w_reg[trap]__0
    SLICE_X38Y66         LUT3 (Prop_lut3_I2_O)        0.045     0.683 r  core/trapped_i_2/O
                         net (fo=1, routed)           0.000     0.683    core/trapped0
    SLICE_X38Y66         FDRE                                         r  core/trapped_reg/D
  -------------------------------------------------------------------    -------------------

                         (clock clk rise edge)        0.000     0.000 r  
                                                      0.000     0.000 r  clk (IN)
                         net (fo=905, unset)          0.432     0.432    core/clk
    SLICE_X38Y66         FDRE                                         r  core/trapped_reg/C
                         clock pessimism              0.000     0.432    
    SLICE_X38Y66         FDRE (Hold_fdre_C_D)         0.120     0.552    core/trapped_reg
  -------------------------------------------------------------------
                         required time                         -0.552    
                         arrival time                           0.683    
  -------------------------------------------------------------------
                         slack                                  0.132    

Slack (MET) :             0.132ns  (arrival time - required time)
  Source:                 core/fetch/rsp_pc_reg[14]/C
                            (rising edge-triggered cell FDRE clocked by clk  {rise@0.000ns fall@5.000ns period=10.000ns})
  Destination:            core/fetch/buf_pc_reg_0_3_12_17/RAMA/I
                            (rising edge-triggered cell RAMD32 clocked by clk  {rise@0.000ns fall@5.000ns period=10.000ns})
  Path Group:             clk
  Path Type:              Hold (Min at Fast Process Corner)
  Requirement:            0.000ns  (clk rise@0.000ns - clk rise@0.000ns)
  Data Path Delay:        0.300ns  (logic 0.164ns (54.605%)  route 0.136ns (45.395%))
  Logic Levels:           0  
  Clock Path Skew:        0.022ns (DCD - SCD - CPR)
    Destination Clock Delay (DCD):    0.432ns
    Source Clock Delay      (SCD):    0.410ns
    Clock Pessimism Removal (CPR):    -0.000ns

    Location             Delay type                Incr(ns)  Path(ns)    Netlist Resource(s)
  -------------------------------------------------------------------    -------------------
                         (clock clk rise edge)        0.000     0.000 r  
                                                      0.000     0.000 r  clk (IN)
                         net (fo=905, unset)          0.410     0.410    core/fetch/clk
    SLICE_X58Y59         FDRE                                         r  core/fetch/rsp_pc_reg[14]/C
  -------------------------------------------------------------------    -------------------
    SLICE_X58Y59         FDRE (Prop_fdre_C_Q)         0.164     0.574 r  core/fetch/rsp_pc_reg[14]/Q
                         net (fo=4, routed)           0.136     0.710    core/fetch/buf_pc_reg_0_3_12_17/DIA0
    SLICE_X58Y60         RAMD32                                       r  core/fetch/buf_pc_reg_0_3_12_17/RAMA/I
  -------------------------------------------------------------------    -------------------

                         (clock clk rise edge)        0.000     0.000 r  
                                                      0.000     0.000 r  clk (IN)
                         net (fo=905, unset)          0.432     0.432    core/fetch/buf_pc_reg_0_3_12_17/WCLK
    SLICE_X58Y60         RAMD32                                       r  core/fetch/buf_pc_reg_0_3_12_17/RAMA/CLK
                         clock pessimism              0.000     0.432    
    SLICE_X58Y60         RAMD32 (Hold_ramd32_CLK_I)
                                                      0.147     0.579    core/fetch/buf_pc_reg_0_3_12_17/RAMA
  -------------------------------------------------------------------
                         required time                         -0.579    
                         arrival time                           0.710    
  -------------------------------------------------------------------
                         slack                                  0.132    

Slack (MET) :             0.133ns  (arrival time - required time)
  Source:                 core/w_reg[result][12]/C
                            (rising edge-triggered cell FDRE clocked by clk  {rise@0.000ns fall@5.000ns period=10.000ns})
  Destination:            core/rf_reg_r2_0_31_12_17/RAMA/I
                            (rising edge-triggered cell RAMD32 clocked by clk  {rise@0.000ns fall@5.000ns period=10.000ns})
  Path Group:             clk
  Path Type:              Hold (Min at Fast Process Corner)
  Requirement:            0.000ns  (clk rise@0.000ns - clk rise@0.000ns)
  Data Path Delay:        0.302ns  (logic 0.164ns (54.351%)  route 0.138ns (45.649%))
  Logic Levels:           0  
  Clock Path Skew:        0.022ns (DCD - SCD - CPR)
    Destination Clock Delay (DCD):    0.432ns
    Source Clock Delay      (SCD):    0.410ns
    Clock Pessimism Removal (CPR):    -0.000ns

    Location             Delay type                Incr(ns)  Path(ns)    Netlist Resource(s)
  -------------------------------------------------------------------    -------------------
                         (clock clk rise edge)        0.000     0.000 r  
                                                      0.000     0.000 r  clk (IN)
                         net (fo=905, unset)          0.410     0.410    core/clk
    SLICE_X38Y47         FDRE                                         r  core/w_reg[result][12]/C
  -------------------------------------------------------------------    -------------------
    SLICE_X38Y47         FDRE (Prop_fdre_C_Q)         0.164     0.574 r  core/w_reg[result][12]/Q
                         net (fo=6, routed)           0.138     0.712    core/rf_reg_r2_0_31_12_17/DIA0
    SLICE_X38Y48         RAMD32                                       r  core/rf_reg_r2_0_31_12_17/RAMA/I
  -------------------------------------------------------------------    -------------------

                         (clock clk rise edge)        0.000     0.000 r  
                                                      0.000     0.000 r  clk (IN)
                         net (fo=905, unset)          0.432     0.432    core/rf_reg_r2_0_31_12_17/WCLK
    SLICE_X38Y48         RAMD32                                       r  core/rf_reg_r2_0_31_12_17/RAMA/CLK
                         clock pessimism              0.000     0.432    
    SLICE_X38Y48         RAMD32 (Hold_ramd32_CLK_I)
                                                      0.147     0.579    core/rf_reg_r2_0_31_12_17/RAMA
  -------------------------------------------------------------------
                         required time                         -0.579    
                         arrival time                           0.712    
  -------------------------------------------------------------------
                         slack                                  0.133    

Slack (MET) :             0.136ns  (arrival time - required time)
  Source:                 core/fetch/rsp_pc_reg[17]/C
                            (rising edge-triggered cell FDRE clocked by clk  {rise@0.000ns fall@5.000ns period=10.000ns})
  Destination:            core/fetch/buf_pc_reg_0_3_12_17/RAMB_D1/I
                            (rising edge-triggered cell RAMD32 clocked by clk  {rise@0.000ns fall@5.000ns period=10.000ns})
  Path Group:             clk
  Path Type:              Hold (Min at Fast Process Corner)
  Requirement:            0.000ns  (clk rise@0.000ns - clk rise@0.000ns)
  Data Path Delay:        0.282ns  (logic 0.141ns (50.053%)  route 0.141ns (49.947%))
  Logic Levels:           0  
  Clock Path Skew:        0.022ns (DCD - SCD - CPR)
    Destination Clock Delay (DCD):    0.432ns
    Source Clock Delay      (SCD):    0.410ns
    Clock Pessimism Removal (CPR):    -0.000ns

    Location             Delay type                Incr(ns)  Path(ns)    Netlist Resource(s)
  -------------------------------------------------------------------    -------------------
                         (clock clk rise edge)        0.000     0.000 r  
                                                      0.000     0.000 r  clk (IN)
                         net (fo=905, unset)          0.410     0.410    core/fetch/clk
    SLICE_X61Y60         FDRE                                         r  core/fetch/rsp_pc_reg[17]/C
  -------------------------------------------------------------------    -------------------
    SLICE_X61Y60         FDRE (Prop_fdre_C_Q)         0.141     0.551 r  core/fetch/rsp_pc_reg[17]/Q
                         net (fo=4, routed)           0.141     0.692    core/fetch/buf_pc_reg_0_3_12_17/DIB1
    SLICE_X58Y60         RAMD32                                       r  core/fetch/buf_pc_reg_0_3_12_17/RAMB_D1/I
  -------------------------------------------------------------------    -------------------

                         (clock clk rise edge)        0.000     0.000 r  
                                                      0.000     0.000 r  clk (IN)
                         net (fo=905, unset)          0.432     0.432    core/fetch/buf_pc_reg_0_3_12_17/WCLK
    SLICE_X58Y60         RAMD32                                       r  core/fetch/buf_pc_reg_0_3_12_17/RAMB_D1/CLK
                         clock pessimism              0.000     0.432    
    SLICE_X58Y60         RAMD32 (Hold_ramd32_CLK_I)
                                                      0.124     0.556    core/fetch/buf_pc_reg_0_3_12_17/RAMB_D1
  -------------------------------------------------------------------
                         required time                         -0.556    
                         arrival time                           0.692    
  -------------------------------------------------------------------
                         slack                                  0.136    

Slack (MET) :             0.139ns  (arrival time - required time)
  Source:                 core/fetch/rsp_pc_reg[9]/C
                            (rising edge-triggered cell FDRE clocked by clk  {rise@0.000ns fall@5.000ns period=10.000ns})
  Destination:            core/fetch/buf_pc_reg_0_3_6_11/RAMA_D1/I
                            (rising edge-triggered cell RAMD32 clocked by clk  {rise@0.000ns fall@5.000ns period=10.000ns})
  Path Group:             clk
  Path Type:              Hold (Min at Fast Process Corner)
  Requirement:            0.000ns  (clk rise@0.000ns - clk rise@0.000ns)
  Data Path Delay:        0.281ns  (logic 0.141ns (50.181%)  route 0.140ns (49.819%))
  Logic Levels:           0  
  Clock Path Skew:        0.022ns (DCD - SCD - CPR)
    Destination Clock Delay (DCD):    0.432ns
    Source Clock Delay      (SCD):    0.410ns
    Clock Pessimism Removal (CPR):    -0.000ns

    Location             Delay type                Incr(ns)  Path(ns)    Netlist Resource(s)
  -------------------------------------------------------------------    -------------------
                         (clock clk rise edge)        0.000     0.000 r  
                                                      0.000     0.000 r  clk (IN)
                         net (fo=905, unset)          0.410     0.410    core/fetch/clk
    SLICE_X60Y58         FDRE                                         r  core/fetch/rsp_pc_reg[9]/C
  -------------------------------------------------------------------    -------------------
    SLICE_X60Y58         FDRE (Prop_fdre_C_Q)         0.141     0.551 r  core/fetch/rsp_pc_reg[9]/Q
                         net (fo=4, routed)           0.140     0.691    core/fetch/buf_pc_reg_0_3_6_11/DIA1
    SLICE_X58Y58         RAMD32                                       r  core/fetch/buf_pc_reg_0_3_6_11/RAMA_D1/I
  -------------------------------------------------------------------    -------------------

                         (clock clk rise edge)        0.000     0.000 r  
                                                      0.000     0.000 r  clk (IN)
                         net (fo=905, unset)          0.432     0.432    core/fetch/buf_pc_reg_0_3_6_11/WCLK
    SLICE_X58Y58         RAMD32                                       r  core/fetch/buf_pc_reg_0_3_6_11/RAMA_D1/CLK
                         clock pessimism              0.000     0.432    
    SLICE_X58Y58         RAMD32 (Hold_ramd32_CLK_I)
                                                      0.120     0.552    core/fetch/buf_pc_reg_0_3_6_11/RAMA_D1
  -------------------------------------------------------------------
                         required time                         -0.552    
                         arrival time                           0.691    
  -------------------------------------------------------------------
                         slack                                  0.139    





Pulse Width Checks
--------------------------------------------------------------------------------------
Clock Name:         clk
Waveform(ns):       { 0.000 5.000 }
Period(ns):         10.000
Sources:            { clk }

Check Type        Corner  Lib Pin      Reference Pin  Required(ns)  Actual(ns)  Slack(ns)  Location      Pin
Min Period        n/a     DSP48E1/CLK  n/a            3.884         10.000      6.116      DSP48_X2Y16   core/pp_lh_reg/CLK
Min Period        n/a     DSP48E1/CLK  n/a            3.884         10.000      6.116      DSP48_X2Y17   core/pp_ll_reg/CLK
Min Period        n/a     DSP48E1/CLK  n/a            3.687         10.000      6.313      DSP48_X2Y19   core/pp_hl_reg/CLK
Min Period        n/a     DSP48E1/CLK  n/a            2.154         10.000      7.846      DSP48_X2Y18   core/pp_hh_reg/CLK
Min Period        n/a     FDRE/C       n/a            1.000         10.000      9.000      SLICE_X42Y62  core/d_acc_last_reg/C
Min Period        n/a     FDRE/C       n/a            1.000         10.000      9.000      SLICE_X54Y66  core/d_err_reg/C
Min Period        n/a     FDRE/C       n/a            1.000         10.000      9.000      SLICE_X56Y65  core/d_insn_reg[0]/C
Min Period        n/a     FDRE/C       n/a            1.000         10.000      9.000      SLICE_X56Y58  core/d_insn_reg[10]/C
Min Period        n/a     FDRE/C       n/a            1.000         10.000      9.000      SLICE_X56Y57  core/d_insn_reg[11]/C
Min Period        n/a     FDRE/C       n/a            1.000         10.000      9.000      SLICE_X55Y64  core/d_insn_reg[12]/C
Low Pulse Width   Slow    RAMD32/CLK   n/a            1.250         5.000       3.750      SLICE_X58Y61  core/fetch/buf_err_reg_0_3_0_0/DP/CLK
Low Pulse Width   Fast    RAMD32/CLK   n/a            1.250         5.000       3.750      SLICE_X58Y61  core/fetch/buf_err_reg_0_3_0_0/DP/CLK
Low Pulse Width   Slow    RAMD32/CLK   n/a            1.250         5.000       3.750      SLICE_X58Y61  core/fetch/buf_err_reg_0_3_0_0/SP/CLK
Low Pulse Width   Fast    RAMD32/CLK   n/a            1.250         5.000       3.750      SLICE_X58Y61  core/fetch/buf_err_reg_0_3_0_0/SP/CLK
Low Pulse Width   Slow    RAMD32/CLK   n/a            1.250         5.000       3.750      SLICE_X58Y65  core/fetch/buf_insn_reg_0_3_0_5/RAMA/CLK
Low Pulse Width   Fast    RAMD32/CLK   n/a            1.250         5.000       3.750      SLICE_X58Y65  core/fetch/buf_insn_reg_0_3_0_5/RAMA/CLK
Low Pulse Width   Slow    RAMD32/CLK   n/a            1.250         5.000       3.750      SLICE_X58Y65  core/fetch/buf_insn_reg_0_3_0_5/RAMA_D1/CLK
Low Pulse Width   Fast    RAMD32/CLK   n/a            1.250         5.000       3.750      SLICE_X58Y65  core/fetch/buf_insn_reg_0_3_0_5/RAMA_D1/CLK
Low Pulse Width   Slow    RAMD32/CLK   n/a            1.250         5.000       3.750      SLICE_X58Y65  core/fetch/buf_insn_reg_0_3_0_5/RAMB/CLK
Low Pulse Width   Fast    RAMD32/CLK   n/a            1.250         5.000       3.750      SLICE_X58Y65  core/fetch/buf_insn_reg_0_3_0_5/RAMB/CLK
High Pulse Width  Slow    RAMD32/CLK   n/a            1.250         5.000       3.750      SLICE_X58Y61  core/fetch/buf_err_reg_0_3_0_0/DP/CLK
High Pulse Width  Fast    RAMD32/CLK   n/a            1.250         5.000       3.750      SLICE_X58Y61  core/fetch/buf_err_reg_0_3_0_0/DP/CLK
High Pulse Width  Slow    RAMD32/CLK   n/a            1.250         5.000       3.750      SLICE_X58Y61  core/fetch/buf_err_reg_0_3_0_0/SP/CLK
High Pulse Width  Fast    RAMD32/CLK   n/a            1.250         5.000       3.750      SLICE_X58Y61  core/fetch/buf_err_reg_0_3_0_0/SP/CLK
High Pulse Width  Slow    RAMD32/CLK   n/a            1.250         5.000       3.750      SLICE_X58Y65  core/fetch/buf_insn_reg_0_3_0_5/RAMA/CLK
High Pulse Width  Fast    RAMD32/CLK   n/a            1.250         5.000       3.750      SLICE_X58Y65  core/fetch/buf_insn_reg_0_3_0_5/RAMA/CLK
High Pulse Width  Slow    RAMD32/CLK   n/a            1.250         5.000       3.750      SLICE_X58Y65  core/fetch/buf_insn_reg_0_3_0_5/RAMA_D1/CLK
High Pulse Width  Fast    RAMD32/CLK   n/a            1.250         5.000       3.750      SLICE_X58Y65  core/fetch/buf_insn_reg_0_3_0_5/RAMA_D1/CLK
High Pulse Width  Slow    RAMD32/CLK   n/a            1.250         5.000       3.750      SLICE_X58Y65  core/fetch/buf_insn_reg_0_3_0_5/RAMB/CLK
High Pulse Width  Fast    RAMD32/CLK   n/a            1.250         5.000       3.750      SLICE_X58Y65  core/fetch/buf_insn_reg_0_3_0_5/RAMB/CLK



