mkdir -p /home/elfo/Documents/Aster/build/npu_soc_h1_l0_sync0_wait0_w4_n16
verilator --cc --exe --build --timing --Wall -DRISCV_FORMAL --Wno-DECLFILENAME --Wno-GENUNNAMED --Wno-UNUSEDSIGNAL --Wno-BLKSEQ --unroll-count 2048 --unroll-stmts 100000 \
	--assert -DASTER_COHERENCE_ASSERT --top-module aster_coherent_soc \
	-GHART_COUNT=1 "-GENABLE_L1=1'b0" "-GENABLE_DMA=1'b1" "-GENABLE_NPU=1'b1" \
	"-GSYNC_MEMORY=1'b0" -GMEMORY_WAIT_CYCLES=0 "-GHOST_BOOT=1'b1" \
	-GLINE_WORDS=4 -GLINE_COUNT=16 \
	-CFLAGS '-DASTER_HART_COUNT=1 -DASTER_L1=0 -DASTER_MEMORY_WAIT=0' \
	--Mdir /home/elfo/Documents/Aster/build/npu_soc_h1_l0_sync0_wait0_w4_n16/obj -o /home/elfo/Documents/Aster/build/npu_soc_h1_l0_sync0_wait0_w4_n16/aster_npu_runtime_sim \
	/home/elfo/Documents/Aster/rtl/core/aster_picorv32.sv /home/elfo/Documents/Aster/vendor/picorv32/picorv32.v /home/elfo/Documents/Aster/rtl/cache/aster_l1_cache.sv /home/elfo/Documents/Aster/rtl/memory/aster_rom.sv /home/elfo/Documents/Aster/rtl/memory/aster_ram.sv /home/elfo/Documents/Aster/rtl/core/aster_pcpi_atomic.sv /home/elfo/Documents/Aster/rtl/core/aster_pcpi_dot8.sv /home/elfo/Documents/Aster/rtl/core/aster_atomic_hart.sv /home/elfo/Documents/Aster/rtl/cache/aster_coherent_cache.sv /home/elfo/Documents/Aster/rtl/interconnect/aster_atomic_fabric.sv /home/elfo/Documents/Aster/rtl/interconnect/aster_device_arbiter.sv /home/elfo/Documents/Aster/rtl/accelerator/aster_int8_pe.sv /home/elfo/Documents/Aster/rtl/accelerator/aster_int8_array.sv /home/elfo/Documents/Aster/rtl/accelerator/aster_npu_engine.sv /home/elfo/Documents/Aster/rtl/accelerator/aster_npu_regs.sv /home/elfo/Documents/Aster/rtl/soc/aster_warm_stop.sv /home/elfo/Documents/Aster/rtl/peripherals/aster_uart.sv /home/elfo/Documents/Aster/rtl/peripherals/aster_coherent_perf.sv /home/elfo/Documents/Aster/rtl/dma/aster_dma_engine.sv /home/elfo/Documents/Aster/rtl/interconnect/aster_dma_arbiter.sv /home/elfo/Documents/Aster/rtl/peripherals/aster_dma_perf.sv /home/elfo/Documents/Aster/rtl/peripherals/aster_dot8_perf.sv /home/elfo/Documents/Aster/rtl/soc/aster_coherent_soc.sv /home/elfo/Documents/Aster/verification/soc/tb_aster_npu_runtime.cpp
g++  -I.  -MMD -I/home/elfo/tools/verilator/root/include -I/home/elfo/tools/verilator/root/include/vltstd -DVM_COVERAGE=0 -DVM_SC=0 -DVM_TRACE=0 -DVM_TRACE_FST=0 -DVM_TRACE_VCD=0 -faligned-new -fcf-protection=none -Wno-bool-operation -Wno-overloaded-virtual -Wno-shadow -Wno-sign-compare -Wno-uninitialized -Wno-unused-but-set-parameter -Wno-unused-but-set-variable -Wno-unused-parameter -Wno-unused-variable     -DASTER_HART_COUNT=1 -DASTER_L1=0 -DASTER_MEMORY_WAIT=0   -Os -c -o tb_aster_npu_runtime.o /home/elfo/Documents/Aster/verification/soc/tb_aster_npu_runtime.cpp
g++ -Os  -I.  -MMD -I/home/elfo/tools/verilator/root/include -I/home/elfo/tools/verilator/root/include/vltstd -DVM_COVERAGE=0 -DVM_SC=0 -DVM_TRACE=0 -DVM_TRACE_FST=0 -DVM_TRACE_VCD=0 -faligned-new -fcf-protection=none -Wno-bool-operation -Wno-overloaded-virtual -Wno-shadow -Wno-sign-compare -Wno-uninitialized -Wno-unused-but-set-parameter -Wno-unused-but-set-variable -Wno-unused-parameter -Wno-unused-variable     -DASTER_HART_COUNT=1 -DASTER_L1=0 -DASTER_MEMORY_WAIT=0   -c -o verilated.o /home/elfo/tools/verilator/root/include/verilated.cpp
g++ -Os  -I.  -MMD -I/home/elfo/tools/verilator/root/include -I/home/elfo/tools/verilator/root/include/vltstd -DVM_COVERAGE=0 -DVM_SC=0 -DVM_TRACE=0 -DVM_TRACE_FST=0 -DVM_TRACE_VCD=0 -faligned-new -fcf-protection=none -Wno-bool-operation -Wno-overloaded-virtual -Wno-shadow -Wno-sign-compare -Wno-uninitialized -Wno-unused-but-set-parameter -Wno-unused-but-set-variable -Wno-unused-parameter -Wno-unused-variable     -DASTER_HART_COUNT=1 -DASTER_L1=0 -DASTER_MEMORY_WAIT=0   -c -o verilated_threads.o /home/elfo/tools/verilator/root/include/verilated_threads.cpp
/usr/bin/python3 /home/elfo/tools/verilator/root/bin/verilator_includer -DVL_INCLUDE_OPT=include Vaster_coherent_soc.cpp Vaster_coherent_soc___024root__DepSet_hc6677697__0.cpp Vaster_coherent_soc___024root__DepSet_h9074b246__0.cpp Vaster_coherent_soc__ConstPool_0.cpp Vaster_coherent_soc___024root__Slow.cpp Vaster_coherent_soc___024root__DepSet_hc6677697__0__Slow.cpp Vaster_coherent_soc___024root__DepSet_h9074b246__0__Slow.cpp Vaster_coherent_soc__Syms.cpp > Vaster_coherent_soc__ALL.cpp
g++ -Os  -I.  -MMD -I/home/elfo/tools/verilator/root/include -I/home/elfo/tools/verilator/root/include/vltstd -DVM_COVERAGE=0 -DVM_SC=0 -DVM_TRACE=0 -DVM_TRACE_FST=0 -DVM_TRACE_VCD=0 -faligned-new -fcf-protection=none -Wno-bool-operation -Wno-overloaded-virtual -Wno-shadow -Wno-sign-compare -Wno-uninitialized -Wno-unused-but-set-parameter -Wno-unused-but-set-variable -Wno-unused-parameter -Wno-unused-variable     -DASTER_HART_COUNT=1 -DASTER_L1=0 -DASTER_MEMORY_WAIT=0   -c -o Vaster_coherent_soc__ALL.o Vaster_coherent_soc__ALL.cpp
echo "" > Vaster_coherent_soc__ALL.verilator_deplist.tmp
Archive ar -rcs Vaster_coherent_soc__ALL.a Vaster_coherent_soc__ALL.o
g++     tb_aster_npu_runtime.o verilated.o verilated_threads.o Vaster_coherent_soc__ALL.a    -pthread -lpthread -latomic   -o /home/elfo/Documents/Aster/build/npu_soc_h1_l0_sync0_wait0_w4_n16/aster_npu_runtime_sim
rm Vaster_coherent_soc__ALL.verilator_deplist.tmp
PASS: Phase 9 actual-core NPU runtime harts=1 cache=0 wait=0 starts=7 max_tiles=4 max_bytes_written=256 max_job_cycles=16220 device_transactions=5304 RAM snapshot=65536 bytes hash=0xb7ebbe5da7c6104f
mkdir -p /home/elfo/Documents/Aster/build/npu_soc_h1_l0_sync0_wait7_w4_n16
verilator --cc --exe --build --timing --Wall -DRISCV_FORMAL --Wno-DECLFILENAME --Wno-GENUNNAMED --Wno-UNUSEDSIGNAL --Wno-BLKSEQ --unroll-count 2048 --unroll-stmts 100000 \
	--assert -DASTER_COHERENCE_ASSERT --top-module aster_coherent_soc \
	-GHART_COUNT=1 "-GENABLE_L1=1'b0" "-GENABLE_DMA=1'b1" "-GENABLE_NPU=1'b1" \
	"-GSYNC_MEMORY=1'b0" -GMEMORY_WAIT_CYCLES=7 "-GHOST_BOOT=1'b1" \
	-GLINE_WORDS=4 -GLINE_COUNT=16 \
	-CFLAGS '-DASTER_HART_COUNT=1 -DASTER_L1=0 -DASTER_MEMORY_WAIT=7' \
	--Mdir /home/elfo/Documents/Aster/build/npu_soc_h1_l0_sync0_wait7_w4_n16/obj -o /home/elfo/Documents/Aster/build/npu_soc_h1_l0_sync0_wait7_w4_n16/aster_npu_runtime_sim \
	/home/elfo/Documents/Aster/rtl/core/aster_picorv32.sv /home/elfo/Documents/Aster/vendor/picorv32/picorv32.v /home/elfo/Documents/Aster/rtl/cache/aster_l1_cache.sv /home/elfo/Documents/Aster/rtl/memory/aster_rom.sv /home/elfo/Documents/Aster/rtl/memory/aster_ram.sv /home/elfo/Documents/Aster/rtl/core/aster_pcpi_atomic.sv /home/elfo/Documents/Aster/rtl/core/aster_pcpi_dot8.sv /home/elfo/Documents/Aster/rtl/core/aster_atomic_hart.sv /home/elfo/Documents/Aster/rtl/cache/aster_coherent_cache.sv /home/elfo/Documents/Aster/rtl/interconnect/aster_atomic_fabric.sv /home/elfo/Documents/Aster/rtl/interconnect/aster_device_arbiter.sv /home/elfo/Documents/Aster/rtl/accelerator/aster_int8_pe.sv /home/elfo/Documents/Aster/rtl/accelerator/aster_int8_array.sv /home/elfo/Documents/Aster/rtl/accelerator/aster_npu_engine.sv /home/elfo/Documents/Aster/rtl/accelerator/aster_npu_regs.sv /home/elfo/Documents/Aster/rtl/soc/aster_warm_stop.sv /home/elfo/Documents/Aster/rtl/peripherals/aster_uart.sv /home/elfo/Documents/Aster/rtl/peripherals/aster_coherent_perf.sv /home/elfo/Documents/Aster/rtl/dma/aster_dma_engine.sv /home/elfo/Documents/Aster/rtl/interconnect/aster_dma_arbiter.sv /home/elfo/Documents/Aster/rtl/peripherals/aster_dma_perf.sv /home/elfo/Documents/Aster/rtl/peripherals/aster_dot8_perf.sv /home/elfo/Documents/Aster/rtl/soc/aster_coherent_soc.sv /home/elfo/Documents/Aster/verification/soc/tb_aster_npu_runtime.cpp
g++  -I.  -MMD -I/home/elfo/tools/verilator/root/include -I/home/elfo/tools/verilator/root/include/vltstd -DVM_COVERAGE=0 -DVM_SC=0 -DVM_TRACE=0 -DVM_TRACE_FST=0 -DVM_TRACE_VCD=0 -faligned-new -fcf-protection=none -Wno-bool-operation -Wno-overloaded-virtual -Wno-shadow -Wno-sign-compare -Wno-uninitialized -Wno-unused-but-set-parameter -Wno-unused-but-set-variable -Wno-unused-parameter -Wno-unused-variable     -DASTER_HART_COUNT=1 -DASTER_L1=0 -DASTER_MEMORY_WAIT=7   -Os -c -o tb_aster_npu_runtime.o /home/elfo/Documents/Aster/verification/soc/tb_aster_npu_runtime.cpp
g++ -Os  -I.  -MMD -I/home/elfo/tools/verilator/root/include -I/home/elfo/tools/verilator/root/include/vltstd -DVM_COVERAGE=0 -DVM_SC=0 -DVM_TRACE=0 -DVM_TRACE_FST=0 -DVM_TRACE_VCD=0 -faligned-new -fcf-protection=none -Wno-bool-operation -Wno-overloaded-virtual -Wno-shadow -Wno-sign-compare -Wno-uninitialized -Wno-unused-but-set-parameter -Wno-unused-but-set-variable -Wno-unused-parameter -Wno-unused-variable     -DASTER_HART_COUNT=1 -DASTER_L1=0 -DASTER_MEMORY_WAIT=7   -c -o verilated.o /home/elfo/tools/verilator/root/include/verilated.cpp
g++ -Os  -I.  -MMD -I/home/elfo/tools/verilator/root/include -I/home/elfo/tools/verilator/root/include/vltstd -DVM_COVERAGE=0 -DVM_SC=0 -DVM_TRACE=0 -DVM_TRACE_FST=0 -DVM_TRACE_VCD=0 -faligned-new -fcf-protection=none -Wno-bool-operation -Wno-overloaded-virtual -Wno-shadow -Wno-sign-compare -Wno-uninitialized -Wno-unused-but-set-parameter -Wno-unused-but-set-variable -Wno-unused-parameter -Wno-unused-variable     -DASTER_HART_COUNT=1 -DASTER_L1=0 -DASTER_MEMORY_WAIT=7   -c -o verilated_threads.o /home/elfo/tools/verilator/root/include/verilated_threads.cpp
/usr/bin/python3 /home/elfo/tools/verilator/root/bin/verilator_includer -DVL_INCLUDE_OPT=include Vaster_coherent_soc.cpp Vaster_coherent_soc___024root__DepSet_hc6677697__0.cpp Vaster_coherent_soc___024root__DepSet_h9074b246__0.cpp Vaster_coherent_soc__ConstPool_0.cpp Vaster_coherent_soc___024root__Slow.cpp Vaster_coherent_soc___024root__DepSet_hc6677697__0__Slow.cpp Vaster_coherent_soc___024root__DepSet_h9074b246__0__Slow.cpp Vaster_coherent_soc__Syms.cpp > Vaster_coherent_soc__ALL.cpp
g++ -Os  -I.  -MMD -I/home/elfo/tools/verilator/root/include -I/home/elfo/tools/verilator/root/include/vltstd -DVM_COVERAGE=0 -DVM_SC=0 -DVM_TRACE=0 -DVM_TRACE_FST=0 -DVM_TRACE_VCD=0 -faligned-new -fcf-protection=none -Wno-bool-operation -Wno-overloaded-virtual -Wno-shadow -Wno-sign-compare -Wno-uninitialized -Wno-unused-but-set-parameter -Wno-unused-but-set-variable -Wno-unused-parameter -Wno-unused-variable     -DASTER_HART_COUNT=1 -DASTER_L1=0 -DASTER_MEMORY_WAIT=7   -c -o Vaster_coherent_soc__ALL.o Vaster_coherent_soc__ALL.cpp
echo "" > Vaster_coherent_soc__ALL.verilator_deplist.tmp
Archive ar -rcs Vaster_coherent_soc__ALL.a Vaster_coherent_soc__ALL.o
g++     tb_aster_npu_runtime.o verilated.o verilated_threads.o Vaster_coherent_soc__ALL.a    -pthread -lpthread -latomic   -o /home/elfo/Documents/Aster/build/npu_soc_h1_l0_sync0_wait7_w4_n16/aster_npu_runtime_sim
rm Vaster_coherent_soc__ALL.verilator_deplist.tmp
PASS: Phase 9 actual-core NPU runtime harts=1 cache=0 wait=7 starts=7 max_tiles=4 max_bytes_written=256 max_job_cycles=32334 device_transactions=5304 RAM snapshot=65536 bytes hash=0xb7ebbe5da7c6104f
mkdir -p /home/elfo/Documents/Aster/build/npu_soc_h1_l0_sync1_wait1_w4_n16
verilator --cc --exe --build --timing --Wall -DRISCV_FORMAL --Wno-DECLFILENAME --Wno-GENUNNAMED --Wno-UNUSEDSIGNAL --Wno-BLKSEQ --unroll-count 2048 --unroll-stmts 100000 \
	--assert -DASTER_COHERENCE_ASSERT --top-module aster_coherent_soc \
	-GHART_COUNT=1 "-GENABLE_L1=1'b0" "-GENABLE_DMA=1'b1" "-GENABLE_NPU=1'b1" \
	"-GSYNC_MEMORY=1'b1" -GMEMORY_WAIT_CYCLES=1 "-GHOST_BOOT=1'b1" \
	-GLINE_WORDS=4 -GLINE_COUNT=16 \
	-CFLAGS '-DASTER_HART_COUNT=1 -DASTER_L1=0 -DASTER_MEMORY_WAIT=1' \
	--Mdir /home/elfo/Documents/Aster/build/npu_soc_h1_l0_sync1_wait1_w4_n16/obj -o /home/elfo/Documents/Aster/build/npu_soc_h1_l0_sync1_wait1_w4_n16/aster_npu_runtime_sim \
	/home/elfo/Documents/Aster/rtl/core/aster_picorv32.sv /home/elfo/Documents/Aster/vendor/picorv32/picorv32.v /home/elfo/Documents/Aster/rtl/cache/aster_l1_cache.sv /home/elfo/Documents/Aster/rtl/memory/aster_rom.sv /home/elfo/Documents/Aster/rtl/memory/aster_ram.sv /home/elfo/Documents/Aster/rtl/core/aster_pcpi_atomic.sv /home/elfo/Documents/Aster/rtl/core/aster_pcpi_dot8.sv /home/elfo/Documents/Aster/rtl/core/aster_atomic_hart.sv /home/elfo/Documents/Aster/rtl/cache/aster_coherent_cache.sv /home/elfo/Documents/Aster/rtl/interconnect/aster_atomic_fabric.sv /home/elfo/Documents/Aster/rtl/interconnect/aster_device_arbiter.sv /home/elfo/Documents/Aster/rtl/accelerator/aster_int8_pe.sv /home/elfo/Documents/Aster/rtl/accelerator/aster_int8_array.sv /home/elfo/Documents/Aster/rtl/accelerator/aster_npu_engine.sv /home/elfo/Documents/Aster/rtl/accelerator/aster_npu_regs.sv /home/elfo/Documents/Aster/rtl/soc/aster_warm_stop.sv /home/elfo/Documents/Aster/rtl/peripherals/aster_uart.sv /home/elfo/Documents/Aster/rtl/peripherals/aster_coherent_perf.sv /home/elfo/Documents/Aster/rtl/dma/aster_dma_engine.sv /home/elfo/Documents/Aster/rtl/interconnect/aster_dma_arbiter.sv /home/elfo/Documents/Aster/rtl/peripherals/aster_dma_perf.sv /home/elfo/Documents/Aster/rtl/peripherals/aster_dot8_perf.sv /home/elfo/Documents/Aster/rtl/soc/aster_coherent_soc.sv /home/elfo/Documents/Aster/verification/soc/tb_aster_npu_runtime.cpp
g++  -I.  -MMD -I/home/elfo/tools/verilator/root/include -I/home/elfo/tools/verilator/root/include/vltstd -DVM_COVERAGE=0 -DVM_SC=0 -DVM_TRACE=0 -DVM_TRACE_FST=0 -DVM_TRACE_VCD=0 -faligned-new -fcf-protection=none -Wno-bool-operation -Wno-overloaded-virtual -Wno-shadow -Wno-sign-compare -Wno-uninitialized -Wno-unused-but-set-parameter -Wno-unused-but-set-variable -Wno-unused-parameter -Wno-unused-variable     -DASTER_HART_COUNT=1 -DASTER_L1=0 -DASTER_MEMORY_WAIT=1   -Os -c -o tb_aster_npu_runtime.o /home/elfo/Documents/Aster/verification/soc/tb_aster_npu_runtime.cpp
g++ -Os  -I.  -MMD -I/home/elfo/tools/verilator/root/include -I/home/elfo/tools/verilator/root/include/vltstd -DVM_COVERAGE=0 -DVM_SC=0 -DVM_TRACE=0 -DVM_TRACE_FST=0 -DVM_TRACE_VCD=0 -faligned-new -fcf-protection=none -Wno-bool-operation -Wno-overloaded-virtual -Wno-shadow -Wno-sign-compare -Wno-uninitialized -Wno-unused-but-set-parameter -Wno-unused-but-set-variable -Wno-unused-parameter -Wno-unused-variable     -DASTER_HART_COUNT=1 -DASTER_L1=0 -DASTER_MEMORY_WAIT=1   -c -o verilated.o /home/elfo/tools/verilator/root/include/verilated.cpp
g++ -Os  -I.  -MMD -I/home/elfo/tools/verilator/root/include -I/home/elfo/tools/verilator/root/include/vltstd -DVM_COVERAGE=0 -DVM_SC=0 -DVM_TRACE=0 -DVM_TRACE_FST=0 -DVM_TRACE_VCD=0 -faligned-new -fcf-protection=none -Wno-bool-operation -Wno-overloaded-virtual -Wno-shadow -Wno-sign-compare -Wno-uninitialized -Wno-unused-but-set-parameter -Wno-unused-but-set-variable -Wno-unused-parameter -Wno-unused-variable     -DASTER_HART_COUNT=1 -DASTER_L1=0 -DASTER_MEMORY_WAIT=1   -c -o verilated_threads.o /home/elfo/tools/verilator/root/include/verilated_threads.cpp
/usr/bin/python3 /home/elfo/tools/verilator/root/bin/verilator_includer -DVL_INCLUDE_OPT=include Vaster_coherent_soc.cpp Vaster_coherent_soc___024root__DepSet_hc6677697__0.cpp Vaster_coherent_soc___024root__DepSet_h9074b246__0.cpp Vaster_coherent_soc__ConstPool_0.cpp Vaster_coherent_soc___024root__Slow.cpp Vaster_coherent_soc___024root__DepSet_hc6677697__0__Slow.cpp Vaster_coherent_soc___024root__DepSet_h9074b246__0__Slow.cpp Vaster_coherent_soc__Syms.cpp > Vaster_coherent_soc__ALL.cpp
g++ -Os  -I.  -MMD -I/home/elfo/tools/verilator/root/include -I/home/elfo/tools/verilator/root/include/vltstd -DVM_COVERAGE=0 -DVM_SC=0 -DVM_TRACE=0 -DVM_TRACE_FST=0 -DVM_TRACE_VCD=0 -faligned-new -fcf-protection=none -Wno-bool-operation -Wno-overloaded-virtual -Wno-shadow -Wno-sign-compare -Wno-uninitialized -Wno-unused-but-set-parameter -Wno-unused-but-set-variable -Wno-unused-parameter -Wno-unused-variable     -DASTER_HART_COUNT=1 -DASTER_L1=0 -DASTER_MEMORY_WAIT=1   -c -o Vaster_coherent_soc__ALL.o Vaster_coherent_soc__ALL.cpp
echo "" > Vaster_coherent_soc__ALL.verilator_deplist.tmp
Archive ar -rcs Vaster_coherent_soc__ALL.a Vaster_coherent_soc__ALL.o
g++     tb_aster_npu_runtime.o verilated.o verilated_threads.o Vaster_coherent_soc__ALL.a    -pthread -lpthread -latomic   -o /home/elfo/Documents/Aster/build/npu_soc_h1_l0_sync1_wait1_w4_n16/aster_npu_runtime_sim
rm Vaster_coherent_soc__ALL.verilator_deplist.tmp
PASS: Phase 9 actual-core NPU runtime harts=1 cache=0 wait=1 starts=7 max_tiles=4 max_bytes_written=256 max_job_cycles=18522 device_transactions=5304 RAM snapshot=65536 bytes hash=0xb7ebbe5da7c6104f
mkdir -p /home/elfo/Documents/Aster/build/npu_soc_h1_l0_sync1_wait7_w4_n16
verilator --cc --exe --build --timing --Wall -DRISCV_FORMAL --Wno-DECLFILENAME --Wno-GENUNNAMED --Wno-UNUSEDSIGNAL --Wno-BLKSEQ --unroll-count 2048 --unroll-stmts 100000 \
	--assert -DASTER_COHERENCE_ASSERT --top-module aster_coherent_soc \
	-GHART_COUNT=1 "-GENABLE_L1=1'b0" "-GENABLE_DMA=1'b1" "-GENABLE_NPU=1'b1" \
	"-GSYNC_MEMORY=1'b1" -GMEMORY_WAIT_CYCLES=7 "-GHOST_BOOT=1'b1" \
	-GLINE_WORDS=4 -GLINE_COUNT=16 \
	-CFLAGS '-DASTER_HART_COUNT=1 -DASTER_L1=0 -DASTER_MEMORY_WAIT=7' \
	--Mdir /home/elfo/Documents/Aster/build/npu_soc_h1_l0_sync1_wait7_w4_n16/obj -o /home/elfo/Documents/Aster/build/npu_soc_h1_l0_sync1_wait7_w4_n16/aster_npu_runtime_sim \
	/home/elfo/Documents/Aster/rtl/core/aster_picorv32.sv /home/elfo/Documents/Aster/vendor/picorv32/picorv32.v /home/elfo/Documents/Aster/rtl/cache/aster_l1_cache.sv /home/elfo/Documents/Aster/rtl/memory/aster_rom.sv /home/elfo/Documents/Aster/rtl/memory/aster_ram.sv /home/elfo/Documents/Aster/rtl/core/aster_pcpi_atomic.sv /home/elfo/Documents/Aster/rtl/core/aster_pcpi_dot8.sv /home/elfo/Documents/Aster/rtl/core/aster_atomic_hart.sv /home/elfo/Documents/Aster/rtl/cache/aster_coherent_cache.sv /home/elfo/Documents/Aster/rtl/interconnect/aster_atomic_fabric.sv /home/elfo/Documents/Aster/rtl/interconnect/aster_device_arbiter.sv /home/elfo/Documents/Aster/rtl/accelerator/aster_int8_pe.sv /home/elfo/Documents/Aster/rtl/accelerator/aster_int8_array.sv /home/elfo/Documents/Aster/rtl/accelerator/aster_npu_engine.sv /home/elfo/Documents/Aster/rtl/accelerator/aster_npu_regs.sv /home/elfo/Documents/Aster/rtl/soc/aster_warm_stop.sv /home/elfo/Documents/Aster/rtl/peripherals/aster_uart.sv /home/elfo/Documents/Aster/rtl/peripherals/aster_coherent_perf.sv /home/elfo/Documents/Aster/rtl/dma/aster_dma_engine.sv /home/elfo/Documents/Aster/rtl/interconnect/aster_dma_arbiter.sv /home/elfo/Documents/Aster/rtl/peripherals/aster_dma_perf.sv /home/elfo/Documents/Aster/rtl/peripherals/aster_dot8_perf.sv /home/elfo/Documents/Aster/rtl/soc/aster_coherent_soc.sv /home/elfo/Documents/Aster/verification/soc/tb_aster_npu_runtime.cpp
g++  -I.  -MMD -I/home/elfo/tools/verilator/root/include -I/home/elfo/tools/verilator/root/include/vltstd -DVM_COVERAGE=0 -DVM_SC=0 -DVM_TRACE=0 -DVM_TRACE_FST=0 -DVM_TRACE_VCD=0 -faligned-new -fcf-protection=none -Wno-bool-operation -Wno-overloaded-virtual -Wno-shadow -Wno-sign-compare -Wno-uninitialized -Wno-unused-but-set-parameter -Wno-unused-but-set-variable -Wno-unused-parameter -Wno-unused-variable     -DASTER_HART_COUNT=1 -DASTER_L1=0 -DASTER_MEMORY_WAIT=7   -Os -c -o tb_aster_npu_runtime.o /home/elfo/Documents/Aster/verification/soc/tb_aster_npu_runtime.cpp
g++ -Os  -I.  -MMD -I/home/elfo/tools/verilator/root/include -I/home/elfo/tools/verilator/root/include/vltstd -DVM_COVERAGE=0 -DVM_SC=0 -DVM_TRACE=0 -DVM_TRACE_FST=0 -DVM_TRACE_VCD=0 -faligned-new -fcf-protection=none -Wno-bool-operation -Wno-overloaded-virtual -Wno-shadow -Wno-sign-compare -Wno-uninitialized -Wno-unused-but-set-parameter -Wno-unused-but-set-variable -Wno-unused-parameter -Wno-unused-variable     -DASTER_HART_COUNT=1 -DASTER_L1=0 -DASTER_MEMORY_WAIT=7   -c -o verilated.o /home/elfo/tools/verilator/root/include/verilated.cpp
g++ -Os  -I.  -MMD -I/home/elfo/tools/verilator/root/include -I/home/elfo/tools/verilator/root/include/vltstd -DVM_COVERAGE=0 -DVM_SC=0 -DVM_TRACE=0 -DVM_TRACE_FST=0 -DVM_TRACE_VCD=0 -faligned-new -fcf-protection=none -Wno-bool-operation -Wno-overloaded-virtual -Wno-shadow -Wno-sign-compare -Wno-uninitialized -Wno-unused-but-set-parameter -Wno-unused-but-set-variable -Wno-unused-parameter -Wno-unused-variable     -DASTER_HART_COUNT=1 -DASTER_L1=0 -DASTER_MEMORY_WAIT=7   -c -o verilated_threads.o /home/elfo/tools/verilator/root/include/verilated_threads.cpp
/usr/bin/python3 /home/elfo/tools/verilator/root/bin/verilator_includer -DVL_INCLUDE_OPT=include Vaster_coherent_soc.cpp Vaster_coherent_soc___024root__DepSet_hc6677697__0.cpp Vaster_coherent_soc___024root__DepSet_h9074b246__0.cpp Vaster_coherent_soc__ConstPool_0.cpp Vaster_coherent_soc___024root__Slow.cpp Vaster_coherent_soc___024root__DepSet_hc6677697__0__Slow.cpp Vaster_coherent_soc___024root__DepSet_h9074b246__0__Slow.cpp Vaster_coherent_soc__Syms.cpp > Vaster_coherent_soc__ALL.cpp
g++ -Os  -I.  -MMD -I/home/elfo/tools/verilator/root/include -I/home/elfo/tools/verilator/root/include/vltstd -DVM_COVERAGE=0 -DVM_SC=0 -DVM_TRACE=0 -DVM_TRACE_FST=0 -DVM_TRACE_VCD=0 -faligned-new -fcf-protection=none -Wno-bool-operation -Wno-overloaded-virtual -Wno-shadow -Wno-sign-compare -Wno-uninitialized -Wno-unused-but-set-parameter -Wno-unused-but-set-variable -Wno-unused-parameter -Wno-unused-variable     -DASTER_HART_COUNT=1 -DASTER_L1=0 -DASTER_MEMORY_WAIT=7   -c -o Vaster_coherent_soc__ALL.o Vaster_coherent_soc__ALL.cpp
echo "" > Vaster_coherent_soc__ALL.verilator_deplist.tmp
Archive ar -rcs Vaster_coherent_soc__ALL.a Vaster_coherent_soc__ALL.o
g++     tb_aster_npu_runtime.o verilated.o verilated_threads.o Vaster_coherent_soc__ALL.a    -pthread -lpthread -latomic   -o /home/elfo/Documents/Aster/build/npu_soc_h1_l0_sync1_wait7_w4_n16/aster_npu_runtime_sim
rm Vaster_coherent_soc__ALL.verilator_deplist.tmp
PASS: Phase 9 actual-core NPU runtime harts=1 cache=0 wait=7 starts=7 max_tiles=4 max_bytes_written=256 max_job_cycles=32334 device_transactions=5304 RAM snapshot=65536 bytes hash=0xb7ebbe5da7c6104f
mkdir -p /home/elfo/Documents/Aster/build/npu_soc_h1_l1_sync0_wait0_w4_n16
verilator --cc --exe --build --timing --Wall -DRISCV_FORMAL --Wno-DECLFILENAME --Wno-GENUNNAMED --Wno-UNUSEDSIGNAL --Wno-BLKSEQ --unroll-count 2048 --unroll-stmts 100000 \
	--assert -DASTER_COHERENCE_ASSERT --top-module aster_coherent_soc \
	-GHART_COUNT=1 "-GENABLE_L1=1'b1" "-GENABLE_DMA=1'b1" "-GENABLE_NPU=1'b1" \
	"-GSYNC_MEMORY=1'b0" -GMEMORY_WAIT_CYCLES=0 "-GHOST_BOOT=1'b1" \
	-GLINE_WORDS=4 -GLINE_COUNT=16 \
	-CFLAGS '-DASTER_HART_COUNT=1 -DASTER_L1=1 -DASTER_MEMORY_WAIT=0' \
	--Mdir /home/elfo/Documents/Aster/build/npu_soc_h1_l1_sync0_wait0_w4_n16/obj -o /home/elfo/Documents/Aster/build/npu_soc_h1_l1_sync0_wait0_w4_n16/aster_npu_runtime_sim \
	/home/elfo/Documents/Aster/rtl/core/aster_picorv32.sv /home/elfo/Documents/Aster/vendor/picorv32/picorv32.v /home/elfo/Documents/Aster/rtl/cache/aster_l1_cache.sv /home/elfo/Documents/Aster/rtl/memory/aster_rom.sv /home/elfo/Documents/Aster/rtl/memory/aster_ram.sv /home/elfo/Documents/Aster/rtl/core/aster_pcpi_atomic.sv /home/elfo/Documents/Aster/rtl/core/aster_pcpi_dot8.sv /home/elfo/Documents/Aster/rtl/core/aster_atomic_hart.sv /home/elfo/Documents/Aster/rtl/cache/aster_coherent_cache.sv /home/elfo/Documents/Aster/rtl/interconnect/aster_atomic_fabric.sv /home/elfo/Documents/Aster/rtl/interconnect/aster_device_arbiter.sv /home/elfo/Documents/Aster/rtl/accelerator/aster_int8_pe.sv /home/elfo/Documents/Aster/rtl/accelerator/aster_int8_array.sv /home/elfo/Documents/Aster/rtl/accelerator/aster_npu_engine.sv /home/elfo/Documents/Aster/rtl/accelerator/aster_npu_regs.sv /home/elfo/Documents/Aster/rtl/soc/aster_warm_stop.sv /home/elfo/Documents/Aster/rtl/peripherals/aster_uart.sv /home/elfo/Documents/Aster/rtl/peripherals/aster_coherent_perf.sv /home/elfo/Documents/Aster/rtl/dma/aster_dma_engine.sv /home/elfo/Documents/Aster/rtl/interconnect/aster_dma_arbiter.sv /home/elfo/Documents/Aster/rtl/peripherals/aster_dma_perf.sv /home/elfo/Documents/Aster/rtl/peripherals/aster_dot8_perf.sv /home/elfo/Documents/Aster/rtl/soc/aster_coherent_soc.sv /home/elfo/Documents/Aster/verification/soc/tb_aster_npu_runtime.cpp
g++  -I.  -MMD -I/home/elfo/tools/verilator/root/include -I/home/elfo/tools/verilator/root/include/vltstd -DVM_COVERAGE=0 -DVM_SC=0 -DVM_TRACE=0 -DVM_TRACE_FST=0 -DVM_TRACE_VCD=0 -faligned-new -fcf-protection=none -Wno-bool-operation -Wno-overloaded-virtual -Wno-shadow -Wno-sign-compare -Wno-uninitialized -Wno-unused-but-set-parameter -Wno-unused-but-set-variable -Wno-unused-parameter -Wno-unused-variable     -DASTER_HART_COUNT=1 -DASTER_L1=1 -DASTER_MEMORY_WAIT=0   -Os -c -o tb_aster_npu_runtime.o /home/elfo/Documents/Aster/verification/soc/tb_aster_npu_runtime.cpp
g++ -Os  -I.  -MMD -I/home/elfo/tools/verilator/root/include -I/home/elfo/tools/verilator/root/include/vltstd -DVM_COVERAGE=0 -DVM_SC=0 -DVM_TRACE=0 -DVM_TRACE_FST=0 -DVM_TRACE_VCD=0 -faligned-new -fcf-protection=none -Wno-bool-operation -Wno-overloaded-virtual -Wno-shadow -Wno-sign-compare -Wno-uninitialized -Wno-unused-but-set-parameter -Wno-unused-but-set-variable -Wno-unused-parameter -Wno-unused-variable     -DASTER_HART_COUNT=1 -DASTER_L1=1 -DASTER_MEMORY_WAIT=0   -c -o verilated.o /home/elfo/tools/verilator/root/include/verilated.cpp
g++ -Os  -I.  -MMD -I/home/elfo/tools/verilator/root/include -I/home/elfo/tools/verilator/root/include/vltstd -DVM_COVERAGE=0 -DVM_SC=0 -DVM_TRACE=0 -DVM_TRACE_FST=0 -DVM_TRACE_VCD=0 -faligned-new -fcf-protection=none -Wno-bool-operation -Wno-overloaded-virtual -Wno-shadow -Wno-sign-compare -Wno-uninitialized -Wno-unused-but-set-parameter -Wno-unused-but-set-variable -Wno-unused-parameter -Wno-unused-variable     -DASTER_HART_COUNT=1 -DASTER_L1=1 -DASTER_MEMORY_WAIT=0   -c -o verilated_threads.o /home/elfo/tools/verilator/root/include/verilated_threads.cpp
/usr/bin/python3 /home/elfo/tools/verilator/root/bin/verilator_includer -DVL_INCLUDE_OPT=include Vaster_coherent_soc.cpp Vaster_coherent_soc___024root__DepSet_hc6677697__0.cpp Vaster_coherent_soc___024root__DepSet_h9074b246__0.cpp Vaster_coherent_soc__ConstPool_0.cpp Vaster_coherent_soc___024root__Slow.cpp Vaster_coherent_soc___024root__DepSet_hc6677697__0__Slow.cpp Vaster_coherent_soc___024root__DepSet_h9074b246__0__Slow.cpp Vaster_coherent_soc__Syms.cpp > Vaster_coherent_soc__ALL.cpp
g++ -Os  -I.  -MMD -I/home/elfo/tools/verilator/root/include -I/home/elfo/tools/verilator/root/include/vltstd -DVM_COVERAGE=0 -DVM_SC=0 -DVM_TRACE=0 -DVM_TRACE_FST=0 -DVM_TRACE_VCD=0 -faligned-new -fcf-protection=none -Wno-bool-operation -Wno-overloaded-virtual -Wno-shadow -Wno-sign-compare -Wno-uninitialized -Wno-unused-but-set-parameter -Wno-unused-but-set-variable -Wno-unused-parameter -Wno-unused-variable     -DASTER_HART_COUNT=1 -DASTER_L1=1 -DASTER_MEMORY_WAIT=0   -c -o Vaster_coherent_soc__ALL.o Vaster_coherent_soc__ALL.cpp
echo "" > Vaster_coherent_soc__ALL.verilator_deplist.tmp
Archive ar -rcs Vaster_coherent_soc__ALL.a Vaster_coherent_soc__ALL.o
g++     tb_aster_npu_runtime.o verilated.o verilated_threads.o Vaster_coherent_soc__ALL.a    -pthread -lpthread -latomic   -o /home/elfo/Documents/Aster/build/npu_soc_h1_l1_sync0_wait0_w4_n16/aster_npu_runtime_sim
rm Vaster_coherent_soc__ALL.verilator_deplist.tmp
PASS: Phase 9 actual-core NPU runtime harts=1 cache=1 wait=0 starts=7 max_tiles=4 max_bytes_written=256 max_job_cycles=14906 device_transactions=4836 RAM snapshot=65536 bytes hash=0xb7ebbe5da7c6104f
mkdir -p /home/elfo/Documents/Aster/build/npu_soc_h1_l1_sync0_wait7_w4_n16
verilator --cc --exe --build --timing --Wall -DRISCV_FORMAL --Wno-DECLFILENAME --Wno-GENUNNAMED --Wno-UNUSEDSIGNAL --Wno-BLKSEQ --unroll-count 2048 --unroll-stmts 100000 \
	--assert -DASTER_COHERENCE_ASSERT --top-module aster_coherent_soc \
	-GHART_COUNT=1 "-GENABLE_L1=1'b1" "-GENABLE_DMA=1'b1" "-GENABLE_NPU=1'b1" \
	"-GSYNC_MEMORY=1'b0" -GMEMORY_WAIT_CYCLES=7 "-GHOST_BOOT=1'b1" \
	-GLINE_WORDS=4 -GLINE_COUNT=16 \
	-CFLAGS '-DASTER_HART_COUNT=1 -DASTER_L1=1 -DASTER_MEMORY_WAIT=7' \
	--Mdir /home/elfo/Documents/Aster/build/npu_soc_h1_l1_sync0_wait7_w4_n16/obj -o /home/elfo/Documents/Aster/build/npu_soc_h1_l1_sync0_wait7_w4_n16/aster_npu_runtime_sim \
	/home/elfo/Documents/Aster/rtl/core/aster_picorv32.sv /home/elfo/Documents/Aster/vendor/picorv32/picorv32.v /home/elfo/Documents/Aster/rtl/cache/aster_l1_cache.sv /home/elfo/Documents/Aster/rtl/memory/aster_rom.sv /home/elfo/Documents/Aster/rtl/memory/aster_ram.sv /home/elfo/Documents/Aster/rtl/core/aster_pcpi_atomic.sv /home/elfo/Documents/Aster/rtl/core/aster_pcpi_dot8.sv /home/elfo/Documents/Aster/rtl/core/aster_atomic_hart.sv /home/elfo/Documents/Aster/rtl/cache/aster_coherent_cache.sv /home/elfo/Documents/Aster/rtl/interconnect/aster_atomic_fabric.sv /home/elfo/Documents/Aster/rtl/interconnect/aster_device_arbiter.sv /home/elfo/Documents/Aster/rtl/accelerator/aster_int8_pe.sv /home/elfo/Documents/Aster/rtl/accelerator/aster_int8_array.sv /home/elfo/Documents/Aster/rtl/accelerator/aster_npu_engine.sv /home/elfo/Documents/Aster/rtl/accelerator/aster_npu_regs.sv /home/elfo/Documents/Aster/rtl/soc/aster_warm_stop.sv /home/elfo/Documents/Aster/rtl/peripherals/aster_uart.sv /home/elfo/Documents/Aster/rtl/peripherals/aster_coherent_perf.sv /home/elfo/Documents/Aster/rtl/dma/aster_dma_engine.sv /home/elfo/Documents/Aster/rtl/interconnect/aster_dma_arbiter.sv /home/elfo/Documents/Aster/rtl/peripherals/aster_dma_perf.sv /home/elfo/Documents/Aster/rtl/peripherals/aster_dot8_perf.sv /home/elfo/Documents/Aster/rtl/soc/aster_coherent_soc.sv /home/elfo/Documents/Aster/verification/soc/tb_aster_npu_runtime.cpp
g++  -I.  -MMD -I/home/elfo/tools/verilator/root/include -I/home/elfo/tools/verilator/root/include/vltstd -DVM_COVERAGE=0 -DVM_SC=0 -DVM_TRACE=0 -DVM_TRACE_FST=0 -DVM_TRACE_VCD=0 -faligned-new -fcf-protection=none -Wno-bool-operation -Wno-overloaded-virtual -Wno-shadow -Wno-sign-compare -Wno-uninitialized -Wno-unused-but-set-parameter -Wno-unused-but-set-variable -Wno-unused-parameter -Wno-unused-variable     -DASTER_HART_COUNT=1 -DASTER_L1=1 -DASTER_MEMORY_WAIT=7   -Os -c -o tb_aster_npu_runtime.o /home/elfo/Documents/Aster/verification/soc/tb_aster_npu_runtime.cpp
g++ -Os  -I.  -MMD -I/home/elfo/tools/verilator/root/include -I/home/elfo/tools/verilator/root/include/vltstd -DVM_COVERAGE=0 -DVM_SC=0 -DVM_TRACE=0 -DVM_TRACE_FST=0 -DVM_TRACE_VCD=0 -faligned-new -fcf-protection=none -Wno-bool-operation -Wno-overloaded-virtual -Wno-shadow -Wno-sign-compare -Wno-uninitialized -Wno-unused-but-set-parameter -Wno-unused-but-set-variable -Wno-unused-parameter -Wno-unused-variable     -DASTER_HART_COUNT=1 -DASTER_L1=1 -DASTER_MEMORY_WAIT=7   -c -o verilated.o /home/elfo/tools/verilator/root/include/verilated.cpp
g++ -Os  -I.  -MMD -I/home/elfo/tools/verilator/root/include -I/home/elfo/tools/verilator/root/include/vltstd -DVM_COVERAGE=0 -DVM_SC=0 -DVM_TRACE=0 -DVM_TRACE_FST=0 -DVM_TRACE_VCD=0 -faligned-new -fcf-protection=none -Wno-bool-operation -Wno-overloaded-virtual -Wno-shadow -Wno-sign-compare -Wno-uninitialized -Wno-unused-but-set-parameter -Wno-unused-but-set-variable -Wno-unused-parameter -Wno-unused-variable     -DASTER_HART_COUNT=1 -DASTER_L1=1 -DASTER_MEMORY_WAIT=7   -c -o verilated_threads.o /home/elfo/tools/verilator/root/include/verilated_threads.cpp
/usr/bin/python3 /home/elfo/tools/verilator/root/bin/verilator_includer -DVL_INCLUDE_OPT=include Vaster_coherent_soc.cpp Vaster_coherent_soc___024root__DepSet_hc6677697__0.cpp Vaster_coherent_soc___024root__DepSet_h9074b246__0.cpp Vaster_coherent_soc__ConstPool_0.cpp Vaster_coherent_soc___024root__Slow.cpp Vaster_coherent_soc___024root__DepSet_hc6677697__0__Slow.cpp Vaster_coherent_soc___024root__DepSet_h9074b246__0__Slow.cpp Vaster_coherent_soc__Syms.cpp > Vaster_coherent_soc__ALL.cpp
g++ -Os  -I.  -MMD -I/home/elfo/tools/verilator/root/include -I/home/elfo/tools/verilator/root/include/vltstd -DVM_COVERAGE=0 -DVM_SC=0 -DVM_TRACE=0 -DVM_TRACE_FST=0 -DVM_TRACE_VCD=0 -faligned-new -fcf-protection=none -Wno-bool-operation -Wno-overloaded-virtual -Wno-shadow -Wno-sign-compare -Wno-uninitialized -Wno-unused-but-set-parameter -Wno-unused-but-set-variable -Wno-unused-parameter -Wno-unused-variable     -DASTER_HART_COUNT=1 -DASTER_L1=1 -DASTER_MEMORY_WAIT=7   -c -o Vaster_coherent_soc__ALL.o Vaster_coherent_soc__ALL.cpp
echo "" > Vaster_coherent_soc__ALL.verilator_deplist.tmp
Archive ar -rcs Vaster_coherent_soc__ALL.a Vaster_coherent_soc__ALL.o
g++     tb_aster_npu_runtime.o verilated.o verilated_threads.o Vaster_coherent_soc__ALL.a    -pthread -lpthread -latomic   -o /home/elfo/Documents/Aster/build/npu_soc_h1_l1_sync0_wait7_w4_n16/aster_npu_runtime_sim
rm Vaster_coherent_soc__ALL.verilator_deplist.tmp
PASS: Phase 9 actual-core NPU runtime harts=1 cache=1 wait=7 starts=7 max_tiles=4 max_bytes_written=256 max_job_cycles=28951 device_transactions=4836 RAM snapshot=65536 bytes hash=0xb7ebbe5da7c6104f
mkdir -p /home/elfo/Documents/Aster/build/npu_soc_h1_l1_sync1_wait1_w4_n16
verilator --cc --exe --build --timing --Wall -DRISCV_FORMAL --Wno-DECLFILENAME --Wno-GENUNNAMED --Wno-UNUSEDSIGNAL --Wno-BLKSEQ --unroll-count 2048 --unroll-stmts 100000 \
	--assert -DASTER_COHERENCE_ASSERT --top-module aster_coherent_soc \
	-GHART_COUNT=1 "-GENABLE_L1=1'b1" "-GENABLE_DMA=1'b1" "-GENABLE_NPU=1'b1" \
	"-GSYNC_MEMORY=1'b1" -GMEMORY_WAIT_CYCLES=1 "-GHOST_BOOT=1'b1" \
	-GLINE_WORDS=4 -GLINE_COUNT=16 \
	-CFLAGS '-DASTER_HART_COUNT=1 -DASTER_L1=1 -DASTER_MEMORY_WAIT=1' \
	--Mdir /home/elfo/Documents/Aster/build/npu_soc_h1_l1_sync1_wait1_w4_n16/obj -o /home/elfo/Documents/Aster/build/npu_soc_h1_l1_sync1_wait1_w4_n16/aster_npu_runtime_sim \
	/home/elfo/Documents/Aster/rtl/core/aster_picorv32.sv /home/elfo/Documents/Aster/vendor/picorv32/picorv32.v /home/elfo/Documents/Aster/rtl/cache/aster_l1_cache.sv /home/elfo/Documents/Aster/rtl/memory/aster_rom.sv /home/elfo/Documents/Aster/rtl/memory/aster_ram.sv /home/elfo/Documents/Aster/rtl/core/aster_pcpi_atomic.sv /home/elfo/Documents/Aster/rtl/core/aster_pcpi_dot8.sv /home/elfo/Documents/Aster/rtl/core/aster_atomic_hart.sv /home/elfo/Documents/Aster/rtl/cache/aster_coherent_cache.sv /home/elfo/Documents/Aster/rtl/interconnect/aster_atomic_fabric.sv /home/elfo/Documents/Aster/rtl/interconnect/aster_device_arbiter.sv /home/elfo/Documents/Aster/rtl/accelerator/aster_int8_pe.sv /home/elfo/Documents/Aster/rtl/accelerator/aster_int8_array.sv /home/elfo/Documents/Aster/rtl/accelerator/aster_npu_engine.sv /home/elfo/Documents/Aster/rtl/accelerator/aster_npu_regs.sv /home/elfo/Documents/Aster/rtl/soc/aster_warm_stop.sv /home/elfo/Documents/Aster/rtl/peripherals/aster_uart.sv /home/elfo/Documents/Aster/rtl/peripherals/aster_coherent_perf.sv /home/elfo/Documents/Aster/rtl/dma/aster_dma_engine.sv /home/elfo/Documents/Aster/rtl/interconnect/aster_dma_arbiter.sv /home/elfo/Documents/Aster/rtl/peripherals/aster_dma_perf.sv /home/elfo/Documents/Aster/rtl/peripherals/aster_dot8_perf.sv /home/elfo/Documents/Aster/rtl/soc/aster_coherent_soc.sv /home/elfo/Documents/Aster/verification/soc/tb_aster_npu_runtime.cpp
g++  -I.  -MMD -I/home/elfo/tools/verilator/root/include -I/home/elfo/tools/verilator/root/include/vltstd -DVM_COVERAGE=0 -DVM_SC=0 -DVM_TRACE=0 -DVM_TRACE_FST=0 -DVM_TRACE_VCD=0 -faligned-new -fcf-protection=none -Wno-bool-operation -Wno-overloaded-virtual -Wno-shadow -Wno-sign-compare -Wno-uninitialized -Wno-unused-but-set-parameter -Wno-unused-but-set-variable -Wno-unused-parameter -Wno-unused-variable     -DASTER_HART_COUNT=1 -DASTER_L1=1 -DASTER_MEMORY_WAIT=1   -Os -c -o tb_aster_npu_runtime.o /home/elfo/Documents/Aster/verification/soc/tb_aster_npu_runtime.cpp
g++ -Os  -I.  -MMD -I/home/elfo/tools/verilator/root/include -I/home/elfo/tools/verilator/root/include/vltstd -DVM_COVERAGE=0 -DVM_SC=0 -DVM_TRACE=0 -DVM_TRACE_FST=0 -DVM_TRACE_VCD=0 -faligned-new -fcf-protection=none -Wno-bool-operation -Wno-overloaded-virtual -Wno-shadow -Wno-sign-compare -Wno-uninitialized -Wno-unused-but-set-parameter -Wno-unused-but-set-variable -Wno-unused-parameter -Wno-unused-variable     -DASTER_HART_COUNT=1 -DASTER_L1=1 -DASTER_MEMORY_WAIT=1   -c -o verilated.o /home/elfo/tools/verilator/root/include/verilated.cpp
g++ -Os  -I.  -MMD -I/home/elfo/tools/verilator/root/include -I/home/elfo/tools/verilator/root/include/vltstd -DVM_COVERAGE=0 -DVM_SC=0 -DVM_TRACE=0 -DVM_TRACE_FST=0 -DVM_TRACE_VCD=0 -faligned-new -fcf-protection=none -Wno-bool-operation -Wno-overloaded-virtual -Wno-shadow -Wno-sign-compare -Wno-uninitialized -Wno-unused-but-set-parameter -Wno-unused-but-set-variable -Wno-unused-parameter -Wno-unused-variable     -DASTER_HART_COUNT=1 -DASTER_L1=1 -DASTER_MEMORY_WAIT=1   -c -o verilated_threads.o /home/elfo/tools/verilator/root/include/verilated_threads.cpp
/usr/bin/python3 /home/elfo/tools/verilator/root/bin/verilator_includer -DVL_INCLUDE_OPT=include Vaster_coherent_soc.cpp Vaster_coherent_soc___024root__DepSet_hc6677697__0.cpp Vaster_coherent_soc___024root__DepSet_h9074b246__0.cpp Vaster_coherent_soc__ConstPool_0.cpp Vaster_coherent_soc___024root__Slow.cpp Vaster_coherent_soc___024root__DepSet_hc6677697__0__Slow.cpp Vaster_coherent_soc___024root__DepSet_h9074b246__0__Slow.cpp Vaster_coherent_soc__Syms.cpp > Vaster_coherent_soc__ALL.cpp
g++ -Os  -I.  -MMD -I/home/elfo/tools/verilator/root/include -I/home/elfo/tools/verilator/root/include/vltstd -DVM_COVERAGE=0 -DVM_SC=0 -DVM_TRACE=0 -DVM_TRACE_FST=0 -DVM_TRACE_VCD=0 -faligned-new -fcf-protection=none -Wno-bool-operation -Wno-overloaded-virtual -Wno-shadow -Wno-sign-compare -Wno-uninitialized -Wno-unused-but-set-parameter -Wno-unused-but-set-variable -Wno-unused-parameter -Wno-unused-variable     -DASTER_HART_COUNT=1 -DASTER_L1=1 -DASTER_MEMORY_WAIT=1   -c -o Vaster_coherent_soc__ALL.o Vaster_coherent_soc__ALL.cpp
echo "" > Vaster_coherent_soc__ALL.verilator_deplist.tmp
Archive ar -rcs Vaster_coherent_soc__ALL.a Vaster_coherent_soc__ALL.o
g++     tb_aster_npu_runtime.o verilated.o verilated_threads.o Vaster_coherent_soc__ALL.a    -pthread -lpthread -latomic   -o /home/elfo/Documents/Aster/build/npu_soc_h1_l1_sync1_wait1_w4_n16/aster_npu_runtime_sim
rm Vaster_coherent_soc__ALL.verilator_deplist.tmp
PASS: Phase 9 actual-core NPU runtime harts=1 cache=1 wait=1 starts=7 max_tiles=4 max_bytes_written=256 max_job_cycles=16763 device_transactions=4836 RAM snapshot=65536 bytes hash=0xb7ebbe5da7c6104f
mkdir -p /home/elfo/Documents/Aster/build/npu_soc_h1_l1_sync1_wait7_w4_n16
verilator --cc --exe --build --timing --Wall -DRISCV_FORMAL --Wno-DECLFILENAME --Wno-GENUNNAMED --Wno-UNUSEDSIGNAL --Wno-BLKSEQ --unroll-count 2048 --unroll-stmts 100000 \
	--assert -DASTER_COHERENCE_ASSERT --top-module aster_coherent_soc \
	-GHART_COUNT=1 "-GENABLE_L1=1'b1" "-GENABLE_DMA=1'b1" "-GENABLE_NPU=1'b1" \
	"-GSYNC_MEMORY=1'b1" -GMEMORY_WAIT_CYCLES=7 "-GHOST_BOOT=1'b1" \
	-GLINE_WORDS=4 -GLINE_COUNT=16 \
	-CFLAGS '-DASTER_HART_COUNT=1 -DASTER_L1=1 -DASTER_MEMORY_WAIT=7' \
	--Mdir /home/elfo/Documents/Aster/build/npu_soc_h1_l1_sync1_wait7_w4_n16/obj -o /home/elfo/Documents/Aster/build/npu_soc_h1_l1_sync1_wait7_w4_n16/aster_npu_runtime_sim \
	/home/elfo/Documents/Aster/rtl/core/aster_picorv32.sv /home/elfo/Documents/Aster/vendor/picorv32/picorv32.v /home/elfo/Documents/Aster/rtl/cache/aster_l1_cache.sv /home/elfo/Documents/Aster/rtl/memory/aster_rom.sv /home/elfo/Documents/Aster/rtl/memory/aster_ram.sv /home/elfo/Documents/Aster/rtl/core/aster_pcpi_atomic.sv /home/elfo/Documents/Aster/rtl/core/aster_pcpi_dot8.sv /home/elfo/Documents/Aster/rtl/core/aster_atomic_hart.sv /home/elfo/Documents/Aster/rtl/cache/aster_coherent_cache.sv /home/elfo/Documents/Aster/rtl/interconnect/aster_atomic_fabric.sv /home/elfo/Documents/Aster/rtl/interconnect/aster_device_arbiter.sv /home/elfo/Documents/Aster/rtl/accelerator/aster_int8_pe.sv /home/elfo/Documents/Aster/rtl/accelerator/aster_int8_array.sv /home/elfo/Documents/Aster/rtl/accelerator/aster_npu_engine.sv /home/elfo/Documents/Aster/rtl/accelerator/aster_npu_regs.sv /home/elfo/Documents/Aster/rtl/soc/aster_warm_stop.sv /home/elfo/Documents/Aster/rtl/peripherals/aster_uart.sv /home/elfo/Documents/Aster/rtl/peripherals/aster_coherent_perf.sv /home/elfo/Documents/Aster/rtl/dma/aster_dma_engine.sv /home/elfo/Documents/Aster/rtl/interconnect/aster_dma_arbiter.sv /home/elfo/Documents/Aster/rtl/peripherals/aster_dma_perf.sv /home/elfo/Documents/Aster/rtl/peripherals/aster_dot8_perf.sv /home/elfo/Documents/Aster/rtl/soc/aster_coherent_soc.sv /home/elfo/Documents/Aster/verification/soc/tb_aster_npu_runtime.cpp
g++  -I.  -MMD -I/home/elfo/tools/verilator/root/include -I/home/elfo/tools/verilator/root/include/vltstd -DVM_COVERAGE=0 -DVM_SC=0 -DVM_TRACE=0 -DVM_TRACE_FST=0 -DVM_TRACE_VCD=0 -faligned-new -fcf-protection=none -Wno-bool-operation -Wno-overloaded-virtual -Wno-shadow -Wno-sign-compare -Wno-uninitialized -Wno-unused-but-set-parameter -Wno-unused-but-set-variable -Wno-unused-parameter -Wno-unused-variable     -DASTER_HART_COUNT=1 -DASTER_L1=1 -DASTER_MEMORY_WAIT=7   -Os -c -o tb_aster_npu_runtime.o /home/elfo/Documents/Aster/verification/soc/tb_aster_npu_runtime.cpp
g++ -Os  -I.  -MMD -I/home/elfo/tools/verilator/root/include -I/home/elfo/tools/verilator/root/include/vltstd -DVM_COVERAGE=0 -DVM_SC=0 -DVM_TRACE=0 -DVM_TRACE_FST=0 -DVM_TRACE_VCD=0 -faligned-new -fcf-protection=none -Wno-bool-operation -Wno-overloaded-virtual -Wno-shadow -Wno-sign-compare -Wno-uninitialized -Wno-unused-but-set-parameter -Wno-unused-but-set-variable -Wno-unused-parameter -Wno-unused-variable     -DASTER_HART_COUNT=1 -DASTER_L1=1 -DASTER_MEMORY_WAIT=7   -c -o verilated.o /home/elfo/tools/verilator/root/include/verilated.cpp
g++ -Os  -I.  -MMD -I/home/elfo/tools/verilator/root/include -I/home/elfo/tools/verilator/root/include/vltstd -DVM_COVERAGE=0 -DVM_SC=0 -DVM_TRACE=0 -DVM_TRACE_FST=0 -DVM_TRACE_VCD=0 -faligned-new -fcf-protection=none -Wno-bool-operation -Wno-overloaded-virtual -Wno-shadow -Wno-sign-compare -Wno-uninitialized -Wno-unused-but-set-parameter -Wno-unused-but-set-variable -Wno-unused-parameter -Wno-unused-variable     -DASTER_HART_COUNT=1 -DASTER_L1=1 -DASTER_MEMORY_WAIT=7   -c -o verilated_threads.o /home/elfo/tools/verilator/root/include/verilated_threads.cpp
/usr/bin/python3 /home/elfo/tools/verilator/root/bin/verilator_includer -DVL_INCLUDE_OPT=include Vaster_coherent_soc.cpp Vaster_coherent_soc___024root__DepSet_hc6677697__0.cpp Vaster_coherent_soc___024root__DepSet_h9074b246__0.cpp Vaster_coherent_soc__ConstPool_0.cpp Vaster_coherent_soc___024root__Slow.cpp Vaster_coherent_soc___024root__DepSet_hc6677697__0__Slow.cpp Vaster_coherent_soc___024root__DepSet_h9074b246__0__Slow.cpp Vaster_coherent_soc__Syms.cpp > Vaster_coherent_soc__ALL.cpp
g++ -Os  -I.  -MMD -I/home/elfo/tools/verilator/root/include -I/home/elfo/tools/verilator/root/include/vltstd -DVM_COVERAGE=0 -DVM_SC=0 -DVM_TRACE=0 -DVM_TRACE_FST=0 -DVM_TRACE_VCD=0 -faligned-new -fcf-protection=none -Wno-bool-operation -Wno-overloaded-virtual -Wno-shadow -Wno-sign-compare -Wno-uninitialized -Wno-unused-but-set-parameter -Wno-unused-but-set-variable -Wno-unused-parameter -Wno-unused-variable     -DASTER_HART_COUNT=1 -DASTER_L1=1 -DASTER_MEMORY_WAIT=7   -c -o Vaster_coherent_soc__ALL.o Vaster_coherent_soc__ALL.cpp
echo "" > Vaster_coherent_soc__ALL.verilator_deplist.tmp
Archive ar -rcs Vaster_coherent_soc__ALL.a Vaster_coherent_soc__ALL.o
g++     tb_aster_npu_runtime.o verilated.o verilated_threads.o Vaster_coherent_soc__ALL.a    -pthread -lpthread -latomic   -o /home/elfo/Documents/Aster/build/npu_soc_h1_l1_sync1_wait7_w4_n16/aster_npu_runtime_sim
rm Vaster_coherent_soc__ALL.verilator_deplist.tmp
PASS: Phase 9 actual-core NPU runtime harts=1 cache=1 wait=7 starts=7 max_tiles=4 max_bytes_written=256 max_job_cycles=28951 device_transactions=4836 RAM snapshot=65536 bytes hash=0xb7ebbe5da7c6104f
mkdir -p /home/elfo/Documents/Aster/build/npu_soc_h2_l0_sync0_wait0_w4_n16
verilator --cc --exe --build --timing --Wall -DRISCV_FORMAL --Wno-DECLFILENAME --Wno-GENUNNAMED --Wno-UNUSEDSIGNAL --Wno-BLKSEQ --unroll-count 2048 --unroll-stmts 100000 \
	--assert -DASTER_COHERENCE_ASSERT --top-module aster_coherent_soc \
	-GHART_COUNT=2 "-GENABLE_L1=1'b0" "-GENABLE_DMA=1'b1" "-GENABLE_NPU=1'b1" \
	"-GSYNC_MEMORY=1'b0" -GMEMORY_WAIT_CYCLES=0 "-GHOST_BOOT=1'b1" \
	-GLINE_WORDS=4 -GLINE_COUNT=16 \
	-CFLAGS '-DASTER_HART_COUNT=2 -DASTER_L1=0 -DASTER_MEMORY_WAIT=0' \
	--Mdir /home/elfo/Documents/Aster/build/npu_soc_h2_l0_sync0_wait0_w4_n16/obj -o /home/elfo/Documents/Aster/build/npu_soc_h2_l0_sync0_wait0_w4_n16/aster_npu_runtime_sim \
	/home/elfo/Documents/Aster/rtl/core/aster_picorv32.sv /home/elfo/Documents/Aster/vendor/picorv32/picorv32.v /home/elfo/Documents/Aster/rtl/cache/aster_l1_cache.sv /home/elfo/Documents/Aster/rtl/memory/aster_rom.sv /home/elfo/Documents/Aster/rtl/memory/aster_ram.sv /home/elfo/Documents/Aster/rtl/core/aster_pcpi_atomic.sv /home/elfo/Documents/Aster/rtl/core/aster_pcpi_dot8.sv /home/elfo/Documents/Aster/rtl/core/aster_atomic_hart.sv /home/elfo/Documents/Aster/rtl/cache/aster_coherent_cache.sv /home/elfo/Documents/Aster/rtl/interconnect/aster_atomic_fabric.sv /home/elfo/Documents/Aster/rtl/interconnect/aster_device_arbiter.sv /home/elfo/Documents/Aster/rtl/accelerator/aster_int8_pe.sv /home/elfo/Documents/Aster/rtl/accelerator/aster_int8_array.sv /home/elfo/Documents/Aster/rtl/accelerator/aster_npu_engine.sv /home/elfo/Documents/Aster/rtl/accelerator/aster_npu_regs.sv /home/elfo/Documents/Aster/rtl/soc/aster_warm_stop.sv /home/elfo/Documents/Aster/rtl/peripherals/aster_uart.sv /home/elfo/Documents/Aster/rtl/peripherals/aster_coherent_perf.sv /home/elfo/Documents/Aster/rtl/dma/aster_dma_engine.sv /home/elfo/Documents/Aster/rtl/interconnect/aster_dma_arbiter.sv /home/elfo/Documents/Aster/rtl/peripherals/aster_dma_perf.sv /home/elfo/Documents/Aster/rtl/peripherals/aster_dot8_perf.sv /home/elfo/Documents/Aster/rtl/soc/aster_coherent_soc.sv /home/elfo/Documents/Aster/verification/soc/tb_aster_npu_runtime.cpp
g++  -I.  -MMD -I/home/elfo/tools/verilator/root/include -I/home/elfo/tools/verilator/root/include/vltstd -DVM_COVERAGE=0 -DVM_SC=0 -DVM_TRACE=0 -DVM_TRACE_FST=0 -DVM_TRACE_VCD=0 -faligned-new -fcf-protection=none -Wno-bool-operation -Wno-overloaded-virtual -Wno-shadow -Wno-sign-compare -Wno-uninitialized -Wno-unused-but-set-parameter -Wno-unused-but-set-variable -Wno-unused-parameter -Wno-unused-variable     -DASTER_HART_COUNT=2 -DASTER_L1=0 -DASTER_MEMORY_WAIT=0   -Os -c -o tb_aster_npu_runtime.o /home/elfo/Documents/Aster/verification/soc/tb_aster_npu_runtime.cpp
g++ -Os  -I.  -MMD -I/home/elfo/tools/verilator/root/include -I/home/elfo/tools/verilator/root/include/vltstd -DVM_COVERAGE=0 -DVM_SC=0 -DVM_TRACE=0 -DVM_TRACE_FST=0 -DVM_TRACE_VCD=0 -faligned-new -fcf-protection=none -Wno-bool-operation -Wno-overloaded-virtual -Wno-shadow -Wno-sign-compare -Wno-uninitialized -Wno-unused-but-set-parameter -Wno-unused-but-set-variable -Wno-unused-parameter -Wno-unused-variable     -DASTER_HART_COUNT=2 -DASTER_L1=0 -DASTER_MEMORY_WAIT=0   -c -o verilated.o /home/elfo/tools/verilator/root/include/verilated.cpp
g++ -Os  -I.  -MMD -I/home/elfo/tools/verilator/root/include -I/home/elfo/tools/verilator/root/include/vltstd -DVM_COVERAGE=0 -DVM_SC=0 -DVM_TRACE=0 -DVM_TRACE_FST=0 -DVM_TRACE_VCD=0 -faligned-new -fcf-protection=none -Wno-bool-operation -Wno-overloaded-virtual -Wno-shadow -Wno-sign-compare -Wno-uninitialized -Wno-unused-but-set-parameter -Wno-unused-but-set-variable -Wno-unused-parameter -Wno-unused-variable     -DASTER_HART_COUNT=2 -DASTER_L1=0 -DASTER_MEMORY_WAIT=0   -c -o verilated_threads.o /home/elfo/tools/verilator/root/include/verilated_threads.cpp
g++ -Os  -I.  -MMD -I/home/elfo/tools/verilator/root/include -I/home/elfo/tools/verilator/root/include/vltstd -DVM_COVERAGE=0 -DVM_SC=0 -DVM_TRACE=0 -DVM_TRACE_FST=0 -DVM_TRACE_VCD=0 -faligned-new -fcf-protection=none -Wno-bool-operation -Wno-overloaded-virtual -Wno-shadow -Wno-sign-compare -Wno-uninitialized -Wno-unused-but-set-parameter -Wno-unused-but-set-variable -Wno-unused-parameter -Wno-unused-variable     -DASTER_HART_COUNT=2 -DASTER_L1=0 -DASTER_MEMORY_WAIT=0   -x c++-header Vaster_coherent_soc__pch.h -o Vaster_coherent_soc__pch.h.fast.gch
g++ -Os  -I.  -MMD -I/home/elfo/tools/verilator/root/include -I/home/elfo/tools/verilator/root/include/vltstd -DVM_COVERAGE=0 -DVM_SC=0 -DVM_TRACE=0 -DVM_TRACE_FST=0 -DVM_TRACE_VCD=0 -faligned-new -fcf-protection=none -Wno-bool-operation -Wno-overloaded-virtual -Wno-shadow -Wno-sign-compare -Wno-uninitialized -Wno-unused-but-set-parameter -Wno-unused-but-set-variable -Wno-unused-parameter -Wno-unused-variable     -DASTER_HART_COUNT=2 -DASTER_L1=0 -DASTER_MEMORY_WAIT=0   -include Vaster_coherent_soc__pch.h.fast -c -o Vaster_coherent_soc.o Vaster_coherent_soc.cpp
g++ -Os  -I.  -MMD -I/home/elfo/tools/verilator/root/include -I/home/elfo/tools/verilator/root/include/vltstd -DVM_COVERAGE=0 -DVM_SC=0 -DVM_TRACE=0 -DVM_TRACE_FST=0 -DVM_TRACE_VCD=0 -faligned-new -fcf-protection=none -Wno-bool-operation -Wno-overloaded-virtual -Wno-shadow -Wno-sign-compare -Wno-uninitialized -Wno-unused-but-set-parameter -Wno-unused-but-set-variable -Wno-unused-parameter -Wno-unused-variable     -DASTER_HART_COUNT=2 -DASTER_L1=0 -DASTER_MEMORY_WAIT=0   -include Vaster_coherent_soc__pch.h.fast -c -o Vaster_coherent_soc___024root__DepSet_hc6677697__0.o Vaster_coherent_soc___024root__DepSet_hc6677697__0.cpp
g++ -Os  -I.  -MMD -I/home/elfo/tools/verilator/root/include -I/home/elfo/tools/verilator/root/include/vltstd -DVM_COVERAGE=0 -DVM_SC=0 -DVM_TRACE=0 -DVM_TRACE_FST=0 -DVM_TRACE_VCD=0 -faligned-new -fcf-protection=none -Wno-bool-operation -Wno-overloaded-virtual -Wno-shadow -Wno-sign-compare -Wno-uninitialized -Wno-unused-but-set-parameter -Wno-unused-but-set-variable -Wno-unused-parameter -Wno-unused-variable     -DASTER_HART_COUNT=2 -DASTER_L1=0 -DASTER_MEMORY_WAIT=0   -include Vaster_coherent_soc__pch.h.fast -c -o Vaster_coherent_soc___024root__DepSet_hc6677697__1.o Vaster_coherent_soc___024root__DepSet_hc6677697__1.cpp
g++ -Os  -I.  -MMD -I/home/elfo/tools/verilator/root/include -I/home/elfo/tools/verilator/root/include/vltstd -DVM_COVERAGE=0 -DVM_SC=0 -DVM_TRACE=0 -DVM_TRACE_FST=0 -DVM_TRACE_VCD=0 -faligned-new -fcf-protection=none -Wno-bool-operation -Wno-overloaded-virtual -Wno-shadow -Wno-sign-compare -Wno-uninitialized -Wno-unused-but-set-parameter -Wno-unused-but-set-variable -Wno-unused-parameter -Wno-unused-variable     -DASTER_HART_COUNT=2 -DASTER_L1=0 -DASTER_MEMORY_WAIT=0   -include Vaster_coherent_soc__pch.h.fast -c -o Vaster_coherent_soc___024root__DepSet_h9074b246__0.o Vaster_coherent_soc___024root__DepSet_h9074b246__0.cpp
g++ -Os  -I.  -MMD -I/home/elfo/tools/verilator/root/include -I/home/elfo/tools/verilator/root/include/vltstd -DVM_COVERAGE=0 -DVM_SC=0 -DVM_TRACE=0 -DVM_TRACE_FST=0 -DVM_TRACE_VCD=0 -faligned-new -fcf-protection=none -Wno-bool-operation -Wno-overloaded-virtual -Wno-shadow -Wno-sign-compare -Wno-uninitialized -Wno-unused-but-set-parameter -Wno-unused-but-set-variable -Wno-unused-parameter -Wno-unused-variable     -DASTER_HART_COUNT=2 -DASTER_L1=0 -DASTER_MEMORY_WAIT=0   -include Vaster_coherent_soc__pch.h.fast -c -o Vaster_coherent_soc_aster_atomic_hart__pi1__DepSet_h7d6270d0__0.o Vaster_coherent_soc_aster_atomic_hart__pi1__DepSet_h7d6270d0__0.cpp
g++   -I.  -MMD -I/home/elfo/tools/verilator/root/include -I/home/elfo/tools/verilator/root/include/vltstd -DVM_COVERAGE=0 -DVM_SC=0 -DVM_TRACE=0 -DVM_TRACE_FST=0 -DVM_TRACE_VCD=0 -faligned-new -fcf-protection=none -Wno-bool-operation -Wno-overloaded-virtual -Wno-shadow -Wno-sign-compare -Wno-uninitialized -Wno-unused-but-set-parameter -Wno-unused-but-set-variable -Wno-unused-parameter -Wno-unused-variable     -DASTER_HART_COUNT=2 -DASTER_L1=0 -DASTER_MEMORY_WAIT=0   -x c++-header Vaster_coherent_soc__pch.h -o Vaster_coherent_soc__pch.h.slow.gch
g++   -I.  -MMD -I/home/elfo/tools/verilator/root/include -I/home/elfo/tools/verilator/root/include/vltstd -DVM_COVERAGE=0 -DVM_SC=0 -DVM_TRACE=0 -DVM_TRACE_FST=0 -DVM_TRACE_VCD=0 -faligned-new -fcf-protection=none -Wno-bool-operation -Wno-overloaded-virtual -Wno-shadow -Wno-sign-compare -Wno-uninitialized -Wno-unused-but-set-parameter -Wno-unused-but-set-variable -Wno-unused-parameter -Wno-unused-variable     -DASTER_HART_COUNT=2 -DASTER_L1=0 -DASTER_MEMORY_WAIT=0   -include Vaster_coherent_soc__pch.h.slow -c -o Vaster_coherent_soc__ConstPool_0.o Vaster_coherent_soc__ConstPool_0.cpp
g++   -I.  -MMD -I/home/elfo/tools/verilator/root/include -I/home/elfo/tools/verilator/root/include/vltstd -DVM_COVERAGE=0 -DVM_SC=0 -DVM_TRACE=0 -DVM_TRACE_FST=0 -DVM_TRACE_VCD=0 -faligned-new -fcf-protection=none -Wno-bool-operation -Wno-overloaded-virtual -Wno-shadow -Wno-sign-compare -Wno-uninitialized -Wno-unused-but-set-parameter -Wno-unused-but-set-variable -Wno-unused-parameter -Wno-unused-variable     -DASTER_HART_COUNT=2 -DASTER_L1=0 -DASTER_MEMORY_WAIT=0   -include Vaster_coherent_soc__pch.h.slow -c -o Vaster_coherent_soc___024root__Slow.o Vaster_coherent_soc___024root__Slow.cpp
g++   -I.  -MMD -I/home/elfo/tools/verilator/root/include -I/home/elfo/tools/verilator/root/include/vltstd -DVM_COVERAGE=0 -DVM_SC=0 -DVM_TRACE=0 -DVM_TRACE_FST=0 -DVM_TRACE_VCD=0 -faligned-new -fcf-protection=none -Wno-bool-operation -Wno-overloaded-virtual -Wno-shadow -Wno-sign-compare -Wno-uninitialized -Wno-unused-but-set-parameter -Wno-unused-but-set-variable -Wno-unused-parameter -Wno-unused-variable     -DASTER_HART_COUNT=2 -DASTER_L1=0 -DASTER_MEMORY_WAIT=0   -include Vaster_coherent_soc__pch.h.slow -c -o Vaster_coherent_soc___024root__DepSet_hc6677697__0__Slow.o Vaster_coherent_soc___024root__DepSet_hc6677697__0__Slow.cpp
g++   -I.  -MMD -I/home/elfo/tools/verilator/root/include -I/home/elfo/tools/verilator/root/include/vltstd -DVM_COVERAGE=0 -DVM_SC=0 -DVM_TRACE=0 -DVM_TRACE_FST=0 -DVM_TRACE_VCD=0 -faligned-new -fcf-protection=none -Wno-bool-operation -Wno-overloaded-virtual -Wno-shadow -Wno-sign-compare -Wno-uninitialized -Wno-unused-but-set-parameter -Wno-unused-but-set-variable -Wno-unused-parameter -Wno-unused-variable     -DASTER_HART_COUNT=2 -DASTER_L1=0 -DASTER_MEMORY_WAIT=0   -include Vaster_coherent_soc__pch.h.slow -c -o Vaster_coherent_soc___024root__DepSet_h9074b246__0__Slow.o Vaster_coherent_soc___024root__DepSet_h9074b246__0__Slow.cpp
g++   -I.  -MMD -I/home/elfo/tools/verilator/root/include -I/home/elfo/tools/verilator/root/include/vltstd -DVM_COVERAGE=0 -DVM_SC=0 -DVM_TRACE=0 -DVM_TRACE_FST=0 -DVM_TRACE_VCD=0 -faligned-new -fcf-protection=none -Wno-bool-operation -Wno-overloaded-virtual -Wno-shadow -Wno-sign-compare -Wno-uninitialized -Wno-unused-but-set-parameter -Wno-unused-but-set-variable -Wno-unused-parameter -Wno-unused-variable     -DASTER_HART_COUNT=2 -DASTER_L1=0 -DASTER_MEMORY_WAIT=0   -include Vaster_coherent_soc__pch.h.slow -c -o Vaster_coherent_soc_aster_atomic_hart__pi1__Slow.o Vaster_coherent_soc_aster_atomic_hart__pi1__Slow.cpp
g++   -I.  -MMD -I/home/elfo/tools/verilator/root/include -I/home/elfo/tools/verilator/root/include/vltstd -DVM_COVERAGE=0 -DVM_SC=0 -DVM_TRACE=0 -DVM_TRACE_FST=0 -DVM_TRACE_VCD=0 -faligned-new -fcf-protection=none -Wno-bool-operation -Wno-overloaded-virtual -Wno-shadow -Wno-sign-compare -Wno-uninitialized -Wno-unused-but-set-parameter -Wno-unused-but-set-variable -Wno-unused-parameter -Wno-unused-variable     -DASTER_HART_COUNT=2 -DASTER_L1=0 -DASTER_MEMORY_WAIT=0   -include Vaster_coherent_soc__pch.h.slow -c -o Vaster_coherent_soc_aster_atomic_hart__pi1__DepSet_h7d6270d0__0__Slow.o Vaster_coherent_soc_aster_atomic_hart__pi1__DepSet_h7d6270d0__0__Slow.cpp
g++   -I.  -MMD -I/home/elfo/tools/verilator/root/include -I/home/elfo/tools/verilator/root/include/vltstd -DVM_COVERAGE=0 -DVM_SC=0 -DVM_TRACE=0 -DVM_TRACE_FST=0 -DVM_TRACE_VCD=0 -faligned-new -fcf-protection=none -Wno-bool-operation -Wno-overloaded-virtual -Wno-shadow -Wno-sign-compare -Wno-uninitialized -Wno-unused-but-set-parameter -Wno-unused-but-set-variable -Wno-unused-parameter -Wno-unused-variable     -DASTER_HART_COUNT=2 -DASTER_L1=0 -DASTER_MEMORY_WAIT=0   -include Vaster_coherent_soc__pch.h.slow -c -o Vaster_coherent_soc_aster_atomic_hart__pi1__DepSet_h3577b40b__0__Slow.o Vaster_coherent_soc_aster_atomic_hart__pi1__DepSet_h3577b40b__0__Slow.cpp
g++   -I.  -MMD -I/home/elfo/tools/verilator/root/include -I/home/elfo/tools/verilator/root/include/vltstd -DVM_COVERAGE=0 -DVM_SC=0 -DVM_TRACE=0 -DVM_TRACE_FST=0 -DVM_TRACE_VCD=0 -faligned-new -fcf-protection=none -Wno-bool-operation -Wno-overloaded-virtual -Wno-shadow -Wno-sign-compare -Wno-uninitialized -Wno-unused-but-set-parameter -Wno-unused-but-set-variable -Wno-unused-parameter -Wno-unused-variable     -DASTER_HART_COUNT=2 -DASTER_L1=0 -DASTER_MEMORY_WAIT=0   -include Vaster_coherent_soc__pch.h.slow -c -o Vaster_coherent_soc__Syms.o Vaster_coherent_soc__Syms.cpp
echo "" > Vaster_coherent_soc__ALL.verilator_deplist.tmp
Archive ar -rcs Vaster_coherent_soc__ALL.a Vaster_coherent_soc.o Vaster_coherent_soc___024root__DepSet_hc6677697__0.o Vaster_coherent_soc___024root__DepSet_hc6677697__1.o Vaster_coherent_soc___024root__DepSet_h9074b246__0.o Vaster_coherent_soc_aster_atomic_hart__pi1__DepSet_h7d6270d0__0.o Vaster_coherent_soc__ConstPool_0.o Vaster_coherent_soc___024root__Slow.o Vaster_coherent_soc___024root__DepSet_hc6677697__0__Slow.o Vaster_coherent_soc___024root__DepSet_h9074b246__0__Slow.o Vaster_coherent_soc_aster_atomic_hart__pi1__Slow.o Vaster_coherent_soc_aster_atomic_hart__pi1__DepSet_h7d6270d0__0__Slow.o Vaster_coherent_soc_aster_atomic_hart__pi1__DepSet_h3577b40b__0__Slow.o Vaster_coherent_soc__Syms.o
g++     tb_aster_npu_runtime.o verilated.o verilated_threads.o Vaster_coherent_soc__ALL.a    -pthread -lpthread -latomic   -o /home/elfo/Documents/Aster/build/npu_soc_h2_l0_sync0_wait0_w4_n16/aster_npu_runtime_sim
rm Vaster_coherent_soc__ALL.verilator_deplist.tmp
PASS: Phase 9 actual-core NPU runtime harts=2 cache=0 wait=0 starts=7 max_tiles=4 max_bytes_written=256 max_job_cycles=16220 device_transactions=5304 RAM snapshot=65536 bytes hash=0xb7ebbe5da7c6104f
mkdir -p /home/elfo/Documents/Aster/build/npu_soc_h2_l0_sync0_wait7_w4_n16
verilator --cc --exe --build --timing --Wall -DRISCV_FORMAL --Wno-DECLFILENAME --Wno-GENUNNAMED --Wno-UNUSEDSIGNAL --Wno-BLKSEQ --unroll-count 2048 --unroll-stmts 100000 \
	--assert -DASTER_COHERENCE_ASSERT --top-module aster_coherent_soc \
	-GHART_COUNT=2 "-GENABLE_L1=1'b0" "-GENABLE_DMA=1'b1" "-GENABLE_NPU=1'b1" \
	"-GSYNC_MEMORY=1'b0" -GMEMORY_WAIT_CYCLES=7 "-GHOST_BOOT=1'b1" \
	-GLINE_WORDS=4 -GLINE_COUNT=16 \
	-CFLAGS '-DASTER_HART_COUNT=2 -DASTER_L1=0 -DASTER_MEMORY_WAIT=7' \
	--Mdir /home/elfo/Documents/Aster/build/npu_soc_h2_l0_sync0_wait7_w4_n16/obj -o /home/elfo/Documents/Aster/build/npu_soc_h2_l0_sync0_wait7_w4_n16/aster_npu_runtime_sim \
	/home/elfo/Documents/Aster/rtl/core/aster_picorv32.sv /home/elfo/Documents/Aster/vendor/picorv32/picorv32.v /home/elfo/Documents/Aster/rtl/cache/aster_l1_cache.sv /home/elfo/Documents/Aster/rtl/memory/aster_rom.sv /home/elfo/Documents/Aster/rtl/memory/aster_ram.sv /home/elfo/Documents/Aster/rtl/core/aster_pcpi_atomic.sv /home/elfo/Documents/Aster/rtl/core/aster_pcpi_dot8.sv /home/elfo/Documents/Aster/rtl/core/aster_atomic_hart.sv /home/elfo/Documents/Aster/rtl/cache/aster_coherent_cache.sv /home/elfo/Documents/Aster/rtl/interconnect/aster_atomic_fabric.sv /home/elfo/Documents/Aster/rtl/interconnect/aster_device_arbiter.sv /home/elfo/Documents/Aster/rtl/accelerator/aster_int8_pe.sv /home/elfo/Documents/Aster/rtl/accelerator/aster_int8_array.sv /home/elfo/Documents/Aster/rtl/accelerator/aster_npu_engine.sv /home/elfo/Documents/Aster/rtl/accelerator/aster_npu_regs.sv /home/elfo/Documents/Aster/rtl/soc/aster_warm_stop.sv /home/elfo/Documents/Aster/rtl/peripherals/aster_uart.sv /home/elfo/Documents/Aster/rtl/peripherals/aster_coherent_perf.sv /home/elfo/Documents/Aster/rtl/dma/aster_dma_engine.sv /home/elfo/Documents/Aster/rtl/interconnect/aster_dma_arbiter.sv /home/elfo/Documents/Aster/rtl/peripherals/aster_dma_perf.sv /home/elfo/Documents/Aster/rtl/peripherals/aster_dot8_perf.sv /home/elfo/Documents/Aster/rtl/soc/aster_coherent_soc.sv /home/elfo/Documents/Aster/verification/soc/tb_aster_npu_runtime.cpp
g++  -I.  -MMD -I/home/elfo/tools/verilator/root/include -I/home/elfo/tools/verilator/root/include/vltstd -DVM_COVERAGE=0 -DVM_SC=0 -DVM_TRACE=0 -DVM_TRACE_FST=0 -DVM_TRACE_VCD=0 -faligned-new -fcf-protection=none -Wno-bool-operation -Wno-overloaded-virtual -Wno-shadow -Wno-sign-compare -Wno-uninitialized -Wno-unused-but-set-parameter -Wno-unused-but-set-variable -Wno-unused-parameter -Wno-unused-variable     -DASTER_HART_COUNT=2 -DASTER_L1=0 -DASTER_MEMORY_WAIT=7   -Os -c -o tb_aster_npu_runtime.o /home/elfo/Documents/Aster/verification/soc/tb_aster_npu_runtime.cpp
g++ -Os  -I.  -MMD -I/home/elfo/tools/verilator/root/include -I/home/elfo/tools/verilator/root/include/vltstd -DVM_COVERAGE=0 -DVM_SC=0 -DVM_TRACE=0 -DVM_TRACE_FST=0 -DVM_TRACE_VCD=0 -faligned-new -fcf-protection=none -Wno-bool-operation -Wno-overloaded-virtual -Wno-shadow -Wno-sign-compare -Wno-uninitialized -Wno-unused-but-set-parameter -Wno-unused-but-set-variable -Wno-unused-parameter -Wno-unused-variable     -DASTER_HART_COUNT=2 -DASTER_L1=0 -DASTER_MEMORY_WAIT=7   -c -o verilated.o /home/elfo/tools/verilator/root/include/verilated.cpp
g++ -Os  -I.  -MMD -I/home/elfo/tools/verilator/root/include -I/home/elfo/tools/verilator/root/include/vltstd -DVM_COVERAGE=0 -DVM_SC=0 -DVM_TRACE=0 -DVM_TRACE_FST=0 -DVM_TRACE_VCD=0 -faligned-new -fcf-protection=none -Wno-bool-operation -Wno-overloaded-virtual -Wno-shadow -Wno-sign-compare -Wno-uninitialized -Wno-unused-but-set-parameter -Wno-unused-but-set-variable -Wno-unused-parameter -Wno-unused-variable     -DASTER_HART_COUNT=2 -DASTER_L1=0 -DASTER_MEMORY_WAIT=7   -c -o verilated_threads.o /home/elfo/tools/verilator/root/include/verilated_threads.cpp
g++ -Os  -I.  -MMD -I/home/elfo/tools/verilator/root/include -I/home/elfo/tools/verilator/root/include/vltstd -DVM_COVERAGE=0 -DVM_SC=0 -DVM_TRACE=0 -DVM_TRACE_FST=0 -DVM_TRACE_VCD=0 -faligned-new -fcf-protection=none -Wno-bool-operation -Wno-overloaded-virtual -Wno-shadow -Wno-sign-compare -Wno-uninitialized -Wno-unused-but-set-parameter -Wno-unused-but-set-variable -Wno-unused-parameter -Wno-unused-variable     -DASTER_HART_COUNT=2 -DASTER_L1=0 -DASTER_MEMORY_WAIT=7   -x c++-header Vaster_coherent_soc__pch.h -o Vaster_coherent_soc__pch.h.fast.gch
g++ -Os  -I.  -MMD -I/home/elfo/tools/verilator/root/include -I/home/elfo/tools/verilator/root/include/vltstd -DVM_COVERAGE=0 -DVM_SC=0 -DVM_TRACE=0 -DVM_TRACE_FST=0 -DVM_TRACE_VCD=0 -faligned-new -fcf-protection=none -Wno-bool-operation -Wno-overloaded-virtual -Wno-shadow -Wno-sign-compare -Wno-uninitialized -Wno-unused-but-set-parameter -Wno-unused-but-set-variable -Wno-unused-parameter -Wno-unused-variable     -DASTER_HART_COUNT=2 -DASTER_L1=0 -DASTER_MEMORY_WAIT=7   -include Vaster_coherent_soc__pch.h.fast -c -o Vaster_coherent_soc.o Vaster_coherent_soc.cpp
g++ -Os  -I.  -MMD -I/home/elfo/tools/verilator/root/include -I/home/elfo/tools/verilator/root/include/vltstd -DVM_COVERAGE=0 -DVM_SC=0 -DVM_TRACE=0 -DVM_TRACE_FST=0 -DVM_TRACE_VCD=0 -faligned-new -fcf-protection=none -Wno-bool-operation -Wno-overloaded-virtual -Wno-shadow -Wno-sign-compare -Wno-uninitialized -Wno-unused-but-set-parameter -Wno-unused-but-set-variable -Wno-unused-parameter -Wno-unused-variable     -DASTER_HART_COUNT=2 -DASTER_L1=0 -DASTER_MEMORY_WAIT=7   -include Vaster_coherent_soc__pch.h.fast -c -o Vaster_coherent_soc___024root__DepSet_hc6677697__0.o Vaster_coherent_soc___024root__DepSet_hc6677697__0.cpp
g++ -Os  -I.  -MMD -I/home/elfo/tools/verilator/root/include -I/home/elfo/tools/verilator/root/include/vltstd -DVM_COVERAGE=0 -DVM_SC=0 -DVM_TRACE=0 -DVM_TRACE_FST=0 -DVM_TRACE_VCD=0 -faligned-new -fcf-protection=none -Wno-bool-operation -Wno-overloaded-virtual -Wno-shadow -Wno-sign-compare -Wno-uninitialized -Wno-unused-but-set-parameter -Wno-unused-but-set-variable -Wno-unused-parameter -Wno-unused-variable     -DASTER_HART_COUNT=2 -DASTER_L1=0 -DASTER_MEMORY_WAIT=7   -include Vaster_coherent_soc__pch.h.fast -c -o Vaster_coherent_soc___024root__DepSet_hc6677697__1.o Vaster_coherent_soc___024root__DepSet_hc6677697__1.cpp
g++ -Os  -I.  -MMD -I/home/elfo/tools/verilator/root/include -I/home/elfo/tools/verilator/root/include/vltstd -DVM_COVERAGE=0 -DVM_SC=0 -DVM_TRACE=0 -DVM_TRACE_FST=0 -DVM_TRACE_VCD=0 -faligned-new -fcf-protection=none -Wno-bool-operation -Wno-overloaded-virtual -Wno-shadow -Wno-sign-compare -Wno-uninitialized -Wno-unused-but-set-parameter -Wno-unused-but-set-variable -Wno-unused-parameter -Wno-unused-variable     -DASTER_HART_COUNT=2 -DASTER_L1=0 -DASTER_MEMORY_WAIT=7   -include Vaster_coherent_soc__pch.h.fast -c -o Vaster_coherent_soc___024root__DepSet_h9074b246__0.o Vaster_coherent_soc___024root__DepSet_h9074b246__0.cpp
g++ -Os  -I.  -MMD -I/home/elfo/tools/verilator/root/include -I/home/elfo/tools/verilator/root/include/vltstd -DVM_COVERAGE=0 -DVM_SC=0 -DVM_TRACE=0 -DVM_TRACE_FST=0 -DVM_TRACE_VCD=0 -faligned-new -fcf-protection=none -Wno-bool-operation -Wno-overloaded-virtual -Wno-shadow -Wno-sign-compare -Wno-uninitialized -Wno-unused-but-set-parameter -Wno-unused-but-set-variable -Wno-unused-parameter -Wno-unused-variable     -DASTER_HART_COUNT=2 -DASTER_L1=0 -DASTER_MEMORY_WAIT=7   -include Vaster_coherent_soc__pch.h.fast -c -o Vaster_coherent_soc_aster_atomic_hart__pi1__DepSet_h7d6270d0__0.o Vaster_coherent_soc_aster_atomic_hart__pi1__DepSet_h7d6270d0__0.cpp
g++   -I.  -MMD -I/home/elfo/tools/verilator/root/include -I/home/elfo/tools/verilator/root/include/vltstd -DVM_COVERAGE=0 -DVM_SC=0 -DVM_TRACE=0 -DVM_TRACE_FST=0 -DVM_TRACE_VCD=0 -faligned-new -fcf-protection=none -Wno-bool-operation -Wno-overloaded-virtual -Wno-shadow -Wno-sign-compare -Wno-uninitialized -Wno-unused-but-set-parameter -Wno-unused-but-set-variable -Wno-unused-parameter -Wno-unused-variable     -DASTER_HART_COUNT=2 -DASTER_L1=0 -DASTER_MEMORY_WAIT=7   -x c++-header Vaster_coherent_soc__pch.h -o Vaster_coherent_soc__pch.h.slow.gch
g++   -I.  -MMD -I/home/elfo/tools/verilator/root/include -I/home/elfo/tools/verilator/root/include/vltstd -DVM_COVERAGE=0 -DVM_SC=0 -DVM_TRACE=0 -DVM_TRACE_FST=0 -DVM_TRACE_VCD=0 -faligned-new -fcf-protection=none -Wno-bool-operation -Wno-overloaded-virtual -Wno-shadow -Wno-sign-compare -Wno-uninitialized -Wno-unused-but-set-parameter -Wno-unused-but-set-variable -Wno-unused-parameter -Wno-unused-variable     -DASTER_HART_COUNT=2 -DASTER_L1=0 -DASTER_MEMORY_WAIT=7   -include Vaster_coherent_soc__pch.h.slow -c -o Vaster_coherent_soc__ConstPool_0.o Vaster_coherent_soc__ConstPool_0.cpp
g++   -I.  -MMD -I/home/elfo/tools/verilator/root/include -I/home/elfo/tools/verilator/root/include/vltstd -DVM_COVERAGE=0 -DVM_SC=0 -DVM_TRACE=0 -DVM_TRACE_FST=0 -DVM_TRACE_VCD=0 -faligned-new -fcf-protection=none -Wno-bool-operation -Wno-overloaded-virtual -Wno-shadow -Wno-sign-compare -Wno-uninitialized -Wno-unused-but-set-parameter -Wno-unused-but-set-variable -Wno-unused-parameter -Wno-unused-variable     -DASTER_HART_COUNT=2 -DASTER_L1=0 -DASTER_MEMORY_WAIT=7   -include Vaster_coherent_soc__pch.h.slow -c -o Vaster_coherent_soc___024root__Slow.o Vaster_coherent_soc___024root__Slow.cpp
g++   -I.  -MMD -I/home/elfo/tools/verilator/root/include -I/home/elfo/tools/verilator/root/include/vltstd -DVM_COVERAGE=0 -DVM_SC=0 -DVM_TRACE=0 -DVM_TRACE_FST=0 -DVM_TRACE_VCD=0 -faligned-new -fcf-protection=none -Wno-bool-operation -Wno-overloaded-virtual -Wno-shadow -Wno-sign-compare -Wno-uninitialized -Wno-unused-but-set-parameter -Wno-unused-but-set-variable -Wno-unused-parameter -Wno-unused-variable     -DASTER_HART_COUNT=2 -DASTER_L1=0 -DASTER_MEMORY_WAIT=7   -include Vaster_coherent_soc__pch.h.slow -c -o Vaster_coherent_soc___024root__DepSet_hc6677697__0__Slow.o Vaster_coherent_soc___024root__DepSet_hc6677697__0__Slow.cpp
g++   -I.  -MMD -I/home/elfo/tools/verilator/root/include -I/home/elfo/tools/verilator/root/include/vltstd -DVM_COVERAGE=0 -DVM_SC=0 -DVM_TRACE=0 -DVM_TRACE_FST=0 -DVM_TRACE_VCD=0 -faligned-new -fcf-protection=none -Wno-bool-operation -Wno-overloaded-virtual -Wno-shadow -Wno-sign-compare -Wno-uninitialized -Wno-unused-but-set-parameter -Wno-unused-but-set-variable -Wno-unused-parameter -Wno-unused-variable     -DASTER_HART_COUNT=2 -DASTER_L1=0 -DASTER_MEMORY_WAIT=7   -include Vaster_coherent_soc__pch.h.slow -c -o Vaster_coherent_soc___024root__DepSet_h9074b246__0__Slow.o Vaster_coherent_soc___024root__DepSet_h9074b246__0__Slow.cpp
g++   -I.  -MMD -I/home/elfo/tools/verilator/root/include -I/home/elfo/tools/verilator/root/include/vltstd -DVM_COVERAGE=0 -DVM_SC=0 -DVM_TRACE=0 -DVM_TRACE_FST=0 -DVM_TRACE_VCD=0 -faligned-new -fcf-protection=none -Wno-bool-operation -Wno-overloaded-virtual -Wno-shadow -Wno-sign-compare -Wno-uninitialized -Wno-unused-but-set-parameter -Wno-unused-but-set-variable -Wno-unused-parameter -Wno-unused-variable     -DASTER_HART_COUNT=2 -DASTER_L1=0 -DASTER_MEMORY_WAIT=7   -include Vaster_coherent_soc__pch.h.slow -c -o Vaster_coherent_soc_aster_atomic_hart__pi1__Slow.o Vaster_coherent_soc_aster_atomic_hart__pi1__Slow.cpp
g++   -I.  -MMD -I/home/elfo/tools/verilator/root/include -I/home/elfo/tools/verilator/root/include/vltstd -DVM_COVERAGE=0 -DVM_SC=0 -DVM_TRACE=0 -DVM_TRACE_FST=0 -DVM_TRACE_VCD=0 -faligned-new -fcf-protection=none -Wno-bool-operation -Wno-overloaded-virtual -Wno-shadow -Wno-sign-compare -Wno-uninitialized -Wno-unused-but-set-parameter -Wno-unused-but-set-variable -Wno-unused-parameter -Wno-unused-variable     -DASTER_HART_COUNT=2 -DASTER_L1=0 -DASTER_MEMORY_WAIT=7   -include Vaster_coherent_soc__pch.h.slow -c -o Vaster_coherent_soc_aster_atomic_hart__pi1__DepSet_h7d6270d0__0__Slow.o Vaster_coherent_soc_aster_atomic_hart__pi1__DepSet_h7d6270d0__0__Slow.cpp
g++   -I.  -MMD -I/home/elfo/tools/verilator/root/include -I/home/elfo/tools/verilator/root/include/vltstd -DVM_COVERAGE=0 -DVM_SC=0 -DVM_TRACE=0 -DVM_TRACE_FST=0 -DVM_TRACE_VCD=0 -faligned-new -fcf-protection=none -Wno-bool-operation -Wno-overloaded-virtual -Wno-shadow -Wno-sign-compare -Wno-uninitialized -Wno-unused-but-set-parameter -Wno-unused-but-set-variable -Wno-unused-parameter -Wno-unused-variable     -DASTER_HART_COUNT=2 -DASTER_L1=0 -DASTER_MEMORY_WAIT=7   -include Vaster_coherent_soc__pch.h.slow -c -o Vaster_coherent_soc_aster_atomic_hart__pi1__DepSet_h3577b40b__0__Slow.o Vaster_coherent_soc_aster_atomic_hart__pi1__DepSet_h3577b40b__0__Slow.cpp
g++   -I.  -MMD -I/home/elfo/tools/verilator/root/include -I/home/elfo/tools/verilator/root/include/vltstd -DVM_COVERAGE=0 -DVM_SC=0 -DVM_TRACE=0 -DVM_TRACE_FST=0 -DVM_TRACE_VCD=0 -faligned-new -fcf-protection=none -Wno-bool-operation -Wno-overloaded-virtual -Wno-shadow -Wno-sign-compare -Wno-uninitialized -Wno-unused-but-set-parameter -Wno-unused-but-set-variable -Wno-unused-parameter -Wno-unused-variable     -DASTER_HART_COUNT=2 -DASTER_L1=0 -DASTER_MEMORY_WAIT=7   -include Vaster_coherent_soc__pch.h.slow -c -o Vaster_coherent_soc__Syms.o Vaster_coherent_soc__Syms.cpp
echo "" > Vaster_coherent_soc__ALL.verilator_deplist.tmp
Archive ar -rcs Vaster_coherent_soc__ALL.a Vaster_coherent_soc.o Vaster_coherent_soc___024root__DepSet_hc6677697__0.o Vaster_coherent_soc___024root__DepSet_hc6677697__1.o Vaster_coherent_soc___024root__DepSet_h9074b246__0.o Vaster_coherent_soc_aster_atomic_hart__pi1__DepSet_h7d6270d0__0.o Vaster_coherent_soc__ConstPool_0.o Vaster_coherent_soc___024root__Slow.o Vaster_coherent_soc___024root__DepSet_hc6677697__0__Slow.o Vaster_coherent_soc___024root__DepSet_h9074b246__0__Slow.o Vaster_coherent_soc_aster_atomic_hart__pi1__Slow.o Vaster_coherent_soc_aster_atomic_hart__pi1__DepSet_h7d6270d0__0__Slow.o Vaster_coherent_soc_aster_atomic_hart__pi1__DepSet_h3577b40b__0__Slow.o Vaster_coherent_soc__Syms.o
g++     tb_aster_npu_runtime.o verilated.o verilated_threads.o Vaster_coherent_soc__ALL.a    -pthread -lpthread -latomic   -o /home/elfo/Documents/Aster/build/npu_soc_h2_l0_sync0_wait7_w4_n16/aster_npu_runtime_sim
rm Vaster_coherent_soc__ALL.verilator_deplist.tmp
PASS: Phase 9 actual-core NPU runtime harts=2 cache=0 wait=7 starts=7 max_tiles=4 max_bytes_written=256 max_job_cycles=32334 device_transactions=5304 RAM snapshot=65536 bytes hash=0xb7ebbe5da7c6104f
mkdir -p /home/elfo/Documents/Aster/build/npu_soc_h2_l0_sync1_wait1_w4_n16
verilator --cc --exe --build --timing --Wall -DRISCV_FORMAL --Wno-DECLFILENAME --Wno-GENUNNAMED --Wno-UNUSEDSIGNAL --Wno-BLKSEQ --unroll-count 2048 --unroll-stmts 100000 \
	--assert -DASTER_COHERENCE_ASSERT --top-module aster_coherent_soc \
	-GHART_COUNT=2 "-GENABLE_L1=1'b0" "-GENABLE_DMA=1'b1" "-GENABLE_NPU=1'b1" \
	"-GSYNC_MEMORY=1'b1" -GMEMORY_WAIT_CYCLES=1 "-GHOST_BOOT=1'b1" \
	-GLINE_WORDS=4 -GLINE_COUNT=16 \
	-CFLAGS '-DASTER_HART_COUNT=2 -DASTER_L1=0 -DASTER_MEMORY_WAIT=1' \
	--Mdir /home/elfo/Documents/Aster/build/npu_soc_h2_l0_sync1_wait1_w4_n16/obj -o /home/elfo/Documents/Aster/build/npu_soc_h2_l0_sync1_wait1_w4_n16/aster_npu_runtime_sim \
	/home/elfo/Documents/Aster/rtl/core/aster_picorv32.sv /home/elfo/Documents/Aster/vendor/picorv32/picorv32.v /home/elfo/Documents/Aster/rtl/cache/aster_l1_cache.sv /home/elfo/Documents/Aster/rtl/memory/aster_rom.sv /home/elfo/Documents/Aster/rtl/memory/aster_ram.sv /home/elfo/Documents/Aster/rtl/core/aster_pcpi_atomic.sv /home/elfo/Documents/Aster/rtl/core/aster_pcpi_dot8.sv /home/elfo/Documents/Aster/rtl/core/aster_atomic_hart.sv /home/elfo/Documents/Aster/rtl/cache/aster_coherent_cache.sv /home/elfo/Documents/Aster/rtl/interconnect/aster_atomic_fabric.sv /home/elfo/Documents/Aster/rtl/interconnect/aster_device_arbiter.sv /home/elfo/Documents/Aster/rtl/accelerator/aster_int8_pe.sv /home/elfo/Documents/Aster/rtl/accelerator/aster_int8_array.sv /home/elfo/Documents/Aster/rtl/accelerator/aster_npu_engine.sv /home/elfo/Documents/Aster/rtl/accelerator/aster_npu_regs.sv /home/elfo/Documents/Aster/rtl/soc/aster_warm_stop.sv /home/elfo/Documents/Aster/rtl/peripherals/aster_uart.sv /home/elfo/Documents/Aster/rtl/peripherals/aster_coherent_perf.sv /home/elfo/Documents/Aster/rtl/dma/aster_dma_engine.sv /home/elfo/Documents/Aster/rtl/interconnect/aster_dma_arbiter.sv /home/elfo/Documents/Aster/rtl/peripherals/aster_dma_perf.sv /home/elfo/Documents/Aster/rtl/peripherals/aster_dot8_perf.sv /home/elfo/Documents/Aster/rtl/soc/aster_coherent_soc.sv /home/elfo/Documents/Aster/verification/soc/tb_aster_npu_runtime.cpp
g++  -I.  -MMD -I/home/elfo/tools/verilator/root/include -I/home/elfo/tools/verilator/root/include/vltstd -DVM_COVERAGE=0 -DVM_SC=0 -DVM_TRACE=0 -DVM_TRACE_FST=0 -DVM_TRACE_VCD=0 -faligned-new -fcf-protection=none -Wno-bool-operation -Wno-overloaded-virtual -Wno-shadow -Wno-sign-compare -Wno-uninitialized -Wno-unused-but-set-parameter -Wno-unused-but-set-variable -Wno-unused-parameter -Wno-unused-variable     -DASTER_HART_COUNT=2 -DASTER_L1=0 -DASTER_MEMORY_WAIT=1   -Os -c -o tb_aster_npu_runtime.o /home/elfo/Documents/Aster/verification/soc/tb_aster_npu_runtime.cpp
g++ -Os  -I.  -MMD -I/home/elfo/tools/verilator/root/include -I/home/elfo/tools/verilator/root/include/vltstd -DVM_COVERAGE=0 -DVM_SC=0 -DVM_TRACE=0 -DVM_TRACE_FST=0 -DVM_TRACE_VCD=0 -faligned-new -fcf-protection=none -Wno-bool-operation -Wno-overloaded-virtual -Wno-shadow -Wno-sign-compare -Wno-uninitialized -Wno-unused-but-set-parameter -Wno-unused-but-set-variable -Wno-unused-parameter -Wno-unused-variable     -DASTER_HART_COUNT=2 -DASTER_L1=0 -DASTER_MEMORY_WAIT=1   -c -o verilated.o /home/elfo/tools/verilator/root/include/verilated.cpp
g++ -Os  -I.  -MMD -I/home/elfo/tools/verilator/root/include -I/home/elfo/tools/verilator/root/include/vltstd -DVM_COVERAGE=0 -DVM_SC=0 -DVM_TRACE=0 -DVM_TRACE_FST=0 -DVM_TRACE_VCD=0 -faligned-new -fcf-protection=none -Wno-bool-operation -Wno-overloaded-virtual -Wno-shadow -Wno-sign-compare -Wno-uninitialized -Wno-unused-but-set-parameter -Wno-unused-but-set-variable -Wno-unused-parameter -Wno-unused-variable     -DASTER_HART_COUNT=2 -DASTER_L1=0 -DASTER_MEMORY_WAIT=1   -c -o verilated_threads.o /home/elfo/tools/verilator/root/include/verilated_threads.cpp
g++ -Os  -I.  -MMD -I/home/elfo/tools/verilator/root/include -I/home/elfo/tools/verilator/root/include/vltstd -DVM_COVERAGE=0 -DVM_SC=0 -DVM_TRACE=0 -DVM_TRACE_FST=0 -DVM_TRACE_VCD=0 -faligned-new -fcf-protection=none -Wno-bool-operation -Wno-overloaded-virtual -Wno-shadow -Wno-sign-compare -Wno-uninitialized -Wno-unused-but-set-parameter -Wno-unused-but-set-variable -Wno-unused-parameter -Wno-unused-variable     -DASTER_HART_COUNT=2 -DASTER_L1=0 -DASTER_MEMORY_WAIT=1   -x c++-header Vaster_coherent_soc__pch.h -o Vaster_coherent_soc__pch.h.fast.gch
g++ -Os  -I.  -MMD -I/home/elfo/tools/verilator/root/include -I/home/elfo/tools/verilator/root/include/vltstd -DVM_COVERAGE=0 -DVM_SC=0 -DVM_TRACE=0 -DVM_TRACE_FST=0 -DVM_TRACE_VCD=0 -faligned-new -fcf-protection=none -Wno-bool-operation -Wno-overloaded-virtual -Wno-shadow -Wno-sign-compare -Wno-uninitialized -Wno-unused-but-set-parameter -Wno-unused-but-set-variable -Wno-unused-parameter -Wno-unused-variable     -DASTER_HART_COUNT=2 -DASTER_L1=0 -DASTER_MEMORY_WAIT=1   -include Vaster_coherent_soc__pch.h.fast -c -o Vaster_coherent_soc.o Vaster_coherent_soc.cpp
g++ -Os  -I.  -MMD -I/home/elfo/tools/verilator/root/include -I/home/elfo/tools/verilator/root/include/vltstd -DVM_COVERAGE=0 -DVM_SC=0 -DVM_TRACE=0 -DVM_TRACE_FST=0 -DVM_TRACE_VCD=0 -faligned-new -fcf-protection=none -Wno-bool-operation -Wno-overloaded-virtual -Wno-shadow -Wno-sign-compare -Wno-uninitialized -Wno-unused-but-set-parameter -Wno-unused-but-set-variable -Wno-unused-parameter -Wno-unused-variable     -DASTER_HART_COUNT=2 -DASTER_L1=0 -DASTER_MEMORY_WAIT=1   -include Vaster_coherent_soc__pch.h.fast -c -o Vaster_coherent_soc___024root__DepSet_hc6677697__0.o Vaster_coherent_soc___024root__DepSet_hc6677697__0.cpp
g++ -Os  -I.  -MMD -I/home/elfo/tools/verilator/root/include -I/home/elfo/tools/verilator/root/include/vltstd -DVM_COVERAGE=0 -DVM_SC=0 -DVM_TRACE=0 -DVM_TRACE_FST=0 -DVM_TRACE_VCD=0 -faligned-new -fcf-protection=none -Wno-bool-operation -Wno-overloaded-virtual -Wno-shadow -Wno-sign-compare -Wno-uninitialized -Wno-unused-but-set-parameter -Wno-unused-but-set-variable -Wno-unused-parameter -Wno-unused-variable     -DASTER_HART_COUNT=2 -DASTER_L1=0 -DASTER_MEMORY_WAIT=1   -include Vaster_coherent_soc__pch.h.fast -c -o Vaster_coherent_soc___024root__DepSet_hc6677697__1.o Vaster_coherent_soc___024root__DepSet_hc6677697__1.cpp
g++ -Os  -I.  -MMD -I/home/elfo/tools/verilator/root/include -I/home/elfo/tools/verilator/root/include/vltstd -DVM_COVERAGE=0 -DVM_SC=0 -DVM_TRACE=0 -DVM_TRACE_FST=0 -DVM_TRACE_VCD=0 -faligned-new -fcf-protection=none -Wno-bool-operation -Wno-overloaded-virtual -Wno-shadow -Wno-sign-compare -Wno-uninitialized -Wno-unused-but-set-parameter -Wno-unused-but-set-variable -Wno-unused-parameter -Wno-unused-variable     -DASTER_HART_COUNT=2 -DASTER_L1=0 -DASTER_MEMORY_WAIT=1   -include Vaster_coherent_soc__pch.h.fast -c -o Vaster_coherent_soc___024root__DepSet_h9074b246__0.o Vaster_coherent_soc___024root__DepSet_h9074b246__0.cpp
g++ -Os  -I.  -MMD -I/home/elfo/tools/verilator/root/include -I/home/elfo/tools/verilator/root/include/vltstd -DVM_COVERAGE=0 -DVM_SC=0 -DVM_TRACE=0 -DVM_TRACE_FST=0 -DVM_TRACE_VCD=0 -faligned-new -fcf-protection=none -Wno-bool-operation -Wno-overloaded-virtual -Wno-shadow -Wno-sign-compare -Wno-uninitialized -Wno-unused-but-set-parameter -Wno-unused-but-set-variable -Wno-unused-parameter -Wno-unused-variable     -DASTER_HART_COUNT=2 -DASTER_L1=0 -DASTER_MEMORY_WAIT=1   -include Vaster_coherent_soc__pch.h.fast -c -o Vaster_coherent_soc_aster_atomic_hart__pi1__DepSet_h7d6270d0__0.o Vaster_coherent_soc_aster_atomic_hart__pi1__DepSet_h7d6270d0__0.cpp
g++   -I.  -MMD -I/home/elfo/tools/verilator/root/include -I/home/elfo/tools/verilator/root/include/vltstd -DVM_COVERAGE=0 -DVM_SC=0 -DVM_TRACE=0 -DVM_TRACE_FST=0 -DVM_TRACE_VCD=0 -faligned-new -fcf-protection=none -Wno-bool-operation -Wno-overloaded-virtual -Wno-shadow -Wno-sign-compare -Wno-uninitialized -Wno-unused-but-set-parameter -Wno-unused-but-set-variable -Wno-unused-parameter -Wno-unused-variable     -DASTER_HART_COUNT=2 -DASTER_L1=0 -DASTER_MEMORY_WAIT=1   -x c++-header Vaster_coherent_soc__pch.h -o Vaster_coherent_soc__pch.h.slow.gch
g++   -I.  -MMD -I/home/elfo/tools/verilator/root/include -I/home/elfo/tools/verilator/root/include/vltstd -DVM_COVERAGE=0 -DVM_SC=0 -DVM_TRACE=0 -DVM_TRACE_FST=0 -DVM_TRACE_VCD=0 -faligned-new -fcf-protection=none -Wno-bool-operation -Wno-overloaded-virtual -Wno-shadow -Wno-sign-compare -Wno-uninitialized -Wno-unused-but-set-parameter -Wno-unused-but-set-variable -Wno-unused-parameter -Wno-unused-variable     -DASTER_HART_COUNT=2 -DASTER_L1=0 -DASTER_MEMORY_WAIT=1   -include Vaster_coherent_soc__pch.h.slow -c -o Vaster_coherent_soc__ConstPool_0.o Vaster_coherent_soc__ConstPool_0.cpp
g++   -I.  -MMD -I/home/elfo/tools/verilator/root/include -I/home/elfo/tools/verilator/root/include/vltstd -DVM_COVERAGE=0 -DVM_SC=0 -DVM_TRACE=0 -DVM_TRACE_FST=0 -DVM_TRACE_VCD=0 -faligned-new -fcf-protection=none -Wno-bool-operation -Wno-overloaded-virtual -Wno-shadow -Wno-sign-compare -Wno-uninitialized -Wno-unused-but-set-parameter -Wno-unused-but-set-variable -Wno-unused-parameter -Wno-unused-variable     -DASTER_HART_COUNT=2 -DASTER_L1=0 -DASTER_MEMORY_WAIT=1   -include Vaster_coherent_soc__pch.h.slow -c -o Vaster_coherent_soc___024root__Slow.o Vaster_coherent_soc___024root__Slow.cpp
g++   -I.  -MMD -I/home/elfo/tools/verilator/root/include -I/home/elfo/tools/verilator/root/include/vltstd -DVM_COVERAGE=0 -DVM_SC=0 -DVM_TRACE=0 -DVM_TRACE_FST=0 -DVM_TRACE_VCD=0 -faligned-new -fcf-protection=none -Wno-bool-operation -Wno-overloaded-virtual -Wno-shadow -Wno-sign-compare -Wno-uninitialized -Wno-unused-but-set-parameter -Wno-unused-but-set-variable -Wno-unused-parameter -Wno-unused-variable     -DASTER_HART_COUNT=2 -DASTER_L1=0 -DASTER_MEMORY_WAIT=1   -include Vaster_coherent_soc__pch.h.slow -c -o Vaster_coherent_soc___024root__DepSet_hc6677697__0__Slow.o Vaster_coherent_soc___024root__DepSet_hc6677697__0__Slow.cpp
g++   -I.  -MMD -I/home/elfo/tools/verilator/root/include -I/home/elfo/tools/verilator/root/include/vltstd -DVM_COVERAGE=0 -DVM_SC=0 -DVM_TRACE=0 -DVM_TRACE_FST=0 -DVM_TRACE_VCD=0 -faligned-new -fcf-protection=none -Wno-bool-operation -Wno-overloaded-virtual -Wno-shadow -Wno-sign-compare -Wno-uninitialized -Wno-unused-but-set-parameter -Wno-unused-but-set-variable -Wno-unused-parameter -Wno-unused-variable     -DASTER_HART_COUNT=2 -DASTER_L1=0 -DASTER_MEMORY_WAIT=1   -include Vaster_coherent_soc__pch.h.slow -c -o Vaster_coherent_soc___024root__DepSet_h9074b246__0__Slow.o Vaster_coherent_soc___024root__DepSet_h9074b246__0__Slow.cpp
g++   -I.  -MMD -I/home/elfo/tools/verilator/root/include -I/home/elfo/tools/verilator/root/include/vltstd -DVM_COVERAGE=0 -DVM_SC=0 -DVM_TRACE=0 -DVM_TRACE_FST=0 -DVM_TRACE_VCD=0 -faligned-new -fcf-protection=none -Wno-bool-operation -Wno-overloaded-virtual -Wno-shadow -Wno-sign-compare -Wno-uninitialized -Wno-unused-but-set-parameter -Wno-unused-but-set-variable -Wno-unused-parameter -Wno-unused-variable     -DASTER_HART_COUNT=2 -DASTER_L1=0 -DASTER_MEMORY_WAIT=1   -include Vaster_coherent_soc__pch.h.slow -c -o Vaster_coherent_soc_aster_atomic_hart__pi1__Slow.o Vaster_coherent_soc_aster_atomic_hart__pi1__Slow.cpp
g++   -I.  -MMD -I/home/elfo/tools/verilator/root/include -I/home/elfo/tools/verilator/root/include/vltstd -DVM_COVERAGE=0 -DVM_SC=0 -DVM_TRACE=0 -DVM_TRACE_FST=0 -DVM_TRACE_VCD=0 -faligned-new -fcf-protection=none -Wno-bool-operation -Wno-overloaded-virtual -Wno-shadow -Wno-sign-compare -Wno-uninitialized -Wno-unused-but-set-parameter -Wno-unused-but-set-variable -Wno-unused-parameter -Wno-unused-variable     -DASTER_HART_COUNT=2 -DASTER_L1=0 -DASTER_MEMORY_WAIT=1   -include Vaster_coherent_soc__pch.h.slow -c -o Vaster_coherent_soc_aster_atomic_hart__pi1__DepSet_h7d6270d0__0__Slow.o Vaster_coherent_soc_aster_atomic_hart__pi1__DepSet_h7d6270d0__0__Slow.cpp
g++   -I.  -MMD -I/home/elfo/tools/verilator/root/include -I/home/elfo/tools/verilator/root/include/vltstd -DVM_COVERAGE=0 -DVM_SC=0 -DVM_TRACE=0 -DVM_TRACE_FST=0 -DVM_TRACE_VCD=0 -faligned-new -fcf-protection=none -Wno-bool-operation -Wno-overloaded-virtual -Wno-shadow -Wno-sign-compare -Wno-uninitialized -Wno-unused-but-set-parameter -Wno-unused-but-set-variable -Wno-unused-parameter -Wno-unused-variable     -DASTER_HART_COUNT=2 -DASTER_L1=0 -DASTER_MEMORY_WAIT=1   -include Vaster_coherent_soc__pch.h.slow -c -o Vaster_coherent_soc_aster_atomic_hart__pi1__DepSet_h3577b40b__0__Slow.o Vaster_coherent_soc_aster_atomic_hart__pi1__DepSet_h3577b40b__0__Slow.cpp
g++   -I.  -MMD -I/home/elfo/tools/verilator/root/include -I/home/elfo/tools/verilator/root/include/vltstd -DVM_COVERAGE=0 -DVM_SC=0 -DVM_TRACE=0 -DVM_TRACE_FST=0 -DVM_TRACE_VCD=0 -faligned-new -fcf-protection=none -Wno-bool-operation -Wno-overloaded-virtual -Wno-shadow -Wno-sign-compare -Wno-uninitialized -Wno-unused-but-set-parameter -Wno-unused-but-set-variable -Wno-unused-parameter -Wno-unused-variable     -DASTER_HART_COUNT=2 -DASTER_L1=0 -DASTER_MEMORY_WAIT=1   -include Vaster_coherent_soc__pch.h.slow -c -o Vaster_coherent_soc__Syms.o Vaster_coherent_soc__Syms.cpp
echo "" > Vaster_coherent_soc__ALL.verilator_deplist.tmp
Archive ar -rcs Vaster_coherent_soc__ALL.a Vaster_coherent_soc.o Vaster_coherent_soc___024root__DepSet_hc6677697__0.o Vaster_coherent_soc___024root__DepSet_hc6677697__1.o Vaster_coherent_soc___024root__DepSet_h9074b246__0.o Vaster_coherent_soc_aster_atomic_hart__pi1__DepSet_h7d6270d0__0.o Vaster_coherent_soc__ConstPool_0.o Vaster_coherent_soc___024root__Slow.o Vaster_coherent_soc___024root__DepSet_hc6677697__0__Slow.o Vaster_coherent_soc___024root__DepSet_h9074b246__0__Slow.o Vaster_coherent_soc_aster_atomic_hart__pi1__Slow.o Vaster_coherent_soc_aster_atomic_hart__pi1__DepSet_h7d6270d0__0__Slow.o Vaster_coherent_soc_aster_atomic_hart__pi1__DepSet_h3577b40b__0__Slow.o Vaster_coherent_soc__Syms.o
g++     tb_aster_npu_runtime.o verilated.o verilated_threads.o Vaster_coherent_soc__ALL.a    -pthread -lpthread -latomic   -o /home/elfo/Documents/Aster/build/npu_soc_h2_l0_sync1_wait1_w4_n16/aster_npu_runtime_sim
rm Vaster_coherent_soc__ALL.verilator_deplist.tmp
PASS: Phase 9 actual-core NPU runtime harts=2 cache=0 wait=1 starts=7 max_tiles=4 max_bytes_written=256 max_job_cycles=18522 device_transactions=5304 RAM snapshot=65536 bytes hash=0xb7ebbe5da7c6104f
mkdir -p /home/elfo/Documents/Aster/build/npu_soc_h2_l0_sync1_wait7_w4_n16
verilator --cc --exe --build --timing --Wall -DRISCV_FORMAL --Wno-DECLFILENAME --Wno-GENUNNAMED --Wno-UNUSEDSIGNAL --Wno-BLKSEQ --unroll-count 2048 --unroll-stmts 100000 \
	--assert -DASTER_COHERENCE_ASSERT --top-module aster_coherent_soc \
	-GHART_COUNT=2 "-GENABLE_L1=1'b0" "-GENABLE_DMA=1'b1" "-GENABLE_NPU=1'b1" \
	"-GSYNC_MEMORY=1'b1" -GMEMORY_WAIT_CYCLES=7 "-GHOST_BOOT=1'b1" \
	-GLINE_WORDS=4 -GLINE_COUNT=16 \
	-CFLAGS '-DASTER_HART_COUNT=2 -DASTER_L1=0 -DASTER_MEMORY_WAIT=7' \
	--Mdir /home/elfo/Documents/Aster/build/npu_soc_h2_l0_sync1_wait7_w4_n16/obj -o /home/elfo/Documents/Aster/build/npu_soc_h2_l0_sync1_wait7_w4_n16/aster_npu_runtime_sim \
	/home/elfo/Documents/Aster/rtl/core/aster_picorv32.sv /home/elfo/Documents/Aster/vendor/picorv32/picorv32.v /home/elfo/Documents/Aster/rtl/cache/aster_l1_cache.sv /home/elfo/Documents/Aster/rtl/memory/aster_rom.sv /home/elfo/Documents/Aster/rtl/memory/aster_ram.sv /home/elfo/Documents/Aster/rtl/core/aster_pcpi_atomic.sv /home/elfo/Documents/Aster/rtl/core/aster_pcpi_dot8.sv /home/elfo/Documents/Aster/rtl/core/aster_atomic_hart.sv /home/elfo/Documents/Aster/rtl/cache/aster_coherent_cache.sv /home/elfo/Documents/Aster/rtl/interconnect/aster_atomic_fabric.sv /home/elfo/Documents/Aster/rtl/interconnect/aster_device_arbiter.sv /home/elfo/Documents/Aster/rtl/accelerator/aster_int8_pe.sv /home/elfo/Documents/Aster/rtl/accelerator/aster_int8_array.sv /home/elfo/Documents/Aster/rtl/accelerator/aster_npu_engine.sv /home/elfo/Documents/Aster/rtl/accelerator/aster_npu_regs.sv /home/elfo/Documents/Aster/rtl/soc/aster_warm_stop.sv /home/elfo/Documents/Aster/rtl/peripherals/aster_uart.sv /home/elfo/Documents/Aster/rtl/peripherals/aster_coherent_perf.sv /home/elfo/Documents/Aster/rtl/dma/aster_dma_engine.sv /home/elfo/Documents/Aster/rtl/interconnect/aster_dma_arbiter.sv /home/elfo/Documents/Aster/rtl/peripherals/aster_dma_perf.sv /home/elfo/Documents/Aster/rtl/peripherals/aster_dot8_perf.sv /home/elfo/Documents/Aster/rtl/soc/aster_coherent_soc.sv /home/elfo/Documents/Aster/verification/soc/tb_aster_npu_runtime.cpp
g++  -I.  -MMD -I/home/elfo/tools/verilator/root/include -I/home/elfo/tools/verilator/root/include/vltstd -DVM_COVERAGE=0 -DVM_SC=0 -DVM_TRACE=0 -DVM_TRACE_FST=0 -DVM_TRACE_VCD=0 -faligned-new -fcf-protection=none -Wno-bool-operation -Wno-overloaded-virtual -Wno-shadow -Wno-sign-compare -Wno-uninitialized -Wno-unused-but-set-parameter -Wno-unused-but-set-variable -Wno-unused-parameter -Wno-unused-variable     -DASTER_HART_COUNT=2 -DASTER_L1=0 -DASTER_MEMORY_WAIT=7   -Os -c -o tb_aster_npu_runtime.o /home/elfo/Documents/Aster/verification/soc/tb_aster_npu_runtime.cpp
g++ -Os  -I.  -MMD -I/home/elfo/tools/verilator/root/include -I/home/elfo/tools/verilator/root/include/vltstd -DVM_COVERAGE=0 -DVM_SC=0 -DVM_TRACE=0 -DVM_TRACE_FST=0 -DVM_TRACE_VCD=0 -faligned-new -fcf-protection=none -Wno-bool-operation -Wno-overloaded-virtual -Wno-shadow -Wno-sign-compare -Wno-uninitialized -Wno-unused-but-set-parameter -Wno-unused-but-set-variable -Wno-unused-parameter -Wno-unused-variable     -DASTER_HART_COUNT=2 -DASTER_L1=0 -DASTER_MEMORY_WAIT=7   -c -o verilated.o /home/elfo/tools/verilator/root/include/verilated.cpp
g++ -Os  -I.  -MMD -I/home/elfo/tools/verilator/root/include -I/home/elfo/tools/verilator/root/include/vltstd -DVM_COVERAGE=0 -DVM_SC=0 -DVM_TRACE=0 -DVM_TRACE_FST=0 -DVM_TRACE_VCD=0 -faligned-new -fcf-protection=none -Wno-bool-operation -Wno-overloaded-virtual -Wno-shadow -Wno-sign-compare -Wno-uninitialized -Wno-unused-but-set-parameter -Wno-unused-but-set-variable -Wno-unused-parameter -Wno-unused-variable     -DASTER_HART_COUNT=2 -DASTER_L1=0 -DASTER_MEMORY_WAIT=7   -c -o verilated_threads.o /home/elfo/tools/verilator/root/include/verilated_threads.cpp
g++ -Os  -I.  -MMD -I/home/elfo/tools/verilator/root/include -I/home/elfo/tools/verilator/root/include/vltstd -DVM_COVERAGE=0 -DVM_SC=0 -DVM_TRACE=0 -DVM_TRACE_FST=0 -DVM_TRACE_VCD=0 -faligned-new -fcf-protection=none -Wno-bool-operation -Wno-overloaded-virtual -Wno-shadow -Wno-sign-compare -Wno-uninitialized -Wno-unused-but-set-parameter -Wno-unused-but-set-variable -Wno-unused-parameter -Wno-unused-variable     -DASTER_HART_COUNT=2 -DASTER_L1=0 -DASTER_MEMORY_WAIT=7   -x c++-header Vaster_coherent_soc__pch.h -o Vaster_coherent_soc__pch.h.fast.gch
g++ -Os  -I.  -MMD -I/home/elfo/tools/verilator/root/include -I/home/elfo/tools/verilator/root/include/vltstd -DVM_COVERAGE=0 -DVM_SC=0 -DVM_TRACE=0 -DVM_TRACE_FST=0 -DVM_TRACE_VCD=0 -faligned-new -fcf-protection=none -Wno-bool-operation -Wno-overloaded-virtual -Wno-shadow -Wno-sign-compare -Wno-uninitialized -Wno-unused-but-set-parameter -Wno-unused-but-set-variable -Wno-unused-parameter -Wno-unused-variable     -DASTER_HART_COUNT=2 -DASTER_L1=0 -DASTER_MEMORY_WAIT=7   -include Vaster_coherent_soc__pch.h.fast -c -o Vaster_coherent_soc.o Vaster_coherent_soc.cpp
g++ -Os  -I.  -MMD -I/home/elfo/tools/verilator/root/include -I/home/elfo/tools/verilator/root/include/vltstd -DVM_COVERAGE=0 -DVM_SC=0 -DVM_TRACE=0 -DVM_TRACE_FST=0 -DVM_TRACE_VCD=0 -faligned-new -fcf-protection=none -Wno-bool-operation -Wno-overloaded-virtual -Wno-shadow -Wno-sign-compare -Wno-uninitialized -Wno-unused-but-set-parameter -Wno-unused-but-set-variable -Wno-unused-parameter -Wno-unused-variable     -DASTER_HART_COUNT=2 -DASTER_L1=0 -DASTER_MEMORY_WAIT=7   -include Vaster_coherent_soc__pch.h.fast -c -o Vaster_coherent_soc___024root__DepSet_hc6677697__0.o Vaster_coherent_soc___024root__DepSet_hc6677697__0.cpp
g++ -Os  -I.  -MMD -I/home/elfo/tools/verilator/root/include -I/home/elfo/tools/verilator/root/include/vltstd -DVM_COVERAGE=0 -DVM_SC=0 -DVM_TRACE=0 -DVM_TRACE_FST=0 -DVM_TRACE_VCD=0 -faligned-new -fcf-protection=none -Wno-bool-operation -Wno-overloaded-virtual -Wno-shadow -Wno-sign-compare -Wno-uninitialized -Wno-unused-but-set-parameter -Wno-unused-but-set-variable -Wno-unused-parameter -Wno-unused-variable     -DASTER_HART_COUNT=2 -DASTER_L1=0 -DASTER_MEMORY_WAIT=7   -include Vaster_coherent_soc__pch.h.fast -c -o Vaster_coherent_soc___024root__DepSet_hc6677697__1.o Vaster_coherent_soc___024root__DepSet_hc6677697__1.cpp
g++ -Os  -I.  -MMD -I/home/elfo/tools/verilator/root/include -I/home/elfo/tools/verilator/root/include/vltstd -DVM_COVERAGE=0 -DVM_SC=0 -DVM_TRACE=0 -DVM_TRACE_FST=0 -DVM_TRACE_VCD=0 -faligned-new -fcf-protection=none -Wno-bool-operation -Wno-overloaded-virtual -Wno-shadow -Wno-sign-compare -Wno-uninitialized -Wno-unused-but-set-parameter -Wno-unused-but-set-variable -Wno-unused-parameter -Wno-unused-variable     -DASTER_HART_COUNT=2 -DASTER_L1=0 -DASTER_MEMORY_WAIT=7   -include Vaster_coherent_soc__pch.h.fast -c -o Vaster_coherent_soc___024root__DepSet_h9074b246__0.o Vaster_coherent_soc___024root__DepSet_h9074b246__0.cpp
g++ -Os  -I.  -MMD -I/home/elfo/tools/verilator/root/include -I/home/elfo/tools/verilator/root/include/vltstd -DVM_COVERAGE=0 -DVM_SC=0 -DVM_TRACE=0 -DVM_TRACE_FST=0 -DVM_TRACE_VCD=0 -faligned-new -fcf-protection=none -Wno-bool-operation -Wno-overloaded-virtual -Wno-shadow -Wno-sign-compare -Wno-uninitialized -Wno-unused-but-set-parameter -Wno-unused-but-set-variable -Wno-unused-parameter -Wno-unused-variable     -DASTER_HART_COUNT=2 -DASTER_L1=0 -DASTER_MEMORY_WAIT=7   -include Vaster_coherent_soc__pch.h.fast -c -o Vaster_coherent_soc_aster_atomic_hart__pi1__DepSet_h7d6270d0__0.o Vaster_coherent_soc_aster_atomic_hart__pi1__DepSet_h7d6270d0__0.cpp
g++   -I.  -MMD -I/home/elfo/tools/verilator/root/include -I/home/elfo/tools/verilator/root/include/vltstd -DVM_COVERAGE=0 -DVM_SC=0 -DVM_TRACE=0 -DVM_TRACE_FST=0 -DVM_TRACE_VCD=0 -faligned-new -fcf-protection=none -Wno-bool-operation -Wno-overloaded-virtual -Wno-shadow -Wno-sign-compare -Wno-uninitialized -Wno-unused-but-set-parameter -Wno-unused-but-set-variable -Wno-unused-parameter -Wno-unused-variable     -DASTER_HART_COUNT=2 -DASTER_L1=0 -DASTER_MEMORY_WAIT=7   -x c++-header Vaster_coherent_soc__pch.h -o Vaster_coherent_soc__pch.h.slow.gch
g++   -I.  -MMD -I/home/elfo/tools/verilator/root/include -I/home/elfo/tools/verilator/root/include/vltstd -DVM_COVERAGE=0 -DVM_SC=0 -DVM_TRACE=0 -DVM_TRACE_FST=0 -DVM_TRACE_VCD=0 -faligned-new -fcf-protection=none -Wno-bool-operation -Wno-overloaded-virtual -Wno-shadow -Wno-sign-compare -Wno-uninitialized -Wno-unused-but-set-parameter -Wno-unused-but-set-variable -Wno-unused-parameter -Wno-unused-variable     -DASTER_HART_COUNT=2 -DASTER_L1=0 -DASTER_MEMORY_WAIT=7   -include Vaster_coherent_soc__pch.h.slow -c -o Vaster_coherent_soc__ConstPool_0.o Vaster_coherent_soc__ConstPool_0.cpp
g++   -I.  -MMD -I/home/elfo/tools/verilator/root/include -I/home/elfo/tools/verilator/root/include/vltstd -DVM_COVERAGE=0 -DVM_SC=0 -DVM_TRACE=0 -DVM_TRACE_FST=0 -DVM_TRACE_VCD=0 -faligned-new -fcf-protection=none -Wno-bool-operation -Wno-overloaded-virtual -Wno-shadow -Wno-sign-compare -Wno-uninitialized -Wno-unused-but-set-parameter -Wno-unused-but-set-variable -Wno-unused-parameter -Wno-unused-variable     -DASTER_HART_COUNT=2 -DASTER_L1=0 -DASTER_MEMORY_WAIT=7   -include Vaster_coherent_soc__pch.h.slow -c -o Vaster_coherent_soc___024root__Slow.o Vaster_coherent_soc___024root__Slow.cpp
g++   -I.  -MMD -I/home/elfo/tools/verilator/root/include -I/home/elfo/tools/verilator/root/include/vltstd -DVM_COVERAGE=0 -DVM_SC=0 -DVM_TRACE=0 -DVM_TRACE_FST=0 -DVM_TRACE_VCD=0 -faligned-new -fcf-protection=none -Wno-bool-operation -Wno-overloaded-virtual -Wno-shadow -Wno-sign-compare -Wno-uninitialized -Wno-unused-but-set-parameter -Wno-unused-but-set-variable -Wno-unused-parameter -Wno-unused-variable     -DASTER_HART_COUNT=2 -DASTER_L1=0 -DASTER_MEMORY_WAIT=7   -include Vaster_coherent_soc__pch.h.slow -c -o Vaster_coherent_soc___024root__DepSet_hc6677697__0__Slow.o Vaster_coherent_soc___024root__DepSet_hc6677697__0__Slow.cpp
g++   -I.  -MMD -I/home/elfo/tools/verilator/root/include -I/home/elfo/tools/verilator/root/include/vltstd -DVM_COVERAGE=0 -DVM_SC=0 -DVM_TRACE=0 -DVM_TRACE_FST=0 -DVM_TRACE_VCD=0 -faligned-new -fcf-protection=none -Wno-bool-operation -Wno-overloaded-virtual -Wno-shadow -Wno-sign-compare -Wno-uninitialized -Wno-unused-but-set-parameter -Wno-unused-but-set-variable -Wno-unused-parameter -Wno-unused-variable     -DASTER_HART_COUNT=2 -DASTER_L1=0 -DASTER_MEMORY_WAIT=7   -include Vaster_coherent_soc__pch.h.slow -c -o Vaster_coherent_soc___024root__DepSet_h9074b246__0__Slow.o Vaster_coherent_soc___024root__DepSet_h9074b246__0__Slow.cpp
g++   -I.  -MMD -I/home/elfo/tools/verilator/root/include -I/home/elfo/tools/verilator/root/include/vltstd -DVM_COVERAGE=0 -DVM_SC=0 -DVM_TRACE=0 -DVM_TRACE_FST=0 -DVM_TRACE_VCD=0 -faligned-new -fcf-protection=none -Wno-bool-operation -Wno-overloaded-virtual -Wno-shadow -Wno-sign-compare -Wno-uninitialized -Wno-unused-but-set-parameter -Wno-unused-but-set-variable -Wno-unused-parameter -Wno-unused-variable     -DASTER_HART_COUNT=2 -DASTER_L1=0 -DASTER_MEMORY_WAIT=7   -include Vaster_coherent_soc__pch.h.slow -c -o Vaster_coherent_soc_aster_atomic_hart__pi1__Slow.o Vaster_coherent_soc_aster_atomic_hart__pi1__Slow.cpp
g++   -I.  -MMD -I/home/elfo/tools/verilator/root/include -I/home/elfo/tools/verilator/root/include/vltstd -DVM_COVERAGE=0 -DVM_SC=0 -DVM_TRACE=0 -DVM_TRACE_FST=0 -DVM_TRACE_VCD=0 -faligned-new -fcf-protection=none -Wno-bool-operation -Wno-overloaded-virtual -Wno-shadow -Wno-sign-compare -Wno-uninitialized -Wno-unused-but-set-parameter -Wno-unused-but-set-variable -Wno-unused-parameter -Wno-unused-variable     -DASTER_HART_COUNT=2 -DASTER_L1=0 -DASTER_MEMORY_WAIT=7   -include Vaster_coherent_soc__pch.h.slow -c -o Vaster_coherent_soc_aster_atomic_hart__pi1__DepSet_h7d6270d0__0__Slow.o Vaster_coherent_soc_aster_atomic_hart__pi1__DepSet_h7d6270d0__0__Slow.cpp
g++   -I.  -MMD -I/home/elfo/tools/verilator/root/include -I/home/elfo/tools/verilator/root/include/vltstd -DVM_COVERAGE=0 -DVM_SC=0 -DVM_TRACE=0 -DVM_TRACE_FST=0 -DVM_TRACE_VCD=0 -faligned-new -fcf-protection=none -Wno-bool-operation -Wno-overloaded-virtual -Wno-shadow -Wno-sign-compare -Wno-uninitialized -Wno-unused-but-set-parameter -Wno-unused-but-set-variable -Wno-unused-parameter -Wno-unused-variable     -DASTER_HART_COUNT=2 -DASTER_L1=0 -DASTER_MEMORY_WAIT=7   -include Vaster_coherent_soc__pch.h.slow -c -o Vaster_coherent_soc_aster_atomic_hart__pi1__DepSet_h3577b40b__0__Slow.o Vaster_coherent_soc_aster_atomic_hart__pi1__DepSet_h3577b40b__0__Slow.cpp
g++   -I.  -MMD -I/home/elfo/tools/verilator/root/include -I/home/elfo/tools/verilator/root/include/vltstd -DVM_COVERAGE=0 -DVM_SC=0 -DVM_TRACE=0 -DVM_TRACE_FST=0 -DVM_TRACE_VCD=0 -faligned-new -fcf-protection=none -Wno-bool-operation -Wno-overloaded-virtual -Wno-shadow -Wno-sign-compare -Wno-uninitialized -Wno-unused-but-set-parameter -Wno-unused-but-set-variable -Wno-unused-parameter -Wno-unused-variable     -DASTER_HART_COUNT=2 -DASTER_L1=0 -DASTER_MEMORY_WAIT=7   -include Vaster_coherent_soc__pch.h.slow -c -o Vaster_coherent_soc__Syms.o Vaster_coherent_soc__Syms.cpp
echo "" > Vaster_coherent_soc__ALL.verilator_deplist.tmp
Archive ar -rcs Vaster_coherent_soc__ALL.a Vaster_coherent_soc.o Vaster_coherent_soc___024root__DepSet_hc6677697__0.o Vaster_coherent_soc___024root__DepSet_hc6677697__1.o Vaster_coherent_soc___024root__DepSet_h9074b246__0.o Vaster_coherent_soc_aster_atomic_hart__pi1__DepSet_h7d6270d0__0.o Vaster_coherent_soc__ConstPool_0.o Vaster_coherent_soc___024root__Slow.o Vaster_coherent_soc___024root__DepSet_hc6677697__0__Slow.o Vaster_coherent_soc___024root__DepSet_h9074b246__0__Slow.o Vaster_coherent_soc_aster_atomic_hart__pi1__Slow.o Vaster_coherent_soc_aster_atomic_hart__pi1__DepSet_h7d6270d0__0__Slow.o Vaster_coherent_soc_aster_atomic_hart__pi1__DepSet_h3577b40b__0__Slow.o Vaster_coherent_soc__Syms.o
g++     tb_aster_npu_runtime.o verilated.o verilated_threads.o Vaster_coherent_soc__ALL.a    -pthread -lpthread -latomic   -o /home/elfo/Documents/Aster/build/npu_soc_h2_l0_sync1_wait7_w4_n16/aster_npu_runtime_sim
rm Vaster_coherent_soc__ALL.verilator_deplist.tmp
PASS: Phase 9 actual-core NPU runtime harts=2 cache=0 wait=7 starts=7 max_tiles=4 max_bytes_written=256 max_job_cycles=32334 device_transactions=5304 RAM snapshot=65536 bytes hash=0xb7ebbe5da7c6104f
PASS: Phase 9 actual-core NPU runtime harts=2 cache=1 wait=0 starts=7 max_tiles=4 max_bytes_written=256 max_job_cycles=14906 device_transactions=4836 RAM snapshot=65536 bytes hash=0xb7ebbe5da7c6104f
mkdir -p /home/elfo/Documents/Aster/build/npu_soc_h2_l1_sync0_wait7_w4_n16
verilator --cc --exe --build --timing --Wall -DRISCV_FORMAL --Wno-DECLFILENAME --Wno-GENUNNAMED --Wno-UNUSEDSIGNAL --Wno-BLKSEQ --unroll-count 2048 --unroll-stmts 100000 \
	--assert -DASTER_COHERENCE_ASSERT --top-module aster_coherent_soc \
	-GHART_COUNT=2 "-GENABLE_L1=1'b1" "-GENABLE_DMA=1'b1" "-GENABLE_NPU=1'b1" \
	"-GSYNC_MEMORY=1'b0" -GMEMORY_WAIT_CYCLES=7 "-GHOST_BOOT=1'b1" \
	-GLINE_WORDS=4 -GLINE_COUNT=16 \
	-CFLAGS '-DASTER_HART_COUNT=2 -DASTER_L1=1 -DASTER_MEMORY_WAIT=7' \
	--Mdir /home/elfo/Documents/Aster/build/npu_soc_h2_l1_sync0_wait7_w4_n16/obj -o /home/elfo/Documents/Aster/build/npu_soc_h2_l1_sync0_wait7_w4_n16/aster_npu_runtime_sim \
	/home/elfo/Documents/Aster/rtl/core/aster_picorv32.sv /home/elfo/Documents/Aster/vendor/picorv32/picorv32.v /home/elfo/Documents/Aster/rtl/cache/aster_l1_cache.sv /home/elfo/Documents/Aster/rtl/memory/aster_rom.sv /home/elfo/Documents/Aster/rtl/memory/aster_ram.sv /home/elfo/Documents/Aster/rtl/core/aster_pcpi_atomic.sv /home/elfo/Documents/Aster/rtl/core/aster_pcpi_dot8.sv /home/elfo/Documents/Aster/rtl/core/aster_atomic_hart.sv /home/elfo/Documents/Aster/rtl/cache/aster_coherent_cache.sv /home/elfo/Documents/Aster/rtl/interconnect/aster_atomic_fabric.sv /home/elfo/Documents/Aster/rtl/interconnect/aster_device_arbiter.sv /home/elfo/Documents/Aster/rtl/accelerator/aster_int8_pe.sv /home/elfo/Documents/Aster/rtl/accelerator/aster_int8_array.sv /home/elfo/Documents/Aster/rtl/accelerator/aster_npu_engine.sv /home/elfo/Documents/Aster/rtl/accelerator/aster_npu_regs.sv /home/elfo/Documents/Aster/rtl/soc/aster_warm_stop.sv /home/elfo/Documents/Aster/rtl/peripherals/aster_uart.sv /home/elfo/Documents/Aster/rtl/peripherals/aster_coherent_perf.sv /home/elfo/Documents/Aster/rtl/dma/aster_dma_engine.sv /home/elfo/Documents/Aster/rtl/interconnect/aster_dma_arbiter.sv /home/elfo/Documents/Aster/rtl/peripherals/aster_dma_perf.sv /home/elfo/Documents/Aster/rtl/peripherals/aster_dot8_perf.sv /home/elfo/Documents/Aster/rtl/soc/aster_coherent_soc.sv /home/elfo/Documents/Aster/verification/soc/tb_aster_npu_runtime.cpp
g++  -I.  -MMD -I/home/elfo/tools/verilator/root/include -I/home/elfo/tools/verilator/root/include/vltstd -DVM_COVERAGE=0 -DVM_SC=0 -DVM_TRACE=0 -DVM_TRACE_FST=0 -DVM_TRACE_VCD=0 -faligned-new -fcf-protection=none -Wno-bool-operation -Wno-overloaded-virtual -Wno-shadow -Wno-sign-compare -Wno-uninitialized -Wno-unused-but-set-parameter -Wno-unused-but-set-variable -Wno-unused-parameter -Wno-unused-variable     -DASTER_HART_COUNT=2 -DASTER_L1=1 -DASTER_MEMORY_WAIT=7   -Os -c -o tb_aster_npu_runtime.o /home/elfo/Documents/Aster/verification/soc/tb_aster_npu_runtime.cpp
g++ -Os  -I.  -MMD -I/home/elfo/tools/verilator/root/include -I/home/elfo/tools/verilator/root/include/vltstd -DVM_COVERAGE=0 -DVM_SC=0 -DVM_TRACE=0 -DVM_TRACE_FST=0 -DVM_TRACE_VCD=0 -faligned-new -fcf-protection=none -Wno-bool-operation -Wno-overloaded-virtual -Wno-shadow -Wno-sign-compare -Wno-uninitialized -Wno-unused-but-set-parameter -Wno-unused-but-set-variable -Wno-unused-parameter -Wno-unused-variable     -DASTER_HART_COUNT=2 -DASTER_L1=1 -DASTER_MEMORY_WAIT=7   -c -o verilated.o /home/elfo/tools/verilator/root/include/verilated.cpp
g++ -Os  -I.  -MMD -I/home/elfo/tools/verilator/root/include -I/home/elfo/tools/verilator/root/include/vltstd -DVM_COVERAGE=0 -DVM_SC=0 -DVM_TRACE=0 -DVM_TRACE_FST=0 -DVM_TRACE_VCD=0 -faligned-new -fcf-protection=none -Wno-bool-operation -Wno-overloaded-virtual -Wno-shadow -Wno-sign-compare -Wno-uninitialized -Wno-unused-but-set-parameter -Wno-unused-but-set-variable -Wno-unused-parameter -Wno-unused-variable     -DASTER_HART_COUNT=2 -DASTER_L1=1 -DASTER_MEMORY_WAIT=7   -c -o verilated_threads.o /home/elfo/tools/verilator/root/include/verilated_threads.cpp
g++ -Os  -I.  -MMD -I/home/elfo/tools/verilator/root/include -I/home/elfo/tools/verilator/root/include/vltstd -DVM_COVERAGE=0 -DVM_SC=0 -DVM_TRACE=0 -DVM_TRACE_FST=0 -DVM_TRACE_VCD=0 -faligned-new -fcf-protection=none -Wno-bool-operation -Wno-overloaded-virtual -Wno-shadow -Wno-sign-compare -Wno-uninitialized -Wno-unused-but-set-parameter -Wno-unused-but-set-variable -Wno-unused-parameter -Wno-unused-variable     -DASTER_HART_COUNT=2 -DASTER_L1=1 -DASTER_MEMORY_WAIT=7   -x c++-header Vaster_coherent_soc__pch.h -o Vaster_coherent_soc__pch.h.fast.gch
g++ -Os  -I.  -MMD -I/home/elfo/tools/verilator/root/include -I/home/elfo/tools/verilator/root/include/vltstd -DVM_COVERAGE=0 -DVM_SC=0 -DVM_TRACE=0 -DVM_TRACE_FST=0 -DVM_TRACE_VCD=0 -faligned-new -fcf-protection=none -Wno-bool-operation -Wno-overloaded-virtual -Wno-shadow -Wno-sign-compare -Wno-uninitialized -Wno-unused-but-set-parameter -Wno-unused-but-set-variable -Wno-unused-parameter -Wno-unused-variable     -DASTER_HART_COUNT=2 -DASTER_L1=1 -DASTER_MEMORY_WAIT=7   -include Vaster_coherent_soc__pch.h.fast -c -o Vaster_coherent_soc.o Vaster_coherent_soc.cpp
g++ -Os  -I.  -MMD -I/home/elfo/tools/verilator/root/include -I/home/elfo/tools/verilator/root/include/vltstd -DVM_COVERAGE=0 -DVM_SC=0 -DVM_TRACE=0 -DVM_TRACE_FST=0 -DVM_TRACE_VCD=0 -faligned-new -fcf-protection=none -Wno-bool-operation -Wno-overloaded-virtual -Wno-shadow -Wno-sign-compare -Wno-uninitialized -Wno-unused-but-set-parameter -Wno-unused-but-set-variable -Wno-unused-parameter -Wno-unused-variable     -DASTER_HART_COUNT=2 -DASTER_L1=1 -DASTER_MEMORY_WAIT=7   -include Vaster_coherent_soc__pch.h.fast -c -o Vaster_coherent_soc___024root__DepSet_hc6677697__0.o Vaster_coherent_soc___024root__DepSet_hc6677697__0.cpp
g++ -Os  -I.  -MMD -I/home/elfo/tools/verilator/root/include -I/home/elfo/tools/verilator/root/include/vltstd -DVM_COVERAGE=0 -DVM_SC=0 -DVM_TRACE=0 -DVM_TRACE_FST=0 -DVM_TRACE_VCD=0 -faligned-new -fcf-protection=none -Wno-bool-operation -Wno-overloaded-virtual -Wno-shadow -Wno-sign-compare -Wno-uninitialized -Wno-unused-but-set-parameter -Wno-unused-but-set-variable -Wno-unused-parameter -Wno-unused-variable     -DASTER_HART_COUNT=2 -DASTER_L1=1 -DASTER_MEMORY_WAIT=7   -include Vaster_coherent_soc__pch.h.fast -c -o Vaster_coherent_soc___024root__DepSet_hc6677697__1.o Vaster_coherent_soc___024root__DepSet_hc6677697__1.cpp
g++ -Os  -I.  -MMD -I/home/elfo/tools/verilator/root/include -I/home/elfo/tools/verilator/root/include/vltstd -DVM_COVERAGE=0 -DVM_SC=0 -DVM_TRACE=0 -DVM_TRACE_FST=0 -DVM_TRACE_VCD=0 -faligned-new -fcf-protection=none -Wno-bool-operation -Wno-overloaded-virtual -Wno-shadow -Wno-sign-compare -Wno-uninitialized -Wno-unused-but-set-parameter -Wno-unused-but-set-variable -Wno-unused-parameter -Wno-unused-variable     -DASTER_HART_COUNT=2 -DASTER_L1=1 -DASTER_MEMORY_WAIT=7   -include Vaster_coherent_soc__pch.h.fast -c -o Vaster_coherent_soc___024root__DepSet_h9074b246__0.o Vaster_coherent_soc___024root__DepSet_h9074b246__0.cpp
g++ -Os  -I.  -MMD -I/home/elfo/tools/verilator/root/include -I/home/elfo/tools/verilator/root/include/vltstd -DVM_COVERAGE=0 -DVM_SC=0 -DVM_TRACE=0 -DVM_TRACE_FST=0 -DVM_TRACE_VCD=0 -faligned-new -fcf-protection=none -Wno-bool-operation -Wno-overloaded-virtual -Wno-shadow -Wno-sign-compare -Wno-uninitialized -Wno-unused-but-set-parameter -Wno-unused-but-set-variable -Wno-unused-parameter -Wno-unused-variable     -DASTER_HART_COUNT=2 -DASTER_L1=1 -DASTER_MEMORY_WAIT=7   -include Vaster_coherent_soc__pch.h.fast -c -o Vaster_coherent_soc_aster_atomic_hart__pi1__DepSet_h7d6270d0__0.o Vaster_coherent_soc_aster_atomic_hart__pi1__DepSet_h7d6270d0__0.cpp
g++   -I.  -MMD -I/home/elfo/tools/verilator/root/include -I/home/elfo/tools/verilator/root/include/vltstd -DVM_COVERAGE=0 -DVM_SC=0 -DVM_TRACE=0 -DVM_TRACE_FST=0 -DVM_TRACE_VCD=0 -faligned-new -fcf-protection=none -Wno-bool-operation -Wno-overloaded-virtual -Wno-shadow -Wno-sign-compare -Wno-uninitialized -Wno-unused-but-set-parameter -Wno-unused-but-set-variable -Wno-unused-parameter -Wno-unused-variable     -DASTER_HART_COUNT=2 -DASTER_L1=1 -DASTER_MEMORY_WAIT=7   -x c++-header Vaster_coherent_soc__pch.h -o Vaster_coherent_soc__pch.h.slow.gch
g++   -I.  -MMD -I/home/elfo/tools/verilator/root/include -I/home/elfo/tools/verilator/root/include/vltstd -DVM_COVERAGE=0 -DVM_SC=0 -DVM_TRACE=0 -DVM_TRACE_FST=0 -DVM_TRACE_VCD=0 -faligned-new -fcf-protection=none -Wno-bool-operation -Wno-overloaded-virtual -Wno-shadow -Wno-sign-compare -Wno-uninitialized -Wno-unused-but-set-parameter -Wno-unused-but-set-variable -Wno-unused-parameter -Wno-unused-variable     -DASTER_HART_COUNT=2 -DASTER_L1=1 -DASTER_MEMORY_WAIT=7   -include Vaster_coherent_soc__pch.h.slow -c -o Vaster_coherent_soc__ConstPool_0.o Vaster_coherent_soc__ConstPool_0.cpp
g++   -I.  -MMD -I/home/elfo/tools/verilator/root/include -I/home/elfo/tools/verilator/root/include/vltstd -DVM_COVERAGE=0 -DVM_SC=0 -DVM_TRACE=0 -DVM_TRACE_FST=0 -DVM_TRACE_VCD=0 -faligned-new -fcf-protection=none -Wno-bool-operation -Wno-overloaded-virtual -Wno-shadow -Wno-sign-compare -Wno-uninitialized -Wno-unused-but-set-parameter -Wno-unused-but-set-variable -Wno-unused-parameter -Wno-unused-variable     -DASTER_HART_COUNT=2 -DASTER_L1=1 -DASTER_MEMORY_WAIT=7   -include Vaster_coherent_soc__pch.h.slow -c -o Vaster_coherent_soc___024root__Slow.o Vaster_coherent_soc___024root__Slow.cpp
g++   -I.  -MMD -I/home/elfo/tools/verilator/root/include -I/home/elfo/tools/verilator/root/include/vltstd -DVM_COVERAGE=0 -DVM_SC=0 -DVM_TRACE=0 -DVM_TRACE_FST=0 -DVM_TRACE_VCD=0 -faligned-new -fcf-protection=none -Wno-bool-operation -Wno-overloaded-virtual -Wno-shadow -Wno-sign-compare -Wno-uninitialized -Wno-unused-but-set-parameter -Wno-unused-but-set-variable -Wno-unused-parameter -Wno-unused-variable     -DASTER_HART_COUNT=2 -DASTER_L1=1 -DASTER_MEMORY_WAIT=7   -include Vaster_coherent_soc__pch.h.slow -c -o Vaster_coherent_soc___024root__DepSet_hc6677697__0__Slow.o Vaster_coherent_soc___024root__DepSet_hc6677697__0__Slow.cpp
g++   -I.  -MMD -I/home/elfo/tools/verilator/root/include -I/home/elfo/tools/verilator/root/include/vltstd -DVM_COVERAGE=0 -DVM_SC=0 -DVM_TRACE=0 -DVM_TRACE_FST=0 -DVM_TRACE_VCD=0 -faligned-new -fcf-protection=none -Wno-bool-operation -Wno-overloaded-virtual -Wno-shadow -Wno-sign-compare -Wno-uninitialized -Wno-unused-but-set-parameter -Wno-unused-but-set-variable -Wno-unused-parameter -Wno-unused-variable     -DASTER_HART_COUNT=2 -DASTER_L1=1 -DASTER_MEMORY_WAIT=7   -include Vaster_coherent_soc__pch.h.slow -c -o Vaster_coherent_soc___024root__DepSet_h9074b246__0__Slow.o Vaster_coherent_soc___024root__DepSet_h9074b246__0__Slow.cpp
g++   -I.  -MMD -I/home/elfo/tools/verilator/root/include -I/home/elfo/tools/verilator/root/include/vltstd -DVM_COVERAGE=0 -DVM_SC=0 -DVM_TRACE=0 -DVM_TRACE_FST=0 -DVM_TRACE_VCD=0 -faligned-new -fcf-protection=none -Wno-bool-operation -Wno-overloaded-virtual -Wno-shadow -Wno-sign-compare -Wno-uninitialized -Wno-unused-but-set-parameter -Wno-unused-but-set-variable -Wno-unused-parameter -Wno-unused-variable     -DASTER_HART_COUNT=2 -DASTER_L1=1 -DASTER_MEMORY_WAIT=7   -include Vaster_coherent_soc__pch.h.slow -c -o Vaster_coherent_soc_aster_atomic_hart__pi1__Slow.o Vaster_coherent_soc_aster_atomic_hart__pi1__Slow.cpp
g++   -I.  -MMD -I/home/elfo/tools/verilator/root/include -I/home/elfo/tools/verilator/root/include/vltstd -DVM_COVERAGE=0 -DVM_SC=0 -DVM_TRACE=0 -DVM_TRACE_FST=0 -DVM_TRACE_VCD=0 -faligned-new -fcf-protection=none -Wno-bool-operation -Wno-overloaded-virtual -Wno-shadow -Wno-sign-compare -Wno-uninitialized -Wno-unused-but-set-parameter -Wno-unused-but-set-variable -Wno-unused-parameter -Wno-unused-variable     -DASTER_HART_COUNT=2 -DASTER_L1=1 -DASTER_MEMORY_WAIT=7   -include Vaster_coherent_soc__pch.h.slow -c -o Vaster_coherent_soc_aster_atomic_hart__pi1__DepSet_h7d6270d0__0__Slow.o Vaster_coherent_soc_aster_atomic_hart__pi1__DepSet_h7d6270d0__0__Slow.cpp
g++   -I.  -MMD -I/home/elfo/tools/verilator/root/include -I/home/elfo/tools/verilator/root/include/vltstd -DVM_COVERAGE=0 -DVM_SC=0 -DVM_TRACE=0 -DVM_TRACE_FST=0 -DVM_TRACE_VCD=0 -faligned-new -fcf-protection=none -Wno-bool-operation -Wno-overloaded-virtual -Wno-shadow -Wno-sign-compare -Wno-uninitialized -Wno-unused-but-set-parameter -Wno-unused-but-set-variable -Wno-unused-parameter -Wno-unused-variable     -DASTER_HART_COUNT=2 -DASTER_L1=1 -DASTER_MEMORY_WAIT=7   -include Vaster_coherent_soc__pch.h.slow -c -o Vaster_coherent_soc_aster_atomic_hart__pi1__DepSet_h3577b40b__0__Slow.o Vaster_coherent_soc_aster_atomic_hart__pi1__DepSet_h3577b40b__0__Slow.cpp
g++   -I.  -MMD -I/home/elfo/tools/verilator/root/include -I/home/elfo/tools/verilator/root/include/vltstd -DVM_COVERAGE=0 -DVM_SC=0 -DVM_TRACE=0 -DVM_TRACE_FST=0 -DVM_TRACE_VCD=0 -faligned-new -fcf-protection=none -Wno-bool-operation -Wno-overloaded-virtual -Wno-shadow -Wno-sign-compare -Wno-uninitialized -Wno-unused-but-set-parameter -Wno-unused-but-set-variable -Wno-unused-parameter -Wno-unused-variable     -DASTER_HART_COUNT=2 -DASTER_L1=1 -DASTER_MEMORY_WAIT=7   -include Vaster_coherent_soc__pch.h.slow -c -o Vaster_coherent_soc__Syms.o Vaster_coherent_soc__Syms.cpp
echo "" > Vaster_coherent_soc__ALL.verilator_deplist.tmp
Archive ar -rcs Vaster_coherent_soc__ALL.a Vaster_coherent_soc.o Vaster_coherent_soc___024root__DepSet_hc6677697__0.o Vaster_coherent_soc___024root__DepSet_hc6677697__1.o Vaster_coherent_soc___024root__DepSet_h9074b246__0.o Vaster_coherent_soc_aster_atomic_hart__pi1__DepSet_h7d6270d0__0.o Vaster_coherent_soc__ConstPool_0.o Vaster_coherent_soc___024root__Slow.o Vaster_coherent_soc___024root__DepSet_hc6677697__0__Slow.o Vaster_coherent_soc___024root__DepSet_h9074b246__0__Slow.o Vaster_coherent_soc_aster_atomic_hart__pi1__Slow.o Vaster_coherent_soc_aster_atomic_hart__pi1__DepSet_h7d6270d0__0__Slow.o Vaster_coherent_soc_aster_atomic_hart__pi1__DepSet_h3577b40b__0__Slow.o Vaster_coherent_soc__Syms.o
g++     tb_aster_npu_runtime.o verilated.o verilated_threads.o Vaster_coherent_soc__ALL.a    -pthread -lpthread -latomic   -o /home/elfo/Documents/Aster/build/npu_soc_h2_l1_sync0_wait7_w4_n16/aster_npu_runtime_sim
rm Vaster_coherent_soc__ALL.verilator_deplist.tmp
PASS: Phase 9 actual-core NPU runtime harts=2 cache=1 wait=7 starts=7 max_tiles=4 max_bytes_written=256 max_job_cycles=28951 device_transactions=4836 RAM snapshot=65536 bytes hash=0xb7ebbe5da7c6104f
mkdir -p /home/elfo/Documents/Aster/build/npu_soc_h2_l1_sync1_wait1_w4_n16
verilator --cc --exe --build --timing --Wall -DRISCV_FORMAL --Wno-DECLFILENAME --Wno-GENUNNAMED --Wno-UNUSEDSIGNAL --Wno-BLKSEQ --unroll-count 2048 --unroll-stmts 100000 \
	--assert -DASTER_COHERENCE_ASSERT --top-module aster_coherent_soc \
	-GHART_COUNT=2 "-GENABLE_L1=1'b1" "-GENABLE_DMA=1'b1" "-GENABLE_NPU=1'b1" \
	"-GSYNC_MEMORY=1'b1" -GMEMORY_WAIT_CYCLES=1 "-GHOST_BOOT=1'b1" \
	-GLINE_WORDS=4 -GLINE_COUNT=16 \
	-CFLAGS '-DASTER_HART_COUNT=2 -DASTER_L1=1 -DASTER_MEMORY_WAIT=1' \
	--Mdir /home/elfo/Documents/Aster/build/npu_soc_h2_l1_sync1_wait1_w4_n16/obj -o /home/elfo/Documents/Aster/build/npu_soc_h2_l1_sync1_wait1_w4_n16/aster_npu_runtime_sim \
	/home/elfo/Documents/Aster/rtl/core/aster_picorv32.sv /home/elfo/Documents/Aster/vendor/picorv32/picorv32.v /home/elfo/Documents/Aster/rtl/cache/aster_l1_cache.sv /home/elfo/Documents/Aster/rtl/memory/aster_rom.sv /home/elfo/Documents/Aster/rtl/memory/aster_ram.sv /home/elfo/Documents/Aster/rtl/core/aster_pcpi_atomic.sv /home/elfo/Documents/Aster/rtl/core/aster_pcpi_dot8.sv /home/elfo/Documents/Aster/rtl/core/aster_atomic_hart.sv /home/elfo/Documents/Aster/rtl/cache/aster_coherent_cache.sv /home/elfo/Documents/Aster/rtl/interconnect/aster_atomic_fabric.sv /home/elfo/Documents/Aster/rtl/interconnect/aster_device_arbiter.sv /home/elfo/Documents/Aster/rtl/accelerator/aster_int8_pe.sv /home/elfo/Documents/Aster/rtl/accelerator/aster_int8_array.sv /home/elfo/Documents/Aster/rtl/accelerator/aster_npu_engine.sv /home/elfo/Documents/Aster/rtl/accelerator/aster_npu_regs.sv /home/elfo/Documents/Aster/rtl/soc/aster_warm_stop.sv /home/elfo/Documents/Aster/rtl/peripherals/aster_uart.sv /home/elfo/Documents/Aster/rtl/peripherals/aster_coherent_perf.sv /home/elfo/Documents/Aster/rtl/dma/aster_dma_engine.sv /home/elfo/Documents/Aster/rtl/interconnect/aster_dma_arbiter.sv /home/elfo/Documents/Aster/rtl/peripherals/aster_dma_perf.sv /home/elfo/Documents/Aster/rtl/peripherals/aster_dot8_perf.sv /home/elfo/Documents/Aster/rtl/soc/aster_coherent_soc.sv /home/elfo/Documents/Aster/verification/soc/tb_aster_npu_runtime.cpp
g++  -I.  -MMD -I/home/elfo/tools/verilator/root/include -I/home/elfo/tools/verilator/root/include/vltstd -DVM_COVERAGE=0 -DVM_SC=0 -DVM_TRACE=0 -DVM_TRACE_FST=0 -DVM_TRACE_VCD=0 -faligned-new -fcf-protection=none -Wno-bool-operation -Wno-overloaded-virtual -Wno-shadow -Wno-sign-compare -Wno-uninitialized -Wno-unused-but-set-parameter -Wno-unused-but-set-variable -Wno-unused-parameter -Wno-unused-variable     -DASTER_HART_COUNT=2 -DASTER_L1=1 -DASTER_MEMORY_WAIT=1   -Os -c -o tb_aster_npu_runtime.o /home/elfo/Documents/Aster/verification/soc/tb_aster_npu_runtime.cpp
g++ -Os  -I.  -MMD -I/home/elfo/tools/verilator/root/include -I/home/elfo/tools/verilator/root/include/vltstd -DVM_COVERAGE=0 -DVM_SC=0 -DVM_TRACE=0 -DVM_TRACE_FST=0 -DVM_TRACE_VCD=0 -faligned-new -fcf-protection=none -Wno-bool-operation -Wno-overloaded-virtual -Wno-shadow -Wno-sign-compare -Wno-uninitialized -Wno-unused-but-set-parameter -Wno-unused-but-set-variable -Wno-unused-parameter -Wno-unused-variable     -DASTER_HART_COUNT=2 -DASTER_L1=1 -DASTER_MEMORY_WAIT=1   -c -o verilated.o /home/elfo/tools/verilator/root/include/verilated.cpp
g++ -Os  -I.  -MMD -I/home/elfo/tools/verilator/root/include -I/home/elfo/tools/verilator/root/include/vltstd -DVM_COVERAGE=0 -DVM_SC=0 -DVM_TRACE=0 -DVM_TRACE_FST=0 -DVM_TRACE_VCD=0 -faligned-new -fcf-protection=none -Wno-bool-operation -Wno-overloaded-virtual -Wno-shadow -Wno-sign-compare -Wno-uninitialized -Wno-unused-but-set-parameter -Wno-unused-but-set-variable -Wno-unused-parameter -Wno-unused-variable     -DASTER_HART_COUNT=2 -DASTER_L1=1 -DASTER_MEMORY_WAIT=1   -c -o verilated_threads.o /home/elfo/tools/verilator/root/include/verilated_threads.cpp
g++ -Os  -I.  -MMD -I/home/elfo/tools/verilator/root/include -I/home/elfo/tools/verilator/root/include/vltstd -DVM_COVERAGE=0 -DVM_SC=0 -DVM_TRACE=0 -DVM_TRACE_FST=0 -DVM_TRACE_VCD=0 -faligned-new -fcf-protection=none -Wno-bool-operation -Wno-overloaded-virtual -Wno-shadow -Wno-sign-compare -Wno-uninitialized -Wno-unused-but-set-parameter -Wno-unused-but-set-variable -Wno-unused-parameter -Wno-unused-variable     -DASTER_HART_COUNT=2 -DASTER_L1=1 -DASTER_MEMORY_WAIT=1   -x c++-header Vaster_coherent_soc__pch.h -o Vaster_coherent_soc__pch.h.fast.gch
g++ -Os  -I.  -MMD -I/home/elfo/tools/verilator/root/include -I/home/elfo/tools/verilator/root/include/vltstd -DVM_COVERAGE=0 -DVM_SC=0 -DVM_TRACE=0 -DVM_TRACE_FST=0 -DVM_TRACE_VCD=0 -faligned-new -fcf-protection=none -Wno-bool-operation -Wno-overloaded-virtual -Wno-shadow -Wno-sign-compare -Wno-uninitialized -Wno-unused-but-set-parameter -Wno-unused-but-set-variable -Wno-unused-parameter -Wno-unused-variable     -DASTER_HART_COUNT=2 -DASTER_L1=1 -DASTER_MEMORY_WAIT=1   -include Vaster_coherent_soc__pch.h.fast -c -o Vaster_coherent_soc.o Vaster_coherent_soc.cpp
g++ -Os  -I.  -MMD -I/home/elfo/tools/verilator/root/include -I/home/elfo/tools/verilator/root/include/vltstd -DVM_COVERAGE=0 -DVM_SC=0 -DVM_TRACE=0 -DVM_TRACE_FST=0 -DVM_TRACE_VCD=0 -faligned-new -fcf-protection=none -Wno-bool-operation -Wno-overloaded-virtual -Wno-shadow -Wno-sign-compare -Wno-uninitialized -Wno-unused-but-set-parameter -Wno-unused-but-set-variable -Wno-unused-parameter -Wno-unused-variable     -DASTER_HART_COUNT=2 -DASTER_L1=1 -DASTER_MEMORY_WAIT=1   -include Vaster_coherent_soc__pch.h.fast -c -o Vaster_coherent_soc___024root__DepSet_hc6677697__0.o Vaster_coherent_soc___024root__DepSet_hc6677697__0.cpp
g++ -Os  -I.  -MMD -I/home/elfo/tools/verilator/root/include -I/home/elfo/tools/verilator/root/include/vltstd -DVM_COVERAGE=0 -DVM_SC=0 -DVM_TRACE=0 -DVM_TRACE_FST=0 -DVM_TRACE_VCD=0 -faligned-new -fcf-protection=none -Wno-bool-operation -Wno-overloaded-virtual -Wno-shadow -Wno-sign-compare -Wno-uninitialized -Wno-unused-but-set-parameter -Wno-unused-but-set-variable -Wno-unused-parameter -Wno-unused-variable     -DASTER_HART_COUNT=2 -DASTER_L1=1 -DASTER_MEMORY_WAIT=1   -include Vaster_coherent_soc__pch.h.fast -c -o Vaster_coherent_soc___024root__DepSet_hc6677697__1.o Vaster_coherent_soc___024root__DepSet_hc6677697__1.cpp
g++ -Os  -I.  -MMD -I/home/elfo/tools/verilator/root/include -I/home/elfo/tools/verilator/root/include/vltstd -DVM_COVERAGE=0 -DVM_SC=0 -DVM_TRACE=0 -DVM_TRACE_FST=0 -DVM_TRACE_VCD=0 -faligned-new -fcf-protection=none -Wno-bool-operation -Wno-overloaded-virtual -Wno-shadow -Wno-sign-compare -Wno-uninitialized -Wno-unused-but-set-parameter -Wno-unused-but-set-variable -Wno-unused-parameter -Wno-unused-variable     -DASTER_HART_COUNT=2 -DASTER_L1=1 -DASTER_MEMORY_WAIT=1   -include Vaster_coherent_soc__pch.h.fast -c -o Vaster_coherent_soc___024root__DepSet_h9074b246__0.o Vaster_coherent_soc___024root__DepSet_h9074b246__0.cpp
g++ -Os  -I.  -MMD -I/home/elfo/tools/verilator/root/include -I/home/elfo/tools/verilator/root/include/vltstd -DVM_COVERAGE=0 -DVM_SC=0 -DVM_TRACE=0 -DVM_TRACE_FST=0 -DVM_TRACE_VCD=0 -faligned-new -fcf-protection=none -Wno-bool-operation -Wno-overloaded-virtual -Wno-shadow -Wno-sign-compare -Wno-uninitialized -Wno-unused-but-set-parameter -Wno-unused-but-set-variable -Wno-unused-parameter -Wno-unused-variable     -DASTER_HART_COUNT=2 -DASTER_L1=1 -DASTER_MEMORY_WAIT=1   -include Vaster_coherent_soc__pch.h.fast -c -o Vaster_coherent_soc_aster_atomic_hart__pi1__DepSet_h7d6270d0__0.o Vaster_coherent_soc_aster_atomic_hart__pi1__DepSet_h7d6270d0__0.cpp
g++   -I.  -MMD -I/home/elfo/tools/verilator/root/include -I/home/elfo/tools/verilator/root/include/vltstd -DVM_COVERAGE=0 -DVM_SC=0 -DVM_TRACE=0 -DVM_TRACE_FST=0 -DVM_TRACE_VCD=0 -faligned-new -fcf-protection=none -Wno-bool-operation -Wno-overloaded-virtual -Wno-shadow -Wno-sign-compare -Wno-uninitialized -Wno-unused-but-set-parameter -Wno-unused-but-set-variable -Wno-unused-parameter -Wno-unused-variable     -DASTER_HART_COUNT=2 -DASTER_L1=1 -DASTER_MEMORY_WAIT=1   -x c++-header Vaster_coherent_soc__pch.h -o Vaster_coherent_soc__pch.h.slow.gch
g++   -I.  -MMD -I/home/elfo/tools/verilator/root/include -I/home/elfo/tools/verilator/root/include/vltstd -DVM_COVERAGE=0 -DVM_SC=0 -DVM_TRACE=0 -DVM_TRACE_FST=0 -DVM_TRACE_VCD=0 -faligned-new -fcf-protection=none -Wno-bool-operation -Wno-overloaded-virtual -Wno-shadow -Wno-sign-compare -Wno-uninitialized -Wno-unused-but-set-parameter -Wno-unused-but-set-variable -Wno-unused-parameter -Wno-unused-variable     -DASTER_HART_COUNT=2 -DASTER_L1=1 -DASTER_MEMORY_WAIT=1   -include Vaster_coherent_soc__pch.h.slow -c -o Vaster_coherent_soc__ConstPool_0.o Vaster_coherent_soc__ConstPool_0.cpp
g++   -I.  -MMD -I/home/elfo/tools/verilator/root/include -I/home/elfo/tools/verilator/root/include/vltstd -DVM_COVERAGE=0 -DVM_SC=0 -DVM_TRACE=0 -DVM_TRACE_FST=0 -DVM_TRACE_VCD=0 -faligned-new -fcf-protection=none -Wno-bool-operation -Wno-overloaded-virtual -Wno-shadow -Wno-sign-compare -Wno-uninitialized -Wno-unused-but-set-parameter -Wno-unused-but-set-variable -Wno-unused-parameter -Wno-unused-variable     -DASTER_HART_COUNT=2 -DASTER_L1=1 -DASTER_MEMORY_WAIT=1   -include Vaster_coherent_soc__pch.h.slow -c -o Vaster_coherent_soc___024root__Slow.o Vaster_coherent_soc___024root__Slow.cpp
g++   -I.  -MMD -I/home/elfo/tools/verilator/root/include -I/home/elfo/tools/verilator/root/include/vltstd -DVM_COVERAGE=0 -DVM_SC=0 -DVM_TRACE=0 -DVM_TRACE_FST=0 -DVM_TRACE_VCD=0 -faligned-new -fcf-protection=none -Wno-bool-operation -Wno-overloaded-virtual -Wno-shadow -Wno-sign-compare -Wno-uninitialized -Wno-unused-but-set-parameter -Wno-unused-but-set-variable -Wno-unused-parameter -Wno-unused-variable     -DASTER_HART_COUNT=2 -DASTER_L1=1 -DASTER_MEMORY_WAIT=1   -include Vaster_coherent_soc__pch.h.slow -c -o Vaster_coherent_soc___024root__DepSet_hc6677697__0__Slow.o Vaster_coherent_soc___024root__DepSet_hc6677697__0__Slow.cpp
g++   -I.  -MMD -I/home/elfo/tools/verilator/root/include -I/home/elfo/tools/verilator/root/include/vltstd -DVM_COVERAGE=0 -DVM_SC=0 -DVM_TRACE=0 -DVM_TRACE_FST=0 -DVM_TRACE_VCD=0 -faligned-new -fcf-protection=none -Wno-bool-operation -Wno-overloaded-virtual -Wno-shadow -Wno-sign-compare -Wno-uninitialized -Wno-unused-but-set-parameter -Wno-unused-but-set-variable -Wno-unused-parameter -Wno-unused-variable     -DASTER_HART_COUNT=2 -DASTER_L1=1 -DASTER_MEMORY_WAIT=1   -include Vaster_coherent_soc__pch.h.slow -c -o Vaster_coherent_soc___024root__DepSet_h9074b246__0__Slow.o Vaster_coherent_soc___024root__DepSet_h9074b246__0__Slow.cpp
g++   -I.  -MMD -I/home/elfo/tools/verilator/root/include -I/home/elfo/tools/verilator/root/include/vltstd -DVM_COVERAGE=0 -DVM_SC=0 -DVM_TRACE=0 -DVM_TRACE_FST=0 -DVM_TRACE_VCD=0 -faligned-new -fcf-protection=none -Wno-bool-operation -Wno-overloaded-virtual -Wno-shadow -Wno-sign-compare -Wno-uninitialized -Wno-unused-but-set-parameter -Wno-unused-but-set-variable -Wno-unused-parameter -Wno-unused-variable     -DASTER_HART_COUNT=2 -DASTER_L1=1 -DASTER_MEMORY_WAIT=1   -include Vaster_coherent_soc__pch.h.slow -c -o Vaster_coherent_soc_aster_atomic_hart__pi1__Slow.o Vaster_coherent_soc_aster_atomic_hart__pi1__Slow.cpp
g++   -I.  -MMD -I/home/elfo/tools/verilator/root/include -I/home/elfo/tools/verilator/root/include/vltstd -DVM_COVERAGE=0 -DVM_SC=0 -DVM_TRACE=0 -DVM_TRACE_FST=0 -DVM_TRACE_VCD=0 -faligned-new -fcf-protection=none -Wno-bool-operation -Wno-overloaded-virtual -Wno-shadow -Wno-sign-compare -Wno-uninitialized -Wno-unused-but-set-parameter -Wno-unused-but-set-variable -Wno-unused-parameter -Wno-unused-variable     -DASTER_HART_COUNT=2 -DASTER_L1=1 -DASTER_MEMORY_WAIT=1   -include Vaster_coherent_soc__pch.h.slow -c -o Vaster_coherent_soc_aster_atomic_hart__pi1__DepSet_h7d6270d0__0__Slow.o Vaster_coherent_soc_aster_atomic_hart__pi1__DepSet_h7d6270d0__0__Slow.cpp
g++   -I.  -MMD -I/home/elfo/tools/verilator/root/include -I/home/elfo/tools/verilator/root/include/vltstd -DVM_COVERAGE=0 -DVM_SC=0 -DVM_TRACE=0 -DVM_TRACE_FST=0 -DVM_TRACE_VCD=0 -faligned-new -fcf-protection=none -Wno-bool-operation -Wno-overloaded-virtual -Wno-shadow -Wno-sign-compare -Wno-uninitialized -Wno-unused-but-set-parameter -Wno-unused-but-set-variable -Wno-unused-parameter -Wno-unused-variable     -DASTER_HART_COUNT=2 -DASTER_L1=1 -DASTER_MEMORY_WAIT=1   -include Vaster_coherent_soc__pch.h.slow -c -o Vaster_coherent_soc_aster_atomic_hart__pi1__DepSet_h3577b40b__0__Slow.o Vaster_coherent_soc_aster_atomic_hart__pi1__DepSet_h3577b40b__0__Slow.cpp
g++   -I.  -MMD -I/home/elfo/tools/verilator/root/include -I/home/elfo/tools/verilator/root/include/vltstd -DVM_COVERAGE=0 -DVM_SC=0 -DVM_TRACE=0 -DVM_TRACE_FST=0 -DVM_TRACE_VCD=0 -faligned-new -fcf-protection=none -Wno-bool-operation -Wno-overloaded-virtual -Wno-shadow -Wno-sign-compare -Wno-uninitialized -Wno-unused-but-set-parameter -Wno-unused-but-set-variable -Wno-unused-parameter -Wno-unused-variable     -DASTER_HART_COUNT=2 -DASTER_L1=1 -DASTER_MEMORY_WAIT=1   -include Vaster_coherent_soc__pch.h.slow -c -o Vaster_coherent_soc__Syms.o Vaster_coherent_soc__Syms.cpp
echo "" > Vaster_coherent_soc__ALL.verilator_deplist.tmp
Archive ar -rcs Vaster_coherent_soc__ALL.a Vaster_coherent_soc.o Vaster_coherent_soc___024root__DepSet_hc6677697__0.o Vaster_coherent_soc___024root__DepSet_hc6677697__1.o Vaster_coherent_soc___024root__DepSet_h9074b246__0.o Vaster_coherent_soc_aster_atomic_hart__pi1__DepSet_h7d6270d0__0.o Vaster_coherent_soc__ConstPool_0.o Vaster_coherent_soc___024root__Slow.o Vaster_coherent_soc___024root__DepSet_hc6677697__0__Slow.o Vaster_coherent_soc___024root__DepSet_h9074b246__0__Slow.o Vaster_coherent_soc_aster_atomic_hart__pi1__Slow.o Vaster_coherent_soc_aster_atomic_hart__pi1__DepSet_h7d6270d0__0__Slow.o Vaster_coherent_soc_aster_atomic_hart__pi1__DepSet_h3577b40b__0__Slow.o Vaster_coherent_soc__Syms.o
g++     tb_aster_npu_runtime.o verilated.o verilated_threads.o Vaster_coherent_soc__ALL.a    -pthread -lpthread -latomic   -o /home/elfo/Documents/Aster/build/npu_soc_h2_l1_sync1_wait1_w4_n16/aster_npu_runtime_sim
rm Vaster_coherent_soc__ALL.verilator_deplist.tmp
PASS: Phase 9 actual-core NPU runtime harts=2 cache=1 wait=1 starts=7 max_tiles=4 max_bytes_written=256 max_job_cycles=16763 device_transactions=4836 RAM snapshot=65536 bytes hash=0xb7ebbe5da7c6104f
mkdir -p /home/elfo/Documents/Aster/build/npu_soc_h2_l1_sync1_wait7_w4_n16
verilator --cc --exe --build --timing --Wall -DRISCV_FORMAL --Wno-DECLFILENAME --Wno-GENUNNAMED --Wno-UNUSEDSIGNAL --Wno-BLKSEQ --unroll-count 2048 --unroll-stmts 100000 \
	--assert -DASTER_COHERENCE_ASSERT --top-module aster_coherent_soc \
	-GHART_COUNT=2 "-GENABLE_L1=1'b1" "-GENABLE_DMA=1'b1" "-GENABLE_NPU=1'b1" \
	"-GSYNC_MEMORY=1'b1" -GMEMORY_WAIT_CYCLES=7 "-GHOST_BOOT=1'b1" \
	-GLINE_WORDS=4 -GLINE_COUNT=16 \
	-CFLAGS '-DASTER_HART_COUNT=2 -DASTER_L1=1 -DASTER_MEMORY_WAIT=7' \
	--Mdir /home/elfo/Documents/Aster/build/npu_soc_h2_l1_sync1_wait7_w4_n16/obj -o /home/elfo/Documents/Aster/build/npu_soc_h2_l1_sync1_wait7_w4_n16/aster_npu_runtime_sim \
	/home/elfo/Documents/Aster/rtl/core/aster_picorv32.sv /home/elfo/Documents/Aster/vendor/picorv32/picorv32.v /home/elfo/Documents/Aster/rtl/cache/aster_l1_cache.sv /home/elfo/Documents/Aster/rtl/memory/aster_rom.sv /home/elfo/Documents/Aster/rtl/memory/aster_ram.sv /home/elfo/Documents/Aster/rtl/core/aster_pcpi_atomic.sv /home/elfo/Documents/Aster/rtl/core/aster_pcpi_dot8.sv /home/elfo/Documents/Aster/rtl/core/aster_atomic_hart.sv /home/elfo/Documents/Aster/rtl/cache/aster_coherent_cache.sv /home/elfo/Documents/Aster/rtl/interconnect/aster_atomic_fabric.sv /home/elfo/Documents/Aster/rtl/interconnect/aster_device_arbiter.sv /home/elfo/Documents/Aster/rtl/accelerator/aster_int8_pe.sv /home/elfo/Documents/Aster/rtl/accelerator/aster_int8_array.sv /home/elfo/Documents/Aster/rtl/accelerator/aster_npu_engine.sv /home/elfo/Documents/Aster/rtl/accelerator/aster_npu_regs.sv /home/elfo/Documents/Aster/rtl/soc/aster_warm_stop.sv /home/elfo/Documents/Aster/rtl/peripherals/aster_uart.sv /home/elfo/Documents/Aster/rtl/peripherals/aster_coherent_perf.sv /home/elfo/Documents/Aster/rtl/dma/aster_dma_engine.sv /home/elfo/Documents/Aster/rtl/interconnect/aster_dma_arbiter.sv /home/elfo/Documents/Aster/rtl/peripherals/aster_dma_perf.sv /home/elfo/Documents/Aster/rtl/peripherals/aster_dot8_perf.sv /home/elfo/Documents/Aster/rtl/soc/aster_coherent_soc.sv /home/elfo/Documents/Aster/verification/soc/tb_aster_npu_runtime.cpp
g++  -I.  -MMD -I/home/elfo/tools/verilator/root/include -I/home/elfo/tools/verilator/root/include/vltstd -DVM_COVERAGE=0 -DVM_SC=0 -DVM_TRACE=0 -DVM_TRACE_FST=0 -DVM_TRACE_VCD=0 -faligned-new -fcf-protection=none -Wno-bool-operation -Wno-overloaded-virtual -Wno-shadow -Wno-sign-compare -Wno-uninitialized -Wno-unused-but-set-parameter -Wno-unused-but-set-variable -Wno-unused-parameter -Wno-unused-variable     -DASTER_HART_COUNT=2 -DASTER_L1=1 -DASTER_MEMORY_WAIT=7   -Os -c -o tb_aster_npu_runtime.o /home/elfo/Documents/Aster/verification/soc/tb_aster_npu_runtime.cpp
g++ -Os  -I.  -MMD -I/home/elfo/tools/verilator/root/include -I/home/elfo/tools/verilator/root/include/vltstd -DVM_COVERAGE=0 -DVM_SC=0 -DVM_TRACE=0 -DVM_TRACE_FST=0 -DVM_TRACE_VCD=0 -faligned-new -fcf-protection=none -Wno-bool-operation -Wno-overloaded-virtual -Wno-shadow -Wno-sign-compare -Wno-uninitialized -Wno-unused-but-set-parameter -Wno-unused-but-set-variable -Wno-unused-parameter -Wno-unused-variable     -DASTER_HART_COUNT=2 -DASTER_L1=1 -DASTER_MEMORY_WAIT=7   -c -o verilated.o /home/elfo/tools/verilator/root/include/verilated.cpp
g++ -Os  -I.  -MMD -I/home/elfo/tools/verilator/root/include -I/home/elfo/tools/verilator/root/include/vltstd -DVM_COVERAGE=0 -DVM_SC=0 -DVM_TRACE=0 -DVM_TRACE_FST=0 -DVM_TRACE_VCD=0 -faligned-new -fcf-protection=none -Wno-bool-operation -Wno-overloaded-virtual -Wno-shadow -Wno-sign-compare -Wno-uninitialized -Wno-unused-but-set-parameter -Wno-unused-but-set-variable -Wno-unused-parameter -Wno-unused-variable     -DASTER_HART_COUNT=2 -DASTER_L1=1 -DASTER_MEMORY_WAIT=7   -c -o verilated_threads.o /home/elfo/tools/verilator/root/include/verilated_threads.cpp
g++ -Os  -I.  -MMD -I/home/elfo/tools/verilator/root/include -I/home/elfo/tools/verilator/root/include/vltstd -DVM_COVERAGE=0 -DVM_SC=0 -DVM_TRACE=0 -DVM_TRACE_FST=0 -DVM_TRACE_VCD=0 -faligned-new -fcf-protection=none -Wno-bool-operation -Wno-overloaded-virtual -Wno-shadow -Wno-sign-compare -Wno-uninitialized -Wno-unused-but-set-parameter -Wno-unused-but-set-variable -Wno-unused-parameter -Wno-unused-variable     -DASTER_HART_COUNT=2 -DASTER_L1=1 -DASTER_MEMORY_WAIT=7   -x c++-header Vaster_coherent_soc__pch.h -o Vaster_coherent_soc__pch.h.fast.gch
g++ -Os  -I.  -MMD -I/home/elfo/tools/verilator/root/include -I/home/elfo/tools/verilator/root/include/vltstd -DVM_COVERAGE=0 -DVM_SC=0 -DVM_TRACE=0 -DVM_TRACE_FST=0 -DVM_TRACE_VCD=0 -faligned-new -fcf-protection=none -Wno-bool-operation -Wno-overloaded-virtual -Wno-shadow -Wno-sign-compare -Wno-uninitialized -Wno-unused-but-set-parameter -Wno-unused-but-set-variable -Wno-unused-parameter -Wno-unused-variable     -DASTER_HART_COUNT=2 -DASTER_L1=1 -DASTER_MEMORY_WAIT=7   -include Vaster_coherent_soc__pch.h.fast -c -o Vaster_coherent_soc.o Vaster_coherent_soc.cpp
g++ -Os  -I.  -MMD -I/home/elfo/tools/verilator/root/include -I/home/elfo/tools/verilator/root/include/vltstd -DVM_COVERAGE=0 -DVM_SC=0 -DVM_TRACE=0 -DVM_TRACE_FST=0 -DVM_TRACE_VCD=0 -faligned-new -fcf-protection=none -Wno-bool-operation -Wno-overloaded-virtual -Wno-shadow -Wno-sign-compare -Wno-uninitialized -Wno-unused-but-set-parameter -Wno-unused-but-set-variable -Wno-unused-parameter -Wno-unused-variable     -DASTER_HART_COUNT=2 -DASTER_L1=1 -DASTER_MEMORY_WAIT=7   -include Vaster_coherent_soc__pch.h.fast -c -o Vaster_coherent_soc___024root__DepSet_hc6677697__0.o Vaster_coherent_soc___024root__DepSet_hc6677697__0.cpp
g++ -Os  -I.  -MMD -I/home/elfo/tools/verilator/root/include -I/home/elfo/tools/verilator/root/include/vltstd -DVM_COVERAGE=0 -DVM_SC=0 -DVM_TRACE=0 -DVM_TRACE_FST=0 -DVM_TRACE_VCD=0 -faligned-new -fcf-protection=none -Wno-bool-operation -Wno-overloaded-virtual -Wno-shadow -Wno-sign-compare -Wno-uninitialized -Wno-unused-but-set-parameter -Wno-unused-but-set-variable -Wno-unused-parameter -Wno-unused-variable     -DASTER_HART_COUNT=2 -DASTER_L1=1 -DASTER_MEMORY_WAIT=7   -include Vaster_coherent_soc__pch.h.fast -c -o Vaster_coherent_soc___024root__DepSet_hc6677697__1.o Vaster_coherent_soc___024root__DepSet_hc6677697__1.cpp
g++ -Os  -I.  -MMD -I/home/elfo/tools/verilator/root/include -I/home/elfo/tools/verilator/root/include/vltstd -DVM_COVERAGE=0 -DVM_SC=0 -DVM_TRACE=0 -DVM_TRACE_FST=0 -DVM_TRACE_VCD=0 -faligned-new -fcf-protection=none -Wno-bool-operation -Wno-overloaded-virtual -Wno-shadow -Wno-sign-compare -Wno-uninitialized -Wno-unused-but-set-parameter -Wno-unused-but-set-variable -Wno-unused-parameter -Wno-unused-variable     -DASTER_HART_COUNT=2 -DASTER_L1=1 -DASTER_MEMORY_WAIT=7   -include Vaster_coherent_soc__pch.h.fast -c -o Vaster_coherent_soc___024root__DepSet_h9074b246__0.o Vaster_coherent_soc___024root__DepSet_h9074b246__0.cpp
g++ -Os  -I.  -MMD -I/home/elfo/tools/verilator/root/include -I/home/elfo/tools/verilator/root/include/vltstd -DVM_COVERAGE=0 -DVM_SC=0 -DVM_TRACE=0 -DVM_TRACE_FST=0 -DVM_TRACE_VCD=0 -faligned-new -fcf-protection=none -Wno-bool-operation -Wno-overloaded-virtual -Wno-shadow -Wno-sign-compare -Wno-uninitialized -Wno-unused-but-set-parameter -Wno-unused-but-set-variable -Wno-unused-parameter -Wno-unused-variable     -DASTER_HART_COUNT=2 -DASTER_L1=1 -DASTER_MEMORY_WAIT=7   -include Vaster_coherent_soc__pch.h.fast -c -o Vaster_coherent_soc_aster_atomic_hart__pi1__DepSet_h7d6270d0__0.o Vaster_coherent_soc_aster_atomic_hart__pi1__DepSet_h7d6270d0__0.cpp
g++   -I.  -MMD -I/home/elfo/tools/verilator/root/include -I/home/elfo/tools/verilator/root/include/vltstd -DVM_COVERAGE=0 -DVM_SC=0 -DVM_TRACE=0 -DVM_TRACE_FST=0 -DVM_TRACE_VCD=0 -faligned-new -fcf-protection=none -Wno-bool-operation -Wno-overloaded-virtual -Wno-shadow -Wno-sign-compare -Wno-uninitialized -Wno-unused-but-set-parameter -Wno-unused-but-set-variable -Wno-unused-parameter -Wno-unused-variable     -DASTER_HART_COUNT=2 -DASTER_L1=1 -DASTER_MEMORY_WAIT=7   -x c++-header Vaster_coherent_soc__pch.h -o Vaster_coherent_soc__pch.h.slow.gch
g++   -I.  -MMD -I/home/elfo/tools/verilator/root/include -I/home/elfo/tools/verilator/root/include/vltstd -DVM_COVERAGE=0 -DVM_SC=0 -DVM_TRACE=0 -DVM_TRACE_FST=0 -DVM_TRACE_VCD=0 -faligned-new -fcf-protection=none -Wno-bool-operation -Wno-overloaded-virtual -Wno-shadow -Wno-sign-compare -Wno-uninitialized -Wno-unused-but-set-parameter -Wno-unused-but-set-variable -Wno-unused-parameter -Wno-unused-variable     -DASTER_HART_COUNT=2 -DASTER_L1=1 -DASTER_MEMORY_WAIT=7   -include Vaster_coherent_soc__pch.h.slow -c -o Vaster_coherent_soc__ConstPool_0.o Vaster_coherent_soc__ConstPool_0.cpp
g++   -I.  -MMD -I/home/elfo/tools/verilator/root/include -I/home/elfo/tools/verilator/root/include/vltstd -DVM_COVERAGE=0 -DVM_SC=0 -DVM_TRACE=0 -DVM_TRACE_FST=0 -DVM_TRACE_VCD=0 -faligned-new -fcf-protection=none -Wno-bool-operation -Wno-overloaded-virtual -Wno-shadow -Wno-sign-compare -Wno-uninitialized -Wno-unused-but-set-parameter -Wno-unused-but-set-variable -Wno-unused-parameter -Wno-unused-variable     -DASTER_HART_COUNT=2 -DASTER_L1=1 -DASTER_MEMORY_WAIT=7   -include Vaster_coherent_soc__pch.h.slow -c -o Vaster_coherent_soc___024root__Slow.o Vaster_coherent_soc___024root__Slow.cpp
g++   -I.  -MMD -I/home/elfo/tools/verilator/root/include -I/home/elfo/tools/verilator/root/include/vltstd -DVM_COVERAGE=0 -DVM_SC=0 -DVM_TRACE=0 -DVM_TRACE_FST=0 -DVM_TRACE_VCD=0 -faligned-new -fcf-protection=none -Wno-bool-operation -Wno-overloaded-virtual -Wno-shadow -Wno-sign-compare -Wno-uninitialized -Wno-unused-but-set-parameter -Wno-unused-but-set-variable -Wno-unused-parameter -Wno-unused-variable     -DASTER_HART_COUNT=2 -DASTER_L1=1 -DASTER_MEMORY_WAIT=7   -include Vaster_coherent_soc__pch.h.slow -c -o Vaster_coherent_soc___024root__DepSet_hc6677697__0__Slow.o Vaster_coherent_soc___024root__DepSet_hc6677697__0__Slow.cpp
g++   -I.  -MMD -I/home/elfo/tools/verilator/root/include -I/home/elfo/tools/verilator/root/include/vltstd -DVM_COVERAGE=0 -DVM_SC=0 -DVM_TRACE=0 -DVM_TRACE_FST=0 -DVM_TRACE_VCD=0 -faligned-new -fcf-protection=none -Wno-bool-operation -Wno-overloaded-virtual -Wno-shadow -Wno-sign-compare -Wno-uninitialized -Wno-unused-but-set-parameter -Wno-unused-but-set-variable -Wno-unused-parameter -Wno-unused-variable     -DASTER_HART_COUNT=2 -DASTER_L1=1 -DASTER_MEMORY_WAIT=7   -include Vaster_coherent_soc__pch.h.slow -c -o Vaster_coherent_soc___024root__DepSet_h9074b246__0__Slow.o Vaster_coherent_soc___024root__DepSet_h9074b246__0__Slow.cpp
g++   -I.  -MMD -I/home/elfo/tools/verilator/root/include -I/home/elfo/tools/verilator/root/include/vltstd -DVM_COVERAGE=0 -DVM_SC=0 -DVM_TRACE=0 -DVM_TRACE_FST=0 -DVM_TRACE_VCD=0 -faligned-new -fcf-protection=none -Wno-bool-operation -Wno-overloaded-virtual -Wno-shadow -Wno-sign-compare -Wno-uninitialized -Wno-unused-but-set-parameter -Wno-unused-but-set-variable -Wno-unused-parameter -Wno-unused-variable     -DASTER_HART_COUNT=2 -DASTER_L1=1 -DASTER_MEMORY_WAIT=7   -include Vaster_coherent_soc__pch.h.slow -c -o Vaster_coherent_soc_aster_atomic_hart__pi1__Slow.o Vaster_coherent_soc_aster_atomic_hart__pi1__Slow.cpp
g++   -I.  -MMD -I/home/elfo/tools/verilator/root/include -I/home/elfo/tools/verilator/root/include/vltstd -DVM_COVERAGE=0 -DVM_SC=0 -DVM_TRACE=0 -DVM_TRACE_FST=0 -DVM_TRACE_VCD=0 -faligned-new -fcf-protection=none -Wno-bool-operation -Wno-overloaded-virtual -Wno-shadow -Wno-sign-compare -Wno-uninitialized -Wno-unused-but-set-parameter -Wno-unused-but-set-variable -Wno-unused-parameter -Wno-unused-variable     -DASTER_HART_COUNT=2 -DASTER_L1=1 -DASTER_MEMORY_WAIT=7   -include Vaster_coherent_soc__pch.h.slow -c -o Vaster_coherent_soc_aster_atomic_hart__pi1__DepSet_h7d6270d0__0__Slow.o Vaster_coherent_soc_aster_atomic_hart__pi1__DepSet_h7d6270d0__0__Slow.cpp
g++   -I.  -MMD -I/home/elfo/tools/verilator/root/include -I/home/elfo/tools/verilator/root/include/vltstd -DVM_COVERAGE=0 -DVM_SC=0 -DVM_TRACE=0 -DVM_TRACE_FST=0 -DVM_TRACE_VCD=0 -faligned-new -fcf-protection=none -Wno-bool-operation -Wno-overloaded-virtual -Wno-shadow -Wno-sign-compare -Wno-uninitialized -Wno-unused-but-set-parameter -Wno-unused-but-set-variable -Wno-unused-parameter -Wno-unused-variable     -DASTER_HART_COUNT=2 -DASTER_L1=1 -DASTER_MEMORY_WAIT=7   -include Vaster_coherent_soc__pch.h.slow -c -o Vaster_coherent_soc_aster_atomic_hart__pi1__DepSet_h3577b40b__0__Slow.o Vaster_coherent_soc_aster_atomic_hart__pi1__DepSet_h3577b40b__0__Slow.cpp
g++   -I.  -MMD -I/home/elfo/tools/verilator/root/include -I/home/elfo/tools/verilator/root/include/vltstd -DVM_COVERAGE=0 -DVM_SC=0 -DVM_TRACE=0 -DVM_TRACE_FST=0 -DVM_TRACE_VCD=0 -faligned-new -fcf-protection=none -Wno-bool-operation -Wno-overloaded-virtual -Wno-shadow -Wno-sign-compare -Wno-uninitialized -Wno-unused-but-set-parameter -Wno-unused-but-set-variable -Wno-unused-parameter -Wno-unused-variable     -DASTER_HART_COUNT=2 -DASTER_L1=1 -DASTER_MEMORY_WAIT=7   -include Vaster_coherent_soc__pch.h.slow -c -o Vaster_coherent_soc__Syms.o Vaster_coherent_soc__Syms.cpp
echo "" > Vaster_coherent_soc__ALL.verilator_deplist.tmp
Archive ar -rcs Vaster_coherent_soc__ALL.a Vaster_coherent_soc.o Vaster_coherent_soc___024root__DepSet_hc6677697__0.o Vaster_coherent_soc___024root__DepSet_hc6677697__1.o Vaster_coherent_soc___024root__DepSet_h9074b246__0.o Vaster_coherent_soc_aster_atomic_hart__pi1__DepSet_h7d6270d0__0.o Vaster_coherent_soc__ConstPool_0.o Vaster_coherent_soc___024root__Slow.o Vaster_coherent_soc___024root__DepSet_hc6677697__0__Slow.o Vaster_coherent_soc___024root__DepSet_h9074b246__0__Slow.o Vaster_coherent_soc_aster_atomic_hart__pi1__Slow.o Vaster_coherent_soc_aster_atomic_hart__pi1__DepSet_h7d6270d0__0__Slow.o Vaster_coherent_soc_aster_atomic_hart__pi1__DepSet_h3577b40b__0__Slow.o Vaster_coherent_soc__Syms.o
g++     tb_aster_npu_runtime.o verilated.o verilated_threads.o Vaster_coherent_soc__ALL.a    -pthread -lpthread -latomic   -o /home/elfo/Documents/Aster/build/npu_soc_h2_l1_sync1_wait7_w4_n16/aster_npu_runtime_sim
rm Vaster_coherent_soc__ALL.verilator_deplist.tmp
PASS: Phase 9 actual-core NPU runtime harts=2 cache=1 wait=7 starts=7 max_tiles=4 max_bytes_written=256 max_job_cycles=28951 device_transactions=4836 RAM snapshot=65536 bytes hash=0xb7ebbe5da7c6104f
