Copyright 1986-2022 Xilinx, Inc. All Rights Reserved. Copyright 2022-2025 Advanced Micro Devices, Inc. All Rights Reserved.
---------------------------------------------------------------------------------------------------------------------------------------------
| Tool Version : Vivado v.2025.1 (lin64) Build 6140274 Wed May 21 22:58:25 MDT 2025
| Date         : Thu Oct  1 23:40:42 2026
| Host         : gondor running 64-bit Ubuntu 24.04.5 LTS
| Command      : report_timing_summary -max_paths 10 -file /home/elfo/Documents/Aster/build/timing/fpga/aster_bram_reqreg/timing_summary.rpt
| Design       : timing_aster_bram_reqreg
| Device       : 7z020-clg400
| Speed File   : -1  PRODUCTION 1.12 2019-11-22
| Design State : Routed
---------------------------------------------------------------------------------------------------------------------------------------------

Timing Summary Report

------------------------------------------------------------------------------------------------
| Timer Settings
| --------------
------------------------------------------------------------------------------------------------

  Enable Multi Corner Analysis               :  Yes
  Enable Pessimism Removal                   :  Yes
  Pessimism Removal Resolution               :  Nearest Common Node
  Enable Input Delay Default Clock           :  No
  Enable Preset / Clear Arcs                 :  No
  Disable Flight Delays                      :  No
  Ignore I/O Paths                           :  No
  Timing Early Launch at Borrowing Latches   :  No
  Borrow Time for Max Delay Exceptions       :  Yes
  Merge Timing Exceptions                    :  Yes
  Inter-SLR Compensation                     :  Conservative

  Corner  Analyze    Analyze    
  Name    Max Paths  Min Paths  
  ------  ---------  ---------  
  Slow    Yes        Yes        
  Fast    Yes        Yes        


------------------------------------------------------------------------------------------------
| Report Methodology
| ------------------
------------------------------------------------------------------------------------------------

No report available as report_methodology has not been run prior. Run report_methodology on the current design for the summary of methodology violations.



check_timing report

Table of Contents
-----------------
1. checking no_clock (0)
2. checking constant_clock (0)
3. checking pulse_width_clock (0)
4. checking unconstrained_internal_endpoints (0)
5. checking no_input_delay (1)
6. checking no_output_delay (33)
7. checking multiple_clock (0)
8. checking generated_clocks (0)
9. checking loops (0)
10. checking partial_input_delay (0)
11. checking partial_output_delay (0)
12. checking latch_loops (0)

1. checking no_clock (0)
------------------------
 There are 0 register/latch pins with no clock.


2. checking constant_clock (0)
------------------------------
 There are 0 register/latch pins with constant_clock.


3. checking pulse_width_clock (0)
---------------------------------
 There are 0 register/latch pins which need pulse_width check


4. checking unconstrained_internal_endpoints (0)
------------------------------------------------
 There are 0 pins that are not constrained for maximum delay.

 There are 0 pins that are not constrained for maximum delay due to constant clock.


5. checking no_input_delay (1)
------------------------------
 There is 1 input port with no input delay specified. (HIGH)

 There are 0 input ports with no input delay but user has a false path constraint.


6. checking no_output_delay (33)
--------------------------------
 There are 33 ports with no output delay specified. (HIGH)

 There are 0 ports with no output delay but user has a false path constraint

 There are 0 ports with no output delay but with a timing clock defined on it or propagating through it


7. checking multiple_clock (0)
------------------------------
 There are 0 register/latch pins with multiple clocks.


8. checking generated_clocks (0)
--------------------------------
 There are 0 generated clocks that are not connected to a clock source.


9. checking loops (0)
---------------------
 There are 0 combinational loops in the design.


10. checking partial_input_delay (0)
------------------------------------
 There are 0 input ports with partial input delay specified.


11. checking partial_output_delay (0)
-------------------------------------
 There are 0 ports with partial output delay specified.


12. checking latch_loops (0)
----------------------------
 There are 0 combinational latch loops in the design through latch input



------------------------------------------------------------------------------------------------
| Design Timing Summary
| ---------------------
------------------------------------------------------------------------------------------------

    WNS(ns)      TNS(ns)  TNS Failing Endpoints  TNS Total Endpoints      WHS(ns)      THS(ns)  THS Failing Endpoints  THS Total Endpoints     WPWS(ns)     TPWS(ns)  TPWS Failing Endpoints  TPWS Total Endpoints  
    -------      -------  ---------------------  -------------------      -------      -------  ---------------------  -------------------     --------     --------  ----------------------  --------------------  
      0.957        0.000                      0                 4222        0.095        0.000                      0                 4222        3.750        0.000                       0                  1244  


All user specified timing constraints are met.


------------------------------------------------------------------------------------------------
| Clock Summary
| -------------
------------------------------------------------------------------------------------------------

Clock  Waveform(ns)       Period(ns)      Frequency(MHz)
-----  ------------       ----------      --------------
clk    {0.000 5.000}      10.000          100.000         


------------------------------------------------------------------------------------------------
| Intra Clock Table
| -----------------
------------------------------------------------------------------------------------------------

Clock             WNS(ns)      TNS(ns)  TNS Failing Endpoints  TNS Total Endpoints      WHS(ns)      THS(ns)  THS Failing Endpoints  THS Total Endpoints     WPWS(ns)     TPWS(ns)  TPWS Failing Endpoints  TPWS Total Endpoints  
-----             -------      -------  ---------------------  -------------------      -------      -------  ---------------------  -------------------     --------     --------  ----------------------  --------------------  
clk                 0.957        0.000                      0                 4222        0.095        0.000                      0                 4222        3.750        0.000                       0                  1244  


------------------------------------------------------------------------------------------------
| Inter Clock Table
| -----------------
------------------------------------------------------------------------------------------------

From Clock    To Clock          WNS(ns)      TNS(ns)  TNS Failing Endpoints  TNS Total Endpoints      WHS(ns)      THS(ns)  THS Failing Endpoints  THS Total Endpoints  
----------    --------          -------      -------  ---------------------  -------------------      -------      -------  ---------------------  -------------------  


------------------------------------------------------------------------------------------------
| Other Path Groups Table
| -----------------------
------------------------------------------------------------------------------------------------

Path Group    From Clock    To Clock          WNS(ns)      TNS(ns)  TNS Failing Endpoints  TNS Total Endpoints      WHS(ns)      THS(ns)  THS Failing Endpoints  THS Total Endpoints  
----------    ----------    --------          -------      -------  ---------------------  -------------------      -------      -------  ---------------------  -------------------  


------------------------------------------------------------------------------------------------
| Timing Details
| --------------
------------------------------------------------------------------------------------------------


---------------------------------------------------------------------------------------------------
From Clock:  clk
  To Clock:  clk

Setup :            0  Failing Endpoints,  Worst Slack        0.957ns,  Total Violation        0.000ns
Hold  :            0  Failing Endpoints,  Worst Slack        0.095ns,  Total Violation        0.000ns
PW    :            0  Failing Endpoints,  Worst Slack        3.750ns,  Total Violation        0.000ns
---------------------------------------------------------------------------------------------------


Max Delay Paths
--------------------------------------------------------------------------------------
Slack (MET) :             0.957ns  (required time - arrival time)
  Source:                 block/core/fsel2_reg[0]/C
                            (rising edge-triggered cell FDSE clocked by clk  {rise@0.000ns fall@5.000ns period=10.000ns})
  Destination:            block/core/m1_reg[result][31]/D
                            (rising edge-triggered cell FDRE clocked by clk  {rise@0.000ns fall@5.000ns period=10.000ns})
  Path Group:             clk
  Path Type:              Setup (Max at Slow Process Corner)
  Requirement:            10.000ns  (clk rise@10.000ns - clk rise@0.000ns)
  Data Path Delay:        8.990ns  (logic 3.181ns (35.382%)  route 5.809ns (64.618%))
  Logic Levels:           14  (CARRY4=6 LUT2=1 LUT3=1 LUT4=2 LUT5=3 LUT6=1)
  Clock Path Skew:        -0.049ns (DCD - SCD + CPR)
    Destination Clock Delay (DCD):    0.924ns = ( 10.924 - 10.000 ) 
    Source Clock Delay      (SCD):    0.973ns
    Clock Pessimism Removal (CPR):    0.000ns
  Clock Uncertainty:      0.035ns  ((TSJ^2 + TIJ^2)^1/2 + DJ) / 2 + PE
    Total System Jitter     (TSJ):    0.071ns
    Total Input Jitter      (TIJ):    0.000ns
    Discrete Jitter          (DJ):    0.000ns
    Phase Error              (PE):    0.000ns

    Location             Delay type                Incr(ns)  Path(ns)    Netlist Resource(s)
  -------------------------------------------------------------------    -------------------
                         (clock clk rise edge)        0.000     0.000 r  
                                                      0.000     0.000 r  clk (IN)
                         net (fo=1243, unset)         0.973     0.973    block/core/clk
    SLICE_X57Y5          FDSE                                         r  block/core/fsel2_reg[0]/C
  -------------------------------------------------------------------    -------------------
    SLICE_X57Y5          FDSE (Prop_fdse_C_Q)         0.456     1.429 r  block/core/fsel2_reg[0]/Q
                         net (fo=32, routed)          1.178     2.607    block/core/fetch/m1_reg[rs2v][31][0]
    SLICE_X47Y4          LUT4 (Prop_lut4_I1_O)        0.124     2.731 r  block/core/fetch/e_rs2v[9]_i_3/O
                         net (fo=1, routed)           0.407     3.138    block/core/fetch/e_rs2v[9]_i_3_n_0
    SLICE_X47Y4          LUT5 (Prop_lut5_I4_O)        0.124     3.262 r  block/core/fetch/e_rs2v[9]_i_2/O
                         net (fo=14, routed)          1.030     4.293    block/core/fetch_n_19
    SLICE_X49Y9          LUT3 (Prop_lut3_I2_O)        0.153     4.446 r  block/core/m1[result][9]_i_6/O
                         net (fo=9, routed)           0.657     5.103    block/core/p_0_in2_in[9]
    SLICE_X52Y12         LUT2 (Prop_lut2_I1_O)        0.327     5.430 r  block/core/m1[result][11]_i_22/O
                         net (fo=1, routed)           0.000     5.430    block/core/m1[result][11]_i_22_n_0
    SLICE_X52Y12         CARRY4 (Prop_carry4_S[1]_CO[3])
                                                      0.550     5.980 r  block/core/m1_reg[result][11]_i_19/CO[3]
                         net (fo=1, routed)           0.000     5.980    block/core/m1_reg[result][11]_i_19_n_0
    SLICE_X52Y13         CARRY4 (Prop_carry4_CI_CO[3])
                                                      0.114     6.094 r  block/core/m1_reg[result][15]_i_19/CO[3]
                         net (fo=1, routed)           0.000     6.094    block/core/m1_reg[result][15]_i_19_n_0
    SLICE_X52Y14         CARRY4 (Prop_carry4_CI_CO[3])
                                                      0.114     6.208 r  block/core/m1_reg[result][19]_i_22/CO[3]
                         net (fo=1, routed)           0.000     6.208    block/core/m1_reg[result][19]_i_22_n_0
    SLICE_X52Y15         CARRY4 (Prop_carry4_CI_CO[3])
                                                      0.114     6.322 r  block/core/m1_reg[result][23]_i_23/CO[3]
                         net (fo=1, routed)           0.000     6.322    block/core/m1_reg[result][23]_i_23_n_0
    SLICE_X52Y16         CARRY4 (Prop_carry4_CI_CO[3])
                                                      0.114     6.436 r  block/core/m1_reg[result][29]_i_17/CO[3]
                         net (fo=1, routed)           0.000     6.436    block/core/m1_reg[result][29]_i_17_n_0
    SLICE_X52Y17         CARRY4 (Prop_carry4_CI_O[3])
                                                      0.313     6.749 r  block/core/m1_reg[result][29]_i_15/O[3]
                         net (fo=1, routed)           0.488     7.237    block/core/m1_reg[result][29]_i_15_n_4
    SLICE_X46Y18         LUT4 (Prop_lut4_I2_O)        0.306     7.543 r  block/core/m1[result][31]_i_21/O
                         net (fo=1, routed)           0.454     7.997    block/core/m1[result][31]_i_21_n_0
    SLICE_X45Y18         LUT5 (Prop_lut5_I4_O)        0.124     8.121 r  block/core/m1[result][31]_i_12/O
                         net (fo=1, routed)           1.105     9.227    block/core/m1[result][31]_i_12_n_0
    SLICE_X60Y14         LUT5 (Prop_lut5_I0_O)        0.124     9.351 r  block/core/m1[result][31]_i_5/O
                         net (fo=1, routed)           0.489     9.839    block/core/m1[result][31]_i_5_n_0
    SLICE_X60Y13         LUT6 (Prop_lut6_I4_O)        0.124     9.963 r  block/core/m1[result][31]_i_2/O
                         net (fo=1, routed)           0.000     9.963    block/core/result_return[31]
    SLICE_X60Y13         FDRE                                         r  block/core/m1_reg[result][31]/D
  -------------------------------------------------------------------    -------------------

                         (clock clk rise edge)       10.000    10.000 r  
                                                      0.000    10.000 r  clk (IN)
                         net (fo=1243, unset)         0.924    10.924    block/core/clk
    SLICE_X60Y13         FDRE                                         r  block/core/m1_reg[result][31]/C
                         clock pessimism              0.000    10.924    
                         clock uncertainty           -0.035    10.889    
    SLICE_X60Y13         FDRE (Setup_fdre_C_D)        0.031    10.920    block/core/m1_reg[result][31]
  -------------------------------------------------------------------
                         required time                         10.920    
                         arrival time                          -9.963    
  -------------------------------------------------------------------
                         slack                                  0.957    

Slack (MET) :             1.086ns  (required time - arrival time)
  Source:                 block/core/fsel2_reg[0]/C
                            (rising edge-triggered cell FDSE clocked by clk  {rise@0.000ns fall@5.000ns period=10.000ns})
  Destination:            block/core/m1_reg[result][25]/D
                            (rising edge-triggered cell FDRE clocked by clk  {rise@0.000ns fall@5.000ns period=10.000ns})
  Path Group:             clk
  Path Type:              Setup (Max at Slow Process Corner)
  Requirement:            10.000ns  (clk rise@10.000ns - clk rise@0.000ns)
  Data Path Delay:        8.907ns  (logic 3.085ns (34.634%)  route 5.822ns (65.366%))
  Logic Levels:           13  (CARRY4=5 LUT2=1 LUT3=1 LUT4=2 LUT5=2 LUT6=2)
  Clock Path Skew:        -0.049ns (DCD - SCD + CPR)
    Destination Clock Delay (DCD):    0.924ns = ( 10.924 - 10.000 ) 
    Source Clock Delay      (SCD):    0.973ns
    Clock Pessimism Removal (CPR):    0.000ns
  Clock Uncertainty:      0.035ns  ((TSJ^2 + TIJ^2)^1/2 + DJ) / 2 + PE
    Total System Jitter     (TSJ):    0.071ns
    Total Input Jitter      (TIJ):    0.000ns
    Discrete Jitter          (DJ):    0.000ns
    Phase Error              (PE):    0.000ns

    Location             Delay type                Incr(ns)  Path(ns)    Netlist Resource(s)
  -------------------------------------------------------------------    -------------------
                         (clock clk rise edge)        0.000     0.000 r  
                                                      0.000     0.000 r  clk (IN)
                         net (fo=1243, unset)         0.973     0.973    block/core/clk
    SLICE_X57Y5          FDSE                                         r  block/core/fsel2_reg[0]/C
  -------------------------------------------------------------------    -------------------
    SLICE_X57Y5          FDSE (Prop_fdse_C_Q)         0.456     1.429 r  block/core/fsel2_reg[0]/Q
                         net (fo=32, routed)          1.178     2.607    block/core/fetch/m1_reg[rs2v][31][0]
    SLICE_X47Y4          LUT4 (Prop_lut4_I1_O)        0.124     2.731 r  block/core/fetch/e_rs2v[9]_i_3/O
                         net (fo=1, routed)           0.407     3.138    block/core/fetch/e_rs2v[9]_i_3_n_0
    SLICE_X47Y4          LUT5 (Prop_lut5_I4_O)        0.124     3.262 r  block/core/fetch/e_rs2v[9]_i_2/O
                         net (fo=14, routed)          1.030     4.293    block/core/fetch_n_19
    SLICE_X49Y9          LUT3 (Prop_lut3_I2_O)        0.153     4.446 r  block/core/m1[result][9]_i_6/O
                         net (fo=9, routed)           0.657     5.103    block/core/p_0_in2_in[9]
    SLICE_X52Y12         LUT2 (Prop_lut2_I1_O)        0.327     5.430 r  block/core/m1[result][11]_i_22/O
                         net (fo=1, routed)           0.000     5.430    block/core/m1[result][11]_i_22_n_0
    SLICE_X52Y12         CARRY4 (Prop_carry4_S[1]_CO[3])
                                                      0.550     5.980 r  block/core/m1_reg[result][11]_i_19/CO[3]
                         net (fo=1, routed)           0.000     5.980    block/core/m1_reg[result][11]_i_19_n_0
    SLICE_X52Y13         CARRY4 (Prop_carry4_CI_CO[3])
                                                      0.114     6.094 r  block/core/m1_reg[result][15]_i_19/CO[3]
                         net (fo=1, routed)           0.000     6.094    block/core/m1_reg[result][15]_i_19_n_0
    SLICE_X52Y14         CARRY4 (Prop_carry4_CI_CO[3])
                                                      0.114     6.208 r  block/core/m1_reg[result][19]_i_22/CO[3]
                         net (fo=1, routed)           0.000     6.208    block/core/m1_reg[result][19]_i_22_n_0
    SLICE_X52Y15         CARRY4 (Prop_carry4_CI_CO[3])
                                                      0.114     6.322 r  block/core/m1_reg[result][23]_i_23/CO[3]
                         net (fo=1, routed)           0.000     6.322    block/core/m1_reg[result][23]_i_23_n_0
    SLICE_X52Y16         CARRY4 (Prop_carry4_CI_O[1])
                                                      0.334     6.656 r  block/core/m1_reg[result][29]_i_17/O[1]
                         net (fo=1, routed)           0.438     7.095    block/core/m1_reg[result][29]_i_17_n_6
    SLICE_X51Y16         LUT4 (Prop_lut4_I2_O)        0.303     7.398 r  block/core/m1[result][25]_i_15/O
                         net (fo=1, routed)           0.593     7.991    block/core/m1[result][25]_i_15_n_0
    SLICE_X44Y16         LUT5 (Prop_lut5_I4_O)        0.124     8.115 r  block/core/m1[result][25]_i_11/O
                         net (fo=1, routed)           1.031     9.146    block/core/m1[result][25]_i_11_n_0
    SLICE_X60Y12         LUT6 (Prop_lut6_I0_O)        0.124     9.270 r  block/core/m1[result][25]_i_6/O
                         net (fo=1, routed)           0.486     9.756    block/core/m1[result][25]_i_6_n_0
    SLICE_X62Y12         LUT6 (Prop_lut6_I4_O)        0.124     9.880 r  block/core/m1[result][25]_i_1/O
                         net (fo=1, routed)           0.000     9.880    block/core/result_return[25]
    SLICE_X62Y12         FDRE                                         r  block/core/m1_reg[result][25]/D
  -------------------------------------------------------------------    -------------------

                         (clock clk rise edge)       10.000    10.000 r  
                                                      0.000    10.000 r  clk (IN)
                         net (fo=1243, unset)         0.924    10.924    block/core/clk
    SLICE_X62Y12         FDRE                                         r  block/core/m1_reg[result][25]/C
                         clock pessimism              0.000    10.924    
                         clock uncertainty           -0.035    10.889    
    SLICE_X62Y12         FDRE (Setup_fdre_C_D)        0.077    10.966    block/core/m1_reg[result][25]
  -------------------------------------------------------------------
                         required time                         10.966    
                         arrival time                          -9.880    
  -------------------------------------------------------------------
                         slack                                  1.086    

Slack (MET) :             1.187ns  (required time - arrival time)
  Source:                 block/core/fsel2_reg[0]/C
                            (rising edge-triggered cell FDSE clocked by clk  {rise@0.000ns fall@5.000ns period=10.000ns})
  Destination:            block/core/m1_reg[result][24]/D
                            (rising edge-triggered cell FDRE clocked by clk  {rise@0.000ns fall@5.000ns period=10.000ns})
  Path Group:             clk
  Path Type:              Setup (Max at Slow Process Corner)
  Requirement:            10.000ns  (clk rise@10.000ns - clk rise@0.000ns)
  Data Path Delay:        8.806ns  (logic 2.969ns (33.714%)  route 5.837ns (66.286%))
  Logic Levels:           13  (CARRY4=5 LUT2=1 LUT3=1 LUT4=2 LUT5=2 LUT6=2)
  Clock Path Skew:        -0.049ns (DCD - SCD + CPR)
    Destination Clock Delay (DCD):    0.924ns = ( 10.924 - 10.000 ) 
    Source Clock Delay      (SCD):    0.973ns
    Clock Pessimism Removal (CPR):    0.000ns
  Clock Uncertainty:      0.035ns  ((TSJ^2 + TIJ^2)^1/2 + DJ) / 2 + PE
    Total System Jitter     (TSJ):    0.071ns
    Total Input Jitter      (TIJ):    0.000ns
    Discrete Jitter          (DJ):    0.000ns
    Phase Error              (PE):    0.000ns

    Location             Delay type                Incr(ns)  Path(ns)    Netlist Resource(s)
  -------------------------------------------------------------------    -------------------
                         (clock clk rise edge)        0.000     0.000 r  
                                                      0.000     0.000 r  clk (IN)
                         net (fo=1243, unset)         0.973     0.973    block/core/clk
    SLICE_X57Y5          FDSE                                         r  block/core/fsel2_reg[0]/C
  -------------------------------------------------------------------    -------------------
    SLICE_X57Y5          FDSE (Prop_fdse_C_Q)         0.456     1.429 r  block/core/fsel2_reg[0]/Q
                         net (fo=32, routed)          1.178     2.607    block/core/fetch/m1_reg[rs2v][31][0]
    SLICE_X47Y4          LUT4 (Prop_lut4_I1_O)        0.124     2.731 r  block/core/fetch/e_rs2v[9]_i_3/O
                         net (fo=1, routed)           0.407     3.138    block/core/fetch/e_rs2v[9]_i_3_n_0
    SLICE_X47Y4          LUT5 (Prop_lut5_I4_O)        0.124     3.262 r  block/core/fetch/e_rs2v[9]_i_2/O
                         net (fo=14, routed)          1.030     4.293    block/core/fetch_n_19
    SLICE_X49Y9          LUT3 (Prop_lut3_I2_O)        0.153     4.446 r  block/core/m1[result][9]_i_6/O
                         net (fo=9, routed)           0.657     5.103    block/core/p_0_in2_in[9]
    SLICE_X52Y12         LUT2 (Prop_lut2_I1_O)        0.327     5.430 r  block/core/m1[result][11]_i_22/O
                         net (fo=1, routed)           0.000     5.430    block/core/m1[result][11]_i_22_n_0
    SLICE_X52Y12         CARRY4 (Prop_carry4_S[1]_CO[3])
                                                      0.550     5.980 r  block/core/m1_reg[result][11]_i_19/CO[3]
                         net (fo=1, routed)           0.000     5.980    block/core/m1_reg[result][11]_i_19_n_0
    SLICE_X52Y13         CARRY4 (Prop_carry4_CI_CO[3])
                                                      0.114     6.094 r  block/core/m1_reg[result][15]_i_19/CO[3]
                         net (fo=1, routed)           0.000     6.094    block/core/m1_reg[result][15]_i_19_n_0
    SLICE_X52Y14         CARRY4 (Prop_carry4_CI_CO[3])
                                                      0.114     6.208 r  block/core/m1_reg[result][19]_i_22/CO[3]
                         net (fo=1, routed)           0.000     6.208    block/core/m1_reg[result][19]_i_22_n_0
    SLICE_X52Y15         CARRY4 (Prop_carry4_CI_CO[3])
                                                      0.114     6.322 r  block/core/m1_reg[result][23]_i_23/CO[3]
                         net (fo=1, routed)           0.000     6.322    block/core/m1_reg[result][23]_i_23_n_0
    SLICE_X52Y16         CARRY4 (Prop_carry4_CI_O[0])
                                                      0.222     6.544 r  block/core/m1_reg[result][29]_i_17/O[0]
                         net (fo=1, routed)           0.595     7.140    block/core/m1_reg[result][29]_i_17_n_7
    SLICE_X46Y16         LUT4 (Prop_lut4_I2_O)        0.299     7.439 r  block/core/m1[result][24]_i_17/O
                         net (fo=1, routed)           0.452     7.891    block/core/m1[result][24]_i_17_n_0
    SLICE_X42Y16         LUT5 (Prop_lut5_I4_O)        0.124     8.015 r  block/core/m1[result][24]_i_13/O
                         net (fo=1, routed)           1.030     9.045    block/core/m1[result][24]_i_13_n_0
    SLICE_X60Y14         LUT6 (Prop_lut6_I0_O)        0.124     9.169 r  block/core/m1[result][24]_i_5/O
                         net (fo=1, routed)           0.486     9.655    block/core/m1[result][24]_i_5_n_0
    SLICE_X62Y14         LUT6 (Prop_lut6_I4_O)        0.124     9.779 r  block/core/m1[result][24]_i_1/O
                         net (fo=1, routed)           0.000     9.779    block/core/result_return[24]
    SLICE_X62Y14         FDRE                                         r  block/core/m1_reg[result][24]/D
  -------------------------------------------------------------------    -------------------

                         (clock clk rise edge)       10.000    10.000 r  
                                                      0.000    10.000 r  clk (IN)
                         net (fo=1243, unset)         0.924    10.924    block/core/clk
    SLICE_X62Y14         FDRE                                         r  block/core/m1_reg[result][24]/C
                         clock pessimism              0.000    10.924    
                         clock uncertainty           -0.035    10.889    
    SLICE_X62Y14         FDRE (Setup_fdre_C_D)        0.077    10.966    block/core/m1_reg[result][24]
  -------------------------------------------------------------------
                         required time                         10.966    
                         arrival time                          -9.779    
  -------------------------------------------------------------------
                         slack                                  1.187    

Slack (MET) :             1.263ns  (required time - arrival time)
  Source:                 block/request_registered.ram_reg_0_0_0/CLKBWRCLK
                            (rising edge-triggered cell RAMB36E1 clocked by clk  {rise@0.000ns fall@5.000ns period=10.000ns})
  Destination:            block/core/d_target_reg[30]/D
                            (rising edge-triggered cell FDRE clocked by clk  {rise@0.000ns fall@5.000ns period=10.000ns})
  Path Group:             clk
  Path Type:              Setup (Max at Slow Process Corner)
  Requirement:            10.000ns  (clk rise@10.000ns - clk rise@0.000ns)
  Data Path Delay:        8.715ns  (logic 4.394ns (50.421%)  route 4.321ns (49.579%))
  Logic Levels:           11  (CARRY4=8 LUT4=1 LUT6=2)
  Clock Path Skew:        -0.049ns (DCD - SCD + CPR)
    Destination Clock Delay (DCD):    0.924ns = ( 10.924 - 10.000 ) 
    Source Clock Delay      (SCD):    0.973ns
    Clock Pessimism Removal (CPR):    0.000ns
  Clock Uncertainty:      0.035ns  ((TSJ^2 + TIJ^2)^1/2 + DJ) / 2 + PE
    Total System Jitter     (TSJ):    0.071ns
    Total Input Jitter      (TIJ):    0.000ns
    Discrete Jitter          (DJ):    0.000ns
    Phase Error              (PE):    0.000ns

    Location             Delay type                Incr(ns)  Path(ns)    Netlist Resource(s)
  -------------------------------------------------------------------    -------------------
                         (clock clk rise edge)        0.000     0.000 r  
                                                      0.000     0.000 r  clk (IN)
                         net (fo=1243, unset)         0.973     0.973    block/clk
    RAMB36_X4Y4          RAMB36E1                                     r  block/request_registered.ram_reg_0_0_0/CLKBWRCLK
  -------------------------------------------------------------------    -------------------
    RAMB36_X4Y4          RAMB36E1 (Prop_ramb36e1_CLKBWRCLK_DOBDO[0])
                                                      2.454     3.427 r  block/request_registered.ram_reg_0_0_0/DOBDO[0]
                         net (fo=3, routed)           3.174     6.601    block/core/fetch/i_q2[0]
    SLICE_X31Y5          LUT4 (Prop_lut4_I0_O)        0.124     6.725 r  block/core/fetch/d_insn[0]_i_1/O
                         net (fo=3, routed)           0.493     7.218    block/core/fetch/f_insn[0]
    SLICE_X31Y5          LUT6 (Prop_lut6_I4_O)        0.124     7.342 r  block/core/fetch/d_target[20]_i_6/O
                         net (fo=14, routed)          0.654     7.996    block/core/fetch/predecode_return20_in
    SLICE_X31Y10         LUT6 (Prop_lut6_I4_O)        0.124     8.120 r  block/core/fetch/d_target[4]_i_4/O
                         net (fo=1, routed)           0.000     8.120    block/core/fetch/d_target[4]_i_4_n_0
    SLICE_X31Y10         CARRY4 (Prop_carry4_S[1]_CO[3])
                                                      0.550     8.670 r  block/core/fetch/d_target_reg[4]_i_1/CO[3]
                         net (fo=1, routed)           0.000     8.670    block/core/fetch/d_target_reg[4]_i_1_n_0
    SLICE_X31Y11         CARRY4 (Prop_carry4_CI_CO[3])
                                                      0.114     8.784 r  block/core/fetch/d_target_reg[8]_i_1/CO[3]
                         net (fo=1, routed)           0.000     8.784    block/core/fetch/d_target_reg[8]_i_1_n_0
    SLICE_X31Y12         CARRY4 (Prop_carry4_CI_CO[3])
                                                      0.114     8.898 r  block/core/fetch/d_target_reg[12]_i_1/CO[3]
                         net (fo=1, routed)           0.000     8.898    block/core/fetch/d_target_reg[12]_i_1_n_0
    SLICE_X31Y13         CARRY4 (Prop_carry4_CI_CO[3])
                                                      0.114     9.012 r  block/core/fetch/d_target_reg[16]_i_1/CO[3]
                         net (fo=1, routed)           0.000     9.012    block/core/fetch/d_target_reg[16]_i_1_n_0
    SLICE_X31Y14         CARRY4 (Prop_carry4_CI_CO[3])
                                                      0.114     9.126 r  block/core/fetch/d_target_reg[20]_i_1/CO[3]
                         net (fo=1, routed)           0.000     9.126    block/core/fetch/d_target_reg[20]_i_1_n_0
    SLICE_X31Y15         CARRY4 (Prop_carry4_CI_CO[3])
                                                      0.114     9.240 r  block/core/fetch/d_target_reg[24]_i_1/CO[3]
                         net (fo=1, routed)           0.000     9.240    block/core/fetch/d_target_reg[24]_i_1_n_0
    SLICE_X31Y16         CARRY4 (Prop_carry4_CI_CO[3])
                                                      0.114     9.354 r  block/core/fetch/d_target_reg[28]_i_1/CO[3]
                         net (fo=1, routed)           0.000     9.354    block/core/fetch/d_target_reg[28]_i_1_n_0
    SLICE_X31Y17         CARRY4 (Prop_carry4_CI_O[1])
                                                      0.334     9.688 r  block/core/fetch/d_target_reg[31]_i_1/O[1]
                         net (fo=1, routed)           0.000     9.688    block/core/predecode_return[30]
    SLICE_X31Y17         FDRE                                         r  block/core/d_target_reg[30]/D
  -------------------------------------------------------------------    -------------------

                         (clock clk rise edge)       10.000    10.000 r  
                                                      0.000    10.000 r  clk (IN)
                         net (fo=1243, unset)         0.924    10.924    block/core/clk
    SLICE_X31Y17         FDRE                                         r  block/core/d_target_reg[30]/C
                         clock pessimism              0.000    10.924    
                         clock uncertainty           -0.035    10.889    
    SLICE_X31Y17         FDRE (Setup_fdre_C_D)        0.062    10.951    block/core/d_target_reg[30]
  -------------------------------------------------------------------
                         required time                         10.951    
                         arrival time                          -9.688    
  -------------------------------------------------------------------
                         slack                                  1.263    

Slack (MET) :             1.281ns  (required time - arrival time)
  Source:                 block/core/fsel2_reg[0]/C
                            (rising edge-triggered cell FDSE clocked by clk  {rise@0.000ns fall@5.000ns period=10.000ns})
  Destination:            block/core/m1_reg[result][30]/D
                            (rising edge-triggered cell FDRE clocked by clk  {rise@0.000ns fall@5.000ns period=10.000ns})
  Path Group:             clk
  Path Type:              Setup (Max at Slow Process Corner)
  Requirement:            10.000ns  (clk rise@10.000ns - clk rise@0.000ns)
  Data Path Delay:        8.666ns  (logic 3.103ns (35.808%)  route 5.563ns (64.192%))
  Logic Levels:           14  (CARRY4=6 LUT2=1 LUT3=1 LUT4=2 LUT5=2 LUT6=2)
  Clock Path Skew:        -0.049ns (DCD - SCD + CPR)
    Destination Clock Delay (DCD):    0.924ns = ( 10.924 - 10.000 ) 
    Source Clock Delay      (SCD):    0.973ns
    Clock Pessimism Removal (CPR):    0.000ns
  Clock Uncertainty:      0.035ns  ((TSJ^2 + TIJ^2)^1/2 + DJ) / 2 + PE
    Total System Jitter     (TSJ):    0.071ns
    Total Input Jitter      (TIJ):    0.000ns
    Discrete Jitter          (DJ):    0.000ns
    Phase Error              (PE):    0.000ns

    Location             Delay type                Incr(ns)  Path(ns)    Netlist Resource(s)
  -------------------------------------------------------------------    -------------------
                         (clock clk rise edge)        0.000     0.000 r  
                                                      0.000     0.000 r  clk (IN)
                         net (fo=1243, unset)         0.973     0.973    block/core/clk
    SLICE_X57Y5          FDSE                                         r  block/core/fsel2_reg[0]/C
  -------------------------------------------------------------------    -------------------
    SLICE_X57Y5          FDSE (Prop_fdse_C_Q)         0.456     1.429 r  block/core/fsel2_reg[0]/Q
                         net (fo=32, routed)          1.178     2.607    block/core/fetch/m1_reg[rs2v][31][0]
    SLICE_X47Y4          LUT4 (Prop_lut4_I1_O)        0.124     2.731 r  block/core/fetch/e_rs2v[9]_i_3/O
                         net (fo=1, routed)           0.407     3.138    block/core/fetch/e_rs2v[9]_i_3_n_0
    SLICE_X47Y4          LUT5 (Prop_lut5_I4_O)        0.124     3.262 r  block/core/fetch/e_rs2v[9]_i_2/O
                         net (fo=14, routed)          1.030     4.293    block/core/fetch_n_19
    SLICE_X49Y9          LUT3 (Prop_lut3_I2_O)        0.153     4.446 r  block/core/m1[result][9]_i_6/O
                         net (fo=9, routed)           0.657     5.103    block/core/p_0_in2_in[9]
    SLICE_X52Y12         LUT2 (Prop_lut2_I1_O)        0.327     5.430 r  block/core/m1[result][11]_i_22/O
                         net (fo=1, routed)           0.000     5.430    block/core/m1[result][11]_i_22_n_0
    SLICE_X52Y12         CARRY4 (Prop_carry4_S[1]_CO[3])
                                                      0.550     5.980 r  block/core/m1_reg[result][11]_i_19/CO[3]
                         net (fo=1, routed)           0.000     5.980    block/core/m1_reg[result][11]_i_19_n_0
    SLICE_X52Y13         CARRY4 (Prop_carry4_CI_CO[3])
                                                      0.114     6.094 r  block/core/m1_reg[result][15]_i_19/CO[3]
                         net (fo=1, routed)           0.000     6.094    block/core/m1_reg[result][15]_i_19_n_0
    SLICE_X52Y14         CARRY4 (Prop_carry4_CI_CO[3])
                                                      0.114     6.208 r  block/core/m1_reg[result][19]_i_22/CO[3]
                         net (fo=1, routed)           0.000     6.208    block/core/m1_reg[result][19]_i_22_n_0
    SLICE_X52Y15         CARRY4 (Prop_carry4_CI_CO[3])
                                                      0.114     6.322 r  block/core/m1_reg[result][23]_i_23/CO[3]
                         net (fo=1, routed)           0.000     6.322    block/core/m1_reg[result][23]_i_23_n_0
    SLICE_X52Y16         CARRY4 (Prop_carry4_CI_CO[3])
                                                      0.114     6.436 r  block/core/m1_reg[result][29]_i_17/CO[3]
                         net (fo=1, routed)           0.000     6.436    block/core/m1_reg[result][29]_i_17_n_0
    SLICE_X52Y17         CARRY4 (Prop_carry4_CI_O[2])
                                                      0.239     6.675 r  block/core/m1_reg[result][29]_i_15/O[2]
                         net (fo=1, routed)           0.604     7.279    block/core/m1_reg[result][29]_i_15_n_5
    SLICE_X47Y18         LUT4 (Prop_lut4_I2_O)        0.302     7.581 r  block/core/m1[result][30]_i_29/O
                         net (fo=1, routed)           0.434     8.015    block/core/m1[result][30]_i_29_n_0
    SLICE_X42Y18         LUT5 (Prop_lut5_I4_O)        0.124     8.139 r  block/core/m1[result][30]_i_21/O
                         net (fo=1, routed)           0.959     9.098    block/core/m1[result][30]_i_21_n_0
    SLICE_X60Y15         LUT6 (Prop_lut6_I5_O)        0.124     9.222 r  block/core/m1[result][30]_i_6/O
                         net (fo=1, routed)           0.292     9.515    block/core/m1[result][30]_i_6_n_0
    SLICE_X61Y14         LUT6 (Prop_lut6_I5_O)        0.124     9.639 r  block/core/m1[result][30]_i_1/O
                         net (fo=1, routed)           0.000     9.639    block/core/result_return[30]
    SLICE_X61Y14         FDRE                                         r  block/core/m1_reg[result][30]/D
  -------------------------------------------------------------------    -------------------

                         (clock clk rise edge)       10.000    10.000 r  
                                                      0.000    10.000 r  clk (IN)
                         net (fo=1243, unset)         0.924    10.924    block/core/clk
    SLICE_X61Y14         FDRE                                         r  block/core/m1_reg[result][30]/C
                         clock pessimism              0.000    10.924    
                         clock uncertainty           -0.035    10.889    
    SLICE_X61Y14         FDRE (Setup_fdre_C_D)        0.031    10.920    block/core/m1_reg[result][30]
  -------------------------------------------------------------------
                         required time                         10.920    
                         arrival time                          -9.639    
  -------------------------------------------------------------------
                         slack                                  1.281    

Slack (MET) :             1.309ns  (required time - arrival time)
  Source:                 block/core/fsel2_reg[0]/C
                            (rising edge-triggered cell FDSE clocked by clk  {rise@0.000ns fall@5.000ns period=10.000ns})
  Destination:            block/core/m1_reg[result][20]/D
                            (rising edge-triggered cell FDRE clocked by clk  {rise@0.000ns fall@5.000ns period=10.000ns})
  Path Group:             clk
  Path Type:              Setup (Max at Slow Process Corner)
  Requirement:            10.000ns  (clk rise@10.000ns - clk rise@0.000ns)
  Data Path Delay:        8.638ns  (logic 2.855ns (33.052%)  route 5.783ns (66.948%))
  Logic Levels:           12  (CARRY4=4 LUT2=1 LUT3=1 LUT4=2 LUT5=2 LUT6=2)
  Clock Path Skew:        -0.049ns (DCD - SCD + CPR)
    Destination Clock Delay (DCD):    0.924ns = ( 10.924 - 10.000 ) 
    Source Clock Delay      (SCD):    0.973ns
    Clock Pessimism Removal (CPR):    0.000ns
  Clock Uncertainty:      0.035ns  ((TSJ^2 + TIJ^2)^1/2 + DJ) / 2 + PE
    Total System Jitter     (TSJ):    0.071ns
    Total Input Jitter      (TIJ):    0.000ns
    Discrete Jitter          (DJ):    0.000ns
    Phase Error              (PE):    0.000ns

    Location             Delay type                Incr(ns)  Path(ns)    Netlist Resource(s)
  -------------------------------------------------------------------    -------------------
                         (clock clk rise edge)        0.000     0.000 r  
                                                      0.000     0.000 r  clk (IN)
                         net (fo=1243, unset)         0.973     0.973    block/core/clk
    SLICE_X57Y5          FDSE                                         r  block/core/fsel2_reg[0]/C
  -------------------------------------------------------------------    -------------------
    SLICE_X57Y5          FDSE (Prop_fdse_C_Q)         0.456     1.429 r  block/core/fsel2_reg[0]/Q
                         net (fo=32, routed)          1.178     2.607    block/core/fetch/m1_reg[rs2v][31][0]
    SLICE_X47Y4          LUT4 (Prop_lut4_I1_O)        0.124     2.731 r  block/core/fetch/e_rs2v[9]_i_3/O
                         net (fo=1, routed)           0.407     3.138    block/core/fetch/e_rs2v[9]_i_3_n_0
    SLICE_X47Y4          LUT5 (Prop_lut5_I4_O)        0.124     3.262 r  block/core/fetch/e_rs2v[9]_i_2/O
                         net (fo=14, routed)          1.030     4.293    block/core/fetch_n_19
    SLICE_X49Y9          LUT3 (Prop_lut3_I2_O)        0.153     4.446 r  block/core/m1[result][9]_i_6/O
                         net (fo=9, routed)           0.657     5.103    block/core/p_0_in2_in[9]
    SLICE_X52Y12         LUT2 (Prop_lut2_I1_O)        0.327     5.430 r  block/core/m1[result][11]_i_22/O
                         net (fo=1, routed)           0.000     5.430    block/core/m1[result][11]_i_22_n_0
    SLICE_X52Y12         CARRY4 (Prop_carry4_S[1]_CO[3])
                                                      0.550     5.980 r  block/core/m1_reg[result][11]_i_19/CO[3]
                         net (fo=1, routed)           0.000     5.980    block/core/m1_reg[result][11]_i_19_n_0
    SLICE_X52Y13         CARRY4 (Prop_carry4_CI_CO[3])
                                                      0.114     6.094 r  block/core/m1_reg[result][15]_i_19/CO[3]
                         net (fo=1, routed)           0.000     6.094    block/core/m1_reg[result][15]_i_19_n_0
    SLICE_X52Y14         CARRY4 (Prop_carry4_CI_CO[3])
                                                      0.114     6.208 r  block/core/m1_reg[result][19]_i_22/CO[3]
                         net (fo=1, routed)           0.000     6.208    block/core/m1_reg[result][19]_i_22_n_0
    SLICE_X52Y15         CARRY4 (Prop_carry4_CI_O[0])
                                                      0.222     6.430 r  block/core/m1_reg[result][23]_i_23/O[0]
                         net (fo=1, routed)           0.428     6.858    block/core/m1_reg[result][23]_i_23_n_7
    SLICE_X51Y16         LUT4 (Prop_lut4_I2_O)        0.299     7.157 r  block/core/m1[result][20]_i_14/O
                         net (fo=1, routed)           0.487     7.644    block/core/m1[result][20]_i_14_n_0
    SLICE_X44Y15         LUT5 (Prop_lut5_I4_O)        0.124     7.768 r  block/core/m1[result][20]_i_10/O
                         net (fo=1, routed)           1.103     8.871    block/core/m1[result][20]_i_10_n_0
    SLICE_X60Y11         LUT6 (Prop_lut6_I0_O)        0.124     8.995 r  block/core/m1[result][20]_i_5/O
                         net (fo=1, routed)           0.492     9.487    block/core/m1[result][20]_i_5_n_0
    SLICE_X64Y11         LUT6 (Prop_lut6_I4_O)        0.124     9.611 r  block/core/m1[result][20]_i_1/O
                         net (fo=1, routed)           0.000     9.611    block/core/result_return[20]
    SLICE_X64Y11         FDRE                                         r  block/core/m1_reg[result][20]/D
  -------------------------------------------------------------------    -------------------

                         (clock clk rise edge)       10.000    10.000 r  
                                                      0.000    10.000 r  clk (IN)
                         net (fo=1243, unset)         0.924    10.924    block/core/clk
    SLICE_X64Y11         FDRE                                         r  block/core/m1_reg[result][20]/C
                         clock pessimism              0.000    10.924    
                         clock uncertainty           -0.035    10.889    
    SLICE_X64Y11         FDRE (Setup_fdre_C_D)        0.031    10.920    block/core/m1_reg[result][20]
  -------------------------------------------------------------------
                         required time                         10.920    
                         arrival time                          -9.611    
  -------------------------------------------------------------------
                         slack                                  1.309    

Slack (MET) :             1.309ns  (required time - arrival time)
  Source:                 block/core/fsel2_reg[0]/C
                            (rising edge-triggered cell FDSE clocked by clk  {rise@0.000ns fall@5.000ns period=10.000ns})
  Destination:            block/core/fetch/e_pending_reg_inv/D
                            (rising edge-triggered cell FDSE clocked by clk  {rise@0.000ns fall@5.000ns period=10.000ns})
  Path Group:             clk
  Path Type:              Setup (Max at Slow Process Corner)
  Requirement:            10.000ns  (clk rise@10.000ns - clk rise@0.000ns)
  Data Path Delay:        8.567ns  (logic 2.633ns (30.736%)  route 5.934ns (69.264%))
  Logic Levels:           10  (CARRY4=3 LUT2=1 LUT4=1 LUT5=1 LUT6=4)
  Clock Path Skew:        -0.049ns (DCD - SCD + CPR)
    Destination Clock Delay (DCD):    0.924ns = ( 10.924 - 10.000 ) 
    Source Clock Delay      (SCD):    0.973ns
    Clock Pessimism Removal (CPR):    0.000ns
  Clock Uncertainty:      0.035ns  ((TSJ^2 + TIJ^2)^1/2 + DJ) / 2 + PE
    Total System Jitter     (TSJ):    0.071ns
    Total Input Jitter      (TIJ):    0.000ns
    Discrete Jitter          (DJ):    0.000ns
    Phase Error              (PE):    0.000ns

    Location             Delay type                Incr(ns)  Path(ns)    Netlist Resource(s)
  -------------------------------------------------------------------    -------------------
                         (clock clk rise edge)        0.000     0.000 r  
                                                      0.000     0.000 r  clk (IN)
                         net (fo=1243, unset)         0.973     0.973    block/core/clk
    SLICE_X57Y5          FDSE                                         r  block/core/fsel2_reg[0]/C
  -------------------------------------------------------------------    -------------------
    SLICE_X57Y5          FDSE (Prop_fdse_C_Q)         0.456     1.429 r  block/core/fsel2_reg[0]/Q
                         net (fo=32, routed)          1.094     2.523    block/core/fetch/m1_reg[rs2v][31][0]
    SLICE_X53Y3          LUT4 (Prop_lut4_I1_O)        0.124     2.647 r  block/core/fetch/request_registered.d_wd[4]_i_2/O
                         net (fo=2, routed)           0.655     3.302    block/core/fetch/e_rs2v_reg[4]
    SLICE_X53Y3          LUT5 (Prop_lut5_I4_O)        0.150     3.452 r  block/core/fetch/request_registered.d_wd[4]_i_1/O
                         net (fo=15, routed)          1.434     4.886    block/core/fetch/fsel2_reg[1]_1
    SLICE_X43Y10         LUT6 (Prop_lut6_I1_O)        0.326     5.212 r  block/core/fetch/m1[trap]_i_106/O
                         net (fo=1, routed)           0.000     5.212    block/core/fetch/m1[trap]_i_106_n_0
    SLICE_X43Y10         CARRY4 (Prop_carry4_S[1]_CO[3])
                                                      0.550     5.762 r  block/core/fetch/m1_reg[trap]_i_68/CO[3]
                         net (fo=1, routed)           0.000     5.762    block/core/fetch/m1_reg[trap]_i_68_n_0
    SLICE_X43Y11         CARRY4 (Prop_carry4_CI_CO[3])
                                                      0.114     5.876 r  block/core/fetch/m1_reg[trap]_i_32/CO[3]
                         net (fo=1, routed)           0.000     5.876    block/core/fetch/m1_reg[trap]_i_32_n_0
    SLICE_X43Y12         CARRY4 (Prop_carry4_CI_CO[2])
                                                      0.228     6.104 r  block/core/fetch/m1_reg[trap]_i_8/CO[2]
                         net (fo=1, routed)           0.778     6.882    block/core/fetch/m1_reg[trap]_i_8_n_1
    SLICE_X41Y10         LUT6 (Prop_lut6_I3_O)        0.313     7.195 r  block/core/fetch/m1[trap]_i_4/O
                         net (fo=1, routed)           0.506     7.701    block/core/fetch/m1[trap]_i_4_n_0
    SLICE_X42Y6          LUT6 (Prop_lut6_I3_O)        0.124     7.825 r  block/core/fetch/m1[trap]_i_3/O
                         net (fo=2, routed)           0.173     7.998    block/core/fetch/e_taken
    SLICE_X42Y6          LUT6 (Prop_lut6_I4_O)        0.124     8.122 f  block/core/fetch/squash_i_1/O
                         net (fo=2, routed)           0.963     9.084    block/core/fetch/e_flush
    SLICE_X29Y11         LUT2 (Prop_lut2_I0_O)        0.124     9.208 r  block/core/fetch/e_pending_inv_i_1/O
                         net (fo=1, routed)           0.331     9.540    block/core/fetch/e_pending
    SLICE_X29Y9          FDSE                                         r  block/core/fetch/e_pending_reg_inv/D
  -------------------------------------------------------------------    -------------------

                         (clock clk rise edge)       10.000    10.000 r  
                                                      0.000    10.000 r  clk (IN)
                         net (fo=1243, unset)         0.924    10.924    block/core/fetch/clk
    SLICE_X29Y9          FDSE                                         r  block/core/fetch/e_pending_reg_inv/C
                         clock pessimism              0.000    10.924    
                         clock uncertainty           -0.035    10.889    
    SLICE_X29Y9          FDSE (Setup_fdse_C_D)       -0.040    10.849    block/core/fetch/e_pending_reg_inv
  -------------------------------------------------------------------
                         required time                         10.849    
                         arrival time                          -9.540    
  -------------------------------------------------------------------
                         slack                                  1.309    

Slack (MET) :             1.348ns  (required time - arrival time)
  Source:                 block/core/fsel2_reg[0]/C
                            (rising edge-triggered cell FDSE clocked by clk  {rise@0.000ns fall@5.000ns period=10.000ns})
  Destination:            block/core/m1_reg[result][26]/D
                            (rising edge-triggered cell FDRE clocked by clk  {rise@0.000ns fall@5.000ns period=10.000ns})
  Path Group:             clk
  Path Type:              Setup (Max at Slow Process Corner)
  Requirement:            10.000ns  (clk rise@10.000ns - clk rise@0.000ns)
  Data Path Delay:        8.645ns  (logic 2.989ns (34.577%)  route 5.656ns (65.423%))
  Logic Levels:           13  (CARRY4=5 LUT2=1 LUT3=1 LUT4=3 LUT5=2 LUT6=1)
  Clock Path Skew:        -0.049ns (DCD - SCD + CPR)
    Destination Clock Delay (DCD):    0.924ns = ( 10.924 - 10.000 ) 
    Source Clock Delay      (SCD):    0.973ns
    Clock Pessimism Removal (CPR):    0.000ns
  Clock Uncertainty:      0.035ns  ((TSJ^2 + TIJ^2)^1/2 + DJ) / 2 + PE
    Total System Jitter     (TSJ):    0.071ns
    Total Input Jitter      (TIJ):    0.000ns
    Discrete Jitter          (DJ):    0.000ns
    Phase Error              (PE):    0.000ns

    Location             Delay type                Incr(ns)  Path(ns)    Netlist Resource(s)
  -------------------------------------------------------------------    -------------------
                         (clock clk rise edge)        0.000     0.000 r  
                                                      0.000     0.000 r  clk (IN)
                         net (fo=1243, unset)         0.973     0.973    block/core/clk
    SLICE_X57Y5          FDSE                                         r  block/core/fsel2_reg[0]/C
  -------------------------------------------------------------------    -------------------
    SLICE_X57Y5          FDSE (Prop_fdse_C_Q)         0.456     1.429 r  block/core/fsel2_reg[0]/Q
                         net (fo=32, routed)          1.178     2.607    block/core/fetch/m1_reg[rs2v][31][0]
    SLICE_X47Y4          LUT4 (Prop_lut4_I1_O)        0.124     2.731 r  block/core/fetch/e_rs2v[9]_i_3/O
                         net (fo=1, routed)           0.407     3.138    block/core/fetch/e_rs2v[9]_i_3_n_0
    SLICE_X47Y4          LUT5 (Prop_lut5_I4_O)        0.124     3.262 r  block/core/fetch/e_rs2v[9]_i_2/O
                         net (fo=14, routed)          1.030     4.293    block/core/fetch_n_19
    SLICE_X49Y9          LUT3 (Prop_lut3_I2_O)        0.153     4.446 r  block/core/m1[result][9]_i_6/O
                         net (fo=9, routed)           0.657     5.103    block/core/p_0_in2_in[9]
    SLICE_X52Y12         LUT2 (Prop_lut2_I1_O)        0.327     5.430 r  block/core/m1[result][11]_i_22/O
                         net (fo=1, routed)           0.000     5.430    block/core/m1[result][11]_i_22_n_0
    SLICE_X52Y12         CARRY4 (Prop_carry4_S[1]_CO[3])
                                                      0.550     5.980 r  block/core/m1_reg[result][11]_i_19/CO[3]
                         net (fo=1, routed)           0.000     5.980    block/core/m1_reg[result][11]_i_19_n_0
    SLICE_X52Y13         CARRY4 (Prop_carry4_CI_CO[3])
                                                      0.114     6.094 r  block/core/m1_reg[result][15]_i_19/CO[3]
                         net (fo=1, routed)           0.000     6.094    block/core/m1_reg[result][15]_i_19_n_0
    SLICE_X52Y14         CARRY4 (Prop_carry4_CI_CO[3])
                                                      0.114     6.208 r  block/core/m1_reg[result][19]_i_22/CO[3]
                         net (fo=1, routed)           0.000     6.208    block/core/m1_reg[result][19]_i_22_n_0
    SLICE_X52Y15         CARRY4 (Prop_carry4_CI_CO[3])
                                                      0.114     6.322 r  block/core/m1_reg[result][23]_i_23/CO[3]
                         net (fo=1, routed)           0.000     6.322    block/core/m1_reg[result][23]_i_23_n_0
    SLICE_X52Y16         CARRY4 (Prop_carry4_CI_O[2])
                                                      0.239     6.561 r  block/core/m1_reg[result][29]_i_17/O[2]
                         net (fo=1, routed)           0.612     7.174    block/core/m1_reg[result][29]_i_17_n_5
    SLICE_X46Y17         LUT4 (Prop_lut4_I2_O)        0.302     7.476 r  block/core/m1[result][26]_i_11/O
                         net (fo=1, routed)           0.294     7.770    block/core/m1[result][26]_i_11_n_0
    SLICE_X44Y17         LUT5 (Prop_lut5_I4_O)        0.124     7.894 r  block/core/m1[result][26]_i_8/O
                         net (fo=1, routed)           1.037     8.931    block/core/m1[result][26]_i_8_n_0
    SLICE_X60Y12         LUT6 (Prop_lut6_I0_O)        0.124     9.055 r  block/core/m1[result][26]_i_4/O
                         net (fo=1, routed)           0.439     9.494    block/core/m1[result][26]_i_4_n_0
    SLICE_X62Y11         LUT4 (Prop_lut4_I2_O)        0.124     9.618 r  block/core/m1[result][26]_i_1/O
                         net (fo=1, routed)           0.000     9.618    block/core/result_return[26]
    SLICE_X62Y11         FDRE                                         r  block/core/m1_reg[result][26]/D
  -------------------------------------------------------------------    -------------------

                         (clock clk rise edge)       10.000    10.000 r  
                                                      0.000    10.000 r  clk (IN)
                         net (fo=1243, unset)         0.924    10.924    block/core/clk
    SLICE_X62Y11         FDRE                                         r  block/core/m1_reg[result][26]/C
                         clock pessimism              0.000    10.924    
                         clock uncertainty           -0.035    10.889    
    SLICE_X62Y11         FDRE (Setup_fdre_C_D)        0.077    10.966    block/core/m1_reg[result][26]
  -------------------------------------------------------------------
                         required time                         10.966    
                         arrival time                          -9.618    
  -------------------------------------------------------------------
                         slack                                  1.348    

Slack (MET) :             1.358ns  (required time - arrival time)
  Source:                 block/request_registered.ram_reg_0_0_0/CLKBWRCLK
                            (rising edge-triggered cell RAMB36E1 clocked by clk  {rise@0.000ns fall@5.000ns period=10.000ns})
  Destination:            block/core/d_target_reg[31]/D
                            (rising edge-triggered cell FDRE clocked by clk  {rise@0.000ns fall@5.000ns period=10.000ns})
  Path Group:             clk
  Path Type:              Setup (Max at Slow Process Corner)
  Requirement:            10.000ns  (clk rise@10.000ns - clk rise@0.000ns)
  Data Path Delay:        8.620ns  (logic 4.299ns (49.875%)  route 4.321ns (50.125%))
  Logic Levels:           11  (CARRY4=8 LUT4=1 LUT6=2)
  Clock Path Skew:        -0.049ns (DCD - SCD + CPR)
    Destination Clock Delay (DCD):    0.924ns = ( 10.924 - 10.000 ) 
    Source Clock Delay      (SCD):    0.973ns
    Clock Pessimism Removal (CPR):    0.000ns
  Clock Uncertainty:      0.035ns  ((TSJ^2 + TIJ^2)^1/2 + DJ) / 2 + PE
    Total System Jitter     (TSJ):    0.071ns
    Total Input Jitter      (TIJ):    0.000ns
    Discrete Jitter          (DJ):    0.000ns
    Phase Error              (PE):    0.000ns

    Location             Delay type                Incr(ns)  Path(ns)    Netlist Resource(s)
  -------------------------------------------------------------------    -------------------
                         (clock clk rise edge)        0.000     0.000 r  
                                                      0.000     0.000 r  clk (IN)
                         net (fo=1243, unset)         0.973     0.973    block/clk
    RAMB36_X4Y4          RAMB36E1                                     r  block/request_registered.ram_reg_0_0_0/CLKBWRCLK
  -------------------------------------------------------------------    -------------------
    RAMB36_X4Y4          RAMB36E1 (Prop_ramb36e1_CLKBWRCLK_DOBDO[0])
                                                      2.454     3.427 r  block/request_registered.ram_reg_0_0_0/DOBDO[0]
                         net (fo=3, routed)           3.174     6.601    block/core/fetch/i_q2[0]
    SLICE_X31Y5          LUT4 (Prop_lut4_I0_O)        0.124     6.725 r  block/core/fetch/d_insn[0]_i_1/O
                         net (fo=3, routed)           0.493     7.218    block/core/fetch/f_insn[0]
    SLICE_X31Y5          LUT6 (Prop_lut6_I4_O)        0.124     7.342 r  block/core/fetch/d_target[20]_i_6/O
                         net (fo=14, routed)          0.654     7.996    block/core/fetch/predecode_return20_in
    SLICE_X31Y10         LUT6 (Prop_lut6_I4_O)        0.124     8.120 r  block/core/fetch/d_target[4]_i_4/O
                         net (fo=1, routed)           0.000     8.120    block/core/fetch/d_target[4]_i_4_n_0
    SLICE_X31Y10         CARRY4 (Prop_carry4_S[1]_CO[3])
                                                      0.550     8.670 r  block/core/fetch/d_target_reg[4]_i_1/CO[3]
                         net (fo=1, routed)           0.000     8.670    block/core/fetch/d_target_reg[4]_i_1_n_0
    SLICE_X31Y11         CARRY4 (Prop_carry4_CI_CO[3])
                                                      0.114     8.784 r  block/core/fetch/d_target_reg[8]_i_1/CO[3]
                         net (fo=1, routed)           0.000     8.784    block/core/fetch/d_target_reg[8]_i_1_n_0
    SLICE_X31Y12         CARRY4 (Prop_carry4_CI_CO[3])
                                                      0.114     8.898 r  block/core/fetch/d_target_reg[12]_i_1/CO[3]
                         net (fo=1, routed)           0.000     8.898    block/core/fetch/d_target_reg[12]_i_1_n_0
    SLICE_X31Y13         CARRY4 (Prop_carry4_CI_CO[3])
                                                      0.114     9.012 r  block/core/fetch/d_target_reg[16]_i_1/CO[3]
                         net (fo=1, routed)           0.000     9.012    block/core/fetch/d_target_reg[16]_i_1_n_0
    SLICE_X31Y14         CARRY4 (Prop_carry4_CI_CO[3])
                                                      0.114     9.126 r  block/core/fetch/d_target_reg[20]_i_1/CO[3]
                         net (fo=1, routed)           0.000     9.126    block/core/fetch/d_target_reg[20]_i_1_n_0
    SLICE_X31Y15         CARRY4 (Prop_carry4_CI_CO[3])
                                                      0.114     9.240 r  block/core/fetch/d_target_reg[24]_i_1/CO[3]
                         net (fo=1, routed)           0.000     9.240    block/core/fetch/d_target_reg[24]_i_1_n_0
    SLICE_X31Y16         CARRY4 (Prop_carry4_CI_CO[3])
                                                      0.114     9.354 r  block/core/fetch/d_target_reg[28]_i_1/CO[3]
                         net (fo=1, routed)           0.000     9.354    block/core/fetch/d_target_reg[28]_i_1_n_0
    SLICE_X31Y17         CARRY4 (Prop_carry4_CI_O[2])
                                                      0.239     9.593 r  block/core/fetch/d_target_reg[31]_i_1/O[2]
                         net (fo=1, routed)           0.000     9.593    block/core/predecode_return[31]
    SLICE_X31Y17         FDRE                                         r  block/core/d_target_reg[31]/D
  -------------------------------------------------------------------    -------------------

                         (clock clk rise edge)       10.000    10.000 r  
                                                      0.000    10.000 r  clk (IN)
                         net (fo=1243, unset)         0.924    10.924    block/core/clk
    SLICE_X31Y17         FDRE                                         r  block/core/d_target_reg[31]/C
                         clock pessimism              0.000    10.924    
                         clock uncertainty           -0.035    10.889    
    SLICE_X31Y17         FDRE (Setup_fdre_C_D)        0.062    10.951    block/core/d_target_reg[31]
  -------------------------------------------------------------------
                         required time                         10.951    
                         arrival time                          -9.593    
  -------------------------------------------------------------------
                         slack                                  1.358    

Slack (MET) :             1.374ns  (required time - arrival time)
  Source:                 block/request_registered.ram_reg_0_0_0/CLKBWRCLK
                            (rising edge-triggered cell RAMB36E1 clocked by clk  {rise@0.000ns fall@5.000ns period=10.000ns})
  Destination:            block/core/d_target_reg[29]/D
                            (rising edge-triggered cell FDRE clocked by clk  {rise@0.000ns fall@5.000ns period=10.000ns})
  Path Group:             clk
  Path Type:              Setup (Max at Slow Process Corner)
  Requirement:            10.000ns  (clk rise@10.000ns - clk rise@0.000ns)
  Data Path Delay:        8.604ns  (logic 4.283ns (49.782%)  route 4.321ns (50.218%))
  Logic Levels:           11  (CARRY4=8 LUT4=1 LUT6=2)
  Clock Path Skew:        -0.049ns (DCD - SCD + CPR)
    Destination Clock Delay (DCD):    0.924ns = ( 10.924 - 10.000 ) 
    Source Clock Delay      (SCD):    0.973ns
    Clock Pessimism Removal (CPR):    0.000ns
  Clock Uncertainty:      0.035ns  ((TSJ^2 + TIJ^2)^1/2 + DJ) / 2 + PE
    Total System Jitter     (TSJ):    0.071ns
    Total Input Jitter      (TIJ):    0.000ns
    Discrete Jitter          (DJ):    0.000ns
    Phase Error              (PE):    0.000ns

    Location             Delay type                Incr(ns)  Path(ns)    Netlist Resource(s)
  -------------------------------------------------------------------    -------------------
                         (clock clk rise edge)        0.000     0.000 r  
                                                      0.000     0.000 r  clk (IN)
                         net (fo=1243, unset)         0.973     0.973    block/clk
    RAMB36_X4Y4          RAMB36E1                                     r  block/request_registered.ram_reg_0_0_0/CLKBWRCLK
  -------------------------------------------------------------------    -------------------
    RAMB36_X4Y4          RAMB36E1 (Prop_ramb36e1_CLKBWRCLK_DOBDO[0])
                                                      2.454     3.427 r  block/request_registered.ram_reg_0_0_0/DOBDO[0]
                         net (fo=3, routed)           3.174     6.601    block/core/fetch/i_q2[0]
    SLICE_X31Y5          LUT4 (Prop_lut4_I0_O)        0.124     6.725 r  block/core/fetch/d_insn[0]_i_1/O
                         net (fo=3, routed)           0.493     7.218    block/core/fetch/f_insn[0]
    SLICE_X31Y5          LUT6 (Prop_lut6_I4_O)        0.124     7.342 r  block/core/fetch/d_target[20]_i_6/O
                         net (fo=14, routed)          0.654     7.996    block/core/fetch/predecode_return20_in
    SLICE_X31Y10         LUT6 (Prop_lut6_I4_O)        0.124     8.120 r  block/core/fetch/d_target[4]_i_4/O
                         net (fo=1, routed)           0.000     8.120    block/core/fetch/d_target[4]_i_4_n_0
    SLICE_X31Y10         CARRY4 (Prop_carry4_S[1]_CO[3])
                                                      0.550     8.670 r  block/core/fetch/d_target_reg[4]_i_1/CO[3]
                         net (fo=1, routed)           0.000     8.670    block/core/fetch/d_target_reg[4]_i_1_n_0
    SLICE_X31Y11         CARRY4 (Prop_carry4_CI_CO[3])
                                                      0.114     8.784 r  block/core/fetch/d_target_reg[8]_i_1/CO[3]
                         net (fo=1, routed)           0.000     8.784    block/core/fetch/d_target_reg[8]_i_1_n_0
    SLICE_X31Y12         CARRY4 (Prop_carry4_CI_CO[3])
                                                      0.114     8.898 r  block/core/fetch/d_target_reg[12]_i_1/CO[3]
                         net (fo=1, routed)           0.000     8.898    block/core/fetch/d_target_reg[12]_i_1_n_0
    SLICE_X31Y13         CARRY4 (Prop_carry4_CI_CO[3])
                                                      0.114     9.012 r  block/core/fetch/d_target_reg[16]_i_1/CO[3]
                         net (fo=1, routed)           0.000     9.012    block/core/fetch/d_target_reg[16]_i_1_n_0
    SLICE_X31Y14         CARRY4 (Prop_carry4_CI_CO[3])
                                                      0.114     9.126 r  block/core/fetch/d_target_reg[20]_i_1/CO[3]
                         net (fo=1, routed)           0.000     9.126    block/core/fetch/d_target_reg[20]_i_1_n_0
    SLICE_X31Y15         CARRY4 (Prop_carry4_CI_CO[3])
                                                      0.114     9.240 r  block/core/fetch/d_target_reg[24]_i_1/CO[3]
                         net (fo=1, routed)           0.000     9.240    block/core/fetch/d_target_reg[24]_i_1_n_0
    SLICE_X31Y16         CARRY4 (Prop_carry4_CI_CO[3])
                                                      0.114     9.354 r  block/core/fetch/d_target_reg[28]_i_1/CO[3]
                         net (fo=1, routed)           0.000     9.354    block/core/fetch/d_target_reg[28]_i_1_n_0
    SLICE_X31Y17         CARRY4 (Prop_carry4_CI_O[0])
                                                      0.223     9.577 r  block/core/fetch/d_target_reg[31]_i_1/O[0]
                         net (fo=1, routed)           0.000     9.577    block/core/predecode_return[29]
    SLICE_X31Y17         FDRE                                         r  block/core/d_target_reg[29]/D
  -------------------------------------------------------------------    -------------------

                         (clock clk rise edge)       10.000    10.000 r  
                                                      0.000    10.000 r  clk (IN)
                         net (fo=1243, unset)         0.924    10.924    block/core/clk
    SLICE_X31Y17         FDRE                                         r  block/core/d_target_reg[29]/C
                         clock pessimism              0.000    10.924    
                         clock uncertainty           -0.035    10.889    
    SLICE_X31Y17         FDRE (Setup_fdre_C_D)        0.062    10.951    block/core/d_target_reg[29]
  -------------------------------------------------------------------
                         required time                         10.951    
                         arrival time                          -9.577    
  -------------------------------------------------------------------
                         slack                                  1.374    





Min Delay Paths
--------------------------------------------------------------------------------------
Slack (MET) :             0.095ns  (arrival time - required time)
  Source:                 block/core/fetch/rsp_pc_reg[4]/C
                            (rising edge-triggered cell FDRE clocked by clk  {rise@0.000ns fall@5.000ns period=10.000ns})
  Destination:            block/core/fetch/buf_pc_reg_0_3_0_5/RAMB/I
                            (rising edge-triggered cell RAMD32 clocked by clk  {rise@0.000ns fall@5.000ns period=10.000ns})
  Path Group:             clk
  Path Type:              Hold (Min at Fast Process Corner)
  Requirement:            0.000ns  (clk rise@0.000ns - clk rise@0.000ns)
  Data Path Delay:        0.263ns  (logic 0.141ns (53.626%)  route 0.122ns (46.374%))
  Logic Levels:           0  
  Clock Path Skew:        0.022ns (DCD - SCD - CPR)
    Destination Clock Delay (DCD):    0.432ns
    Source Clock Delay      (SCD):    0.410ns
    Clock Pessimism Removal (CPR):    -0.000ns

    Location             Delay type                Incr(ns)  Path(ns)    Netlist Resource(s)
  -------------------------------------------------------------------    -------------------
                         (clock clk rise edge)        0.000     0.000 r  
                                                      0.000     0.000 r  clk (IN)
                         net (fo=1243, unset)         0.410     0.410    block/core/fetch/clk
    SLICE_X31Y9          FDRE                                         r  block/core/fetch/rsp_pc_reg[4]/C
  -------------------------------------------------------------------    -------------------
    SLICE_X31Y9          FDRE (Prop_fdre_C_Q)         0.141     0.551 r  block/core/fetch/rsp_pc_reg[4]/Q
                         net (fo=3, routed)           0.122     0.673    block/core/fetch/buf_pc_reg_0_3_0_5/DIB0
    SLICE_X30Y10         RAMD32                                       r  block/core/fetch/buf_pc_reg_0_3_0_5/RAMB/I
  -------------------------------------------------------------------    -------------------

                         (clock clk rise edge)        0.000     0.000 r  
                                                      0.000     0.000 r  clk (IN)
                         net (fo=1243, unset)         0.432     0.432    block/core/fetch/buf_pc_reg_0_3_0_5/WCLK
    SLICE_X30Y10         RAMD32                                       r  block/core/fetch/buf_pc_reg_0_3_0_5/RAMB/CLK
                         clock pessimism              0.000     0.432    
    SLICE_X30Y10         RAMD32 (Hold_ramd32_CLK_I)
                                                      0.146     0.578    block/core/fetch/buf_pc_reg_0_3_0_5/RAMB
  -------------------------------------------------------------------
                         required time                         -0.578    
                         arrival time                           0.673    
  -------------------------------------------------------------------
                         slack                                  0.095    

Slack (MET) :             0.100ns  (arrival time - required time)
  Source:                 block/core/w_reg[rd][0]/C
                            (rising edge-triggered cell FDRE clocked by clk  {rise@0.000ns fall@5.000ns period=10.000ns})
  Destination:            block/core/rf_reg_r2_0_31_6_11/RAMA/WADR0
                            (rising edge-triggered cell RAMD32 clocked by clk  {rise@0.000ns fall@5.000ns period=10.000ns})
  Path Group:             clk
  Path Type:              Hold (Min at Fast Process Corner)
  Requirement:            0.000ns  (clk rise@0.000ns - clk rise@0.000ns)
  Data Path Delay:        0.432ns  (logic 0.141ns (32.639%)  route 0.291ns (67.361%))
  Logic Levels:           0  
  Clock Path Skew:        0.022ns (DCD - SCD - CPR)
    Destination Clock Delay (DCD):    0.432ns
    Source Clock Delay      (SCD):    0.410ns
    Clock Pessimism Removal (CPR):    -0.000ns

    Location             Delay type                Incr(ns)  Path(ns)    Netlist Resource(s)
  -------------------------------------------------------------------    -------------------
                         (clock clk rise edge)        0.000     0.000 r  
                                                      0.000     0.000 r  clk (IN)
                         net (fo=1243, unset)         0.410     0.410    block/core/clk
    SLICE_X49Y4          FDRE                                         r  block/core/w_reg[rd][0]/C
  -------------------------------------------------------------------    -------------------
    SLICE_X49Y4          FDRE (Prop_fdre_C_Q)         0.141     0.551 r  block/core/w_reg[rd][0]/Q
                         net (fo=92, routed)          0.291     0.842    block/core/rf_reg_r2_0_31_6_11/ADDRD0
    SLICE_X46Y5          RAMD32                                       r  block/core/rf_reg_r2_0_31_6_11/RAMA/WADR0
  -------------------------------------------------------------------    -------------------

                         (clock clk rise edge)        0.000     0.000 r  
                                                      0.000     0.000 r  clk (IN)
                         net (fo=1243, unset)         0.432     0.432    block/core/rf_reg_r2_0_31_6_11/WCLK
    SLICE_X46Y5          RAMD32                                       r  block/core/rf_reg_r2_0_31_6_11/RAMA/CLK
                         clock pessimism              0.000     0.432    
    SLICE_X46Y5          RAMD32 (Hold_ramd32_CLK_WADR0)
                                                      0.310     0.742    block/core/rf_reg_r2_0_31_6_11/RAMA
  -------------------------------------------------------------------
                         required time                         -0.742    
                         arrival time                           0.842    
  -------------------------------------------------------------------
                         slack                                  0.100    

Slack (MET) :             0.100ns  (arrival time - required time)
  Source:                 block/core/w_reg[rd][0]/C
                            (rising edge-triggered cell FDRE clocked by clk  {rise@0.000ns fall@5.000ns period=10.000ns})
  Destination:            block/core/rf_reg_r2_0_31_6_11/RAMA_D1/WADR0
                            (rising edge-triggered cell RAMD32 clocked by clk  {rise@0.000ns fall@5.000ns period=10.000ns})
  Path Group:             clk
  Path Type:              Hold (Min at Fast Process Corner)
  Requirement:            0.000ns  (clk rise@0.000ns - clk rise@0.000ns)
  Data Path Delay:        0.432ns  (logic 0.141ns (32.639%)  route 0.291ns (67.361%))
  Logic Levels:           0  
  Clock Path Skew:        0.022ns (DCD - SCD - CPR)
    Destination Clock Delay (DCD):    0.432ns
    Source Clock Delay      (SCD):    0.410ns
    Clock Pessimism Removal (CPR):    -0.000ns

    Location             Delay type                Incr(ns)  Path(ns)    Netlist Resource(s)
  -------------------------------------------------------------------    -------------------
                         (clock clk rise edge)        0.000     0.000 r  
                                                      0.000     0.000 r  clk (IN)
                         net (fo=1243, unset)         0.410     0.410    block/core/clk
    SLICE_X49Y4          FDRE                                         r  block/core/w_reg[rd][0]/C
  -------------------------------------------------------------------    -------------------
    SLICE_X49Y4          FDRE (Prop_fdre_C_Q)         0.141     0.551 r  block/core/w_reg[rd][0]/Q
                         net (fo=92, routed)          0.291     0.842    block/core/rf_reg_r2_0_31_6_11/ADDRD0
    SLICE_X46Y5          RAMD32                                       r  block/core/rf_reg_r2_0_31_6_11/RAMA_D1/WADR0
  -------------------------------------------------------------------    -------------------

                         (clock clk rise edge)        0.000     0.000 r  
                                                      0.000     0.000 r  clk (IN)
                         net (fo=1243, unset)         0.432     0.432    block/core/rf_reg_r2_0_31_6_11/WCLK
    SLICE_X46Y5          RAMD32                                       r  block/core/rf_reg_r2_0_31_6_11/RAMA_D1/CLK
                         clock pessimism              0.000     0.432    
    SLICE_X46Y5          RAMD32 (Hold_ramd32_CLK_WADR0)
                                                      0.310     0.742    block/core/rf_reg_r2_0_31_6_11/RAMA_D1
  -------------------------------------------------------------------
                         required time                         -0.742    
                         arrival time                           0.842    
  -------------------------------------------------------------------
                         slack                                  0.100    

Slack (MET) :             0.100ns  (arrival time - required time)
  Source:                 block/core/w_reg[rd][0]/C
                            (rising edge-triggered cell FDRE clocked by clk  {rise@0.000ns fall@5.000ns period=10.000ns})
  Destination:            block/core/rf_reg_r2_0_31_6_11/RAMB/WADR0
                            (rising edge-triggered cell RAMD32 clocked by clk  {rise@0.000ns fall@5.000ns period=10.000ns})
  Path Group:             clk
  Path Type:              Hold (Min at Fast Process Corner)
  Requirement:            0.000ns  (clk rise@0.000ns - clk rise@0.000ns)
  Data Path Delay:        0.432ns  (logic 0.141ns (32.639%)  route 0.291ns (67.361%))
  Logic Levels:           0  
  Clock Path Skew:        0.022ns (DCD - SCD - CPR)
    Destination Clock Delay (DCD):    0.432ns
    Source Clock Delay      (SCD):    0.410ns
    Clock Pessimism Removal (CPR):    -0.000ns

    Location             Delay type                Incr(ns)  Path(ns)    Netlist Resource(s)
  -------------------------------------------------------------------    -------------------
                         (clock clk rise edge)        0.000     0.000 r  
                                                      0.000     0.000 r  clk (IN)
                         net (fo=1243, unset)         0.410     0.410    block/core/clk
    SLICE_X49Y4          FDRE                                         r  block/core/w_reg[rd][0]/C
  -------------------------------------------------------------------    -------------------
    SLICE_X49Y4          FDRE (Prop_fdre_C_Q)         0.141     0.551 r  block/core/w_reg[rd][0]/Q
                         net (fo=92, routed)          0.291     0.842    block/core/rf_reg_r2_0_31_6_11/ADDRD0
    SLICE_X46Y5          RAMD32                                       r  block/core/rf_reg_r2_0_31_6_11/RAMB/WADR0
  -------------------------------------------------------------------    -------------------

                         (clock clk rise edge)        0.000     0.000 r  
                                                      0.000     0.000 r  clk (IN)
                         net (fo=1243, unset)         0.432     0.432    block/core/rf_reg_r2_0_31_6_11/WCLK
    SLICE_X46Y5          RAMD32                                       r  block/core/rf_reg_r2_0_31_6_11/RAMB/CLK
                         clock pessimism              0.000     0.432    
    SLICE_X46Y5          RAMD32 (Hold_ramd32_CLK_WADR0)
                                                      0.310     0.742    block/core/rf_reg_r2_0_31_6_11/RAMB
  -------------------------------------------------------------------
                         required time                         -0.742    
                         arrival time                           0.842    
  -------------------------------------------------------------------
                         slack                                  0.100    

Slack (MET) :             0.100ns  (arrival time - required time)
  Source:                 block/core/w_reg[rd][0]/C
                            (rising edge-triggered cell FDRE clocked by clk  {rise@0.000ns fall@5.000ns period=10.000ns})
  Destination:            block/core/rf_reg_r2_0_31_6_11/RAMB_D1/WADR0
                            (rising edge-triggered cell RAMD32 clocked by clk  {rise@0.000ns fall@5.000ns period=10.000ns})
  Path Group:             clk
  Path Type:              Hold (Min at Fast Process Corner)
  Requirement:            0.000ns  (clk rise@0.000ns - clk rise@0.000ns)
  Data Path Delay:        0.432ns  (logic 0.141ns (32.639%)  route 0.291ns (67.361%))
  Logic Levels:           0  
  Clock Path Skew:        0.022ns (DCD - SCD - CPR)
    Destination Clock Delay (DCD):    0.432ns
    Source Clock Delay      (SCD):    0.410ns
    Clock Pessimism Removal (CPR):    -0.000ns

    Location             Delay type                Incr(ns)  Path(ns)    Netlist Resource(s)
  -------------------------------------------------------------------    -------------------
                         (clock clk rise edge)        0.000     0.000 r  
                                                      0.000     0.000 r  clk (IN)
                         net (fo=1243, unset)         0.410     0.410    block/core/clk
    SLICE_X49Y4          FDRE                                         r  block/core/w_reg[rd][0]/C
  -------------------------------------------------------------------    -------------------
    SLICE_X49Y4          FDRE (Prop_fdre_C_Q)         0.141     0.551 r  block/core/w_reg[rd][0]/Q
                         net (fo=92, routed)          0.291     0.842    block/core/rf_reg_r2_0_31_6_11/ADDRD0
    SLICE_X46Y5          RAMD32                                       r  block/core/rf_reg_r2_0_31_6_11/RAMB_D1/WADR0
  -------------------------------------------------------------------    -------------------

                         (clock clk rise edge)        0.000     0.000 r  
                                                      0.000     0.000 r  clk (IN)
                         net (fo=1243, unset)         0.432     0.432    block/core/rf_reg_r2_0_31_6_11/WCLK
    SLICE_X46Y5          RAMD32                                       r  block/core/rf_reg_r2_0_31_6_11/RAMB_D1/CLK
                         clock pessimism              0.000     0.432    
    SLICE_X46Y5          RAMD32 (Hold_ramd32_CLK_WADR0)
                                                      0.310     0.742    block/core/rf_reg_r2_0_31_6_11/RAMB_D1
  -------------------------------------------------------------------
                         required time                         -0.742    
                         arrival time                           0.842    
  -------------------------------------------------------------------
                         slack                                  0.100    

Slack (MET) :             0.100ns  (arrival time - required time)
  Source:                 block/core/w_reg[rd][0]/C
                            (rising edge-triggered cell FDRE clocked by clk  {rise@0.000ns fall@5.000ns period=10.000ns})
  Destination:            block/core/rf_reg_r2_0_31_6_11/RAMC/WADR0
                            (rising edge-triggered cell RAMD32 clocked by clk  {rise@0.000ns fall@5.000ns period=10.000ns})
  Path Group:             clk
  Path Type:              Hold (Min at Fast Process Corner)
  Requirement:            0.000ns  (clk rise@0.000ns - clk rise@0.000ns)
  Data Path Delay:        0.432ns  (logic 0.141ns (32.639%)  route 0.291ns (67.361%))
  Logic Levels:           0  
  Clock Path Skew:        0.022ns (DCD - SCD - CPR)
    Destination Clock Delay (DCD):    0.432ns
    Source Clock Delay      (SCD):    0.410ns
    Clock Pessimism Removal (CPR):    -0.000ns

    Location             Delay type                Incr(ns)  Path(ns)    Netlist Resource(s)
  -------------------------------------------------------------------    -------------------
                         (clock clk rise edge)        0.000     0.000 r  
                                                      0.000     0.000 r  clk (IN)
                         net (fo=1243, unset)         0.410     0.410    block/core/clk
    SLICE_X49Y4          FDRE                                         r  block/core/w_reg[rd][0]/C
  -------------------------------------------------------------------    -------------------
    SLICE_X49Y4          FDRE (Prop_fdre_C_Q)         0.141     0.551 r  block/core/w_reg[rd][0]/Q
                         net (fo=92, routed)          0.291     0.842    block/core/rf_reg_r2_0_31_6_11/ADDRD0
    SLICE_X46Y5          RAMD32                                       r  block/core/rf_reg_r2_0_31_6_11/RAMC/WADR0
  -------------------------------------------------------------------    -------------------

                         (clock clk rise edge)        0.000     0.000 r  
                                                      0.000     0.000 r  clk (IN)
                         net (fo=1243, unset)         0.432     0.432    block/core/rf_reg_r2_0_31_6_11/WCLK
    SLICE_X46Y5          RAMD32                                       r  block/core/rf_reg_r2_0_31_6_11/RAMC/CLK
                         clock pessimism              0.000     0.432    
    SLICE_X46Y5          RAMD32 (Hold_ramd32_CLK_WADR0)
                                                      0.310     0.742    block/core/rf_reg_r2_0_31_6_11/RAMC
  -------------------------------------------------------------------
                         required time                         -0.742    
                         arrival time                           0.842    
  -------------------------------------------------------------------
                         slack                                  0.100    

Slack (MET) :             0.100ns  (arrival time - required time)
  Source:                 block/core/w_reg[rd][0]/C
                            (rising edge-triggered cell FDRE clocked by clk  {rise@0.000ns fall@5.000ns period=10.000ns})
  Destination:            block/core/rf_reg_r2_0_31_6_11/RAMC_D1/WADR0
                            (rising edge-triggered cell RAMD32 clocked by clk  {rise@0.000ns fall@5.000ns period=10.000ns})
  Path Group:             clk
  Path Type:              Hold (Min at Fast Process Corner)
  Requirement:            0.000ns  (clk rise@0.000ns - clk rise@0.000ns)
  Data Path Delay:        0.432ns  (logic 0.141ns (32.639%)  route 0.291ns (67.361%))
  Logic Levels:           0  
  Clock Path Skew:        0.022ns (DCD - SCD - CPR)
    Destination Clock Delay (DCD):    0.432ns
    Source Clock Delay      (SCD):    0.410ns
    Clock Pessimism Removal (CPR):    -0.000ns

    Location             Delay type                Incr(ns)  Path(ns)    Netlist Resource(s)
  -------------------------------------------------------------------    -------------------
                         (clock clk rise edge)        0.000     0.000 r  
                                                      0.000     0.000 r  clk (IN)
                         net (fo=1243, unset)         0.410     0.410    block/core/clk
    SLICE_X49Y4          FDRE                                         r  block/core/w_reg[rd][0]/C
  -------------------------------------------------------------------    -------------------
    SLICE_X49Y4          FDRE (Prop_fdre_C_Q)         0.141     0.551 r  block/core/w_reg[rd][0]/Q
                         net (fo=92, routed)          0.291     0.842    block/core/rf_reg_r2_0_31_6_11/ADDRD0
    SLICE_X46Y5          RAMD32                                       r  block/core/rf_reg_r2_0_31_6_11/RAMC_D1/WADR0
  -------------------------------------------------------------------    -------------------

                         (clock clk rise edge)        0.000     0.000 r  
                                                      0.000     0.000 r  clk (IN)
                         net (fo=1243, unset)         0.432     0.432    block/core/rf_reg_r2_0_31_6_11/WCLK
    SLICE_X46Y5          RAMD32                                       r  block/core/rf_reg_r2_0_31_6_11/RAMC_D1/CLK
                         clock pessimism              0.000     0.432    
    SLICE_X46Y5          RAMD32 (Hold_ramd32_CLK_WADR0)
                                                      0.310     0.742    block/core/rf_reg_r2_0_31_6_11/RAMC_D1
  -------------------------------------------------------------------
                         required time                         -0.742    
                         arrival time                           0.842    
  -------------------------------------------------------------------
                         slack                                  0.100    

Slack (MET) :             0.100ns  (arrival time - required time)
  Source:                 block/core/w_reg[rd][0]/C
                            (rising edge-triggered cell FDRE clocked by clk  {rise@0.000ns fall@5.000ns period=10.000ns})
  Destination:            block/core/rf_reg_r2_0_31_6_11/RAMD/ADR0
                            (rising edge-triggered cell RAMS32 clocked by clk  {rise@0.000ns fall@5.000ns period=10.000ns})
  Path Group:             clk
  Path Type:              Hold (Min at Fast Process Corner)
  Requirement:            0.000ns  (clk rise@0.000ns - clk rise@0.000ns)
  Data Path Delay:        0.432ns  (logic 0.141ns (32.639%)  route 0.291ns (67.361%))
  Logic Levels:           0  
  Clock Path Skew:        0.022ns (DCD - SCD - CPR)
    Destination Clock Delay (DCD):    0.432ns
    Source Clock Delay      (SCD):    0.410ns
    Clock Pessimism Removal (CPR):    -0.000ns

    Location             Delay type                Incr(ns)  Path(ns)    Netlist Resource(s)
  -------------------------------------------------------------------    -------------------
                         (clock clk rise edge)        0.000     0.000 r  
                                                      0.000     0.000 r  clk (IN)
                         net (fo=1243, unset)         0.410     0.410    block/core/clk
    SLICE_X49Y4          FDRE                                         r  block/core/w_reg[rd][0]/C
  -------------------------------------------------------------------    -------------------
    SLICE_X49Y4          FDRE (Prop_fdre_C_Q)         0.141     0.551 r  block/core/w_reg[rd][0]/Q
                         net (fo=92, routed)          0.291     0.842    block/core/rf_reg_r2_0_31_6_11/ADDRD0
    SLICE_X46Y5          RAMS32                                       r  block/core/rf_reg_r2_0_31_6_11/RAMD/ADR0
  -------------------------------------------------------------------    -------------------

                         (clock clk rise edge)        0.000     0.000 r  
                                                      0.000     0.000 r  clk (IN)
                         net (fo=1243, unset)         0.432     0.432    block/core/rf_reg_r2_0_31_6_11/WCLK
    SLICE_X46Y5          RAMS32                                       r  block/core/rf_reg_r2_0_31_6_11/RAMD/CLK
                         clock pessimism              0.000     0.432    
    SLICE_X46Y5          RAMS32 (Hold_rams32_CLK_ADR0)
                                                      0.310     0.742    block/core/rf_reg_r2_0_31_6_11/RAMD
  -------------------------------------------------------------------
                         required time                         -0.742    
                         arrival time                           0.842    
  -------------------------------------------------------------------
                         slack                                  0.100    

Slack (MET) :             0.100ns  (arrival time - required time)
  Source:                 block/core/w_reg[rd][0]/C
                            (rising edge-triggered cell FDRE clocked by clk  {rise@0.000ns fall@5.000ns period=10.000ns})
  Destination:            block/core/rf_reg_r2_0_31_6_11/RAMD_D1/ADR0
                            (rising edge-triggered cell RAMS32 clocked by clk  {rise@0.000ns fall@5.000ns period=10.000ns})
  Path Group:             clk
  Path Type:              Hold (Min at Fast Process Corner)
  Requirement:            0.000ns  (clk rise@0.000ns - clk rise@0.000ns)
  Data Path Delay:        0.432ns  (logic 0.141ns (32.639%)  route 0.291ns (67.361%))
  Logic Levels:           0  
  Clock Path Skew:        0.022ns (DCD - SCD - CPR)
    Destination Clock Delay (DCD):    0.432ns
    Source Clock Delay      (SCD):    0.410ns
    Clock Pessimism Removal (CPR):    -0.000ns

    Location             Delay type                Incr(ns)  Path(ns)    Netlist Resource(s)
  -------------------------------------------------------------------    -------------------
                         (clock clk rise edge)        0.000     0.000 r  
                                                      0.000     0.000 r  clk (IN)
                         net (fo=1243, unset)         0.410     0.410    block/core/clk
    SLICE_X49Y4          FDRE                                         r  block/core/w_reg[rd][0]/C
  -------------------------------------------------------------------    -------------------
    SLICE_X49Y4          FDRE (Prop_fdre_C_Q)         0.141     0.551 r  block/core/w_reg[rd][0]/Q
                         net (fo=92, routed)          0.291     0.842    block/core/rf_reg_r2_0_31_6_11/ADDRD0
    SLICE_X46Y5          RAMS32                                       r  block/core/rf_reg_r2_0_31_6_11/RAMD_D1/ADR0
  -------------------------------------------------------------------    -------------------

                         (clock clk rise edge)        0.000     0.000 r  
                                                      0.000     0.000 r  clk (IN)
                         net (fo=1243, unset)         0.432     0.432    block/core/rf_reg_r2_0_31_6_11/WCLK
    SLICE_X46Y5          RAMS32                                       r  block/core/rf_reg_r2_0_31_6_11/RAMD_D1/CLK
                         clock pessimism              0.000     0.432    
    SLICE_X46Y5          RAMS32 (Hold_rams32_CLK_ADR0)
                                                      0.310     0.742    block/core/rf_reg_r2_0_31_6_11/RAMD_D1
  -------------------------------------------------------------------
                         required time                         -0.742    
                         arrival time                           0.842    
  -------------------------------------------------------------------
                         slack                                  0.100    

Slack (MET) :             0.100ns  (arrival time - required time)
  Source:                 block/core/w_reg[rd][4]/C
                            (rising edge-triggered cell FDRE clocked by clk  {rise@0.000ns fall@5.000ns period=10.000ns})
  Destination:            block/core/rf_reg_r1_0_31_0_5/RAMA/WADR4
                            (rising edge-triggered cell RAMD32 clocked by clk  {rise@0.000ns fall@5.000ns period=10.000ns})
  Path Group:             clk
  Path Type:              Hold (Min at Fast Process Corner)
  Requirement:            0.000ns  (clk rise@0.000ns - clk rise@0.000ns)
  Data Path Delay:        0.322ns  (logic 0.141ns (43.781%)  route 0.181ns (56.219%))
  Logic Levels:           0  
  Clock Path Skew:        0.022ns (DCD - SCD - CPR)
    Destination Clock Delay (DCD):    0.432ns
    Source Clock Delay      (SCD):    0.410ns
    Clock Pessimism Removal (CPR):    -0.000ns

    Location             Delay type                Incr(ns)  Path(ns)    Netlist Resource(s)
  -------------------------------------------------------------------    -------------------
                         (clock clk rise edge)        0.000     0.000 r  
                                                      0.000     0.000 r  clk (IN)
                         net (fo=1243, unset)         0.410     0.410    block/core/clk
    SLICE_X49Y4          FDRE                                         r  block/core/w_reg[rd][4]/C
  -------------------------------------------------------------------    -------------------
    SLICE_X49Y4          FDRE (Prop_fdre_C_Q)         0.141     0.551 r  block/core/w_reg[rd][4]/Q
                         net (fo=92, routed)          0.181     0.732    block/core/rf_reg_r1_0_31_0_5/ADDRD4
    SLICE_X50Y4          RAMD32                                       r  block/core/rf_reg_r1_0_31_0_5/RAMA/WADR4
  -------------------------------------------------------------------    -------------------

                         (clock clk rise edge)        0.000     0.000 r  
                                                      0.000     0.000 r  clk (IN)
                         net (fo=1243, unset)         0.432     0.432    block/core/rf_reg_r1_0_31_0_5/WCLK
    SLICE_X50Y4          RAMD32                                       r  block/core/rf_reg_r1_0_31_0_5/RAMA/CLK
                         clock pessimism              0.000     0.432    
    SLICE_X50Y4          RAMD32 (Hold_ramd32_CLK_WADR4)
                                                      0.200     0.632    block/core/rf_reg_r1_0_31_0_5/RAMA
  -------------------------------------------------------------------
                         required time                         -0.632    
                         arrival time                           0.732    
  -------------------------------------------------------------------
                         slack                                  0.100    





Pulse Width Checks
--------------------------------------------------------------------------------------
Clock Name:         clk
Waveform(ns):       { 0.000 5.000 }
Period(ns):         10.000
Sources:            { clk }

Check Type        Corner  Lib Pin             Reference Pin  Required(ns)  Actual(ns)  Slack(ns)  Location      Pin
Min Period        n/a     DSP48E1/CLK         n/a            3.884         10.000      6.116      DSP48_X2Y5    block/core/pp_lh_reg/CLK
Min Period        n/a     DSP48E1/CLK         n/a            3.884         10.000      6.116      DSP48_X2Y3    block/core/pp_ll_reg/CLK
Min Period        n/a     DSP48E1/CLK         n/a            3.687         10.000      6.313      DSP48_X2Y2    block/core/pp_hl_reg/CLK
Min Period        n/a     RAMB36E1/CLKARDCLK  n/a            2.944         10.000      7.056      RAMB36_X4Y4   block/request_registered.ram_reg_0_0_0/CLKARDCLK
Min Period        n/a     RAMB36E1/CLKARDCLK  n/a            2.944         10.000      7.056      RAMB36_X3Y5   block/request_registered.ram_reg_0_0_1/CLKARDCLK
Min Period        n/a     RAMB36E1/CLKARDCLK  n/a            2.944         10.000      7.056      RAMB36_X4Y5   block/request_registered.ram_reg_0_0_2/CLKARDCLK
Min Period        n/a     RAMB36E1/CLKARDCLK  n/a            2.944         10.000      7.056      RAMB36_X4Y1   block/request_registered.ram_reg_0_0_3/CLKARDCLK
Min Period        n/a     RAMB36E1/CLKARDCLK  n/a            2.944         10.000      7.056      RAMB36_X4Y0   block/request_registered.ram_reg_0_0_4/CLKARDCLK
Min Period        n/a     RAMB36E1/CLKARDCLK  n/a            2.944         10.000      7.056      RAMB36_X4Y2   block/request_registered.ram_reg_0_0_5/CLKARDCLK
Min Period        n/a     RAMB36E1/CLKARDCLK  n/a            2.944         10.000      7.056      RAMB36_X4Y3   block/request_registered.ram_reg_0_0_6/CLKARDCLK
Low Pulse Width   Slow    RAMD32/CLK          n/a            1.250         5.000       3.750      SLICE_X32Y13  block/core/fetch/buf_err_reg_0_3_0_0/DP/CLK
Low Pulse Width   Fast    RAMD32/CLK          n/a            1.250         5.000       3.750      SLICE_X32Y13  block/core/fetch/buf_err_reg_0_3_0_0/DP/CLK
Low Pulse Width   Slow    RAMD32/CLK          n/a            1.250         5.000       3.750      SLICE_X32Y13  block/core/fetch/buf_err_reg_0_3_0_0/SP/CLK
Low Pulse Width   Fast    RAMD32/CLK          n/a            1.250         5.000       3.750      SLICE_X32Y13  block/core/fetch/buf_err_reg_0_3_0_0/SP/CLK
Low Pulse Width   Slow    RAMD32/CLK          n/a            1.250         5.000       3.750      SLICE_X30Y6   block/core/fetch/buf_insn_reg_0_3_0_5/RAMA/CLK
Low Pulse Width   Fast    RAMD32/CLK          n/a            1.250         5.000       3.750      SLICE_X30Y6   block/core/fetch/buf_insn_reg_0_3_0_5/RAMA/CLK
Low Pulse Width   Slow    RAMD32/CLK          n/a            1.250         5.000       3.750      SLICE_X30Y6   block/core/fetch/buf_insn_reg_0_3_0_5/RAMA_D1/CLK
Low Pulse Width   Fast    RAMD32/CLK          n/a            1.250         5.000       3.750      SLICE_X30Y6   block/core/fetch/buf_insn_reg_0_3_0_5/RAMA_D1/CLK
Low Pulse Width   Slow    RAMD32/CLK          n/a            1.250         5.000       3.750      SLICE_X30Y6   block/core/fetch/buf_insn_reg_0_3_0_5/RAMB/CLK
Low Pulse Width   Fast    RAMD32/CLK          n/a            1.250         5.000       3.750      SLICE_X30Y6   block/core/fetch/buf_insn_reg_0_3_0_5/RAMB/CLK
High Pulse Width  Slow    RAMD32/CLK          n/a            1.250         5.000       3.750      SLICE_X32Y13  block/core/fetch/buf_err_reg_0_3_0_0/DP/CLK
High Pulse Width  Fast    RAMD32/CLK          n/a            1.250         5.000       3.750      SLICE_X32Y13  block/core/fetch/buf_err_reg_0_3_0_0/DP/CLK
High Pulse Width  Slow    RAMD32/CLK          n/a            1.250         5.000       3.750      SLICE_X32Y13  block/core/fetch/buf_err_reg_0_3_0_0/SP/CLK
High Pulse Width  Fast    RAMD32/CLK          n/a            1.250         5.000       3.750      SLICE_X32Y13  block/core/fetch/buf_err_reg_0_3_0_0/SP/CLK
High Pulse Width  Slow    RAMD32/CLK          n/a            1.250         5.000       3.750      SLICE_X30Y6   block/core/fetch/buf_insn_reg_0_3_0_5/RAMA/CLK
High Pulse Width  Fast    RAMD32/CLK          n/a            1.250         5.000       3.750      SLICE_X30Y6   block/core/fetch/buf_insn_reg_0_3_0_5/RAMA/CLK
High Pulse Width  Slow    RAMD32/CLK          n/a            1.250         5.000       3.750      SLICE_X30Y6   block/core/fetch/buf_insn_reg_0_3_0_5/RAMA_D1/CLK
High Pulse Width  Fast    RAMD32/CLK          n/a            1.250         5.000       3.750      SLICE_X30Y6   block/core/fetch/buf_insn_reg_0_3_0_5/RAMA_D1/CLK
High Pulse Width  Slow    RAMD32/CLK          n/a            1.250         5.000       3.750      SLICE_X30Y6   block/core/fetch/buf_insn_reg_0_3_0_5/RAMB/CLK
High Pulse Width  Fast    RAMD32/CLK          n/a            1.250         5.000       3.750      SLICE_X30Y6   block/core/fetch/buf_insn_reg_0_3_0_5/RAMB/CLK



