Copyright 1986-2022 Xilinx, Inc. All Rights Reserved. Copyright 2022-2025 Advanced Micro Devices, Inc. All Rights Reserved.
---------------------------------------------------------------------------------------------------------------------------------------------
| Tool Version : Vivado v.2025.1 (lin64) Build 6140274 Wed May 21 22:58:25 MDT 2025
| Date         : Thu Oct  1 22:09:05 2026
| Host         : gondor running 64-bit Ubuntu 24.04.5 LTS
| Command      : report_timing_summary -max_paths 10 -file /home/elfo/Documents/Aster/build/timing/fpga/aster/timing_summary.rpt
| Design       : timing_aster
| Device       : 7z020-clg400
| Speed File   : -1  PRODUCTION 1.12 2019-11-22
| Design State : Routed
---------------------------------------------------------------------------------------------------------------------------------------------

Timing Summary Report

------------------------------------------------------------------------------------------------
| Timer Settings
| --------------
------------------------------------------------------------------------------------------------

  Enable Multi Corner Analysis               :  Yes
  Enable Pessimism Removal                   :  Yes
  Pessimism Removal Resolution               :  Nearest Common Node
  Enable Input Delay Default Clock           :  No
  Enable Preset / Clear Arcs                 :  No
  Disable Flight Delays                      :  No
  Ignore I/O Paths                           :  No
  Timing Early Launch at Borrowing Latches   :  No
  Borrow Time for Max Delay Exceptions       :  Yes
  Merge Timing Exceptions                    :  Yes
  Inter-SLR Compensation                     :  Conservative

  Corner  Analyze    Analyze    
  Name    Max Paths  Min Paths  
  ------  ---------  ---------  
  Slow    Yes        Yes        
  Fast    Yes        Yes        


------------------------------------------------------------------------------------------------
| Report Methodology
| ------------------
------------------------------------------------------------------------------------------------

No report available as report_methodology has not been run prior. Run report_methodology on the current design for the summary of methodology violations.



check_timing report

Table of Contents
-----------------
1. checking no_clock (0)
2. checking constant_clock (0)
3. checking pulse_width_clock (0)
4. checking unconstrained_internal_endpoints (0)
5. checking no_input_delay (71)
6. checking no_output_delay (102)
7. checking multiple_clock (0)
8. checking generated_clocks (0)
9. checking loops (0)
10. checking partial_input_delay (0)
11. checking partial_output_delay (0)
12. checking latch_loops (0)

1. checking no_clock (0)
------------------------
 There are 0 register/latch pins with no clock.


2. checking constant_clock (0)
------------------------------
 There are 0 register/latch pins with constant_clock.


3. checking pulse_width_clock (0)
---------------------------------
 There are 0 register/latch pins which need pulse_width check


4. checking unconstrained_internal_endpoints (0)
------------------------------------------------
 There are 0 pins that are not constrained for maximum delay.

 There are 0 pins that are not constrained for maximum delay due to constant clock.


5. checking no_input_delay (71)
-------------------------------
 There are 71 input ports with no input delay specified. (HIGH)

 There are 0 input ports with no input delay but user has a false path constraint.


6. checking no_output_delay (102)
---------------------------------
 There are 102 ports with no output delay specified. (HIGH)

 There are 0 ports with no output delay but user has a false path constraint

 There are 0 ports with no output delay but with a timing clock defined on it or propagating through it


7. checking multiple_clock (0)
------------------------------
 There are 0 register/latch pins with multiple clocks.


8. checking generated_clocks (0)
--------------------------------
 There are 0 generated clocks that are not connected to a clock source.


9. checking loops (0)
---------------------
 There are 0 combinational loops in the design.


10. checking partial_input_delay (0)
------------------------------------
 There are 0 input ports with partial input delay specified.


11. checking partial_output_delay (0)
-------------------------------------
 There are 0 ports with partial output delay specified.


12. checking latch_loops (0)
----------------------------
 There are 0 combinational latch loops in the design through latch input



------------------------------------------------------------------------------------------------
| Design Timing Summary
| ---------------------
------------------------------------------------------------------------------------------------

    WNS(ns)      TNS(ns)  TNS Failing Endpoints  TNS Total Endpoints      WHS(ns)      THS(ns)  THS Failing Endpoints  THS Total Endpoints     WPWS(ns)     TPWS(ns)  TPWS Failing Endpoints  TPWS Total Endpoints  
    -------      -------  ---------------------  -------------------      -------      -------  ---------------------  -------------------     --------     --------  ----------------------  --------------------  
      0.739        0.000                      0                 3206        0.106        0.000                      0                 3206        3.750        0.000                       0                  1192  


All user specified timing constraints are met.


------------------------------------------------------------------------------------------------
| Clock Summary
| -------------
------------------------------------------------------------------------------------------------

Clock  Waveform(ns)       Period(ns)      Frequency(MHz)
-----  ------------       ----------      --------------
clk    {0.000 5.000}      10.000          100.000         


------------------------------------------------------------------------------------------------
| Intra Clock Table
| -----------------
------------------------------------------------------------------------------------------------

Clock             WNS(ns)      TNS(ns)  TNS Failing Endpoints  TNS Total Endpoints      WHS(ns)      THS(ns)  THS Failing Endpoints  THS Total Endpoints     WPWS(ns)     TPWS(ns)  TPWS Failing Endpoints  TPWS Total Endpoints  
-----             -------      -------  ---------------------  -------------------      -------      -------  ---------------------  -------------------     --------     --------  ----------------------  --------------------  
clk                 0.739        0.000                      0                 3206        0.106        0.000                      0                 3206        3.750        0.000                       0                  1192  


------------------------------------------------------------------------------------------------
| Inter Clock Table
| -----------------
------------------------------------------------------------------------------------------------

From Clock    To Clock          WNS(ns)      TNS(ns)  TNS Failing Endpoints  TNS Total Endpoints      WHS(ns)      THS(ns)  THS Failing Endpoints  THS Total Endpoints  
----------    --------          -------      -------  ---------------------  -------------------      -------      -------  ---------------------  -------------------  


------------------------------------------------------------------------------------------------
| Other Path Groups Table
| -----------------------
------------------------------------------------------------------------------------------------

Path Group    From Clock    To Clock          WNS(ns)      TNS(ns)  TNS Failing Endpoints  TNS Total Endpoints      WHS(ns)      THS(ns)  THS Failing Endpoints  THS Total Endpoints  
----------    ----------    --------          -------      -------  ---------------------  -------------------      -------      -------  ---------------------  -------------------  


------------------------------------------------------------------------------------------------
| Timing Details
| --------------
------------------------------------------------------------------------------------------------


---------------------------------------------------------------------------------------------------
From Clock:  clk
  To Clock:  clk

Setup :            0  Failing Endpoints,  Worst Slack        0.739ns,  Total Violation        0.000ns
Hold  :            0  Failing Endpoints,  Worst Slack        0.106ns,  Total Violation        0.000ns
PW    :            0  Failing Endpoints,  Worst Slack        3.750ns,  Total Violation        0.000ns
---------------------------------------------------------------------------------------------------


Max Delay Paths
--------------------------------------------------------------------------------------
Slack (MET) :             0.739ns  (required time - arrival time)
  Source:                 core/m1_reg[result][4]/C
                            (rising edge-triggered cell FDRE clocked by clk  {rise@0.000ns fall@5.000ns period=10.000ns})
  Destination:            core/fetch/e_pending_reg_inv/D
                            (rising edge-triggered cell FDSE clocked by clk  {rise@0.000ns fall@5.000ns period=10.000ns})
  Path Group:             clk
  Path Type:              Setup (Max at Slow Process Corner)
  Requirement:            10.000ns  (clk rise@10.000ns - clk rise@0.000ns)
  Data Path Delay:        9.146ns  (logic 2.608ns (28.514%)  route 6.538ns (71.486%))
  Logic Levels:           10  (CARRY4=3 LUT2=1 LUT4=1 LUT5=1 LUT6=4)
  Clock Path Skew:        -0.049ns (DCD - SCD + CPR)
    Destination Clock Delay (DCD):    0.924ns = ( 10.924 - 10.000 ) 
    Source Clock Delay      (SCD):    0.973ns
    Clock Pessimism Removal (CPR):    0.000ns
  Clock Uncertainty:      0.035ns  ((TSJ^2 + TIJ^2)^1/2 + DJ) / 2 + PE
    Total System Jitter     (TSJ):    0.071ns
    Total Input Jitter      (TIJ):    0.000ns
    Discrete Jitter          (DJ):    0.000ns
    Phase Error              (PE):    0.000ns

    Location             Delay type                Incr(ns)  Path(ns)    Netlist Resource(s)
  -------------------------------------------------------------------    -------------------
                         (clock clk rise edge)        0.000     0.000 r  
                                                      0.000     0.000 r  clk (IN)
                         net (fo=1191, unset)         0.973     0.973    core/clk
    SLICE_X45Y70         FDRE                                         r  core/m1_reg[result][4]/C
  -------------------------------------------------------------------    -------------------
    SLICE_X45Y70         FDRE (Prop_fdre_C_Q)         0.456     1.429 r  core/m1_reg[result][4]/Q
                         net (fo=3, routed)           1.505     2.934    core/fetch/m1_reg[rs2v][31][4]
    SLICE_X49Y89         LUT4 (Prop_lut4_I2_O)        0.124     3.058 r  core/fetch/d_req_wdata[4]_INST_0_i_1/O
                         net (fo=2, routed)           0.552     3.609    core/fetch/e_rs2v_reg[4]
    SLICE_X51Y89         LUT5 (Prop_lut5_I4_O)        0.119     3.728 r  core/fetch/d_req_wdata[4]_INST_0/O
                         net (fo=14, routed)          1.323     5.052    core/fetch/fsel2_reg[1]_3
    SLICE_X44Y85         LUT6 (Prop_lut6_I1_O)        0.332     5.384 r  core/fetch/m1[writes_rd]_i_107/O
                         net (fo=1, routed)           0.000     5.384    core/fetch/m1[writes_rd]_i_107_n_0
    SLICE_X44Y85         CARRY4 (Prop_carry4_S[1]_CO[3])
                                                      0.550     5.934 r  core/fetch/m1_reg[writes_rd]_i_69/CO[3]
                         net (fo=1, routed)           0.000     5.934    core/fetch/m1_reg[writes_rd]_i_69_n_0
    SLICE_X44Y86         CARRY4 (Prop_carry4_CI_CO[3])
                                                      0.114     6.048 r  core/fetch/m1_reg[writes_rd]_i_33/CO[3]
                         net (fo=1, routed)           0.000     6.048    core/fetch/m1_reg[writes_rd]_i_33_n_0
    SLICE_X44Y87         CARRY4 (Prop_carry4_CI_CO[2])
                                                      0.228     6.276 r  core/fetch/m1_reg[writes_rd]_i_9/CO[2]
                         net (fo=1, routed)           0.650     6.926    core/fetch/m1_reg[writes_rd]_i_9_n_1
    SLICE_X47Y86         LUT6 (Prop_lut6_I3_O)        0.313     7.239 r  core/fetch/m1[writes_rd]_i_5/O
                         net (fo=1, routed)           0.955     8.193    core/fetch/m1[writes_rd]_i_5_n_0
    SLICE_X55Y84         LUT6 (Prop_lut6_I3_O)        0.124     8.317 r  core/fetch/m1[writes_rd]_i_3/O
                         net (fo=6, routed)           0.447     8.764    core/fetch/e_taken
    SLICE_X57Y83         LUT6 (Prop_lut6_I2_O)        0.124     8.888 f  core/fetch/squash_i_1/O
                         net (fo=2, routed)           0.634     9.523    core/fetch/e_flush
    SLICE_X66Y84         LUT2 (Prop_lut2_I0_O)        0.124     9.647 r  core/fetch/e_pending_inv_i_1/O
                         net (fo=1, routed)           0.473    10.119    core/fetch/e_pending
    SLICE_X66Y83         FDSE                                         r  core/fetch/e_pending_reg_inv/D
  -------------------------------------------------------------------    -------------------

                         (clock clk rise edge)       10.000    10.000 r  
                                                      0.000    10.000 r  clk (IN)
                         net (fo=1191, unset)         0.924    10.924    core/fetch/clk
    SLICE_X66Y83         FDSE                                         r  core/fetch/e_pending_reg_inv/C
                         clock pessimism              0.000    10.924    
                         clock uncertainty           -0.035    10.889    
    SLICE_X66Y83         FDSE (Setup_fdse_C_D)       -0.031    10.858    core/fetch/e_pending_reg_inv
  -------------------------------------------------------------------
                         required time                         10.858    
                         arrival time                         -10.119    
  -------------------------------------------------------------------
                         slack                                  0.739    

Slack (MET) :             1.002ns  (required time - arrival time)
  Source:                 core/m1_reg[result][0]/C
                            (rising edge-triggered cell FDRE clocked by clk  {rise@0.000ns fall@5.000ns period=10.000ns})
  Destination:            core/m1_reg[result][23]/D
                            (rising edge-triggered cell FDRE clocked by clk  {rise@0.000ns fall@5.000ns period=10.000ns})
  Path Group:             clk
  Path Type:              Setup (Max at Slow Process Corner)
  Requirement:            10.000ns  (clk rise@10.000ns - clk rise@0.000ns)
  Data Path Delay:        8.943ns  (logic 3.127ns (34.967%)  route 5.816ns (65.033%))
  Logic Levels:           14  (CARRY4=6 LUT2=1 LUT3=1 LUT4=3 LUT5=2 LUT6=1)
  Clock Path Skew:        -0.049ns (DCD - SCD + CPR)
    Destination Clock Delay (DCD):    0.924ns = ( 10.924 - 10.000 ) 
    Source Clock Delay      (SCD):    0.973ns
    Clock Pessimism Removal (CPR):    0.000ns
  Clock Uncertainty:      0.035ns  ((TSJ^2 + TIJ^2)^1/2 + DJ) / 2 + PE
    Total System Jitter     (TSJ):    0.071ns
    Total Input Jitter      (TIJ):    0.000ns
    Discrete Jitter          (DJ):    0.000ns
    Phase Error              (PE):    0.000ns

    Location             Delay type                Incr(ns)  Path(ns)    Netlist Resource(s)
  -------------------------------------------------------------------    -------------------
                         (clock clk rise edge)        0.000     0.000 r  
                                                      0.000     0.000 r  clk (IN)
                         net (fo=1191, unset)         0.973     0.973    core/clk
    SLICE_X47Y71         FDRE                                         r  core/m1_reg[result][0]/C
  -------------------------------------------------------------------    -------------------
    SLICE_X47Y71         FDRE (Prop_fdre_C_Q)         0.456     1.429 r  core/m1_reg[result][0]/Q
                         net (fo=4, routed)           1.204     2.633    core/fetch/m1_reg[rs2v][31][0]
    SLICE_X50Y88         LUT4 (Prop_lut4_I2_O)        0.124     2.757 r  core/fetch/d_req_wdata[0]_INST_0_i_1/O
                         net (fo=1, routed)           0.303     3.060    core/fetch/d_req_wdata[0]_INST_0_i_1_n_0
    SLICE_X50Y87         LUT5 (Prop_lut5_I4_O)        0.124     3.184 r  core/fetch/d_req_wdata[0]_INST_0/O
                         net (fo=18, routed)          1.264     4.448    core/fsel2_reg[1]_3
    SLICE_X46Y73         LUT3 (Prop_lut3_I2_O)        0.116     4.564 r  core/m1[result][28]_i_9/O
                         net (fo=13, routed)          0.371     4.935    core/p_0_in2_in[0]
    SLICE_X45Y72         LUT2 (Prop_lut2_I1_O)        0.328     5.263 r  core/m1[result][1]_i_13/O
                         net (fo=1, routed)           0.000     5.263    core/m1[result][1]_i_13_n_0
    SLICE_X45Y72         CARRY4 (Prop_carry4_S[0]_CO[3])
                                                      0.532     5.795 r  core/m1_reg[result][1]_i_4/CO[3]
                         net (fo=1, routed)           0.000     5.795    core/m1_reg[result][1]_i_4_n_0
    SLICE_X45Y73         CARRY4 (Prop_carry4_CI_CO[3])
                                                      0.114     5.909 r  core/m1_reg[result][7]_i_15/CO[3]
                         net (fo=1, routed)           0.000     5.909    core/m1_reg[result][7]_i_15_n_0
    SLICE_X45Y74         CARRY4 (Prop_carry4_CI_CO[3])
                                                      0.114     6.023 r  core/m1_reg[result][11]_i_19/CO[3]
                         net (fo=1, routed)           0.009     6.032    core/m1_reg[result][11]_i_19_n_0
    SLICE_X45Y75         CARRY4 (Prop_carry4_CI_CO[3])
                                                      0.114     6.146 r  core/m1_reg[result][15]_i_26/CO[3]
                         net (fo=1, routed)           0.000     6.146    core/m1_reg[result][15]_i_26_n_0
    SLICE_X45Y76         CARRY4 (Prop_carry4_CI_CO[3])
                                                      0.114     6.260 r  core/m1_reg[result][19]_i_24/CO[3]
                         net (fo=1, routed)           0.000     6.260    core/m1_reg[result][19]_i_24_n_0
    SLICE_X45Y77         CARRY4 (Prop_carry4_CI_O[3])
                                                      0.313     6.573 r  core/m1_reg[result][23]_i_21/O[3]
                         net (fo=1, routed)           0.600     7.172    core/m1_reg[result][23]_i_21_n_4
    SLICE_X49Y80         LUT4 (Prop_lut4_I2_O)        0.306     7.478 r  core/m1[result][23]_i_18/O
                         net (fo=1, routed)           0.699     8.178    core/m1[result][23]_i_18_n_0
    SLICE_X56Y80         LUT5 (Prop_lut5_I4_O)        0.124     8.302 r  core/m1[result][23]_i_8/O
                         net (fo=1, routed)           0.942     9.244    core/m1[result][23]_i_8_n_0
    SLICE_X40Y80         LUT6 (Prop_lut6_I0_O)        0.124     9.368 r  core/m1[result][23]_i_4/O
                         net (fo=1, routed)           0.424     9.792    core/m1[result][23]_i_4_n_0
    SLICE_X39Y81         LUT4 (Prop_lut4_I2_O)        0.124     9.916 r  core/m1[result][23]_i_1/O
                         net (fo=1, routed)           0.000     9.916    core/result_return[23]
    SLICE_X39Y81         FDRE                                         r  core/m1_reg[result][23]/D
  -------------------------------------------------------------------    -------------------

                         (clock clk rise edge)       10.000    10.000 r  
                                                      0.000    10.000 r  clk (IN)
                         net (fo=1191, unset)         0.924    10.924    core/clk
    SLICE_X39Y81         FDRE                                         r  core/m1_reg[result][23]/C
                         clock pessimism              0.000    10.924    
                         clock uncertainty           -0.035    10.889    
    SLICE_X39Y81         FDRE (Setup_fdre_C_D)        0.029    10.918    core/m1_reg[result][23]
  -------------------------------------------------------------------
                         required time                         10.918    
                         arrival time                          -9.916    
  -------------------------------------------------------------------
                         slack                                  1.002    

Slack (MET) :             1.122ns  (required time - arrival time)
  Source:                 core/m1_reg[result][0]/C
                            (rising edge-triggered cell FDRE clocked by clk  {rise@0.000ns fall@5.000ns period=10.000ns})
  Destination:            core/m1_reg[result][14]/D
                            (rising edge-triggered cell FDRE clocked by clk  {rise@0.000ns fall@5.000ns period=10.000ns})
  Path Group:             clk
  Path Type:              Setup (Max at Slow Process Corner)
  Requirement:            10.000ns  (clk rise@10.000ns - clk rise@0.000ns)
  Data Path Delay:        8.823ns  (logic 2.821ns (31.975%)  route 6.002ns (68.025%))
  Logic Levels:           12  (CARRY4=4 LUT2=1 LUT3=1 LUT4=2 LUT5=2 LUT6=2)
  Clock Path Skew:        -0.049ns (DCD - SCD + CPR)
    Destination Clock Delay (DCD):    0.924ns = ( 10.924 - 10.000 ) 
    Source Clock Delay      (SCD):    0.973ns
    Clock Pessimism Removal (CPR):    0.000ns
  Clock Uncertainty:      0.035ns  ((TSJ^2 + TIJ^2)^1/2 + DJ) / 2 + PE
    Total System Jitter     (TSJ):    0.071ns
    Total Input Jitter      (TIJ):    0.000ns
    Discrete Jitter          (DJ):    0.000ns
    Phase Error              (PE):    0.000ns

    Location             Delay type                Incr(ns)  Path(ns)    Netlist Resource(s)
  -------------------------------------------------------------------    -------------------
                         (clock clk rise edge)        0.000     0.000 r  
                                                      0.000     0.000 r  clk (IN)
                         net (fo=1191, unset)         0.973     0.973    core/clk
    SLICE_X47Y71         FDRE                                         r  core/m1_reg[result][0]/C
  -------------------------------------------------------------------    -------------------
    SLICE_X47Y71         FDRE (Prop_fdre_C_Q)         0.456     1.429 r  core/m1_reg[result][0]/Q
                         net (fo=4, routed)           1.204     2.633    core/fetch/m1_reg[rs2v][31][0]
    SLICE_X50Y88         LUT4 (Prop_lut4_I2_O)        0.124     2.757 r  core/fetch/d_req_wdata[0]_INST_0_i_1/O
                         net (fo=1, routed)           0.303     3.060    core/fetch/d_req_wdata[0]_INST_0_i_1_n_0
    SLICE_X50Y87         LUT5 (Prop_lut5_I4_O)        0.124     3.184 r  core/fetch/d_req_wdata[0]_INST_0/O
                         net (fo=18, routed)          1.264     4.448    core/fsel2_reg[1]_3
    SLICE_X46Y73         LUT3 (Prop_lut3_I2_O)        0.116     4.564 r  core/m1[result][28]_i_9/O
                         net (fo=13, routed)          0.371     4.935    core/p_0_in2_in[0]
    SLICE_X45Y72         LUT2 (Prop_lut2_I1_O)        0.328     5.263 r  core/m1[result][1]_i_13/O
                         net (fo=1, routed)           0.000     5.263    core/m1[result][1]_i_13_n_0
    SLICE_X45Y72         CARRY4 (Prop_carry4_S[0]_CO[3])
                                                      0.532     5.795 r  core/m1_reg[result][1]_i_4/CO[3]
                         net (fo=1, routed)           0.000     5.795    core/m1_reg[result][1]_i_4_n_0
    SLICE_X45Y73         CARRY4 (Prop_carry4_CI_CO[3])
                                                      0.114     5.909 r  core/m1_reg[result][7]_i_15/CO[3]
                         net (fo=1, routed)           0.000     5.909    core/m1_reg[result][7]_i_15_n_0
    SLICE_X45Y74         CARRY4 (Prop_carry4_CI_CO[3])
                                                      0.114     6.023 r  core/m1_reg[result][11]_i_19/CO[3]
                         net (fo=1, routed)           0.009     6.032    core/m1_reg[result][11]_i_19_n_0
    SLICE_X45Y75         CARRY4 (Prop_carry4_CI_O[2])
                                                      0.239     6.271 r  core/m1_reg[result][15]_i_26/O[2]
                         net (fo=1, routed)           0.596     6.867    core/m1_reg[result][15]_i_26_n_5
    SLICE_X51Y76         LUT4 (Prop_lut4_I2_O)        0.302     7.169 r  core/m1[result][14]_i_12/O
                         net (fo=1, routed)           0.719     7.888    core/m1[result][14]_i_12_n_0
    SLICE_X56Y76         LUT5 (Prop_lut5_I4_O)        0.124     8.012 r  core/m1[result][14]_i_8/O
                         net (fo=1, routed)           0.930     8.942    core/m1[result][14]_i_8_n_0
    SLICE_X40Y74         LUT6 (Prop_lut6_I0_O)        0.124     9.066 r  core/m1[result][14]_i_4/O
                         net (fo=1, routed)           0.606     9.672    core/m1[result][14]_i_4_n_0
    SLICE_X40Y74         LUT6 (Prop_lut6_I2_O)        0.124     9.796 r  core/m1[result][14]_i_1/O
                         net (fo=1, routed)           0.000     9.796    core/result_return[14]
    SLICE_X40Y74         FDRE                                         r  core/m1_reg[result][14]/D
  -------------------------------------------------------------------    -------------------

                         (clock clk rise edge)       10.000    10.000 r  
                                                      0.000    10.000 r  clk (IN)
                         net (fo=1191, unset)         0.924    10.924    core/clk
    SLICE_X40Y74         FDRE                                         r  core/m1_reg[result][14]/C
                         clock pessimism              0.000    10.924    
                         clock uncertainty           -0.035    10.889    
    SLICE_X40Y74         FDRE (Setup_fdre_C_D)        0.029    10.918    core/m1_reg[result][14]
  -------------------------------------------------------------------
                         required time                         10.918    
                         arrival time                          -9.796    
  -------------------------------------------------------------------
                         slack                                  1.122    

Slack (MET) :             1.187ns  (required time - arrival time)
  Source:                 core/m1_reg[result][0]/C
                            (rising edge-triggered cell FDRE clocked by clk  {rise@0.000ns fall@5.000ns period=10.000ns})
  Destination:            core/m1_reg[result][29]/D
                            (rising edge-triggered cell FDRE clocked by clk  {rise@0.000ns fall@5.000ns period=10.000ns})
  Path Group:             clk
  Path Type:              Setup (Max at Slow Process Corner)
  Requirement:            10.000ns  (clk rise@10.000ns - clk rise@0.000ns)
  Data Path Delay:        8.758ns  (logic 3.373ns (38.514%)  route 5.385ns (61.486%))
  Logic Levels:           16  (CARRY4=8 LUT2=1 LUT3=1 LUT4=2 LUT5=2 LUT6=2)
  Clock Path Skew:        -0.049ns (DCD - SCD + CPR)
    Destination Clock Delay (DCD):    0.924ns = ( 10.924 - 10.000 ) 
    Source Clock Delay      (SCD):    0.973ns
    Clock Pessimism Removal (CPR):    0.000ns
  Clock Uncertainty:      0.035ns  ((TSJ^2 + TIJ^2)^1/2 + DJ) / 2 + PE
    Total System Jitter     (TSJ):    0.071ns
    Total Input Jitter      (TIJ):    0.000ns
    Discrete Jitter          (DJ):    0.000ns
    Phase Error              (PE):    0.000ns

    Location             Delay type                Incr(ns)  Path(ns)    Netlist Resource(s)
  -------------------------------------------------------------------    -------------------
                         (clock clk rise edge)        0.000     0.000 r  
                                                      0.000     0.000 r  clk (IN)
                         net (fo=1191, unset)         0.973     0.973    core/clk
    SLICE_X47Y71         FDRE                                         r  core/m1_reg[result][0]/C
  -------------------------------------------------------------------    -------------------
    SLICE_X47Y71         FDRE (Prop_fdre_C_Q)         0.456     1.429 r  core/m1_reg[result][0]/Q
                         net (fo=4, routed)           1.204     2.633    core/fetch/m1_reg[rs2v][31][0]
    SLICE_X50Y88         LUT4 (Prop_lut4_I2_O)        0.124     2.757 r  core/fetch/d_req_wdata[0]_INST_0_i_1/O
                         net (fo=1, routed)           0.303     3.060    core/fetch/d_req_wdata[0]_INST_0_i_1_n_0
    SLICE_X50Y87         LUT5 (Prop_lut5_I4_O)        0.124     3.184 r  core/fetch/d_req_wdata[0]_INST_0/O
                         net (fo=18, routed)          1.264     4.448    core/fsel2_reg[1]_3
    SLICE_X46Y73         LUT3 (Prop_lut3_I2_O)        0.116     4.564 r  core/m1[result][28]_i_9/O
                         net (fo=13, routed)          0.371     4.935    core/p_0_in2_in[0]
    SLICE_X45Y72         LUT2 (Prop_lut2_I1_O)        0.328     5.263 r  core/m1[result][1]_i_13/O
                         net (fo=1, routed)           0.000     5.263    core/m1[result][1]_i_13_n_0
    SLICE_X45Y72         CARRY4 (Prop_carry4_S[0]_CO[3])
                                                      0.532     5.795 r  core/m1_reg[result][1]_i_4/CO[3]
                         net (fo=1, routed)           0.000     5.795    core/m1_reg[result][1]_i_4_n_0
    SLICE_X45Y73         CARRY4 (Prop_carry4_CI_CO[3])
                                                      0.114     5.909 r  core/m1_reg[result][7]_i_15/CO[3]
                         net (fo=1, routed)           0.000     5.909    core/m1_reg[result][7]_i_15_n_0
    SLICE_X45Y74         CARRY4 (Prop_carry4_CI_CO[3])
                                                      0.114     6.023 r  core/m1_reg[result][11]_i_19/CO[3]
                         net (fo=1, routed)           0.009     6.032    core/m1_reg[result][11]_i_19_n_0
    SLICE_X45Y75         CARRY4 (Prop_carry4_CI_CO[3])
                                                      0.114     6.146 r  core/m1_reg[result][15]_i_26/CO[3]
                         net (fo=1, routed)           0.000     6.146    core/m1_reg[result][15]_i_26_n_0
    SLICE_X45Y76         CARRY4 (Prop_carry4_CI_CO[3])
                                                      0.114     6.260 r  core/m1_reg[result][19]_i_24/CO[3]
                         net (fo=1, routed)           0.000     6.260    core/m1_reg[result][19]_i_24_n_0
    SLICE_X45Y77         CARRY4 (Prop_carry4_CI_CO[3])
                                                      0.114     6.374 r  core/m1_reg[result][23]_i_21/CO[3]
                         net (fo=1, routed)           0.000     6.374    core/m1_reg[result][23]_i_21_n_0
    SLICE_X45Y78         CARRY4 (Prop_carry4_CI_CO[3])
                                                      0.114     6.488 r  core/m1_reg[result][27]_i_18/CO[3]
                         net (fo=1, routed)           0.000     6.488    core/m1_reg[result][27]_i_18_n_0
    SLICE_X45Y79         CARRY4 (Prop_carry4_CI_O[1])
                                                      0.334     6.822 r  core/m1_reg[result][31]_i_18/O[1]
                         net (fo=1, routed)           0.734     7.556    core/m1_reg[result][31]_i_18_n_6
    SLICE_X51Y82         LUT4 (Prop_lut4_I2_O)        0.303     7.859 r  core/m1[result][29]_i_15/O
                         net (fo=1, routed)           0.449     8.308    core/m1[result][29]_i_15_n_0
    SLICE_X52Y82         LUT5 (Prop_lut5_I4_O)        0.124     8.432 r  core/m1[result][29]_i_13/O
                         net (fo=1, routed)           0.618     9.050    core/m1[result][29]_i_13_n_0
    SLICE_X43Y81         LUT6 (Prop_lut6_I5_O)        0.124     9.174 r  core/m1[result][29]_i_4/O
                         net (fo=1, routed)           0.433     9.607    core/m1[result][29]_i_4_n_0
    SLICE_X43Y81         LUT6 (Prop_lut6_I5_O)        0.124     9.731 r  core/m1[result][29]_i_1/O
                         net (fo=1, routed)           0.000     9.731    core/result_return[29]
    SLICE_X43Y81         FDRE                                         r  core/m1_reg[result][29]/D
  -------------------------------------------------------------------    -------------------

                         (clock clk rise edge)       10.000    10.000 r  
                                                      0.000    10.000 r  clk (IN)
                         net (fo=1191, unset)         0.924    10.924    core/clk
    SLICE_X43Y81         FDRE                                         r  core/m1_reg[result][29]/C
                         clock pessimism              0.000    10.924    
                         clock uncertainty           -0.035    10.889    
    SLICE_X43Y81         FDRE (Setup_fdre_C_D)        0.029    10.918    core/m1_reg[result][29]
  -------------------------------------------------------------------
                         required time                         10.918    
                         arrival time                          -9.731    
  -------------------------------------------------------------------
                         slack                                  1.187    

Slack (MET) :             1.479ns  (required time - arrival time)
  Source:                 core/m1_reg[result][0]/C
                            (rising edge-triggered cell FDRE clocked by clk  {rise@0.000ns fall@5.000ns period=10.000ns})
  Destination:            core/m1_reg[result][31]/D
                            (rising edge-triggered cell FDRE clocked by clk  {rise@0.000ns fall@5.000ns period=10.000ns})
  Path Group:             clk
  Path Type:              Setup (Max at Slow Process Corner)
  Requirement:            10.000ns  (clk rise@10.000ns - clk rise@0.000ns)
  Data Path Delay:        8.466ns  (logic 3.355ns (39.629%)  route 5.111ns (60.371%))
  Logic Levels:           16  (CARRY4=8 LUT2=1 LUT3=1 LUT4=2 LUT5=3 LUT6=1)
  Clock Path Skew:        -0.049ns (DCD - SCD + CPR)
    Destination Clock Delay (DCD):    0.924ns = ( 10.924 - 10.000 ) 
    Source Clock Delay      (SCD):    0.973ns
    Clock Pessimism Removal (CPR):    0.000ns
  Clock Uncertainty:      0.035ns  ((TSJ^2 + TIJ^2)^1/2 + DJ) / 2 + PE
    Total System Jitter     (TSJ):    0.071ns
    Total Input Jitter      (TIJ):    0.000ns
    Discrete Jitter          (DJ):    0.000ns
    Phase Error              (PE):    0.000ns

    Location             Delay type                Incr(ns)  Path(ns)    Netlist Resource(s)
  -------------------------------------------------------------------    -------------------
                         (clock clk rise edge)        0.000     0.000 r  
                                                      0.000     0.000 r  clk (IN)
                         net (fo=1191, unset)         0.973     0.973    core/clk
    SLICE_X47Y71         FDRE                                         r  core/m1_reg[result][0]/C
  -------------------------------------------------------------------    -------------------
    SLICE_X47Y71         FDRE (Prop_fdre_C_Q)         0.456     1.429 r  core/m1_reg[result][0]/Q
                         net (fo=4, routed)           1.204     2.633    core/fetch/m1_reg[rs2v][31][0]
    SLICE_X50Y88         LUT4 (Prop_lut4_I2_O)        0.124     2.757 r  core/fetch/d_req_wdata[0]_INST_0_i_1/O
                         net (fo=1, routed)           0.303     3.060    core/fetch/d_req_wdata[0]_INST_0_i_1_n_0
    SLICE_X50Y87         LUT5 (Prop_lut5_I4_O)        0.124     3.184 r  core/fetch/d_req_wdata[0]_INST_0/O
                         net (fo=18, routed)          1.264     4.448    core/fsel2_reg[1]_3
    SLICE_X46Y73         LUT3 (Prop_lut3_I2_O)        0.116     4.564 r  core/m1[result][28]_i_9/O
                         net (fo=13, routed)          0.371     4.935    core/p_0_in2_in[0]
    SLICE_X45Y72         LUT2 (Prop_lut2_I1_O)        0.328     5.263 r  core/m1[result][1]_i_13/O
                         net (fo=1, routed)           0.000     5.263    core/m1[result][1]_i_13_n_0
    SLICE_X45Y72         CARRY4 (Prop_carry4_S[0]_CO[3])
                                                      0.532     5.795 r  core/m1_reg[result][1]_i_4/CO[3]
                         net (fo=1, routed)           0.000     5.795    core/m1_reg[result][1]_i_4_n_0
    SLICE_X45Y73         CARRY4 (Prop_carry4_CI_CO[3])
                                                      0.114     5.909 r  core/m1_reg[result][7]_i_15/CO[3]
                         net (fo=1, routed)           0.000     5.909    core/m1_reg[result][7]_i_15_n_0
    SLICE_X45Y74         CARRY4 (Prop_carry4_CI_CO[3])
                                                      0.114     6.023 r  core/m1_reg[result][11]_i_19/CO[3]
                         net (fo=1, routed)           0.009     6.032    core/m1_reg[result][11]_i_19_n_0
    SLICE_X45Y75         CARRY4 (Prop_carry4_CI_CO[3])
                                                      0.114     6.146 r  core/m1_reg[result][15]_i_26/CO[3]
                         net (fo=1, routed)           0.000     6.146    core/m1_reg[result][15]_i_26_n_0
    SLICE_X45Y76         CARRY4 (Prop_carry4_CI_CO[3])
                                                      0.114     6.260 r  core/m1_reg[result][19]_i_24/CO[3]
                         net (fo=1, routed)           0.000     6.260    core/m1_reg[result][19]_i_24_n_0
    SLICE_X45Y77         CARRY4 (Prop_carry4_CI_CO[3])
                                                      0.114     6.374 r  core/m1_reg[result][23]_i_21/CO[3]
                         net (fo=1, routed)           0.000     6.374    core/m1_reg[result][23]_i_21_n_0
    SLICE_X45Y78         CARRY4 (Prop_carry4_CI_CO[3])
                                                      0.114     6.488 r  core/m1_reg[result][27]_i_18/CO[3]
                         net (fo=1, routed)           0.000     6.488    core/m1_reg[result][27]_i_18_n_0
    SLICE_X45Y79         CARRY4 (Prop_carry4_CI_O[3])
                                                      0.313     6.801 r  core/m1_reg[result][31]_i_18/O[3]
                         net (fo=1, routed)           0.494     7.294    core/m1_reg[result][31]_i_18_n_4
    SLICE_X49Y82         LUT4 (Prop_lut4_I2_O)        0.306     7.600 r  core/m1[result][31]_i_17/O
                         net (fo=1, routed)           0.441     8.041    core/m1[result][31]_i_17_n_0
    SLICE_X52Y82         LUT5 (Prop_lut5_I4_O)        0.124     8.165 r  core/m1[result][31]_i_12/O
                         net (fo=1, routed)           0.593     8.758    core/m1[result][31]_i_12_n_0
    SLICE_X45Y82         LUT5 (Prop_lut5_I0_O)        0.124     8.882 r  core/m1[result][31]_i_5/O
                         net (fo=1, routed)           0.433     9.315    core/m1[result][31]_i_5_n_0
    SLICE_X45Y82         LUT6 (Prop_lut6_I4_O)        0.124     9.439 r  core/m1[result][31]_i_2/O
                         net (fo=1, routed)           0.000     9.439    core/result_return[31]
    SLICE_X45Y82         FDRE                                         r  core/m1_reg[result][31]/D
  -------------------------------------------------------------------    -------------------

                         (clock clk rise edge)       10.000    10.000 r  
                                                      0.000    10.000 r  clk (IN)
                         net (fo=1191, unset)         0.924    10.924    core/clk
    SLICE_X45Y82         FDRE                                         r  core/m1_reg[result][31]/C
                         clock pessimism              0.000    10.924    
                         clock uncertainty           -0.035    10.889    
    SLICE_X45Y82         FDRE (Setup_fdre_C_D)        0.029    10.918    core/m1_reg[result][31]
  -------------------------------------------------------------------
                         required time                         10.918    
                         arrival time                          -9.439    
  -------------------------------------------------------------------
                         slack                                  1.479    

Slack (MET) :             1.497ns  (required time - arrival time)
  Source:                 core/m1_reg[result][0]/C
                            (rising edge-triggered cell FDRE clocked by clk  {rise@0.000ns fall@5.000ns period=10.000ns})
  Destination:            core/m1_reg[result][15]/D
                            (rising edge-triggered cell FDRE clocked by clk  {rise@0.000ns fall@5.000ns period=10.000ns})
  Path Group:             clk
  Path Type:              Setup (Max at Slow Process Corner)
  Requirement:            10.000ns  (clk rise@10.000ns - clk rise@0.000ns)
  Data Path Delay:        8.448ns  (logic 2.899ns (34.318%)  route 5.549ns (65.682%))
  Logic Levels:           12  (CARRY4=4 LUT2=1 LUT3=1 LUT4=3 LUT5=2 LUT6=1)
  Clock Path Skew:        -0.049ns (DCD - SCD + CPR)
    Destination Clock Delay (DCD):    0.924ns = ( 10.924 - 10.000 ) 
    Source Clock Delay      (SCD):    0.973ns
    Clock Pessimism Removal (CPR):    0.000ns
  Clock Uncertainty:      0.035ns  ((TSJ^2 + TIJ^2)^1/2 + DJ) / 2 + PE
    Total System Jitter     (TSJ):    0.071ns
    Total Input Jitter      (TIJ):    0.000ns
    Discrete Jitter          (DJ):    0.000ns
    Phase Error              (PE):    0.000ns

    Location             Delay type                Incr(ns)  Path(ns)    Netlist Resource(s)
  -------------------------------------------------------------------    -------------------
                         (clock clk rise edge)        0.000     0.000 r  
                                                      0.000     0.000 r  clk (IN)
                         net (fo=1191, unset)         0.973     0.973    core/clk
    SLICE_X47Y71         FDRE                                         r  core/m1_reg[result][0]/C
  -------------------------------------------------------------------    -------------------
    SLICE_X47Y71         FDRE (Prop_fdre_C_Q)         0.456     1.429 r  core/m1_reg[result][0]/Q
                         net (fo=4, routed)           1.204     2.633    core/fetch/m1_reg[rs2v][31][0]
    SLICE_X50Y88         LUT4 (Prop_lut4_I2_O)        0.124     2.757 r  core/fetch/d_req_wdata[0]_INST_0_i_1/O
                         net (fo=1, routed)           0.303     3.060    core/fetch/d_req_wdata[0]_INST_0_i_1_n_0
    SLICE_X50Y87         LUT5 (Prop_lut5_I4_O)        0.124     3.184 r  core/fetch/d_req_wdata[0]_INST_0/O
                         net (fo=18, routed)          1.264     4.448    core/fsel2_reg[1]_3
    SLICE_X46Y73         LUT3 (Prop_lut3_I2_O)        0.116     4.564 r  core/m1[result][28]_i_9/O
                         net (fo=13, routed)          0.371     4.935    core/p_0_in2_in[0]
    SLICE_X45Y72         LUT2 (Prop_lut2_I1_O)        0.328     5.263 r  core/m1[result][1]_i_13/O
                         net (fo=1, routed)           0.000     5.263    core/m1[result][1]_i_13_n_0
    SLICE_X45Y72         CARRY4 (Prop_carry4_S[0]_CO[3])
                                                      0.532     5.795 r  core/m1_reg[result][1]_i_4/CO[3]
                         net (fo=1, routed)           0.000     5.795    core/m1_reg[result][1]_i_4_n_0
    SLICE_X45Y73         CARRY4 (Prop_carry4_CI_CO[3])
                                                      0.114     5.909 r  core/m1_reg[result][7]_i_15/CO[3]
                         net (fo=1, routed)           0.000     5.909    core/m1_reg[result][7]_i_15_n_0
    SLICE_X45Y74         CARRY4 (Prop_carry4_CI_CO[3])
                                                      0.114     6.023 r  core/m1_reg[result][11]_i_19/CO[3]
                         net (fo=1, routed)           0.009     6.032    core/m1_reg[result][11]_i_19_n_0
    SLICE_X45Y75         CARRY4 (Prop_carry4_CI_O[3])
                                                      0.313     6.345 r  core/m1_reg[result][15]_i_26/O[3]
                         net (fo=1, routed)           0.660     7.004    core/m1_reg[result][15]_i_26_n_4
    SLICE_X53Y75         LUT4 (Prop_lut4_I2_O)        0.306     7.310 r  core/m1[result][15]_i_19/O
                         net (fo=1, routed)           0.671     7.981    core/m1[result][15]_i_19_n_0
    SLICE_X56Y76         LUT5 (Prop_lut5_I4_O)        0.124     8.105 r  core/m1[result][15]_i_8/O
                         net (fo=1, routed)           0.913     9.018    core/m1[result][15]_i_8_n_0
    SLICE_X41Y74         LUT6 (Prop_lut6_I0_O)        0.124     9.142 r  core/m1[result][15]_i_4/O
                         net (fo=1, routed)           0.154     9.297    core/m1[result][15]_i_4_n_0
    SLICE_X41Y74         LUT4 (Prop_lut4_I2_O)        0.124     9.421 r  core/m1[result][15]_i_1/O
                         net (fo=1, routed)           0.000     9.421    core/result_return[15]
    SLICE_X41Y74         FDRE                                         r  core/m1_reg[result][15]/D
  -------------------------------------------------------------------    -------------------

                         (clock clk rise edge)       10.000    10.000 r  
                                                      0.000    10.000 r  clk (IN)
                         net (fo=1191, unset)         0.924    10.924    core/clk
    SLICE_X41Y74         FDRE                                         r  core/m1_reg[result][15]/C
                         clock pessimism              0.000    10.924    
                         clock uncertainty           -0.035    10.889    
    SLICE_X41Y74         FDRE (Setup_fdre_C_D)        0.029    10.918    core/m1_reg[result][15]
  -------------------------------------------------------------------
                         required time                         10.918    
                         arrival time                          -9.421    
  -------------------------------------------------------------------
                         slack                                  1.497    

Slack (MET) :             1.498ns  (required time - arrival time)
  Source:                 core/m1_reg[result][4]/C
                            (rising edge-triggered cell FDRE clocked by clk  {rise@0.000ns fall@5.000ns period=10.000ns})
  Destination:            core/squash_reg/D
                            (rising edge-triggered cell FDRE clocked by clk  {rise@0.000ns fall@5.000ns period=10.000ns})
  Path Group:             clk
  Path Type:              Setup (Max at Slow Process Corner)
  Requirement:            10.000ns  (clk rise@10.000ns - clk rise@0.000ns)
  Data Path Delay:        8.402ns  (logic 2.484ns (29.564%)  route 5.918ns (70.436%))
  Logic Levels:           9  (CARRY4=3 LUT4=1 LUT5=1 LUT6=4)
  Clock Path Skew:        -0.049ns (DCD - SCD + CPR)
    Destination Clock Delay (DCD):    0.924ns = ( 10.924 - 10.000 ) 
    Source Clock Delay      (SCD):    0.973ns
    Clock Pessimism Removal (CPR):    0.000ns
  Clock Uncertainty:      0.035ns  ((TSJ^2 + TIJ^2)^1/2 + DJ) / 2 + PE
    Total System Jitter     (TSJ):    0.071ns
    Total Input Jitter      (TIJ):    0.000ns
    Discrete Jitter          (DJ):    0.000ns
    Phase Error              (PE):    0.000ns

    Location             Delay type                Incr(ns)  Path(ns)    Netlist Resource(s)
  -------------------------------------------------------------------    -------------------
                         (clock clk rise edge)        0.000     0.000 r  
                                                      0.000     0.000 r  clk (IN)
                         net (fo=1191, unset)         0.973     0.973    core/clk
    SLICE_X45Y70         FDRE                                         r  core/m1_reg[result][4]/C
  -------------------------------------------------------------------    -------------------
    SLICE_X45Y70         FDRE (Prop_fdre_C_Q)         0.456     1.429 r  core/m1_reg[result][4]/Q
                         net (fo=3, routed)           1.505     2.934    core/fetch/m1_reg[rs2v][31][4]
    SLICE_X49Y89         LUT4 (Prop_lut4_I2_O)        0.124     3.058 r  core/fetch/d_req_wdata[4]_INST_0_i_1/O
                         net (fo=2, routed)           0.552     3.609    core/fetch/e_rs2v_reg[4]
    SLICE_X51Y89         LUT5 (Prop_lut5_I4_O)        0.119     3.728 r  core/fetch/d_req_wdata[4]_INST_0/O
                         net (fo=14, routed)          1.323     5.052    core/fetch/fsel2_reg[1]_3
    SLICE_X44Y85         LUT6 (Prop_lut6_I1_O)        0.332     5.384 r  core/fetch/m1[writes_rd]_i_107/O
                         net (fo=1, routed)           0.000     5.384    core/fetch/m1[writes_rd]_i_107_n_0
    SLICE_X44Y85         CARRY4 (Prop_carry4_S[1]_CO[3])
                                                      0.550     5.934 r  core/fetch/m1_reg[writes_rd]_i_69/CO[3]
                         net (fo=1, routed)           0.000     5.934    core/fetch/m1_reg[writes_rd]_i_69_n_0
    SLICE_X44Y86         CARRY4 (Prop_carry4_CI_CO[3])
                                                      0.114     6.048 r  core/fetch/m1_reg[writes_rd]_i_33/CO[3]
                         net (fo=1, routed)           0.000     6.048    core/fetch/m1_reg[writes_rd]_i_33_n_0
    SLICE_X44Y87         CARRY4 (Prop_carry4_CI_CO[2])
                                                      0.228     6.276 r  core/fetch/m1_reg[writes_rd]_i_9/CO[2]
                         net (fo=1, routed)           0.650     6.926    core/fetch/m1_reg[writes_rd]_i_9_n_1
    SLICE_X47Y86         LUT6 (Prop_lut6_I3_O)        0.313     7.239 r  core/fetch/m1[writes_rd]_i_5/O
                         net (fo=1, routed)           0.955     8.193    core/fetch/m1[writes_rd]_i_5_n_0
    SLICE_X55Y84         LUT6 (Prop_lut6_I3_O)        0.124     8.317 r  core/fetch/m1[writes_rd]_i_3/O
                         net (fo=6, routed)           0.447     8.764    core/fetch/e_taken
    SLICE_X57Y83         LUT6 (Prop_lut6_I2_O)        0.124     8.888 r  core/fetch/squash_i_1/O
                         net (fo=2, routed)           0.487     9.375    core/e_flush
    SLICE_X58Y83         FDRE                                         r  core/squash_reg/D
  -------------------------------------------------------------------    -------------------

                         (clock clk rise edge)       10.000    10.000 r  
                                                      0.000    10.000 r  clk (IN)
                         net (fo=1191, unset)         0.924    10.924    core/clk
    SLICE_X58Y83         FDRE                                         r  core/squash_reg/C
                         clock pessimism              0.000    10.924    
                         clock uncertainty           -0.035    10.889    
    SLICE_X58Y83         FDRE (Setup_fdre_C_D)       -0.016    10.873    core/squash_reg
  -------------------------------------------------------------------
                         required time                         10.873    
                         arrival time                          -9.375    
  -------------------------------------------------------------------
                         slack                                  1.498    

Slack (MET) :             1.508ns  (required time - arrival time)
  Source:                 core/m1_reg[result][0]/C
                            (rising edge-triggered cell FDRE clocked by clk  {rise@0.000ns fall@5.000ns period=10.000ns})
  Destination:            core/m1_reg[result][13]/D
                            (rising edge-triggered cell FDRE clocked by clk  {rise@0.000ns fall@5.000ns period=10.000ns})
  Path Group:             clk
  Path Type:              Setup (Max at Slow Process Corner)
  Requirement:            10.000ns  (clk rise@10.000ns - clk rise@0.000ns)
  Data Path Delay:        8.437ns  (logic 2.917ns (34.575%)  route 5.520ns (65.425%))
  Logic Levels:           12  (CARRY4=4 LUT2=1 LUT3=1 LUT4=3 LUT5=2 LUT6=1)
  Clock Path Skew:        -0.049ns (DCD - SCD + CPR)
    Destination Clock Delay (DCD):    0.924ns = ( 10.924 - 10.000 ) 
    Source Clock Delay      (SCD):    0.973ns
    Clock Pessimism Removal (CPR):    0.000ns
  Clock Uncertainty:      0.035ns  ((TSJ^2 + TIJ^2)^1/2 + DJ) / 2 + PE
    Total System Jitter     (TSJ):    0.071ns
    Total Input Jitter      (TIJ):    0.000ns
    Discrete Jitter          (DJ):    0.000ns
    Phase Error              (PE):    0.000ns

    Location             Delay type                Incr(ns)  Path(ns)    Netlist Resource(s)
  -------------------------------------------------------------------    -------------------
                         (clock clk rise edge)        0.000     0.000 r  
                                                      0.000     0.000 r  clk (IN)
                         net (fo=1191, unset)         0.973     0.973    core/clk
    SLICE_X47Y71         FDRE                                         r  core/m1_reg[result][0]/C
  -------------------------------------------------------------------    -------------------
    SLICE_X47Y71         FDRE (Prop_fdre_C_Q)         0.456     1.429 r  core/m1_reg[result][0]/Q
                         net (fo=4, routed)           1.204     2.633    core/fetch/m1_reg[rs2v][31][0]
    SLICE_X50Y88         LUT4 (Prop_lut4_I2_O)        0.124     2.757 r  core/fetch/d_req_wdata[0]_INST_0_i_1/O
                         net (fo=1, routed)           0.303     3.060    core/fetch/d_req_wdata[0]_INST_0_i_1_n_0
    SLICE_X50Y87         LUT5 (Prop_lut5_I4_O)        0.124     3.184 r  core/fetch/d_req_wdata[0]_INST_0/O
                         net (fo=18, routed)          1.264     4.448    core/fsel2_reg[1]_3
    SLICE_X46Y73         LUT3 (Prop_lut3_I2_O)        0.116     4.564 r  core/m1[result][28]_i_9/O
                         net (fo=13, routed)          0.371     4.935    core/p_0_in2_in[0]
    SLICE_X45Y72         LUT2 (Prop_lut2_I1_O)        0.328     5.263 r  core/m1[result][1]_i_13/O
                         net (fo=1, routed)           0.000     5.263    core/m1[result][1]_i_13_n_0
    SLICE_X45Y72         CARRY4 (Prop_carry4_S[0]_CO[3])
                                                      0.532     5.795 r  core/m1_reg[result][1]_i_4/CO[3]
                         net (fo=1, routed)           0.000     5.795    core/m1_reg[result][1]_i_4_n_0
    SLICE_X45Y73         CARRY4 (Prop_carry4_CI_CO[3])
                                                      0.114     5.909 r  core/m1_reg[result][7]_i_15/CO[3]
                         net (fo=1, routed)           0.000     5.909    core/m1_reg[result][7]_i_15_n_0
    SLICE_X45Y74         CARRY4 (Prop_carry4_CI_CO[3])
                                                      0.114     6.023 r  core/m1_reg[result][11]_i_19/CO[3]
                         net (fo=1, routed)           0.009     6.032    core/m1_reg[result][11]_i_19_n_0
    SLICE_X45Y75         CARRY4 (Prop_carry4_CI_O[1])
                                                      0.334     6.366 r  core/m1_reg[result][15]_i_26/O[1]
                         net (fo=1, routed)           0.480     6.845    core/m1_reg[result][15]_i_26_n_6
    SLICE_X53Y76         LUT4 (Prop_lut4_I2_O)        0.303     7.148 r  core/m1[result][13]_i_13/O
                         net (fo=1, routed)           0.533     7.681    core/m1[result][13]_i_13_n_0
    SLICE_X56Y76         LUT5 (Prop_lut5_I4_O)        0.124     7.805 r  core/m1[result][13]_i_7/O
                         net (fo=1, routed)           0.913     8.718    core/m1[result][13]_i_7_n_0
    SLICE_X44Y74         LUT6 (Prop_lut6_I0_O)        0.124     8.842 r  core/m1[result][13]_i_4/O
                         net (fo=1, routed)           0.444     9.286    core/m1[result][13]_i_4_n_0
    SLICE_X44Y74         LUT4 (Prop_lut4_I2_O)        0.124     9.410 r  core/m1[result][13]_i_1/O
                         net (fo=1, routed)           0.000     9.410    core/result_return[13]
    SLICE_X44Y74         FDRE                                         r  core/m1_reg[result][13]/D
  -------------------------------------------------------------------    -------------------

                         (clock clk rise edge)       10.000    10.000 r  
                                                      0.000    10.000 r  clk (IN)
                         net (fo=1191, unset)         0.924    10.924    core/clk
    SLICE_X44Y74         FDRE                                         r  core/m1_reg[result][13]/C
                         clock pessimism              0.000    10.924    
                         clock uncertainty           -0.035    10.889    
    SLICE_X44Y74         FDRE (Setup_fdre_C_D)        0.029    10.918    core/m1_reg[result][13]
  -------------------------------------------------------------------
                         required time                         10.918    
                         arrival time                          -9.410    
  -------------------------------------------------------------------
                         slack                                  1.508    

Slack (MET) :             1.534ns  (required time - arrival time)
  Source:                 core/m1_reg[result][0]/C
                            (rising edge-triggered cell FDRE clocked by clk  {rise@0.000ns fall@5.000ns period=10.000ns})
  Destination:            core/m1_reg[result][28]/D
                            (rising edge-triggered cell FDRE clocked by clk  {rise@0.000ns fall@5.000ns period=10.000ns})
  Path Group:             clk
  Path Type:              Setup (Max at Slow Process Corner)
  Requirement:            10.000ns  (clk rise@10.000ns - clk rise@0.000ns)
  Data Path Delay:        8.411ns  (logic 3.257ns (38.723%)  route 5.154ns (61.277%))
  Logic Levels:           16  (CARRY4=8 LUT2=1 LUT3=1 LUT4=2 LUT5=2 LUT6=2)
  Clock Path Skew:        -0.049ns (DCD - SCD + CPR)
    Destination Clock Delay (DCD):    0.924ns = ( 10.924 - 10.000 ) 
    Source Clock Delay      (SCD):    0.973ns
    Clock Pessimism Removal (CPR):    0.000ns
  Clock Uncertainty:      0.035ns  ((TSJ^2 + TIJ^2)^1/2 + DJ) / 2 + PE
    Total System Jitter     (TSJ):    0.071ns
    Total Input Jitter      (TIJ):    0.000ns
    Discrete Jitter          (DJ):    0.000ns
    Phase Error              (PE):    0.000ns

    Location             Delay type                Incr(ns)  Path(ns)    Netlist Resource(s)
  -------------------------------------------------------------------    -------------------
                         (clock clk rise edge)        0.000     0.000 r  
                                                      0.000     0.000 r  clk (IN)
                         net (fo=1191, unset)         0.973     0.973    core/clk
    SLICE_X47Y71         FDRE                                         r  core/m1_reg[result][0]/C
  -------------------------------------------------------------------    -------------------
    SLICE_X47Y71         FDRE (Prop_fdre_C_Q)         0.456     1.429 r  core/m1_reg[result][0]/Q
                         net (fo=4, routed)           1.204     2.633    core/fetch/m1_reg[rs2v][31][0]
    SLICE_X50Y88         LUT4 (Prop_lut4_I2_O)        0.124     2.757 r  core/fetch/d_req_wdata[0]_INST_0_i_1/O
                         net (fo=1, routed)           0.303     3.060    core/fetch/d_req_wdata[0]_INST_0_i_1_n_0
    SLICE_X50Y87         LUT5 (Prop_lut5_I4_O)        0.124     3.184 r  core/fetch/d_req_wdata[0]_INST_0/O
                         net (fo=18, routed)          1.264     4.448    core/fsel2_reg[1]_3
    SLICE_X46Y73         LUT3 (Prop_lut3_I2_O)        0.116     4.564 r  core/m1[result][28]_i_9/O
                         net (fo=13, routed)          0.371     4.935    core/p_0_in2_in[0]
    SLICE_X45Y72         LUT2 (Prop_lut2_I1_O)        0.328     5.263 r  core/m1[result][1]_i_13/O
                         net (fo=1, routed)           0.000     5.263    core/m1[result][1]_i_13_n_0
    SLICE_X45Y72         CARRY4 (Prop_carry4_S[0]_CO[3])
                                                      0.532     5.795 r  core/m1_reg[result][1]_i_4/CO[3]
                         net (fo=1, routed)           0.000     5.795    core/m1_reg[result][1]_i_4_n_0
    SLICE_X45Y73         CARRY4 (Prop_carry4_CI_CO[3])
                                                      0.114     5.909 r  core/m1_reg[result][7]_i_15/CO[3]
                         net (fo=1, routed)           0.000     5.909    core/m1_reg[result][7]_i_15_n_0
    SLICE_X45Y74         CARRY4 (Prop_carry4_CI_CO[3])
                                                      0.114     6.023 r  core/m1_reg[result][11]_i_19/CO[3]
                         net (fo=1, routed)           0.009     6.032    core/m1_reg[result][11]_i_19_n_0
    SLICE_X45Y75         CARRY4 (Prop_carry4_CI_CO[3])
                                                      0.114     6.146 r  core/m1_reg[result][15]_i_26/CO[3]
                         net (fo=1, routed)           0.000     6.146    core/m1_reg[result][15]_i_26_n_0
    SLICE_X45Y76         CARRY4 (Prop_carry4_CI_CO[3])
                                                      0.114     6.260 r  core/m1_reg[result][19]_i_24/CO[3]
                         net (fo=1, routed)           0.000     6.260    core/m1_reg[result][19]_i_24_n_0
    SLICE_X45Y77         CARRY4 (Prop_carry4_CI_CO[3])
                                                      0.114     6.374 r  core/m1_reg[result][23]_i_21/CO[3]
                         net (fo=1, routed)           0.000     6.374    core/m1_reg[result][23]_i_21_n_0
    SLICE_X45Y78         CARRY4 (Prop_carry4_CI_CO[3])
                                                      0.114     6.488 r  core/m1_reg[result][27]_i_18/CO[3]
                         net (fo=1, routed)           0.000     6.488    core/m1_reg[result][27]_i_18_n_0
    SLICE_X45Y79         CARRY4 (Prop_carry4_CI_O[0])
                                                      0.222     6.710 r  core/m1_reg[result][31]_i_18/O[0]
                         net (fo=1, routed)           0.502     7.211    core/m1_reg[result][31]_i_18_n_7
    SLICE_X50Y81         LUT4 (Prop_lut4_I2_O)        0.299     7.510 r  core/m1[result][28]_i_19/O
                         net (fo=1, routed)           0.435     7.946    core/m1[result][28]_i_19_n_0
    SLICE_X52Y82         LUT5 (Prop_lut5_I4_O)        0.124     8.070 r  core/m1[result][28]_i_11/O
                         net (fo=1, routed)           0.612     8.681    core/m1[result][28]_i_11_n_0
    SLICE_X43Y82         LUT6 (Prop_lut6_I0_O)        0.124     8.805 r  core/m1[result][28]_i_6/O
                         net (fo=1, routed)           0.455     9.260    core/m1[result][28]_i_6_n_0
    SLICE_X41Y82         LUT6 (Prop_lut6_I4_O)        0.124     9.384 r  core/m1[result][28]_i_1/O
                         net (fo=1, routed)           0.000     9.384    core/result_return[28]
    SLICE_X41Y82         FDRE                                         r  core/m1_reg[result][28]/D
  -------------------------------------------------------------------    -------------------

                         (clock clk rise edge)       10.000    10.000 r  
                                                      0.000    10.000 r  clk (IN)
                         net (fo=1191, unset)         0.924    10.924    core/clk
    SLICE_X41Y82         FDRE                                         r  core/m1_reg[result][28]/C
                         clock pessimism              0.000    10.924    
                         clock uncertainty           -0.035    10.889    
    SLICE_X41Y82         FDRE (Setup_fdre_C_D)        0.029    10.918    core/m1_reg[result][28]
  -------------------------------------------------------------------
                         required time                         10.918    
                         arrival time                          -9.384    
  -------------------------------------------------------------------
                         slack                                  1.534    

Slack (MET) :             1.548ns  (required time - arrival time)
  Source:                 core/m1_reg[result][0]/C
                            (rising edge-triggered cell FDRE clocked by clk  {rise@0.000ns fall@5.000ns period=10.000ns})
  Destination:            core/m1_reg[result][25]/D
                            (rising edge-triggered cell FDRE clocked by clk  {rise@0.000ns fall@5.000ns period=10.000ns})
  Path Group:             clk
  Path Type:              Setup (Max at Slow Process Corner)
  Requirement:            10.000ns  (clk rise@10.000ns - clk rise@0.000ns)
  Data Path Delay:        8.397ns  (logic 3.259ns (38.814%)  route 5.138ns (61.186%))
  Logic Levels:           15  (CARRY4=7 LUT2=1 LUT3=1 LUT4=3 LUT5=2 LUT6=1)
  Clock Path Skew:        -0.049ns (DCD - SCD + CPR)
    Destination Clock Delay (DCD):    0.924ns = ( 10.924 - 10.000 ) 
    Source Clock Delay      (SCD):    0.973ns
    Clock Pessimism Removal (CPR):    0.000ns
  Clock Uncertainty:      0.035ns  ((TSJ^2 + TIJ^2)^1/2 + DJ) / 2 + PE
    Total System Jitter     (TSJ):    0.071ns
    Total Input Jitter      (TIJ):    0.000ns
    Discrete Jitter          (DJ):    0.000ns
    Phase Error              (PE):    0.000ns

    Location             Delay type                Incr(ns)  Path(ns)    Netlist Resource(s)
  -------------------------------------------------------------------    -------------------
                         (clock clk rise edge)        0.000     0.000 r  
                                                      0.000     0.000 r  clk (IN)
                         net (fo=1191, unset)         0.973     0.973    core/clk
    SLICE_X47Y71         FDRE                                         r  core/m1_reg[result][0]/C
  -------------------------------------------------------------------    -------------------
    SLICE_X47Y71         FDRE (Prop_fdre_C_Q)         0.456     1.429 r  core/m1_reg[result][0]/Q
                         net (fo=4, routed)           1.204     2.633    core/fetch/m1_reg[rs2v][31][0]
    SLICE_X50Y88         LUT4 (Prop_lut4_I2_O)        0.124     2.757 r  core/fetch/d_req_wdata[0]_INST_0_i_1/O
                         net (fo=1, routed)           0.303     3.060    core/fetch/d_req_wdata[0]_INST_0_i_1_n_0
    SLICE_X50Y87         LUT5 (Prop_lut5_I4_O)        0.124     3.184 r  core/fetch/d_req_wdata[0]_INST_0/O
                         net (fo=18, routed)          1.264     4.448    core/fsel2_reg[1]_3
    SLICE_X46Y73         LUT3 (Prop_lut3_I2_O)        0.116     4.564 r  core/m1[result][28]_i_9/O
                         net (fo=13, routed)          0.371     4.935    core/p_0_in2_in[0]
    SLICE_X45Y72         LUT2 (Prop_lut2_I1_O)        0.328     5.263 r  core/m1[result][1]_i_13/O
                         net (fo=1, routed)           0.000     5.263    core/m1[result][1]_i_13_n_0
    SLICE_X45Y72         CARRY4 (Prop_carry4_S[0]_CO[3])
                                                      0.532     5.795 r  core/m1_reg[result][1]_i_4/CO[3]
                         net (fo=1, routed)           0.000     5.795    core/m1_reg[result][1]_i_4_n_0
    SLICE_X45Y73         CARRY4 (Prop_carry4_CI_CO[3])
                                                      0.114     5.909 r  core/m1_reg[result][7]_i_15/CO[3]
                         net (fo=1, routed)           0.000     5.909    core/m1_reg[result][7]_i_15_n_0
    SLICE_X45Y74         CARRY4 (Prop_carry4_CI_CO[3])
                                                      0.114     6.023 r  core/m1_reg[result][11]_i_19/CO[3]
                         net (fo=1, routed)           0.009     6.032    core/m1_reg[result][11]_i_19_n_0
    SLICE_X45Y75         CARRY4 (Prop_carry4_CI_CO[3])
                                                      0.114     6.146 r  core/m1_reg[result][15]_i_26/CO[3]
                         net (fo=1, routed)           0.000     6.146    core/m1_reg[result][15]_i_26_n_0
    SLICE_X45Y76         CARRY4 (Prop_carry4_CI_CO[3])
                                                      0.114     6.260 r  core/m1_reg[result][19]_i_24/CO[3]
                         net (fo=1, routed)           0.000     6.260    core/m1_reg[result][19]_i_24_n_0
    SLICE_X45Y77         CARRY4 (Prop_carry4_CI_CO[3])
                                                      0.114     6.374 r  core/m1_reg[result][23]_i_21/CO[3]
                         net (fo=1, routed)           0.000     6.374    core/m1_reg[result][23]_i_21_n_0
    SLICE_X45Y78         CARRY4 (Prop_carry4_CI_O[1])
                                                      0.334     6.708 r  core/m1_reg[result][27]_i_18/O[1]
                         net (fo=1, routed)           0.616     7.323    core/m1_reg[result][27]_i_18_n_6
    SLICE_X50Y80         LUT4 (Prop_lut4_I2_O)        0.303     7.626 r  core/m1[result][25]_i_13/O
                         net (fo=1, routed)           0.284     7.911    core/m1[result][25]_i_13_n_0
    SLICE_X53Y80         LUT5 (Prop_lut5_I4_O)        0.124     8.035 r  core/m1[result][25]_i_7/O
                         net (fo=1, routed)           0.644     8.679    core/m1[result][25]_i_7_n_0
    SLICE_X40Y81         LUT6 (Prop_lut6_I0_O)        0.124     8.803 r  core/m1[result][25]_i_4/O
                         net (fo=1, routed)           0.443     9.246    core/m1[result][25]_i_4_n_0
    SLICE_X39Y82         LUT4 (Prop_lut4_I2_O)        0.124     9.370 r  core/m1[result][25]_i_1/O
                         net (fo=1, routed)           0.000     9.370    core/result_return[25]
    SLICE_X39Y82         FDRE                                         r  core/m1_reg[result][25]/D
  -------------------------------------------------------------------    -------------------

                         (clock clk rise edge)       10.000    10.000 r  
                                                      0.000    10.000 r  clk (IN)
                         net (fo=1191, unset)         0.924    10.924    core/clk
    SLICE_X39Y82         FDRE                                         r  core/m1_reg[result][25]/C
                         clock pessimism              0.000    10.924    
                         clock uncertainty           -0.035    10.889    
    SLICE_X39Y82         FDRE (Setup_fdre_C_D)        0.029    10.918    core/m1_reg[result][25]
  -------------------------------------------------------------------
                         required time                         10.918    
                         arrival time                          -9.370    
  -------------------------------------------------------------------
                         slack                                  1.548    





Min Delay Paths
--------------------------------------------------------------------------------------
Slack (MET) :             0.106ns  (arrival time - required time)
  Source:                 core/fetch/rsp_pc_reg[18]/C
                            (rising edge-triggered cell FDRE clocked by clk  {rise@0.000ns fall@5.000ns period=10.000ns})
  Destination:            core/fetch/buf_pc_reg_0_3_12_17/RAMC/I
                            (rising edge-triggered cell RAMD32 clocked by clk  {rise@0.000ns fall@5.000ns period=10.000ns})
  Path Group:             clk
  Path Type:              Hold (Min at Fast Process Corner)
  Requirement:            0.000ns  (clk rise@0.000ns - clk rise@0.000ns)
  Data Path Delay:        0.271ns  (logic 0.141ns (51.957%)  route 0.130ns (48.043%))
  Logic Levels:           0  
  Clock Path Skew:        0.022ns (DCD - SCD - CPR)
    Destination Clock Delay (DCD):    0.432ns
    Source Clock Delay      (SCD):    0.410ns
    Clock Pessimism Removal (CPR):    -0.000ns

    Location             Delay type                Incr(ns)  Path(ns)    Netlist Resource(s)
  -------------------------------------------------------------------    -------------------
                         (clock clk rise edge)        0.000     0.000 r  
                                                      0.000     0.000 r  clk (IN)
                         net (fo=1191, unset)         0.410     0.410    core/fetch/clk
    SLICE_X63Y78         FDRE                                         r  core/fetch/rsp_pc_reg[18]/C
  -------------------------------------------------------------------    -------------------
    SLICE_X63Y78         FDRE (Prop_fdre_C_Q)         0.141     0.551 r  core/fetch/rsp_pc_reg[18]/Q
                         net (fo=4, routed)           0.130     0.682    core/fetch/buf_pc_reg_0_3_12_17/DIC0
    SLICE_X58Y78         RAMD32                                       r  core/fetch/buf_pc_reg_0_3_12_17/RAMC/I
  -------------------------------------------------------------------    -------------------

                         (clock clk rise edge)        0.000     0.000 r  
                                                      0.000     0.000 r  clk (IN)
                         net (fo=1191, unset)         0.432     0.432    core/fetch/buf_pc_reg_0_3_12_17/WCLK
    SLICE_X58Y78         RAMD32                                       r  core/fetch/buf_pc_reg_0_3_12_17/RAMC/CLK
                         clock pessimism              0.000     0.432    
    SLICE_X58Y78         RAMD32 (Hold_ramd32_CLK_I)
                                                      0.144     0.576    core/fetch/buf_pc_reg_0_3_12_17/RAMC
  -------------------------------------------------------------------
                         required time                         -0.576    
                         arrival time                           0.682    
  -------------------------------------------------------------------
                         slack                                  0.106    

Slack (MET) :             0.109ns  (arrival time - required time)
  Source:                 core/fetch/rsp_pc_reg[26]/C
                            (rising edge-triggered cell FDRE clocked by clk  {rise@0.000ns fall@5.000ns period=10.000ns})
  Destination:            core/fetch/buf_pc_reg_0_3_24_29/RAMA/I
                            (rising edge-triggered cell RAMD32 clocked by clk  {rise@0.000ns fall@5.000ns period=10.000ns})
  Path Group:             clk
  Path Type:              Hold (Min at Fast Process Corner)
  Requirement:            0.000ns  (clk rise@0.000ns - clk rise@0.000ns)
  Data Path Delay:        0.277ns  (logic 0.141ns (50.841%)  route 0.136ns (49.159%))
  Logic Levels:           0  
  Clock Path Skew:        0.022ns (DCD - SCD - CPR)
    Destination Clock Delay (DCD):    0.432ns
    Source Clock Delay      (SCD):    0.410ns
    Clock Pessimism Removal (CPR):    -0.000ns

    Location             Delay type                Incr(ns)  Path(ns)    Netlist Resource(s)
  -------------------------------------------------------------------    -------------------
                         (clock clk rise edge)        0.000     0.000 r  
                                                      0.000     0.000 r  clk (IN)
                         net (fo=1191, unset)         0.410     0.410    core/fetch/clk
    SLICE_X59Y80         FDRE                                         r  core/fetch/rsp_pc_reg[26]/C
  -------------------------------------------------------------------    -------------------
    SLICE_X59Y80         FDRE (Prop_fdre_C_Q)         0.141     0.551 r  core/fetch/rsp_pc_reg[26]/Q
                         net (fo=5, routed)           0.136     0.687    core/fetch/buf_pc_reg_0_3_24_29/DIA0
    SLICE_X58Y81         RAMD32                                       r  core/fetch/buf_pc_reg_0_3_24_29/RAMA/I
  -------------------------------------------------------------------    -------------------

                         (clock clk rise edge)        0.000     0.000 r  
                                                      0.000     0.000 r  clk (IN)
                         net (fo=1191, unset)         0.432     0.432    core/fetch/buf_pc_reg_0_3_24_29/WCLK
    SLICE_X58Y81         RAMD32                                       r  core/fetch/buf_pc_reg_0_3_24_29/RAMA/CLK
                         clock pessimism              0.000     0.432    
    SLICE_X58Y81         RAMD32 (Hold_ramd32_CLK_I)
                                                      0.147     0.579    core/fetch/buf_pc_reg_0_3_24_29/RAMA
  -------------------------------------------------------------------
                         required time                         -0.579    
                         arrival time                           0.687    
  -------------------------------------------------------------------
                         slack                                  0.109    

Slack (MET) :             0.122ns  (arrival time - required time)
  Source:                 core/d_pc_reg[5]/C
                            (rising edge-triggered cell FDRE clocked by clk  {rise@0.000ns fall@5.000ns period=10.000ns})
  Destination:            core/e_pc_reg[5]/D
                            (rising edge-triggered cell FDRE clocked by clk  {rise@0.000ns fall@5.000ns period=10.000ns})
  Path Group:             clk
  Path Type:              Hold (Min at Fast Process Corner)
  Requirement:            0.000ns  (clk rise@0.000ns - clk rise@0.000ns)
  Data Path Delay:        0.228ns  (logic 0.141ns (61.814%)  route 0.087ns (38.186%))
  Logic Levels:           0  
  Clock Path Skew:        0.022ns (DCD - SCD - CPR)
    Destination Clock Delay (DCD):    0.432ns
    Source Clock Delay      (SCD):    0.410ns
    Clock Pessimism Removal (CPR):    -0.000ns

    Location             Delay type                Incr(ns)  Path(ns)    Netlist Resource(s)
  -------------------------------------------------------------------    -------------------
                         (clock clk rise edge)        0.000     0.000 r  
                                                      0.000     0.000 r  clk (IN)
                         net (fo=1191, unset)         0.410     0.410    core/clk
    SLICE_X55Y74         FDRE                                         r  core/d_pc_reg[5]/C
  -------------------------------------------------------------------    -------------------
    SLICE_X55Y74         FDRE (Prop_fdre_C_Q)         0.141     0.551 r  core/d_pc_reg[5]/Q
                         net (fo=1, routed)           0.087     0.638    core/d_pc__0[5]
    SLICE_X54Y74         FDRE                                         r  core/e_pc_reg[5]/D
  -------------------------------------------------------------------    -------------------

                         (clock clk rise edge)        0.000     0.000 r  
                                                      0.000     0.000 r  clk (IN)
                         net (fo=1191, unset)         0.432     0.432    core/clk
    SLICE_X54Y74         FDRE                                         r  core/e_pc_reg[5]/C
                         clock pessimism              0.000     0.432    
    SLICE_X54Y74         FDRE (Hold_fdre_C_D)         0.085     0.517    core/e_pc_reg[5]
  -------------------------------------------------------------------
                         required time                         -0.517    
                         arrival time                           0.638    
  -------------------------------------------------------------------
                         slack                                  0.122    

Slack (MET) :             0.123ns  (arrival time - required time)
  Source:                 core/w_reg[rd][2]/C
                            (rising edge-triggered cell FDRE clocked by clk  {rise@0.000ns fall@5.000ns period=10.000ns})
  Destination:            core/rf_reg_r1_0_31_30_31/DP/WADR2
                            (rising edge-triggered cell RAMD32 clocked by clk  {rise@0.000ns fall@5.000ns period=10.000ns})
  Path Group:             clk
  Path Type:              Hold (Min at Fast Process Corner)
  Requirement:            0.000ns  (clk rise@0.000ns - clk rise@0.000ns)
  Data Path Delay:        0.398ns  (logic 0.164ns (41.179%)  route 0.234ns (58.821%))
  Logic Levels:           0  
  Clock Path Skew:        0.022ns (DCD - SCD - CPR)
    Destination Clock Delay (DCD):    0.432ns
    Source Clock Delay      (SCD):    0.410ns
    Clock Pessimism Removal (CPR):    -0.000ns

    Location             Delay type                Incr(ns)  Path(ns)    Netlist Resource(s)
  -------------------------------------------------------------------    -------------------
                         (clock clk rise edge)        0.000     0.000 r  
                                                      0.000     0.000 r  clk (IN)
                         net (fo=1191, unset)         0.410     0.410    core/clk
    SLICE_X58Y90         FDRE                                         r  core/w_reg[rd][2]/C
  -------------------------------------------------------------------    -------------------
    SLICE_X58Y90         FDRE (Prop_fdre_C_Q)         0.164     0.574 r  core/w_reg[rd][2]/Q
                         net (fo=92, routed)          0.234     0.808    core/rf_reg_r1_0_31_30_31/A2
    SLICE_X54Y90         RAMD32                                       r  core/rf_reg_r1_0_31_30_31/DP/WADR2
  -------------------------------------------------------------------    -------------------

                         (clock clk rise edge)        0.000     0.000 r  
                                                      0.000     0.000 r  clk (IN)
                         net (fo=1191, unset)         0.432     0.432    core/rf_reg_r1_0_31_30_31/WCLK
    SLICE_X54Y90         RAMD32                                       r  core/rf_reg_r1_0_31_30_31/DP/CLK
                         clock pessimism              0.000     0.432    
    SLICE_X54Y90         RAMD32 (Hold_ramd32_CLK_WADR2)
                                                      0.254     0.686    core/rf_reg_r1_0_31_30_31/DP
  -------------------------------------------------------------------
                         required time                         -0.686    
                         arrival time                           0.808    
  -------------------------------------------------------------------
                         slack                                  0.123    

Slack (MET) :             0.123ns  (arrival time - required time)
  Source:                 core/w_reg[rd][2]/C
                            (rising edge-triggered cell FDRE clocked by clk  {rise@0.000ns fall@5.000ns period=10.000ns})
  Destination:            core/rf_reg_r1_0_31_30_31/SP/WADR2
                            (rising edge-triggered cell RAMD32 clocked by clk  {rise@0.000ns fall@5.000ns period=10.000ns})
  Path Group:             clk
  Path Type:              Hold (Min at Fast Process Corner)
  Requirement:            0.000ns  (clk rise@0.000ns - clk rise@0.000ns)
  Data Path Delay:        0.398ns  (logic 0.164ns (41.179%)  route 0.234ns (58.821%))
  Logic Levels:           0  
  Clock Path Skew:        0.022ns (DCD - SCD - CPR)
    Destination Clock Delay (DCD):    0.432ns
    Source Clock Delay      (SCD):    0.410ns
    Clock Pessimism Removal (CPR):    -0.000ns

    Location             Delay type                Incr(ns)  Path(ns)    Netlist Resource(s)
  -------------------------------------------------------------------    -------------------
                         (clock clk rise edge)        0.000     0.000 r  
                                                      0.000     0.000 r  clk (IN)
                         net (fo=1191, unset)         0.410     0.410    core/clk
    SLICE_X58Y90         FDRE                                         r  core/w_reg[rd][2]/C
  -------------------------------------------------------------------    -------------------
    SLICE_X58Y90         FDRE (Prop_fdre_C_Q)         0.164     0.574 r  core/w_reg[rd][2]/Q
                         net (fo=92, routed)          0.234     0.808    core/rf_reg_r1_0_31_30_31/A2
    SLICE_X54Y90         RAMD32                                       r  core/rf_reg_r1_0_31_30_31/SP/WADR2
  -------------------------------------------------------------------    -------------------

                         (clock clk rise edge)        0.000     0.000 r  
                                                      0.000     0.000 r  clk (IN)
                         net (fo=1191, unset)         0.432     0.432    core/rf_reg_r1_0_31_30_31/WCLK
    SLICE_X54Y90         RAMD32                                       r  core/rf_reg_r1_0_31_30_31/SP/CLK
                         clock pessimism              0.000     0.432    
    SLICE_X54Y90         RAMD32 (Hold_ramd32_CLK_WADR2)
                                                      0.254     0.686    core/rf_reg_r1_0_31_30_31/SP
  -------------------------------------------------------------------
                         required time                         -0.686    
                         arrival time                           0.808    
  -------------------------------------------------------------------
                         slack                                  0.123    

Slack (MET) :             0.123ns  (arrival time - required time)
  Source:                 core/w_reg[rd][2]/C
                            (rising edge-triggered cell FDRE clocked by clk  {rise@0.000ns fall@5.000ns period=10.000ns})
  Destination:            core/rf_reg_r1_0_31_30_31__0/DP/WADR2
                            (rising edge-triggered cell RAMD32 clocked by clk  {rise@0.000ns fall@5.000ns period=10.000ns})
  Path Group:             clk
  Path Type:              Hold (Min at Fast Process Corner)
  Requirement:            0.000ns  (clk rise@0.000ns - clk rise@0.000ns)
  Data Path Delay:        0.398ns  (logic 0.164ns (41.179%)  route 0.234ns (58.821%))
  Logic Levels:           0  
  Clock Path Skew:        0.022ns (DCD - SCD - CPR)
    Destination Clock Delay (DCD):    0.432ns
    Source Clock Delay      (SCD):    0.410ns
    Clock Pessimism Removal (CPR):    -0.000ns

    Location             Delay type                Incr(ns)  Path(ns)    Netlist Resource(s)
  -------------------------------------------------------------------    -------------------
                         (clock clk rise edge)        0.000     0.000 r  
                                                      0.000     0.000 r  clk (IN)
                         net (fo=1191, unset)         0.410     0.410    core/clk
    SLICE_X58Y90         FDRE                                         r  core/w_reg[rd][2]/C
  -------------------------------------------------------------------    -------------------
    SLICE_X58Y90         FDRE (Prop_fdre_C_Q)         0.164     0.574 r  core/w_reg[rd][2]/Q
                         net (fo=92, routed)          0.234     0.808    core/rf_reg_r1_0_31_30_31__0/A2
    SLICE_X54Y90         RAMD32                                       r  core/rf_reg_r1_0_31_30_31__0/DP/WADR2
  -------------------------------------------------------------------    -------------------

                         (clock clk rise edge)        0.000     0.000 r  
                                                      0.000     0.000 r  clk (IN)
                         net (fo=1191, unset)         0.432     0.432    core/rf_reg_r1_0_31_30_31__0/WCLK
    SLICE_X54Y90         RAMD32                                       r  core/rf_reg_r1_0_31_30_31__0/DP/CLK
                         clock pessimism              0.000     0.432    
    SLICE_X54Y90         RAMD32 (Hold_ramd32_CLK_WADR2)
                                                      0.254     0.686    core/rf_reg_r1_0_31_30_31__0/DP
  -------------------------------------------------------------------
                         required time                         -0.686    
                         arrival time                           0.808    
  -------------------------------------------------------------------
                         slack                                  0.123    

Slack (MET) :             0.123ns  (arrival time - required time)
  Source:                 core/w_reg[rd][2]/C
                            (rising edge-triggered cell FDRE clocked by clk  {rise@0.000ns fall@5.000ns period=10.000ns})
  Destination:            core/rf_reg_r1_0_31_30_31__0/SP/WADR2
                            (rising edge-triggered cell RAMD32 clocked by clk  {rise@0.000ns fall@5.000ns period=10.000ns})
  Path Group:             clk
  Path Type:              Hold (Min at Fast Process Corner)
  Requirement:            0.000ns  (clk rise@0.000ns - clk rise@0.000ns)
  Data Path Delay:        0.398ns  (logic 0.164ns (41.179%)  route 0.234ns (58.821%))
  Logic Levels:           0  
  Clock Path Skew:        0.022ns (DCD - SCD - CPR)
    Destination Clock Delay (DCD):    0.432ns
    Source Clock Delay      (SCD):    0.410ns
    Clock Pessimism Removal (CPR):    -0.000ns

    Location             Delay type                Incr(ns)  Path(ns)    Netlist Resource(s)
  -------------------------------------------------------------------    -------------------
                         (clock clk rise edge)        0.000     0.000 r  
                                                      0.000     0.000 r  clk (IN)
                         net (fo=1191, unset)         0.410     0.410    core/clk
    SLICE_X58Y90         FDRE                                         r  core/w_reg[rd][2]/C
  -------------------------------------------------------------------    -------------------
    SLICE_X58Y90         FDRE (Prop_fdre_C_Q)         0.164     0.574 r  core/w_reg[rd][2]/Q
                         net (fo=92, routed)          0.234     0.808    core/rf_reg_r1_0_31_30_31__0/A2
    SLICE_X54Y90         RAMD32                                       r  core/rf_reg_r1_0_31_30_31__0/SP/WADR2
  -------------------------------------------------------------------    -------------------

                         (clock clk rise edge)        0.000     0.000 r  
                                                      0.000     0.000 r  clk (IN)
                         net (fo=1191, unset)         0.432     0.432    core/rf_reg_r1_0_31_30_31__0/WCLK
    SLICE_X54Y90         RAMD32                                       r  core/rf_reg_r1_0_31_30_31__0/SP/CLK
                         clock pessimism              0.000     0.432    
    SLICE_X54Y90         RAMD32 (Hold_ramd32_CLK_WADR2)
                                                      0.254     0.686    core/rf_reg_r1_0_31_30_31__0/SP
  -------------------------------------------------------------------
                         required time                         -0.686    
                         arrival time                           0.808    
  -------------------------------------------------------------------
                         slack                                  0.123    

Slack (MET) :             0.123ns  (arrival time - required time)
  Source:                 core/w_reg[rd][2]/C
                            (rising edge-triggered cell FDRE clocked by clk  {rise@0.000ns fall@5.000ns period=10.000ns})
  Destination:            core/rf_reg_r2_0_31_30_31/DP/WADR2
                            (rising edge-triggered cell RAMD32 clocked by clk  {rise@0.000ns fall@5.000ns period=10.000ns})
  Path Group:             clk
  Path Type:              Hold (Min at Fast Process Corner)
  Requirement:            0.000ns  (clk rise@0.000ns - clk rise@0.000ns)
  Data Path Delay:        0.398ns  (logic 0.164ns (41.179%)  route 0.234ns (58.821%))
  Logic Levels:           0  
  Clock Path Skew:        0.022ns (DCD - SCD - CPR)
    Destination Clock Delay (DCD):    0.432ns
    Source Clock Delay      (SCD):    0.410ns
    Clock Pessimism Removal (CPR):    -0.000ns

    Location             Delay type                Incr(ns)  Path(ns)    Netlist Resource(s)
  -------------------------------------------------------------------    -------------------
                         (clock clk rise edge)        0.000     0.000 r  
                                                      0.000     0.000 r  clk (IN)
                         net (fo=1191, unset)         0.410     0.410    core/clk
    SLICE_X58Y90         FDRE                                         r  core/w_reg[rd][2]/C
  -------------------------------------------------------------------    -------------------
    SLICE_X58Y90         FDRE (Prop_fdre_C_Q)         0.164     0.574 r  core/w_reg[rd][2]/Q
                         net (fo=92, routed)          0.234     0.808    core/rf_reg_r2_0_31_30_31/A2
    SLICE_X54Y90         RAMD32                                       r  core/rf_reg_r2_0_31_30_31/DP/WADR2
  -------------------------------------------------------------------    -------------------

                         (clock clk rise edge)        0.000     0.000 r  
                                                      0.000     0.000 r  clk (IN)
                         net (fo=1191, unset)         0.432     0.432    core/rf_reg_r2_0_31_30_31/WCLK
    SLICE_X54Y90         RAMD32                                       r  core/rf_reg_r2_0_31_30_31/DP/CLK
                         clock pessimism              0.000     0.432    
    SLICE_X54Y90         RAMD32 (Hold_ramd32_CLK_WADR2)
                                                      0.254     0.686    core/rf_reg_r2_0_31_30_31/DP
  -------------------------------------------------------------------
                         required time                         -0.686    
                         arrival time                           0.808    
  -------------------------------------------------------------------
                         slack                                  0.123    

Slack (MET) :             0.123ns  (arrival time - required time)
  Source:                 core/w_reg[rd][2]/C
                            (rising edge-triggered cell FDRE clocked by clk  {rise@0.000ns fall@5.000ns period=10.000ns})
  Destination:            core/rf_reg_r2_0_31_30_31/SP/WADR2
                            (rising edge-triggered cell RAMD32 clocked by clk  {rise@0.000ns fall@5.000ns period=10.000ns})
  Path Group:             clk
  Path Type:              Hold (Min at Fast Process Corner)
  Requirement:            0.000ns  (clk rise@0.000ns - clk rise@0.000ns)
  Data Path Delay:        0.398ns  (logic 0.164ns (41.179%)  route 0.234ns (58.821%))
  Logic Levels:           0  
  Clock Path Skew:        0.022ns (DCD - SCD - CPR)
    Destination Clock Delay (DCD):    0.432ns
    Source Clock Delay      (SCD):    0.410ns
    Clock Pessimism Removal (CPR):    -0.000ns

    Location             Delay type                Incr(ns)  Path(ns)    Netlist Resource(s)
  -------------------------------------------------------------------    -------------------
                         (clock clk rise edge)        0.000     0.000 r  
                                                      0.000     0.000 r  clk (IN)
                         net (fo=1191, unset)         0.410     0.410    core/clk
    SLICE_X58Y90         FDRE                                         r  core/w_reg[rd][2]/C
  -------------------------------------------------------------------    -------------------
    SLICE_X58Y90         FDRE (Prop_fdre_C_Q)         0.164     0.574 r  core/w_reg[rd][2]/Q
                         net (fo=92, routed)          0.234     0.808    core/rf_reg_r2_0_31_30_31/A2
    SLICE_X54Y90         RAMD32                                       r  core/rf_reg_r2_0_31_30_31/SP/WADR2
  -------------------------------------------------------------------    -------------------

                         (clock clk rise edge)        0.000     0.000 r  
                                                      0.000     0.000 r  clk (IN)
                         net (fo=1191, unset)         0.432     0.432    core/rf_reg_r2_0_31_30_31/WCLK
    SLICE_X54Y90         RAMD32                                       r  core/rf_reg_r2_0_31_30_31/SP/CLK
                         clock pessimism              0.000     0.432    
    SLICE_X54Y90         RAMD32 (Hold_ramd32_CLK_WADR2)
                                                      0.254     0.686    core/rf_reg_r2_0_31_30_31/SP
  -------------------------------------------------------------------
                         required time                         -0.686    
                         arrival time                           0.808    
  -------------------------------------------------------------------
                         slack                                  0.123    

Slack (MET) :             0.123ns  (arrival time - required time)
  Source:                 core/w_reg[rd][2]/C
                            (rising edge-triggered cell FDRE clocked by clk  {rise@0.000ns fall@5.000ns period=10.000ns})
  Destination:            core/rf_reg_r2_0_31_30_31__0/DP/WADR2
                            (rising edge-triggered cell RAMD32 clocked by clk  {rise@0.000ns fall@5.000ns period=10.000ns})
  Path Group:             clk
  Path Type:              Hold (Min at Fast Process Corner)
  Requirement:            0.000ns  (clk rise@0.000ns - clk rise@0.000ns)
  Data Path Delay:        0.398ns  (logic 0.164ns (41.179%)  route 0.234ns (58.821%))
  Logic Levels:           0  
  Clock Path Skew:        0.022ns (DCD - SCD - CPR)
    Destination Clock Delay (DCD):    0.432ns
    Source Clock Delay      (SCD):    0.410ns
    Clock Pessimism Removal (CPR):    -0.000ns

    Location             Delay type                Incr(ns)  Path(ns)    Netlist Resource(s)
  -------------------------------------------------------------------    -------------------
                         (clock clk rise edge)        0.000     0.000 r  
                                                      0.000     0.000 r  clk (IN)
                         net (fo=1191, unset)         0.410     0.410    core/clk
    SLICE_X58Y90         FDRE                                         r  core/w_reg[rd][2]/C
  -------------------------------------------------------------------    -------------------
    SLICE_X58Y90         FDRE (Prop_fdre_C_Q)         0.164     0.574 r  core/w_reg[rd][2]/Q
                         net (fo=92, routed)          0.234     0.808    core/rf_reg_r2_0_31_30_31__0/A2
    SLICE_X54Y90         RAMD32                                       r  core/rf_reg_r2_0_31_30_31__0/DP/WADR2
  -------------------------------------------------------------------    -------------------

                         (clock clk rise edge)        0.000     0.000 r  
                                                      0.000     0.000 r  clk (IN)
                         net (fo=1191, unset)         0.432     0.432    core/rf_reg_r2_0_31_30_31__0/WCLK
    SLICE_X54Y90         RAMD32                                       r  core/rf_reg_r2_0_31_30_31__0/DP/CLK
                         clock pessimism              0.000     0.432    
    SLICE_X54Y90         RAMD32 (Hold_ramd32_CLK_WADR2)
                                                      0.254     0.686    core/rf_reg_r2_0_31_30_31__0/DP
  -------------------------------------------------------------------
                         required time                         -0.686    
                         arrival time                           0.808    
  -------------------------------------------------------------------
                         slack                                  0.123    





Pulse Width Checks
--------------------------------------------------------------------------------------
Clock Name:         clk
Waveform(ns):       { 0.000 5.000 }
Period(ns):         10.000
Sources:            { clk }

Check Type        Corner  Lib Pin     Reference Pin  Required(ns)  Actual(ns)  Slack(ns)  Location      Pin
Min Period        n/a     FDRE/C      n/a            1.000         10.000      9.000      SLICE_X60Y87  core/d_acc_last_reg/C
Min Period        n/a     FDRE/C      n/a            1.000         10.000      9.000      SLICE_X64Y74  core/d_err_reg/C
Min Period        n/a     FDRE/C      n/a            1.000         10.000      9.000      SLICE_X61Y70  core/d_insn_reg[0]/C
Min Period        n/a     FDRE/C      n/a            1.000         10.000      9.000      SLICE_X59Y75  core/d_insn_reg[10]/C
Min Period        n/a     FDRE/C      n/a            1.000         10.000      9.000      SLICE_X61Y74  core/d_insn_reg[11]/C
Min Period        n/a     FDRE/C      n/a            1.000         10.000      9.000      SLICE_X59Y76  core/d_insn_reg[12]/C
Min Period        n/a     FDRE/C      n/a            1.000         10.000      9.000      SLICE_X61Y76  core/d_insn_reg[13]/C
Min Period        n/a     FDRE/C      n/a            1.000         10.000      9.000      SLICE_X59Y76  core/d_insn_reg[14]/C
Min Period        n/a     FDRE/C      n/a            1.000         10.000      9.000      SLICE_X57Y79  core/d_insn_reg[15]/C
Min Period        n/a     FDRE/C      n/a            1.000         10.000      9.000      SLICE_X61Y78  core/d_insn_reg[16]/C
Low Pulse Width   Slow    RAMD32/CLK  n/a            1.250         5.000       3.750      SLICE_X58Y75  core/fetch/buf_err_reg_0_3_0_0/DP/CLK
Low Pulse Width   Fast    RAMD32/CLK  n/a            1.250         5.000       3.750      SLICE_X58Y75  core/fetch/buf_err_reg_0_3_0_0/DP/CLK
Low Pulse Width   Slow    RAMD32/CLK  n/a            1.250         5.000       3.750      SLICE_X58Y75  core/fetch/buf_err_reg_0_3_0_0/SP/CLK
Low Pulse Width   Fast    RAMD32/CLK  n/a            1.250         5.000       3.750      SLICE_X58Y75  core/fetch/buf_err_reg_0_3_0_0/SP/CLK
Low Pulse Width   Slow    RAMD32/CLK  n/a            1.250         5.000       3.750      SLICE_X62Y71  core/fetch/buf_insn_reg_0_3_0_5/RAMA/CLK
Low Pulse Width   Fast    RAMD32/CLK  n/a            1.250         5.000       3.750      SLICE_X62Y71  core/fetch/buf_insn_reg_0_3_0_5/RAMA/CLK
Low Pulse Width   Slow    RAMD32/CLK  n/a            1.250         5.000       3.750      SLICE_X62Y71  core/fetch/buf_insn_reg_0_3_0_5/RAMA_D1/CLK
Low Pulse Width   Fast    RAMD32/CLK  n/a            1.250         5.000       3.750      SLICE_X62Y71  core/fetch/buf_insn_reg_0_3_0_5/RAMA_D1/CLK
Low Pulse Width   Slow    RAMD32/CLK  n/a            1.250         5.000       3.750      SLICE_X62Y71  core/fetch/buf_insn_reg_0_3_0_5/RAMB/CLK
Low Pulse Width   Fast    RAMD32/CLK  n/a            1.250         5.000       3.750      SLICE_X62Y71  core/fetch/buf_insn_reg_0_3_0_5/RAMB/CLK
High Pulse Width  Slow    RAMD32/CLK  n/a            1.250         5.000       3.750      SLICE_X58Y75  core/fetch/buf_err_reg_0_3_0_0/DP/CLK
High Pulse Width  Fast    RAMD32/CLK  n/a            1.250         5.000       3.750      SLICE_X58Y75  core/fetch/buf_err_reg_0_3_0_0/DP/CLK
High Pulse Width  Slow    RAMD32/CLK  n/a            1.250         5.000       3.750      SLICE_X58Y75  core/fetch/buf_err_reg_0_3_0_0/SP/CLK
High Pulse Width  Fast    RAMD32/CLK  n/a            1.250         5.000       3.750      SLICE_X58Y75  core/fetch/buf_err_reg_0_3_0_0/SP/CLK
High Pulse Width  Slow    RAMD32/CLK  n/a            1.250         5.000       3.750      SLICE_X62Y71  core/fetch/buf_insn_reg_0_3_0_5/RAMA/CLK
High Pulse Width  Fast    RAMD32/CLK  n/a            1.250         5.000       3.750      SLICE_X62Y71  core/fetch/buf_insn_reg_0_3_0_5/RAMA/CLK
High Pulse Width  Slow    RAMD32/CLK  n/a            1.250         5.000       3.750      SLICE_X62Y71  core/fetch/buf_insn_reg_0_3_0_5/RAMA_D1/CLK
High Pulse Width  Fast    RAMD32/CLK  n/a            1.250         5.000       3.750      SLICE_X62Y71  core/fetch/buf_insn_reg_0_3_0_5/RAMA_D1/CLK
High Pulse Width  Slow    RAMD32/CLK  n/a            1.250         5.000       3.750      SLICE_X62Y71  core/fetch/buf_insn_reg_0_3_0_5/RAMB/CLK
High Pulse Width  Fast    RAMD32/CLK  n/a            1.250         5.000       3.750      SLICE_X62Y71  core/fetch/buf_insn_reg_0_3_0_5/RAMB/CLK



