Copyright 1986-2022 Xilinx, Inc. All Rights Reserved. Copyright 2022-2025 Advanced Micro Devices, Inc. All Rights Reserved.
---------------------------------------------------------------------------------------------------------------------------------------------
| Tool Version : Vivado v.2025.1 (lin64) Build 6140274 Wed May 21 22:58:25 MDT 2025
| Date         : Wed Sep 30 23:33:22 2026
| Host         : gondor running 64-bit Ubuntu 24.04.5 LTS
| Command      : report_timing_summary -max_paths 10 -file /home/elfo/Documents/Aster/build/timing/fpga/aster/timing_summary.rpt
| Design       : timing_aster
| Device       : 7z020-clg400
| Speed File   : -1  PRODUCTION 1.12 2019-11-22
| Design State : Routed
---------------------------------------------------------------------------------------------------------------------------------------------

Timing Summary Report

------------------------------------------------------------------------------------------------
| Timer Settings
| --------------
------------------------------------------------------------------------------------------------

  Enable Multi Corner Analysis               :  Yes
  Enable Pessimism Removal                   :  Yes
  Pessimism Removal Resolution               :  Nearest Common Node
  Enable Input Delay Default Clock           :  No
  Enable Preset / Clear Arcs                 :  No
  Disable Flight Delays                      :  No
  Ignore I/O Paths                           :  No
  Timing Early Launch at Borrowing Latches   :  No
  Borrow Time for Max Delay Exceptions       :  Yes
  Merge Timing Exceptions                    :  Yes
  Inter-SLR Compensation                     :  Conservative

  Corner  Analyze    Analyze    
  Name    Max Paths  Min Paths  
  ------  ---------  ---------  
  Slow    Yes        Yes        
  Fast    Yes        Yes        


------------------------------------------------------------------------------------------------
| Report Methodology
| ------------------
------------------------------------------------------------------------------------------------

No report available as report_methodology has not been run prior. Run report_methodology on the current design for the summary of methodology violations.



check_timing report

Table of Contents
-----------------
1. checking no_clock (0)
2. checking constant_clock (0)
3. checking pulse_width_clock (0)
4. checking unconstrained_internal_endpoints (0)
5. checking no_input_delay (71)
6. checking no_output_delay (102)
7. checking multiple_clock (0)
8. checking generated_clocks (0)
9. checking loops (0)
10. checking partial_input_delay (0)
11. checking partial_output_delay (0)
12. checking latch_loops (0)

1. checking no_clock (0)
------------------------
 There are 0 register/latch pins with no clock.


2. checking constant_clock (0)
------------------------------
 There are 0 register/latch pins with constant_clock.


3. checking pulse_width_clock (0)
---------------------------------
 There are 0 register/latch pins which need pulse_width check


4. checking unconstrained_internal_endpoints (0)
------------------------------------------------
 There are 0 pins that are not constrained for maximum delay.

 There are 0 pins that are not constrained for maximum delay due to constant clock.


5. checking no_input_delay (71)
-------------------------------
 There are 71 input ports with no input delay specified. (HIGH)

 There are 0 input ports with no input delay but user has a false path constraint.


6. checking no_output_delay (102)
---------------------------------
 There are 102 ports with no output delay specified. (HIGH)

 There are 0 ports with no output delay but user has a false path constraint

 There are 0 ports with no output delay but with a timing clock defined on it or propagating through it


7. checking multiple_clock (0)
------------------------------
 There are 0 register/latch pins with multiple clocks.


8. checking generated_clocks (0)
--------------------------------
 There are 0 generated clocks that are not connected to a clock source.


9. checking loops (0)
---------------------
 There are 0 combinational loops in the design.


10. checking partial_input_delay (0)
------------------------------------
 There are 0 input ports with partial input delay specified.


11. checking partial_output_delay (0)
-------------------------------------
 There are 0 ports with partial output delay specified.


12. checking latch_loops (0)
----------------------------
 There are 0 combinational latch loops in the design through latch input



------------------------------------------------------------------------------------------------
| Design Timing Summary
| ---------------------
------------------------------------------------------------------------------------------------

    WNS(ns)      TNS(ns)  TNS Failing Endpoints  TNS Total Endpoints      WHS(ns)      THS(ns)  THS Failing Endpoints  THS Total Endpoints     WPWS(ns)     TPWS(ns)  TPWS Failing Endpoints  TPWS Total Endpoints  
    -------      -------  ---------------------  -------------------      -------      -------  ---------------------  -------------------     --------     --------  ----------------------  --------------------  
      0.811        0.000                      0                 2175        0.056        0.000                      0                 2175        3.750        0.000                       0                   753  


All user specified timing constraints are met.


------------------------------------------------------------------------------------------------
| Clock Summary
| -------------
------------------------------------------------------------------------------------------------

Clock  Waveform(ns)       Period(ns)      Frequency(MHz)
-----  ------------       ----------      --------------
clk    {0.000 5.000}      10.000          100.000         


------------------------------------------------------------------------------------------------
| Intra Clock Table
| -----------------
------------------------------------------------------------------------------------------------

Clock             WNS(ns)      TNS(ns)  TNS Failing Endpoints  TNS Total Endpoints      WHS(ns)      THS(ns)  THS Failing Endpoints  THS Total Endpoints     WPWS(ns)     TPWS(ns)  TPWS Failing Endpoints  TPWS Total Endpoints  
-----             -------      -------  ---------------------  -------------------      -------      -------  ---------------------  -------------------     --------     --------  ----------------------  --------------------  
clk                 0.811        0.000                      0                 2175        0.056        0.000                      0                 2175        3.750        0.000                       0                   753  


------------------------------------------------------------------------------------------------
| Inter Clock Table
| -----------------
------------------------------------------------------------------------------------------------

From Clock    To Clock          WNS(ns)      TNS(ns)  TNS Failing Endpoints  TNS Total Endpoints      WHS(ns)      THS(ns)  THS Failing Endpoints  THS Total Endpoints  
----------    --------          -------      -------  ---------------------  -------------------      -------      -------  ---------------------  -------------------  


------------------------------------------------------------------------------------------------
| Other Path Groups Table
| -----------------------
------------------------------------------------------------------------------------------------

Path Group    From Clock    To Clock          WNS(ns)      TNS(ns)  TNS Failing Endpoints  TNS Total Endpoints      WHS(ns)      THS(ns)  THS Failing Endpoints  THS Total Endpoints  
----------    ----------    --------          -------      -------  ---------------------  -------------------      -------      -------  ---------------------  -------------------  


------------------------------------------------------------------------------------------------
| Timing Details
| --------------
------------------------------------------------------------------------------------------------


---------------------------------------------------------------------------------------------------
From Clock:  clk
  To Clock:  clk

Setup :            0  Failing Endpoints,  Worst Slack        0.811ns,  Total Violation        0.000ns
Hold  :            0  Failing Endpoints,  Worst Slack        0.056ns,  Total Violation        0.000ns
PW    :            0  Failing Endpoints,  Worst Slack        3.750ns,  Total Violation        0.000ns
---------------------------------------------------------------------------------------------------


Max Delay Paths
--------------------------------------------------------------------------------------
Slack (MET) :             0.811ns  (required time - arrival time)
  Source:                 core/fsel1_reg[0]/C
                            (rising edge-triggered cell FDSE clocked by clk  {rise@0.000ns fall@5.000ns period=10.000ns})
  Destination:            core/fetch/e_pending_reg_inv/D
                            (rising edge-triggered cell FDSE clocked by clk  {rise@0.000ns fall@5.000ns period=10.000ns})
  Path Group:             clk
  Path Type:              Setup (Max at Slow Process Corner)
  Requirement:            10.000ns  (clk rise@10.000ns - clk rise@0.000ns)
  Data Path Delay:        9.038ns  (logic 2.685ns (29.709%)  route 6.353ns (70.291%))
  Logic Levels:           10  (CARRY4=3 LUT2=1 LUT4=1 LUT5=1 LUT6=4)
  Clock Path Skew:        -0.049ns (DCD - SCD + CPR)
    Destination Clock Delay (DCD):    0.924ns = ( 10.924 - 10.000 ) 
    Source Clock Delay      (SCD):    0.973ns
    Clock Pessimism Removal (CPR):    0.000ns
  Clock Uncertainty:      0.035ns  ((TSJ^2 + TIJ^2)^1/2 + DJ) / 2 + PE
    Total System Jitter     (TSJ):    0.071ns
    Total Input Jitter      (TIJ):    0.000ns
    Discrete Jitter          (DJ):    0.000ns
    Phase Error              (PE):    0.000ns

    Location             Delay type                Incr(ns)  Path(ns)    Netlist Resource(s)
  -------------------------------------------------------------------    -------------------
                         (clock clk rise edge)        0.000     0.000 r  
                                                      0.000     0.000 r  clk (IN)
                         net (fo=752, unset)          0.973     0.973    core/clk
    SLICE_X34Y56         FDSE                                         r  core/fsel1_reg[0]/C
  -------------------------------------------------------------------    -------------------
    SLICE_X34Y56         FDSE (Prop_fdse_C_Q)         0.518     1.491 r  core/fsel1_reg[0]/Q
                         net (fo=32, routed)          1.143     2.634    core/fetch/m1[result][29]_i_5[0]
    SLICE_X41Y61         LUT4 (Prop_lut4_I1_O)        0.124     2.758 r  core/fetch/d_req_addr[0]_INST_0_i_11/O
                         net (fo=4, routed)           0.711     3.470    core/fetch/e_rs1v_reg[1]
    SLICE_X40Y61         LUT5 (Prop_lut5_I4_O)        0.152     3.622 r  core/fetch/d_req_addr[0]_INST_0_i_3/O
                         net (fo=14, routed)          1.286     4.908    core/fetch/fsel1_reg[1]_1
    SLICE_X40Y67         LUT6 (Prop_lut6_I1_O)        0.332     5.240 r  core/fetch/m1[writes_rd]_i_108/O
                         net (fo=1, routed)           0.000     5.240    core/fetch/m1[writes_rd]_i_108_n_0
    SLICE_X40Y67         CARRY4 (Prop_carry4_S[0]_CO[3])
                                                      0.532     5.772 r  core/fetch/m1_reg[writes_rd]_i_69/CO[3]
                         net (fo=1, routed)           0.000     5.772    core/fetch/m1_reg[writes_rd]_i_69_n_0
    SLICE_X40Y68         CARRY4 (Prop_carry4_CI_CO[3])
                                                      0.114     5.886 r  core/fetch/m1_reg[writes_rd]_i_33/CO[3]
                         net (fo=1, routed)           0.000     5.886    core/fetch/m1_reg[writes_rd]_i_33_n_0
    SLICE_X40Y69         CARRY4 (Prop_carry4_CI_CO[2])
                                                      0.228     6.114 r  core/fetch/m1_reg[writes_rd]_i_9/CO[2]
                         net (fo=1, routed)           0.900     7.014    core/fetch/m1_reg[writes_rd]_i_9_n_1
    SLICE_X43Y66         LUT6 (Prop_lut6_I3_O)        0.313     7.327 r  core/fetch/m1[writes_rd]_i_5/O
                         net (fo=1, routed)           0.741     8.068    core/fetch/m1[writes_rd]_i_5_n_0
    SLICE_X39Y58         LUT6 (Prop_lut6_I4_O)        0.124     8.192 r  core/fetch/m1[writes_rd]_i_3/O
                         net (fo=4, routed)           0.467     8.658    core/fetch/e_taken
    SLICE_X37Y58         LUT6 (Prop_lut6_I3_O)        0.124     8.782 f  core/fetch/squash_i_1/O
                         net (fo=2, routed)           0.725     9.508    core/fetch/e_flush
    SLICE_X29Y57         LUT2 (Prop_lut2_I0_O)        0.124     9.632 r  core/fetch/e_pending_inv_i_1/O
                         net (fo=1, routed)           0.379    10.011    core/fetch/e_pending
    SLICE_X29Y57         FDSE                                         r  core/fetch/e_pending_reg_inv/D
  -------------------------------------------------------------------    -------------------

                         (clock clk rise edge)       10.000    10.000 r  
                                                      0.000    10.000 r  clk (IN)
                         net (fo=752, unset)          0.924    10.924    core/fetch/clk
    SLICE_X29Y57         FDSE                                         r  core/fetch/e_pending_reg_inv/C
                         clock pessimism              0.000    10.924    
                         clock uncertainty           -0.035    10.889    
    SLICE_X29Y57         FDSE (Setup_fdse_C_D)       -0.067    10.822    core/fetch/e_pending_reg_inv
  -------------------------------------------------------------------
                         required time                         10.822    
                         arrival time                         -10.011    
  -------------------------------------------------------------------
                         slack                                  0.811    

Slack (MET) :             0.996ns  (required time - arrival time)
  Source:                 core/fsel2_reg[0]/C
                            (rising edge-triggered cell FDSE clocked by clk  {rise@0.000ns fall@5.000ns period=10.000ns})
  Destination:            core/m1_reg[result][30]/D
                            (rising edge-triggered cell FDRE clocked by clk  {rise@0.000ns fall@5.000ns period=10.000ns})
  Path Group:             clk
  Path Type:              Setup (Max at Slow Process Corner)
  Requirement:            10.000ns  (clk rise@10.000ns - clk rise@0.000ns)
  Data Path Delay:        8.951ns  (logic 3.549ns (39.649%)  route 5.402ns (60.351%))
  Logic Levels:           16  (CARRY4=8 LUT2=1 LUT3=1 LUT4=2 LUT5=1 LUT6=3)
  Clock Path Skew:        -0.049ns (DCD - SCD + CPR)
    Destination Clock Delay (DCD):    0.924ns = ( 10.924 - 10.000 ) 
    Source Clock Delay      (SCD):    0.973ns
    Clock Pessimism Removal (CPR):    0.000ns
  Clock Uncertainty:      0.035ns  ((TSJ^2 + TIJ^2)^1/2 + DJ) / 2 + PE
    Total System Jitter     (TSJ):    0.071ns
    Total Input Jitter      (TIJ):    0.000ns
    Discrete Jitter          (DJ):    0.000ns
    Phase Error              (PE):    0.000ns

    Location             Delay type                Incr(ns)  Path(ns)    Netlist Resource(s)
  -------------------------------------------------------------------    -------------------
                         (clock clk rise edge)        0.000     0.000 r  
                                                      0.000     0.000 r  clk (IN)
                         net (fo=752, unset)          0.973     0.973    core/clk
    SLICE_X33Y56         FDSE                                         r  core/fsel2_reg[0]/C
  -------------------------------------------------------------------    -------------------
    SLICE_X33Y56         FDSE (Prop_fdse_C_Q)         0.456     1.429 r  core/fsel2_reg[0]/Q
                         net (fo=32, routed)          1.057     2.486    core/fetch/d_req_wdata[0][0]
    SLICE_X39Y60         LUT4 (Prop_lut4_I1_O)        0.124     2.610 r  core/fetch/d_req_wdata[1]_INST_0_i_1/O
                         net (fo=1, routed)           0.263     2.873    core/fetch/d_req_wdata[1]_INST_0_i_1_n_0
    SLICE_X39Y60         LUT5 (Prop_lut5_I4_O)        0.124     2.997 r  core/fetch/d_req_wdata[1]_INST_0/O
                         net (fo=14, routed)          1.094     4.091    core/fsel2_reg[1]_3
    SLICE_X41Y64         LUT3 (Prop_lut3_I2_O)        0.149     4.240 r  core/m1[result][1]_i_10/O
                         net (fo=104, routed)         0.647     4.887    core/m1[result][1]_i_10_n_0
    SLICE_X44Y64         LUT2 (Prop_lut2_I0_O)        0.332     5.219 r  core/m1[result][1]_i_22/O
                         net (fo=1, routed)           0.000     5.219    core/m1[result][1]_i_22_n_0
    SLICE_X44Y64         CARRY4 (Prop_carry4_S[1]_CO[3])
                                                      0.550     5.769 r  core/m1_reg[result][1]_i_13/CO[3]
                         net (fo=1, routed)           0.000     5.769    core/m1_reg[result][1]_i_13_n_0
    SLICE_X44Y65         CARRY4 (Prop_carry4_CI_CO[3])
                                                      0.114     5.883 r  core/m1_reg[result][7]_i_15/CO[3]
                         net (fo=1, routed)           0.000     5.883    core/m1_reg[result][7]_i_15_n_0
    SLICE_X44Y66         CARRY4 (Prop_carry4_CI_CO[3])
                                                      0.114     5.997 r  core/m1_reg[result][11]_i_16/CO[3]
                         net (fo=1, routed)           0.000     5.997    core/m1_reg[result][11]_i_16_n_0
    SLICE_X44Y67         CARRY4 (Prop_carry4_CI_CO[3])
                                                      0.114     6.111 r  core/m1_reg[result][15]_i_16/CO[3]
                         net (fo=1, routed)           0.000     6.111    core/m1_reg[result][15]_i_16_n_0
    SLICE_X44Y68         CARRY4 (Prop_carry4_CI_CO[3])
                                                      0.114     6.225 r  core/m1_reg[result][19]_i_18/CO[3]
                         net (fo=1, routed)           0.000     6.225    core/m1_reg[result][19]_i_18_n_0
    SLICE_X44Y69         CARRY4 (Prop_carry4_CI_CO[3])
                                                      0.114     6.339 r  core/m1_reg[result][23]_i_16/CO[3]
                         net (fo=1, routed)           0.000     6.339    core/m1_reg[result][23]_i_16_n_0
    SLICE_X44Y70         CARRY4 (Prop_carry4_CI_CO[3])
                                                      0.114     6.453 r  core/m1_reg[result][31]_i_28/CO[3]
                         net (fo=1, routed)           0.000     6.453    core/m1_reg[result][31]_i_28_n_0
    SLICE_X44Y71         CARRY4 (Prop_carry4_CI_O[2])
                                                      0.239     6.692 r  core/m1_reg[result][31]_i_19/O[2]
                         net (fo=1, routed)           0.904     7.596    core/m1_reg[result][31]_i_19_n_5
    SLICE_X46Y72         LUT4 (Prop_lut4_I0_O)        0.295     7.891 r  core/m1[result][30]_i_15/O
                         net (fo=1, routed)           0.448     8.340    core/m1[result][30]_i_15_n_0
    SLICE_X46Y74         LUT6 (Prop_lut6_I0_O)        0.348     8.688 r  core/m1[result][30]_i_11/O
                         net (fo=1, routed)           0.497     9.184    core/m1[result][30]_i_11_n_0
    SLICE_X43Y74         LUT6 (Prop_lut6_I4_O)        0.124     9.308 f  core/m1[result][30]_i_5/O
                         net (fo=1, routed)           0.492     9.800    core/m1[result][30]_i_5_n_0
    SLICE_X39Y74         LUT6 (Prop_lut6_I5_O)        0.124     9.924 r  core/m1[result][30]_i_1/O
                         net (fo=1, routed)           0.000     9.924    core/e_slot[result][30]
    SLICE_X39Y74         FDRE                                         r  core/m1_reg[result][30]/D
  -------------------------------------------------------------------    -------------------

                         (clock clk rise edge)       10.000    10.000 r  
                                                      0.000    10.000 r  clk (IN)
                         net (fo=752, unset)          0.924    10.924    core/clk
    SLICE_X39Y74         FDRE                                         r  core/m1_reg[result][30]/C
                         clock pessimism              0.000    10.924    
                         clock uncertainty           -0.035    10.889    
    SLICE_X39Y74         FDRE (Setup_fdre_C_D)        0.031    10.920    core/m1_reg[result][30]
  -------------------------------------------------------------------
                         required time                         10.920    
                         arrival time                          -9.924    
  -------------------------------------------------------------------
                         slack                                  0.996    

Slack (MET) :             1.247ns  (required time - arrival time)
  Source:                 core/fsel1_reg[0]/C
                            (rising edge-triggered cell FDSE clocked by clk  {rise@0.000ns fall@5.000ns period=10.000ns})
  Destination:            core/squash_reg/D
                            (rising edge-triggered cell FDRE clocked by clk  {rise@0.000ns fall@5.000ns period=10.000ns})
  Path Group:             clk
  Path Type:              Setup (Max at Slow Process Corner)
  Requirement:            10.000ns  (clk rise@10.000ns - clk rise@0.000ns)
  Data Path Delay:        8.624ns  (logic 2.561ns (29.696%)  route 6.063ns (70.304%))
  Logic Levels:           9  (CARRY4=3 LUT4=1 LUT5=1 LUT6=4)
  Clock Path Skew:        -0.049ns (DCD - SCD + CPR)
    Destination Clock Delay (DCD):    0.924ns = ( 10.924 - 10.000 ) 
    Source Clock Delay      (SCD):    0.973ns
    Clock Pessimism Removal (CPR):    0.000ns
  Clock Uncertainty:      0.035ns  ((TSJ^2 + TIJ^2)^1/2 + DJ) / 2 + PE
    Total System Jitter     (TSJ):    0.071ns
    Total Input Jitter      (TIJ):    0.000ns
    Discrete Jitter          (DJ):    0.000ns
    Phase Error              (PE):    0.000ns

    Location             Delay type                Incr(ns)  Path(ns)    Netlist Resource(s)
  -------------------------------------------------------------------    -------------------
                         (clock clk rise edge)        0.000     0.000 r  
                                                      0.000     0.000 r  clk (IN)
                         net (fo=752, unset)          0.973     0.973    core/clk
    SLICE_X34Y56         FDSE                                         r  core/fsel1_reg[0]/C
  -------------------------------------------------------------------    -------------------
    SLICE_X34Y56         FDSE (Prop_fdse_C_Q)         0.518     1.491 r  core/fsel1_reg[0]/Q
                         net (fo=32, routed)          1.143     2.634    core/fetch/m1[result][29]_i_5[0]
    SLICE_X41Y61         LUT4 (Prop_lut4_I1_O)        0.124     2.758 r  core/fetch/d_req_addr[0]_INST_0_i_11/O
                         net (fo=4, routed)           0.711     3.470    core/fetch/e_rs1v_reg[1]
    SLICE_X40Y61         LUT5 (Prop_lut5_I4_O)        0.152     3.622 r  core/fetch/d_req_addr[0]_INST_0_i_3/O
                         net (fo=14, routed)          1.286     4.908    core/fetch/fsel1_reg[1]_1
    SLICE_X40Y67         LUT6 (Prop_lut6_I1_O)        0.332     5.240 r  core/fetch/m1[writes_rd]_i_108/O
                         net (fo=1, routed)           0.000     5.240    core/fetch/m1[writes_rd]_i_108_n_0
    SLICE_X40Y67         CARRY4 (Prop_carry4_S[0]_CO[3])
                                                      0.532     5.772 r  core/fetch/m1_reg[writes_rd]_i_69/CO[3]
                         net (fo=1, routed)           0.000     5.772    core/fetch/m1_reg[writes_rd]_i_69_n_0
    SLICE_X40Y68         CARRY4 (Prop_carry4_CI_CO[3])
                                                      0.114     5.886 r  core/fetch/m1_reg[writes_rd]_i_33/CO[3]
                         net (fo=1, routed)           0.000     5.886    core/fetch/m1_reg[writes_rd]_i_33_n_0
    SLICE_X40Y69         CARRY4 (Prop_carry4_CI_CO[2])
                                                      0.228     6.114 r  core/fetch/m1_reg[writes_rd]_i_9/CO[2]
                         net (fo=1, routed)           0.900     7.014    core/fetch/m1_reg[writes_rd]_i_9_n_1
    SLICE_X43Y66         LUT6 (Prop_lut6_I3_O)        0.313     7.327 r  core/fetch/m1[writes_rd]_i_5/O
                         net (fo=1, routed)           0.741     8.068    core/fetch/m1[writes_rd]_i_5_n_0
    SLICE_X39Y58         LUT6 (Prop_lut6_I4_O)        0.124     8.192 r  core/fetch/m1[writes_rd]_i_3/O
                         net (fo=4, routed)           0.467     8.658    core/fetch/e_taken
    SLICE_X37Y58         LUT6 (Prop_lut6_I3_O)        0.124     8.782 r  core/fetch/squash_i_1/O
                         net (fo=2, routed)           0.815     9.597    core/e_flush
    SLICE_X30Y57         FDRE                                         r  core/squash_reg/D
  -------------------------------------------------------------------    -------------------

                         (clock clk rise edge)       10.000    10.000 r  
                                                      0.000    10.000 r  clk (IN)
                         net (fo=752, unset)          0.924    10.924    core/clk
    SLICE_X30Y57         FDRE                                         r  core/squash_reg/C
                         clock pessimism              0.000    10.924    
                         clock uncertainty           -0.035    10.889    
    SLICE_X30Y57         FDRE (Setup_fdre_C_D)       -0.045    10.844    core/squash_reg
  -------------------------------------------------------------------
                         required time                         10.844    
                         arrival time                          -9.597    
  -------------------------------------------------------------------
                         slack                                  1.247    

Slack (MET) :             1.341ns  (required time - arrival time)
  Source:                 core/fsel2_reg[0]/C
                            (rising edge-triggered cell FDSE clocked by clk  {rise@0.000ns fall@5.000ns period=10.000ns})
  Destination:            core/m1_reg[result][25]/D
                            (rising edge-triggered cell FDRE clocked by clk  {rise@0.000ns fall@5.000ns period=10.000ns})
  Path Group:             clk
  Path Type:              Setup (Max at Slow Process Corner)
  Requirement:            10.000ns  (clk rise@10.000ns - clk rise@0.000ns)
  Data Path Delay:        8.604ns  (logic 3.314ns (38.516%)  route 5.290ns (61.484%))
  Logic Levels:           15  (CARRY4=7 LUT2=1 LUT3=1 LUT4=2 LUT5=1 LUT6=3)
  Clock Path Skew:        -0.049ns (DCD - SCD + CPR)
    Destination Clock Delay (DCD):    0.924ns = ( 10.924 - 10.000 ) 
    Source Clock Delay      (SCD):    0.973ns
    Clock Pessimism Removal (CPR):    0.000ns
  Clock Uncertainty:      0.035ns  ((TSJ^2 + TIJ^2)^1/2 + DJ) / 2 + PE
    Total System Jitter     (TSJ):    0.071ns
    Total Input Jitter      (TIJ):    0.000ns
    Discrete Jitter          (DJ):    0.000ns
    Phase Error              (PE):    0.000ns

    Location             Delay type                Incr(ns)  Path(ns)    Netlist Resource(s)
  -------------------------------------------------------------------    -------------------
                         (clock clk rise edge)        0.000     0.000 r  
                                                      0.000     0.000 r  clk (IN)
                         net (fo=752, unset)          0.973     0.973    core/clk
    SLICE_X33Y56         FDSE                                         r  core/fsel2_reg[0]/C
  -------------------------------------------------------------------    -------------------
    SLICE_X33Y56         FDSE (Prop_fdse_C_Q)         0.456     1.429 r  core/fsel2_reg[0]/Q
                         net (fo=32, routed)          1.057     2.486    core/fetch/d_req_wdata[0][0]
    SLICE_X39Y60         LUT4 (Prop_lut4_I1_O)        0.124     2.610 r  core/fetch/d_req_wdata[1]_INST_0_i_1/O
                         net (fo=1, routed)           0.263     2.873    core/fetch/d_req_wdata[1]_INST_0_i_1_n_0
    SLICE_X39Y60         LUT5 (Prop_lut5_I4_O)        0.124     2.997 r  core/fetch/d_req_wdata[1]_INST_0/O
                         net (fo=14, routed)          1.094     4.091    core/fsel2_reg[1]_3
    SLICE_X41Y64         LUT3 (Prop_lut3_I2_O)        0.149     4.240 r  core/m1[result][1]_i_10/O
                         net (fo=104, routed)         0.647     4.887    core/m1[result][1]_i_10_n_0
    SLICE_X44Y64         LUT2 (Prop_lut2_I0_O)        0.332     5.219 r  core/m1[result][1]_i_22/O
                         net (fo=1, routed)           0.000     5.219    core/m1[result][1]_i_22_n_0
    SLICE_X44Y64         CARRY4 (Prop_carry4_S[1]_CO[3])
                                                      0.550     5.769 r  core/m1_reg[result][1]_i_13/CO[3]
                         net (fo=1, routed)           0.000     5.769    core/m1_reg[result][1]_i_13_n_0
    SLICE_X44Y65         CARRY4 (Prop_carry4_CI_CO[3])
                                                      0.114     5.883 r  core/m1_reg[result][7]_i_15/CO[3]
                         net (fo=1, routed)           0.000     5.883    core/m1_reg[result][7]_i_15_n_0
    SLICE_X44Y66         CARRY4 (Prop_carry4_CI_CO[3])
                                                      0.114     5.997 r  core/m1_reg[result][11]_i_16/CO[3]
                         net (fo=1, routed)           0.000     5.997    core/m1_reg[result][11]_i_16_n_0
    SLICE_X44Y67         CARRY4 (Prop_carry4_CI_CO[3])
                                                      0.114     6.111 r  core/m1_reg[result][15]_i_16/CO[3]
                         net (fo=1, routed)           0.000     6.111    core/m1_reg[result][15]_i_16_n_0
    SLICE_X44Y68         CARRY4 (Prop_carry4_CI_CO[3])
                                                      0.114     6.225 r  core/m1_reg[result][19]_i_18/CO[3]
                         net (fo=1, routed)           0.000     6.225    core/m1_reg[result][19]_i_18_n_0
    SLICE_X44Y69         CARRY4 (Prop_carry4_CI_CO[3])
                                                      0.114     6.339 r  core/m1_reg[result][23]_i_16/CO[3]
                         net (fo=1, routed)           0.000     6.339    core/m1_reg[result][23]_i_16_n_0
    SLICE_X44Y70         CARRY4 (Prop_carry4_CI_O[1])
                                                      0.334     6.673 r  core/m1_reg[result][31]_i_28/O[1]
                         net (fo=1, routed)           0.805     7.479    core/m1_reg[result][31]_i_28_n_6
    SLICE_X46Y72         LUT4 (Prop_lut4_I0_O)        0.303     7.782 r  core/m1[result][25]_i_12/O
                         net (fo=1, routed)           0.503     8.284    core/m1[result][25]_i_12_n_0
    SLICE_X46Y73         LUT6 (Prop_lut6_I0_O)        0.124     8.408 r  core/m1[result][25]_i_8/O
                         net (fo=1, routed)           0.444     8.852    core/m1[result][25]_i_8_n_0
    SLICE_X43Y73         LUT6 (Prop_lut6_I4_O)        0.124     8.976 f  core/m1[result][25]_i_4/O
                         net (fo=1, routed)           0.477     9.453    core/m1[result][25]_i_4_n_0
    SLICE_X41Y73         LUT6 (Prop_lut6_I5_O)        0.124     9.577 r  core/m1[result][25]_i_1/O
                         net (fo=1, routed)           0.000     9.577    core/e_slot[result][25]
    SLICE_X41Y73         FDRE                                         r  core/m1_reg[result][25]/D
  -------------------------------------------------------------------    -------------------

                         (clock clk rise edge)       10.000    10.000 r  
                                                      0.000    10.000 r  clk (IN)
                         net (fo=752, unset)          0.924    10.924    core/clk
    SLICE_X41Y73         FDRE                                         r  core/m1_reg[result][25]/C
                         clock pessimism              0.000    10.924    
                         clock uncertainty           -0.035    10.889    
    SLICE_X41Y73         FDRE (Setup_fdre_C_D)        0.029    10.918    core/m1_reg[result][25]
  -------------------------------------------------------------------
                         required time                         10.918    
                         arrival time                          -9.577    
  -------------------------------------------------------------------
                         slack                                  1.341    

Slack (MET) :             1.459ns  (required time - arrival time)
  Source:                 core/fsel2_reg[0]/C
                            (rising edge-triggered cell FDSE clocked by clk  {rise@0.000ns fall@5.000ns period=10.000ns})
  Destination:            core/m1_reg[result][26]/D
                            (rising edge-triggered cell FDRE clocked by clk  {rise@0.000ns fall@5.000ns period=10.000ns})
  Path Group:             clk
  Path Type:              Setup (Max at Slow Process Corner)
  Requirement:            10.000ns  (clk rise@10.000ns - clk rise@0.000ns)
  Data Path Delay:        8.486ns  (logic 3.218ns (37.921%)  route 5.268ns (62.079%))
  Logic Levels:           15  (CARRY4=7 LUT2=1 LUT3=1 LUT4=2 LUT5=1 LUT6=3)
  Clock Path Skew:        -0.049ns (DCD - SCD + CPR)
    Destination Clock Delay (DCD):    0.924ns = ( 10.924 - 10.000 ) 
    Source Clock Delay      (SCD):    0.973ns
    Clock Pessimism Removal (CPR):    0.000ns
  Clock Uncertainty:      0.035ns  ((TSJ^2 + TIJ^2)^1/2 + DJ) / 2 + PE
    Total System Jitter     (TSJ):    0.071ns
    Total Input Jitter      (TIJ):    0.000ns
    Discrete Jitter          (DJ):    0.000ns
    Phase Error              (PE):    0.000ns

    Location             Delay type                Incr(ns)  Path(ns)    Netlist Resource(s)
  -------------------------------------------------------------------    -------------------
                         (clock clk rise edge)        0.000     0.000 r  
                                                      0.000     0.000 r  clk (IN)
                         net (fo=752, unset)          0.973     0.973    core/clk
    SLICE_X33Y56         FDSE                                         r  core/fsel2_reg[0]/C
  -------------------------------------------------------------------    -------------------
    SLICE_X33Y56         FDSE (Prop_fdse_C_Q)         0.456     1.429 r  core/fsel2_reg[0]/Q
                         net (fo=32, routed)          1.057     2.486    core/fetch/d_req_wdata[0][0]
    SLICE_X39Y60         LUT4 (Prop_lut4_I1_O)        0.124     2.610 r  core/fetch/d_req_wdata[1]_INST_0_i_1/O
                         net (fo=1, routed)           0.263     2.873    core/fetch/d_req_wdata[1]_INST_0_i_1_n_0
    SLICE_X39Y60         LUT5 (Prop_lut5_I4_O)        0.124     2.997 r  core/fetch/d_req_wdata[1]_INST_0/O
                         net (fo=14, routed)          1.094     4.091    core/fsel2_reg[1]_3
    SLICE_X41Y64         LUT3 (Prop_lut3_I2_O)        0.149     4.240 r  core/m1[result][1]_i_10/O
                         net (fo=104, routed)         0.647     4.887    core/m1[result][1]_i_10_n_0
    SLICE_X44Y64         LUT2 (Prop_lut2_I0_O)        0.332     5.219 r  core/m1[result][1]_i_22/O
                         net (fo=1, routed)           0.000     5.219    core/m1[result][1]_i_22_n_0
    SLICE_X44Y64         CARRY4 (Prop_carry4_S[1]_CO[3])
                                                      0.550     5.769 r  core/m1_reg[result][1]_i_13/CO[3]
                         net (fo=1, routed)           0.000     5.769    core/m1_reg[result][1]_i_13_n_0
    SLICE_X44Y65         CARRY4 (Prop_carry4_CI_CO[3])
                                                      0.114     5.883 r  core/m1_reg[result][7]_i_15/CO[3]
                         net (fo=1, routed)           0.000     5.883    core/m1_reg[result][7]_i_15_n_0
    SLICE_X44Y66         CARRY4 (Prop_carry4_CI_CO[3])
                                                      0.114     5.997 r  core/m1_reg[result][11]_i_16/CO[3]
                         net (fo=1, routed)           0.000     5.997    core/m1_reg[result][11]_i_16_n_0
    SLICE_X44Y67         CARRY4 (Prop_carry4_CI_CO[3])
                                                      0.114     6.111 r  core/m1_reg[result][15]_i_16/CO[3]
                         net (fo=1, routed)           0.000     6.111    core/m1_reg[result][15]_i_16_n_0
    SLICE_X44Y68         CARRY4 (Prop_carry4_CI_CO[3])
                                                      0.114     6.225 r  core/m1_reg[result][19]_i_18/CO[3]
                         net (fo=1, routed)           0.000     6.225    core/m1_reg[result][19]_i_18_n_0
    SLICE_X44Y69         CARRY4 (Prop_carry4_CI_CO[3])
                                                      0.114     6.339 r  core/m1_reg[result][23]_i_16/CO[3]
                         net (fo=1, routed)           0.000     6.339    core/m1_reg[result][23]_i_16_n_0
    SLICE_X44Y70         CARRY4 (Prop_carry4_CI_O[2])
                                                      0.239     6.578 r  core/m1_reg[result][31]_i_28/O[2]
                         net (fo=1, routed)           0.929     7.507    core/m1_reg[result][31]_i_28_n_5
    SLICE_X47Y72         LUT4 (Prop_lut4_I0_O)        0.302     7.809 r  core/m1[result][26]_i_12/O
                         net (fo=1, routed)           0.436     8.245    core/m1[result][26]_i_12_n_0
    SLICE_X47Y74         LUT6 (Prop_lut6_I0_O)        0.124     8.369 r  core/m1[result][26]_i_8/O
                         net (fo=1, routed)           0.414     8.783    core/m1[result][26]_i_8_n_0
    SLICE_X43Y74         LUT6 (Prop_lut6_I4_O)        0.124     8.907 f  core/m1[result][26]_i_4/O
                         net (fo=1, routed)           0.428     9.335    core/m1[result][26]_i_4_n_0
    SLICE_X41Y74         LUT6 (Prop_lut6_I5_O)        0.124     9.459 r  core/m1[result][26]_i_1/O
                         net (fo=1, routed)           0.000     9.459    core/e_slot[result][26]
    SLICE_X41Y74         FDRE                                         r  core/m1_reg[result][26]/D
  -------------------------------------------------------------------    -------------------

                         (clock clk rise edge)       10.000    10.000 r  
                                                      0.000    10.000 r  clk (IN)
                         net (fo=752, unset)          0.924    10.924    core/clk
    SLICE_X41Y74         FDRE                                         r  core/m1_reg[result][26]/C
                         clock pessimism              0.000    10.924    
                         clock uncertainty           -0.035    10.889    
    SLICE_X41Y74         FDRE (Setup_fdre_C_D)        0.029    10.918    core/m1_reg[result][26]
  -------------------------------------------------------------------
                         required time                         10.918    
                         arrival time                          -9.459    
  -------------------------------------------------------------------
                         slack                                  1.459    

Slack (MET) :             1.462ns  (required time - arrival time)
  Source:                 core/fsel2_reg[0]/C
                            (rising edge-triggered cell FDSE clocked by clk  {rise@0.000ns fall@5.000ns period=10.000ns})
  Destination:            core/m1_reg[result][22]/D
                            (rising edge-triggered cell FDRE clocked by clk  {rise@0.000ns fall@5.000ns period=10.000ns})
  Path Group:             clk
  Path Type:              Setup (Max at Slow Process Corner)
  Requirement:            10.000ns  (clk rise@10.000ns - clk rise@0.000ns)
  Data Path Delay:        8.483ns  (logic 3.104ns (36.592%)  route 5.379ns (63.408%))
  Logic Levels:           14  (CARRY4=6 LUT2=1 LUT3=1 LUT4=2 LUT5=1 LUT6=3)
  Clock Path Skew:        -0.049ns (DCD - SCD + CPR)
    Destination Clock Delay (DCD):    0.924ns = ( 10.924 - 10.000 ) 
    Source Clock Delay      (SCD):    0.973ns
    Clock Pessimism Removal (CPR):    0.000ns
  Clock Uncertainty:      0.035ns  ((TSJ^2 + TIJ^2)^1/2 + DJ) / 2 + PE
    Total System Jitter     (TSJ):    0.071ns
    Total Input Jitter      (TIJ):    0.000ns
    Discrete Jitter          (DJ):    0.000ns
    Phase Error              (PE):    0.000ns

    Location             Delay type                Incr(ns)  Path(ns)    Netlist Resource(s)
  -------------------------------------------------------------------    -------------------
                         (clock clk rise edge)        0.000     0.000 r  
                                                      0.000     0.000 r  clk (IN)
                         net (fo=752, unset)          0.973     0.973    core/clk
    SLICE_X33Y56         FDSE                                         r  core/fsel2_reg[0]/C
  -------------------------------------------------------------------    -------------------
    SLICE_X33Y56         FDSE (Prop_fdse_C_Q)         0.456     1.429 r  core/fsel2_reg[0]/Q
                         net (fo=32, routed)          1.057     2.486    core/fetch/d_req_wdata[0][0]
    SLICE_X39Y60         LUT4 (Prop_lut4_I1_O)        0.124     2.610 r  core/fetch/d_req_wdata[1]_INST_0_i_1/O
                         net (fo=1, routed)           0.263     2.873    core/fetch/d_req_wdata[1]_INST_0_i_1_n_0
    SLICE_X39Y60         LUT5 (Prop_lut5_I4_O)        0.124     2.997 r  core/fetch/d_req_wdata[1]_INST_0/O
                         net (fo=14, routed)          1.094     4.091    core/fsel2_reg[1]_3
    SLICE_X41Y64         LUT3 (Prop_lut3_I2_O)        0.149     4.240 r  core/m1[result][1]_i_10/O
                         net (fo=104, routed)         0.647     4.887    core/m1[result][1]_i_10_n_0
    SLICE_X44Y64         LUT2 (Prop_lut2_I0_O)        0.332     5.219 r  core/m1[result][1]_i_22/O
                         net (fo=1, routed)           0.000     5.219    core/m1[result][1]_i_22_n_0
    SLICE_X44Y64         CARRY4 (Prop_carry4_S[1]_CO[3])
                                                      0.550     5.769 r  core/m1_reg[result][1]_i_13/CO[3]
                         net (fo=1, routed)           0.000     5.769    core/m1_reg[result][1]_i_13_n_0
    SLICE_X44Y65         CARRY4 (Prop_carry4_CI_CO[3])
                                                      0.114     5.883 r  core/m1_reg[result][7]_i_15/CO[3]
                         net (fo=1, routed)           0.000     5.883    core/m1_reg[result][7]_i_15_n_0
    SLICE_X44Y66         CARRY4 (Prop_carry4_CI_CO[3])
                                                      0.114     5.997 r  core/m1_reg[result][11]_i_16/CO[3]
                         net (fo=1, routed)           0.000     5.997    core/m1_reg[result][11]_i_16_n_0
    SLICE_X44Y67         CARRY4 (Prop_carry4_CI_CO[3])
                                                      0.114     6.111 r  core/m1_reg[result][15]_i_16/CO[3]
                         net (fo=1, routed)           0.000     6.111    core/m1_reg[result][15]_i_16_n_0
    SLICE_X44Y68         CARRY4 (Prop_carry4_CI_CO[3])
                                                      0.114     6.225 r  core/m1_reg[result][19]_i_18/CO[3]
                         net (fo=1, routed)           0.000     6.225    core/m1_reg[result][19]_i_18_n_0
    SLICE_X44Y69         CARRY4 (Prop_carry4_CI_O[2])
                                                      0.239     6.464 r  core/m1_reg[result][23]_i_16/O[2]
                         net (fo=1, routed)           0.570     7.034    core/m1_reg[result][23]_i_16_n_5
    SLICE_X43Y70         LUT4 (Prop_lut4_I0_O)        0.302     7.336 r  core/m1[result][22]_i_12/O
                         net (fo=1, routed)           0.590     7.926    core/m1[result][22]_i_12_n_0
    SLICE_X44Y73         LUT6 (Prop_lut6_I0_O)        0.124     8.050 r  core/m1[result][22]_i_8/O
                         net (fo=1, routed)           0.479     8.529    core/m1[result][22]_i_8_n_0
    SLICE_X44Y74         LUT6 (Prop_lut6_I4_O)        0.124     8.653 f  core/m1[result][22]_i_4/O
                         net (fo=1, routed)           0.679     9.332    core/m1[result][22]_i_4_n_0
    SLICE_X37Y74         LUT6 (Prop_lut6_I5_O)        0.124     9.456 r  core/m1[result][22]_i_1/O
                         net (fo=1, routed)           0.000     9.456    core/e_slot[result][22]
    SLICE_X37Y74         FDRE                                         r  core/m1_reg[result][22]/D
  -------------------------------------------------------------------    -------------------

                         (clock clk rise edge)       10.000    10.000 r  
                                                      0.000    10.000 r  clk (IN)
                         net (fo=752, unset)          0.924    10.924    core/clk
    SLICE_X37Y74         FDRE                                         r  core/m1_reg[result][22]/C
                         clock pessimism              0.000    10.924    
                         clock uncertainty           -0.035    10.889    
    SLICE_X37Y74         FDRE (Setup_fdre_C_D)        0.029    10.918    core/m1_reg[result][22]
  -------------------------------------------------------------------
                         required time                         10.918    
                         arrival time                          -9.456    
  -------------------------------------------------------------------
                         slack                                  1.462    

Slack (MET) :             1.581ns  (required time - arrival time)
  Source:                 core/fsel2_reg[0]/C
                            (rising edge-triggered cell FDSE clocked by clk  {rise@0.000ns fall@5.000ns period=10.000ns})
  Destination:            core/m1_reg[result][29]/D
                            (rising edge-triggered cell FDRE clocked by clk  {rise@0.000ns fall@5.000ns period=10.000ns})
  Path Group:             clk
  Path Type:              Setup (Max at Slow Process Corner)
  Requirement:            10.000ns  (clk rise@10.000ns - clk rise@0.000ns)
  Data Path Delay:        8.366ns  (logic 3.428ns (40.976%)  route 4.938ns (59.024%))
  Logic Levels:           16  (CARRY4=8 LUT2=1 LUT3=1 LUT4=2 LUT5=1 LUT6=3)
  Clock Path Skew:        -0.049ns (DCD - SCD + CPR)
    Destination Clock Delay (DCD):    0.924ns = ( 10.924 - 10.000 ) 
    Source Clock Delay      (SCD):    0.973ns
    Clock Pessimism Removal (CPR):    0.000ns
  Clock Uncertainty:      0.035ns  ((TSJ^2 + TIJ^2)^1/2 + DJ) / 2 + PE
    Total System Jitter     (TSJ):    0.071ns
    Total Input Jitter      (TIJ):    0.000ns
    Discrete Jitter          (DJ):    0.000ns
    Phase Error              (PE):    0.000ns

    Location             Delay type                Incr(ns)  Path(ns)    Netlist Resource(s)
  -------------------------------------------------------------------    -------------------
                         (clock clk rise edge)        0.000     0.000 r  
                                                      0.000     0.000 r  clk (IN)
                         net (fo=752, unset)          0.973     0.973    core/clk
    SLICE_X33Y56         FDSE                                         r  core/fsel2_reg[0]/C
  -------------------------------------------------------------------    -------------------
    SLICE_X33Y56         FDSE (Prop_fdse_C_Q)         0.456     1.429 r  core/fsel2_reg[0]/Q
                         net (fo=32, routed)          1.057     2.486    core/fetch/d_req_wdata[0][0]
    SLICE_X39Y60         LUT4 (Prop_lut4_I1_O)        0.124     2.610 r  core/fetch/d_req_wdata[1]_INST_0_i_1/O
                         net (fo=1, routed)           0.263     2.873    core/fetch/d_req_wdata[1]_INST_0_i_1_n_0
    SLICE_X39Y60         LUT5 (Prop_lut5_I4_O)        0.124     2.997 r  core/fetch/d_req_wdata[1]_INST_0/O
                         net (fo=14, routed)          1.094     4.091    core/fsel2_reg[1]_3
    SLICE_X41Y64         LUT3 (Prop_lut3_I2_O)        0.149     4.240 r  core/m1[result][1]_i_10/O
                         net (fo=104, routed)         0.739     4.979    core/m1[result][1]_i_10_n_0
    SLICE_X45Y65         LUT2 (Prop_lut2_I1_O)        0.332     5.311 r  core/m1[result][1]_i_28/O
                         net (fo=1, routed)           0.000     5.311    core/m1[result][1]_i_28_n_0
    SLICE_X45Y65         CARRY4 (Prop_carry4_S[1]_CO[3])
                                                      0.550     5.861 r  core/m1_reg[result][1]_i_14/CO[3]
                         net (fo=1, routed)           0.000     5.861    core/m1_reg[result][1]_i_14_n_0
    SLICE_X45Y66         CARRY4 (Prop_carry4_CI_CO[3])
                                                      0.114     5.975 r  core/m1_reg[result][7]_i_16/CO[3]
                         net (fo=1, routed)           0.000     5.975    core/m1_reg[result][7]_i_16_n_0
    SLICE_X45Y67         CARRY4 (Prop_carry4_CI_CO[3])
                                                      0.114     6.089 r  core/m1_reg[result][11]_i_17/CO[3]
                         net (fo=1, routed)           0.000     6.089    core/m1_reg[result][11]_i_17_n_0
    SLICE_X45Y68         CARRY4 (Prop_carry4_CI_CO[3])
                                                      0.114     6.203 r  core/m1_reg[result][15]_i_17/CO[3]
                         net (fo=1, routed)           0.000     6.203    core/m1_reg[result][15]_i_17_n_0
    SLICE_X45Y69         CARRY4 (Prop_carry4_CI_CO[3])
                                                      0.114     6.317 r  core/m1_reg[result][19]_i_19/CO[3]
                         net (fo=1, routed)           0.000     6.317    core/m1_reg[result][19]_i_19_n_0
    SLICE_X45Y70         CARRY4 (Prop_carry4_CI_CO[3])
                                                      0.114     6.431 r  core/m1_reg[result][23]_i_17/CO[3]
                         net (fo=1, routed)           0.000     6.431    core/m1_reg[result][23]_i_17_n_0
    SLICE_X45Y71         CARRY4 (Prop_carry4_CI_CO[3])
                                                      0.114     6.545 r  core/m1_reg[result][31]_i_33/CO[3]
                         net (fo=1, routed)           0.000     6.545    core/m1_reg[result][31]_i_33_n_0
    SLICE_X45Y72         CARRY4 (Prop_carry4_CI_O[1])
                                                      0.334     6.879 r  core/m1_reg[result][31]_i_20/O[1]
                         net (fo=1, routed)           0.626     7.504    core/m1_reg[result][31]_i_20_n_6
    SLICE_X45Y73         LUT4 (Prop_lut4_I1_O)        0.303     7.807 r  core/m1[result][29]_i_12/O
                         net (fo=1, routed)           0.403     8.211    core/m1[result][29]_i_12_n_0
    SLICE_X45Y73         LUT6 (Prop_lut6_I0_O)        0.124     8.335 r  core/m1[result][29]_i_8/O
                         net (fo=1, routed)           0.303     8.638    core/m1[result][29]_i_8_n_0
    SLICE_X43Y73         LUT6 (Prop_lut6_I4_O)        0.124     8.762 f  core/m1[result][29]_i_4/O
                         net (fo=1, routed)           0.453     9.215    core/m1[result][29]_i_4_n_0
    SLICE_X37Y74         LUT6 (Prop_lut6_I5_O)        0.124     9.339 r  core/m1[result][29]_i_1/O
                         net (fo=1, routed)           0.000     9.339    core/e_slot[result][29]
    SLICE_X37Y74         FDRE                                         r  core/m1_reg[result][29]/D
  -------------------------------------------------------------------    -------------------

                         (clock clk rise edge)       10.000    10.000 r  
                                                      0.000    10.000 r  clk (IN)
                         net (fo=752, unset)          0.924    10.924    core/clk
    SLICE_X37Y74         FDRE                                         r  core/m1_reg[result][29]/C
                         clock pessimism              0.000    10.924    
                         clock uncertainty           -0.035    10.889    
    SLICE_X37Y74         FDRE (Setup_fdre_C_D)        0.031    10.920    core/m1_reg[result][29]
  -------------------------------------------------------------------
                         required time                         10.920    
                         arrival time                          -9.339    
  -------------------------------------------------------------------
                         slack                                  1.581    

Slack (MET) :             1.670ns  (required time - arrival time)
  Source:                 core/fsel1_reg[2]/C
                            (rising edge-triggered cell FDRE clocked by clk  {rise@0.000ns fall@5.000ns period=10.000ns})
  Destination:            core/m1_reg[result][1]/D
                            (rising edge-triggered cell FDRE clocked by clk  {rise@0.000ns fall@5.000ns period=10.000ns})
  Path Group:             clk
  Path Type:              Setup (Max at Slow Process Corner)
  Requirement:            10.000ns  (clk rise@10.000ns - clk rise@0.000ns)
  Data Path Delay:        8.275ns  (logic 1.386ns (16.749%)  route 6.889ns (83.251%))
  Logic Levels:           7  (LUT3=2 LUT4=2 LUT6=3)
  Clock Path Skew:        -0.049ns (DCD - SCD + CPR)
    Destination Clock Delay (DCD):    0.924ns = ( 10.924 - 10.000 ) 
    Source Clock Delay      (SCD):    0.973ns
    Clock Pessimism Removal (CPR):    0.000ns
  Clock Uncertainty:      0.035ns  ((TSJ^2 + TIJ^2)^1/2 + DJ) / 2 + PE
    Total System Jitter     (TSJ):    0.071ns
    Total Input Jitter      (TIJ):    0.000ns
    Discrete Jitter          (DJ):    0.000ns
    Phase Error              (PE):    0.000ns

    Location             Delay type                Incr(ns)  Path(ns)    Netlist Resource(s)
  -------------------------------------------------------------------    -------------------
                         (clock clk rise edge)        0.000     0.000 r  
                                                      0.000     0.000 r  clk (IN)
                         net (fo=752, unset)          0.973     0.973    core/clk
    SLICE_X36Y56         FDRE                                         r  core/fsel1_reg[2]/C
  -------------------------------------------------------------------    -------------------
    SLICE_X36Y56         FDRE (Prop_fdre_C_Q)         0.518     1.491 r  core/fsel1_reg[2]/Q
                         net (fo=69, routed)          1.390     2.881    core/sel[2]
    SLICE_X41Y64         LUT4 (Prop_lut4_I1_O)        0.124     3.005 r  core/m1[result][16]_i_9/O
                         net (fo=2, routed)           0.808     3.813    core/m1[result][16]_i_9_n_0
    SLICE_X42Y69         LUT4 (Prop_lut4_I2_O)        0.124     3.937 r  core/m1[result][16]_i_5/O
                         net (fo=13, routed)          1.451     5.389    core/a[16]
    SLICE_X54Y72         LUT6 (Prop_lut6_I0_O)        0.124     5.513 r  core/m1[result][8]_i_15/O
                         net (fo=4, routed)           1.040     6.553    core/m1[result][8]_i_15_n_0
    SLICE_X53Y69         LUT3 (Prop_lut3_I0_O)        0.124     6.677 r  core/m1[result][2]_i_12/O
                         net (fo=2, routed)           0.655     7.332    core/m1[result][2]_i_12_n_0
    SLICE_X52Y68         LUT3 (Prop_lut3_I0_O)        0.124     7.456 r  core/m1[result][1]_i_7/O
                         net (fo=1, routed)           0.762     8.219    core/m1[result][1]_i_7_n_0
    SLICE_X52Y68         LUT6 (Prop_lut6_I2_O)        0.124     8.343 r  core/m1[result][1]_i_2/O
                         net (fo=1, routed)           0.782     9.124    core/m1[result][1]_i_2_n_0
    SLICE_X48Y63         LUT6 (Prop_lut6_I1_O)        0.124     9.248 r  core/m1[result][1]_i_1/O
                         net (fo=1, routed)           0.000     9.248    core/m1[result][1]_i_1_n_0
    SLICE_X48Y63         FDRE                                         r  core/m1_reg[result][1]/D
  -------------------------------------------------------------------    -------------------

                         (clock clk rise edge)       10.000    10.000 r  
                                                      0.000    10.000 r  clk (IN)
                         net (fo=752, unset)          0.924    10.924    core/clk
    SLICE_X48Y63         FDRE                                         r  core/m1_reg[result][1]/C
                         clock pessimism              0.000    10.924    
                         clock uncertainty           -0.035    10.889    
    SLICE_X48Y63         FDRE (Setup_fdre_C_D)        0.029    10.918    core/m1_reg[result][1]
  -------------------------------------------------------------------
                         required time                         10.918    
                         arrival time                          -9.248    
  -------------------------------------------------------------------
                         slack                                  1.670    

Slack (MET) :             1.763ns  (required time - arrival time)
  Source:                 core/fsel2_reg[0]/C
                            (rising edge-triggered cell FDSE clocked by clk  {rise@0.000ns fall@5.000ns period=10.000ns})
  Destination:            core/m1_reg[result][28]/D
                            (rising edge-triggered cell FDRE clocked by clk  {rise@0.000ns fall@5.000ns period=10.000ns})
  Path Group:             clk
  Path Type:              Setup (Max at Slow Process Corner)
  Requirement:            10.000ns  (clk rise@10.000ns - clk rise@0.000ns)
  Data Path Delay:        8.182ns  (logic 3.312ns (40.477%)  route 4.870ns (59.523%))
  Logic Levels:           16  (CARRY4=8 LUT2=1 LUT3=1 LUT4=2 LUT5=1 LUT6=3)
  Clock Path Skew:        -0.049ns (DCD - SCD + CPR)
    Destination Clock Delay (DCD):    0.924ns = ( 10.924 - 10.000 ) 
    Source Clock Delay      (SCD):    0.973ns
    Clock Pessimism Removal (CPR):    0.000ns
  Clock Uncertainty:      0.035ns  ((TSJ^2 + TIJ^2)^1/2 + DJ) / 2 + PE
    Total System Jitter     (TSJ):    0.071ns
    Total Input Jitter      (TIJ):    0.000ns
    Discrete Jitter          (DJ):    0.000ns
    Phase Error              (PE):    0.000ns

    Location             Delay type                Incr(ns)  Path(ns)    Netlist Resource(s)
  -------------------------------------------------------------------    -------------------
                         (clock clk rise edge)        0.000     0.000 r  
                                                      0.000     0.000 r  clk (IN)
                         net (fo=752, unset)          0.973     0.973    core/clk
    SLICE_X33Y56         FDSE                                         r  core/fsel2_reg[0]/C
  -------------------------------------------------------------------    -------------------
    SLICE_X33Y56         FDSE (Prop_fdse_C_Q)         0.456     1.429 r  core/fsel2_reg[0]/Q
                         net (fo=32, routed)          1.057     2.486    core/fetch/d_req_wdata[0][0]
    SLICE_X39Y60         LUT4 (Prop_lut4_I1_O)        0.124     2.610 r  core/fetch/d_req_wdata[1]_INST_0_i_1/O
                         net (fo=1, routed)           0.263     2.873    core/fetch/d_req_wdata[1]_INST_0_i_1_n_0
    SLICE_X39Y60         LUT5 (Prop_lut5_I4_O)        0.124     2.997 r  core/fetch/d_req_wdata[1]_INST_0/O
                         net (fo=14, routed)          1.094     4.091    core/fsel2_reg[1]_3
    SLICE_X41Y64         LUT3 (Prop_lut3_I2_O)        0.149     4.240 r  core/m1[result][1]_i_10/O
                         net (fo=104, routed)         0.647     4.887    core/m1[result][1]_i_10_n_0
    SLICE_X44Y64         LUT2 (Prop_lut2_I0_O)        0.332     5.219 r  core/m1[result][1]_i_22/O
                         net (fo=1, routed)           0.000     5.219    core/m1[result][1]_i_22_n_0
    SLICE_X44Y64         CARRY4 (Prop_carry4_S[1]_CO[3])
                                                      0.550     5.769 r  core/m1_reg[result][1]_i_13/CO[3]
                         net (fo=1, routed)           0.000     5.769    core/m1_reg[result][1]_i_13_n_0
    SLICE_X44Y65         CARRY4 (Prop_carry4_CI_CO[3])
                                                      0.114     5.883 r  core/m1_reg[result][7]_i_15/CO[3]
                         net (fo=1, routed)           0.000     5.883    core/m1_reg[result][7]_i_15_n_0
    SLICE_X44Y66         CARRY4 (Prop_carry4_CI_CO[3])
                                                      0.114     5.997 r  core/m1_reg[result][11]_i_16/CO[3]
                         net (fo=1, routed)           0.000     5.997    core/m1_reg[result][11]_i_16_n_0
    SLICE_X44Y67         CARRY4 (Prop_carry4_CI_CO[3])
                                                      0.114     6.111 r  core/m1_reg[result][15]_i_16/CO[3]
                         net (fo=1, routed)           0.000     6.111    core/m1_reg[result][15]_i_16_n_0
    SLICE_X44Y68         CARRY4 (Prop_carry4_CI_CO[3])
                                                      0.114     6.225 r  core/m1_reg[result][19]_i_18/CO[3]
                         net (fo=1, routed)           0.000     6.225    core/m1_reg[result][19]_i_18_n_0
    SLICE_X44Y69         CARRY4 (Prop_carry4_CI_CO[3])
                                                      0.114     6.339 r  core/m1_reg[result][23]_i_16/CO[3]
                         net (fo=1, routed)           0.000     6.339    core/m1_reg[result][23]_i_16_n_0
    SLICE_X44Y70         CARRY4 (Prop_carry4_CI_CO[3])
                                                      0.114     6.453 r  core/m1_reg[result][31]_i_28/CO[3]
                         net (fo=1, routed)           0.000     6.453    core/m1_reg[result][31]_i_28_n_0
    SLICE_X44Y71         CARRY4 (Prop_carry4_CI_O[0])
                                                      0.222     6.675 r  core/m1_reg[result][31]_i_19/O[0]
                         net (fo=1, routed)           0.888     7.563    core/m1_reg[result][31]_i_19_n_7
    SLICE_X45Y75         LUT4 (Prop_lut4_I0_O)        0.299     7.862 r  core/m1[result][28]_i_12/O
                         net (fo=1, routed)           0.317     8.179    core/m1[result][28]_i_12_n_0
    SLICE_X45Y74         LUT6 (Prop_lut6_I0_O)        0.124     8.303 r  core/m1[result][28]_i_8/O
                         net (fo=1, routed)           0.298     8.601    core/m1[result][28]_i_8_n_0
    SLICE_X43Y74         LUT6 (Prop_lut6_I4_O)        0.124     8.725 f  core/m1[result][28]_i_4/O
                         net (fo=1, routed)           0.307     9.031    core/m1[result][28]_i_4_n_0
    SLICE_X39Y74         LUT6 (Prop_lut6_I5_O)        0.124     9.155 r  core/m1[result][28]_i_1/O
                         net (fo=1, routed)           0.000     9.155    core/e_slot[result][28]
    SLICE_X39Y74         FDRE                                         r  core/m1_reg[result][28]/D
  -------------------------------------------------------------------    -------------------

                         (clock clk rise edge)       10.000    10.000 r  
                                                      0.000    10.000 r  clk (IN)
                         net (fo=752, unset)          0.924    10.924    core/clk
    SLICE_X39Y74         FDRE                                         r  core/m1_reg[result][28]/C
                         clock pessimism              0.000    10.924    
                         clock uncertainty           -0.035    10.889    
    SLICE_X39Y74         FDRE (Setup_fdre_C_D)        0.029    10.918    core/m1_reg[result][28]
  -------------------------------------------------------------------
                         required time                         10.918    
                         arrival time                          -9.155    
  -------------------------------------------------------------------
                         slack                                  1.763    

Slack (MET) :             1.802ns  (required time - arrival time)
  Source:                 core/fsel2_reg[0]/C
                            (rising edge-triggered cell FDSE clocked by clk  {rise@0.000ns fall@5.000ns period=10.000ns})
  Destination:            core/m1_reg[result][0]/D
                            (rising edge-triggered cell FDRE clocked by clk  {rise@0.000ns fall@5.000ns period=10.000ns})
  Path Group:             clk
  Path Type:              Setup (Max at Slow Process Corner)
  Requirement:            10.000ns  (clk rise@10.000ns - clk rise@0.000ns)
  Data Path Delay:        8.143ns  (logic 2.281ns (28.013%)  route 5.862ns (71.987%))
  Logic Levels:           11  (CARRY4=4 LUT3=1 LUT4=1 LUT5=1 LUT6=4)
  Clock Path Skew:        -0.049ns (DCD - SCD + CPR)
    Destination Clock Delay (DCD):    0.924ns = ( 10.924 - 10.000 ) 
    Source Clock Delay      (SCD):    0.973ns
    Clock Pessimism Removal (CPR):    0.000ns
  Clock Uncertainty:      0.035ns  ((TSJ^2 + TIJ^2)^1/2 + DJ) / 2 + PE
    Total System Jitter     (TSJ):    0.071ns
    Total Input Jitter      (TIJ):    0.000ns
    Discrete Jitter          (DJ):    0.000ns
    Phase Error              (PE):    0.000ns

    Location             Delay type                Incr(ns)  Path(ns)    Netlist Resource(s)
  -------------------------------------------------------------------    -------------------
                         (clock clk rise edge)        0.000     0.000 r  
                                                      0.000     0.000 r  clk (IN)
                         net (fo=752, unset)          0.973     0.973    core/clk
    SLICE_X33Y56         FDSE                                         r  core/fsel2_reg[0]/C
  -------------------------------------------------------------------    -------------------
    SLICE_X33Y56         FDSE (Prop_fdse_C_Q)         0.456     1.429 r  core/fsel2_reg[0]/Q
                         net (fo=32, routed)          1.460     2.889    core/fetch/d_req_wdata[0][0]
    SLICE_X47Y63         LUT4 (Prop_lut4_I1_O)        0.124     3.013 r  core/fetch/d_req_wdata[7]_INST_0_i_1/O
                         net (fo=1, routed)           0.263     3.276    core/fetch/d_req_wdata[7]_INST_0_i_1_n_0
    SLICE_X47Y63         LUT5 (Prop_lut5_I4_O)        0.124     3.400 r  core/fetch/d_req_wdata[7]_INST_0/O
                         net (fo=15, routed)          0.864     4.263    core/fsel2_reg[1]_2
    SLICE_X45Y64         LUT3 (Prop_lut3_I2_O)        0.152     4.415 r  core/m1[result][7]_i_2/O
                         net (fo=3, routed)           0.587     5.002    core/m1[result][7]_i_2_n_0
    SLICE_X47Y64         LUT6 (Prop_lut6_I5_O)        0.326     5.328 r  core/m1[result][0]_i_58/O
                         net (fo=2, routed)           0.857     6.185    core/m1[result][0]_i_58_n_0
    SLICE_X47Y68         CARRY4 (Prop_carry4_DI[3]_CO[3])
                                                      0.385     6.570 r  core/m1_reg[result][0]_i_44/CO[3]
                         net (fo=1, routed)           0.000     6.570    core/m1_reg[result][0]_i_44_n_0
    SLICE_X47Y69         CARRY4 (Prop_carry4_CI_CO[3])
                                                      0.114     6.684 r  core/m1_reg[result][0]_i_30/CO[3]
                         net (fo=1, routed)           0.000     6.684    core/m1_reg[result][0]_i_30_n_0
    SLICE_X47Y70         CARRY4 (Prop_carry4_CI_CO[3])
                                                      0.114     6.798 r  core/m1_reg[result][0]_i_15/CO[3]
                         net (fo=1, routed)           0.000     6.798    core/m1_reg[result][0]_i_15_n_0
    SLICE_X47Y71         CARRY4 (Prop_carry4_CI_CO[3])
                                                      0.114     6.912 r  core/m1_reg[result][0]_i_12/CO[3]
                         net (fo=1, routed)           0.896     7.808    core/m1_reg[result][0]_i_12_n_0
    SLICE_X51Y69         LUT6 (Prop_lut6_I4_O)        0.124     7.932 r  core/m1[result][0]_i_7/O
                         net (fo=1, routed)           0.340     8.271    core/m1[result][0]_i_7_n_0
    SLICE_X51Y68         LUT6 (Prop_lut6_I5_O)        0.124     8.395 f  core/m1[result][0]_i_2/O
                         net (fo=1, routed)           0.596     8.992    core/m1[result][0]_i_2_n_0
    SLICE_X49Y65         LUT6 (Prop_lut6_I0_O)        0.124     9.116 r  core/m1[result][0]_i_1/O
                         net (fo=1, routed)           0.000     9.116    core/m1[result][0]_i_1_n_0
    SLICE_X49Y65         FDRE                                         r  core/m1_reg[result][0]/D
  -------------------------------------------------------------------    -------------------

                         (clock clk rise edge)       10.000    10.000 r  
                                                      0.000    10.000 r  clk (IN)
                         net (fo=752, unset)          0.924    10.924    core/clk
    SLICE_X49Y65         FDRE                                         r  core/m1_reg[result][0]/C
                         clock pessimism              0.000    10.924    
                         clock uncertainty           -0.035    10.889    
    SLICE_X49Y65         FDRE (Setup_fdre_C_D)        0.029    10.918    core/m1_reg[result][0]
  -------------------------------------------------------------------
                         required time                         10.918    
                         arrival time                          -9.116    
  -------------------------------------------------------------------
                         slack                                  1.802    





Min Delay Paths
--------------------------------------------------------------------------------------
Slack (MET) :             0.056ns  (arrival time - required time)
  Source:                 core/w_reg[result][31]/C
                            (rising edge-triggered cell FDRE clocked by clk  {rise@0.000ns fall@5.000ns period=10.000ns})
  Destination:            core/rf_reg_r1_0_31_30_31__0/SP/I
                            (rising edge-triggered cell RAMD32 clocked by clk  {rise@0.000ns fall@5.000ns period=10.000ns})
  Path Group:             clk
  Path Type:              Hold (Min at Fast Process Corner)
  Requirement:            0.000ns  (clk rise@0.000ns - clk rise@0.000ns)
  Data Path Delay:        0.221ns  (logic 0.141ns (63.734%)  route 0.080ns (36.266%))
  Logic Levels:           0  
  Clock Path Skew:        0.022ns (DCD - SCD - CPR)
    Destination Clock Delay (DCD):    0.432ns
    Source Clock Delay      (SCD):    0.410ns
    Clock Pessimism Removal (CPR):    -0.000ns

    Location             Delay type                Incr(ns)  Path(ns)    Netlist Resource(s)
  -------------------------------------------------------------------    -------------------
                         (clock clk rise edge)        0.000     0.000 r  
                                                      0.000     0.000 r  clk (IN)
                         net (fo=752, unset)          0.410     0.410    core/clk
    SLICE_X39Y71         FDRE                                         r  core/w_reg[result][31]/C
  -------------------------------------------------------------------    -------------------
    SLICE_X39Y71         FDRE (Prop_fdre_C_Q)         0.141     0.551 r  core/w_reg[result][31]/Q
                         net (fo=9, routed)           0.080     0.631    core/rf_reg_r1_0_31_30_31__0/D
    SLICE_X38Y71         RAMD32                                       r  core/rf_reg_r1_0_31_30_31__0/SP/I
  -------------------------------------------------------------------    -------------------

                         (clock clk rise edge)        0.000     0.000 r  
                                                      0.000     0.000 r  clk (IN)
                         net (fo=752, unset)          0.432     0.432    core/rf_reg_r1_0_31_30_31__0/WCLK
    SLICE_X38Y71         RAMD32                                       r  core/rf_reg_r1_0_31_30_31__0/SP/CLK
                         clock pessimism              0.000     0.432    
    SLICE_X38Y71         RAMD32 (Hold_ramd32_CLK_I)
                                                      0.144     0.576    core/rf_reg_r1_0_31_30_31__0/SP
  -------------------------------------------------------------------
                         required time                         -0.576    
                         arrival time                           0.631    
  -------------------------------------------------------------------
                         slack                                  0.056    

Slack (MET) :             0.079ns  (arrival time - required time)
  Source:                 core/w_reg[result][0]/C
                            (rising edge-triggered cell FDRE clocked by clk  {rise@0.000ns fall@5.000ns period=10.000ns})
  Destination:            core/rf_reg_r1_0_31_0_5/RAMA/I
                            (rising edge-triggered cell RAMD32 clocked by clk  {rise@0.000ns fall@5.000ns period=10.000ns})
  Path Group:             clk
  Path Type:              Hold (Min at Fast Process Corner)
  Requirement:            0.000ns  (clk rise@0.000ns - clk rise@0.000ns)
  Data Path Delay:        0.248ns  (logic 0.141ns (56.902%)  route 0.107ns (43.098%))
  Logic Levels:           0  
  Clock Path Skew:        0.022ns (DCD - SCD - CPR)
    Destination Clock Delay (DCD):    0.432ns
    Source Clock Delay      (SCD):    0.410ns
    Clock Pessimism Removal (CPR):    -0.000ns

    Location             Delay type                Incr(ns)  Path(ns)    Netlist Resource(s)
  -------------------------------------------------------------------    -------------------
                         (clock clk rise edge)        0.000     0.000 r  
                                                      0.000     0.000 r  clk (IN)
                         net (fo=752, unset)          0.410     0.410    core/clk
    SLICE_X43Y59         FDRE                                         r  core/w_reg[result][0]/C
  -------------------------------------------------------------------    -------------------
    SLICE_X43Y59         FDRE (Prop_fdre_C_Q)         0.141     0.551 r  core/w_reg[result][0]/Q
                         net (fo=10, routed)          0.107     0.658    core/rf_reg_r1_0_31_0_5/DIA0
    SLICE_X42Y59         RAMD32                                       r  core/rf_reg_r1_0_31_0_5/RAMA/I
  -------------------------------------------------------------------    -------------------

                         (clock clk rise edge)        0.000     0.000 r  
                                                      0.000     0.000 r  clk (IN)
                         net (fo=752, unset)          0.432     0.432    core/rf_reg_r1_0_31_0_5/WCLK
    SLICE_X42Y59         RAMD32                                       r  core/rf_reg_r1_0_31_0_5/RAMA/CLK
                         clock pessimism              0.000     0.432    
    SLICE_X42Y59         RAMD32 (Hold_ramd32_CLK_I)
                                                      0.147     0.579    core/rf_reg_r1_0_31_0_5/RAMA
  -------------------------------------------------------------------
                         required time                         -0.579    
                         arrival time                           0.658    
  -------------------------------------------------------------------
                         slack                                  0.079    

Slack (MET) :             0.083ns  (arrival time - required time)
  Source:                 core/w_reg[result][31]/C
                            (rising edge-triggered cell FDRE clocked by clk  {rise@0.000ns fall@5.000ns period=10.000ns})
  Destination:            core/rf_reg_r1_0_31_30_31__0/DP/I
                            (rising edge-triggered cell RAMD32 clocked by clk  {rise@0.000ns fall@5.000ns period=10.000ns})
  Path Group:             clk
  Path Type:              Hold (Min at Fast Process Corner)
  Requirement:            0.000ns  (clk rise@0.000ns - clk rise@0.000ns)
  Data Path Delay:        0.221ns  (logic 0.141ns (63.734%)  route 0.080ns (36.266%))
  Logic Levels:           0  
  Clock Path Skew:        0.022ns (DCD - SCD - CPR)
    Destination Clock Delay (DCD):    0.432ns
    Source Clock Delay      (SCD):    0.410ns
    Clock Pessimism Removal (CPR):    -0.000ns

    Location             Delay type                Incr(ns)  Path(ns)    Netlist Resource(s)
  -------------------------------------------------------------------    -------------------
                         (clock clk rise edge)        0.000     0.000 r  
                                                      0.000     0.000 r  clk (IN)
                         net (fo=752, unset)          0.410     0.410    core/clk
    SLICE_X39Y71         FDRE                                         r  core/w_reg[result][31]/C
  -------------------------------------------------------------------    -------------------
    SLICE_X39Y71         FDRE (Prop_fdre_C_Q)         0.141     0.551 r  core/w_reg[result][31]/Q
                         net (fo=9, routed)           0.080     0.631    core/rf_reg_r1_0_31_30_31__0/D
    SLICE_X38Y71         RAMD32                                       r  core/rf_reg_r1_0_31_30_31__0/DP/I
  -------------------------------------------------------------------    -------------------

                         (clock clk rise edge)        0.000     0.000 r  
                                                      0.000     0.000 r  clk (IN)
                         net (fo=752, unset)          0.432     0.432    core/rf_reg_r1_0_31_30_31__0/WCLK
    SLICE_X38Y71         RAMD32                                       r  core/rf_reg_r1_0_31_30_31__0/DP/CLK
                         clock pessimism              0.000     0.432    
    SLICE_X38Y71         RAMD32 (Hold_ramd32_CLK_I)
                                                      0.117     0.549    core/rf_reg_r1_0_31_30_31__0/DP
  -------------------------------------------------------------------
                         required time                         -0.549    
                         arrival time                           0.631    
  -------------------------------------------------------------------
                         slack                                  0.083    

Slack (MET) :             0.097ns  (arrival time - required time)
  Source:                 core/fetch/rsp_pc_reg[4]/C
                            (rising edge-triggered cell FDRE clocked by clk  {rise@0.000ns fall@5.000ns period=10.000ns})
  Destination:            core/fetch/buf_pc_reg_0_3_0_5/RAMB/I
                            (rising edge-triggered cell RAMD32 clocked by clk  {rise@0.000ns fall@5.000ns period=10.000ns})
  Path Group:             clk
  Path Type:              Hold (Min at Fast Process Corner)
  Requirement:            0.000ns  (clk rise@0.000ns - clk rise@0.000ns)
  Data Path Delay:        0.265ns  (logic 0.141ns (53.280%)  route 0.124ns (46.720%))
  Logic Levels:           0  
  Clock Path Skew:        0.022ns (DCD - SCD - CPR)
    Destination Clock Delay (DCD):    0.432ns
    Source Clock Delay      (SCD):    0.410ns
    Clock Pessimism Removal (CPR):    -0.000ns

    Location             Delay type                Incr(ns)  Path(ns)    Netlist Resource(s)
  -------------------------------------------------------------------    -------------------
                         (clock clk rise edge)        0.000     0.000 r  
                                                      0.000     0.000 r  clk (IN)
                         net (fo=752, unset)          0.410     0.410    core/fetch/clk
    SLICE_X29Y64         FDRE                                         r  core/fetch/rsp_pc_reg[4]/C
  -------------------------------------------------------------------    -------------------
    SLICE_X29Y64         FDRE (Prop_fdre_C_Q)         0.141     0.551 r  core/fetch/rsp_pc_reg[4]/Q
                         net (fo=3, routed)           0.124     0.675    core/fetch/buf_pc_reg_0_3_0_5/DIB0
    SLICE_X30Y63         RAMD32                                       r  core/fetch/buf_pc_reg_0_3_0_5/RAMB/I
  -------------------------------------------------------------------    -------------------

                         (clock clk rise edge)        0.000     0.000 r  
                                                      0.000     0.000 r  clk (IN)
                         net (fo=752, unset)          0.432     0.432    core/fetch/buf_pc_reg_0_3_0_5/WCLK
    SLICE_X30Y63         RAMD32                                       r  core/fetch/buf_pc_reg_0_3_0_5/RAMB/CLK
                         clock pessimism              0.000     0.432    
    SLICE_X30Y63         RAMD32 (Hold_ramd32_CLK_I)
                                                      0.146     0.578    core/fetch/buf_pc_reg_0_3_0_5/RAMB
  -------------------------------------------------------------------
                         required time                         -0.578    
                         arrival time                           0.675    
  -------------------------------------------------------------------
                         slack                                  0.097    

Slack (MET) :             0.101ns  (arrival time - required time)
  Source:                 core/w_reg[result][28]/C
                            (rising edge-triggered cell FDRE clocked by clk  {rise@0.000ns fall@5.000ns period=10.000ns})
  Destination:            core/rf_reg_r2_0_31_24_29/RAMC/I
                            (rising edge-triggered cell RAMD32 clocked by clk  {rise@0.000ns fall@5.000ns period=10.000ns})
  Path Group:             clk
  Path Type:              Hold (Min at Fast Process Corner)
  Requirement:            0.000ns  (clk rise@0.000ns - clk rise@0.000ns)
  Data Path Delay:        0.267ns  (logic 0.141ns (52.828%)  route 0.126ns (47.172%))
  Logic Levels:           0  
  Clock Path Skew:        0.022ns (DCD - SCD - CPR)
    Destination Clock Delay (DCD):    0.432ns
    Source Clock Delay      (SCD):    0.410ns
    Clock Pessimism Removal (CPR):    -0.000ns

    Location             Delay type                Incr(ns)  Path(ns)    Netlist Resource(s)
  -------------------------------------------------------------------    -------------------
                         (clock clk rise edge)        0.000     0.000 r  
                                                      0.000     0.000 r  clk (IN)
                         net (fo=752, unset)          0.410     0.410    core/clk
    SLICE_X40Y71         FDRE                                         r  core/w_reg[result][28]/C
  -------------------------------------------------------------------    -------------------
    SLICE_X40Y71         FDRE (Prop_fdre_C_Q)         0.141     0.551 r  core/w_reg[result][28]/Q
                         net (fo=7, routed)           0.126     0.677    core/rf_reg_r2_0_31_24_29/DIC0
    SLICE_X42Y71         RAMD32                                       r  core/rf_reg_r2_0_31_24_29/RAMC/I
  -------------------------------------------------------------------    -------------------

                         (clock clk rise edge)        0.000     0.000 r  
                                                      0.000     0.000 r  clk (IN)
                         net (fo=752, unset)          0.432     0.432    core/rf_reg_r2_0_31_24_29/WCLK
    SLICE_X42Y71         RAMD32                                       r  core/rf_reg_r2_0_31_24_29/RAMC/CLK
                         clock pessimism              0.000     0.432    
    SLICE_X42Y71         RAMD32 (Hold_ramd32_CLK_I)
                                                      0.144     0.576    core/rf_reg_r2_0_31_24_29/RAMC
  -------------------------------------------------------------------
                         required time                         -0.576    
                         arrival time                           0.677    
  -------------------------------------------------------------------
                         slack                                  0.101    

Slack (MET) :             0.102ns  (arrival time - required time)
  Source:                 core/fetch/rsp_pc_reg[10]/C
                            (rising edge-triggered cell FDRE clocked by clk  {rise@0.000ns fall@5.000ns period=10.000ns})
  Destination:            core/fetch/buf_pc_reg_0_3_6_11/RAMB/I
                            (rising edge-triggered cell RAMD32 clocked by clk  {rise@0.000ns fall@5.000ns period=10.000ns})
  Path Group:             clk
  Path Type:              Hold (Min at Fast Process Corner)
  Requirement:            0.000ns  (clk rise@0.000ns - clk rise@0.000ns)
  Data Path Delay:        0.270ns  (logic 0.141ns (52.289%)  route 0.129ns (47.711%))
  Logic Levels:           0  
  Clock Path Skew:        0.022ns (DCD - SCD - CPR)
    Destination Clock Delay (DCD):    0.432ns
    Source Clock Delay      (SCD):    0.410ns
    Clock Pessimism Removal (CPR):    -0.000ns

    Location             Delay type                Incr(ns)  Path(ns)    Netlist Resource(s)
  -------------------------------------------------------------------    -------------------
                         (clock clk rise edge)        0.000     0.000 r  
                                                      0.000     0.000 r  clk (IN)
                         net (fo=752, unset)          0.410     0.410    core/fetch/clk
    SLICE_X29Y63         FDRE                                         r  core/fetch/rsp_pc_reg[10]/C
  -------------------------------------------------------------------    -------------------
    SLICE_X29Y63         FDRE (Prop_fdre_C_Q)         0.141     0.551 r  core/fetch/rsp_pc_reg[10]/Q
                         net (fo=4, routed)           0.129     0.680    core/fetch/buf_pc_reg_0_3_6_11/DIB0
    SLICE_X30Y64         RAMD32                                       r  core/fetch/buf_pc_reg_0_3_6_11/RAMB/I
  -------------------------------------------------------------------    -------------------

                         (clock clk rise edge)        0.000     0.000 r  
                                                      0.000     0.000 r  clk (IN)
                         net (fo=752, unset)          0.432     0.432    core/fetch/buf_pc_reg_0_3_6_11/WCLK
    SLICE_X30Y64         RAMD32                                       r  core/fetch/buf_pc_reg_0_3_6_11/RAMB/CLK
                         clock pessimism              0.000     0.432    
    SLICE_X30Y64         RAMD32 (Hold_ramd32_CLK_I)
                                                      0.146     0.578    core/fetch/buf_pc_reg_0_3_6_11/RAMB
  -------------------------------------------------------------------
                         required time                         -0.578    
                         arrival time                           0.680    
  -------------------------------------------------------------------
                         slack                                  0.102    

Slack (MET) :             0.103ns  (arrival time - required time)
  Source:                 core/fetch/rsp_pc_reg[8]/C
                            (rising edge-triggered cell FDRE clocked by clk  {rise@0.000ns fall@5.000ns period=10.000ns})
  Destination:            core/fetch/buf_pc_reg_0_3_6_11/RAMA/I
                            (rising edge-triggered cell RAMD32 clocked by clk  {rise@0.000ns fall@5.000ns period=10.000ns})
  Path Group:             clk
  Path Type:              Hold (Min at Fast Process Corner)
  Requirement:            0.000ns  (clk rise@0.000ns - clk rise@0.000ns)
  Data Path Delay:        0.272ns  (logic 0.141ns (51.916%)  route 0.131ns (48.084%))
  Logic Levels:           0  
  Clock Path Skew:        0.022ns (DCD - SCD - CPR)
    Destination Clock Delay (DCD):    0.432ns
    Source Clock Delay      (SCD):    0.410ns
    Clock Pessimism Removal (CPR):    -0.000ns

    Location             Delay type                Incr(ns)  Path(ns)    Netlist Resource(s)
  -------------------------------------------------------------------    -------------------
                         (clock clk rise edge)        0.000     0.000 r  
                                                      0.000     0.000 r  clk (IN)
                         net (fo=752, unset)          0.410     0.410    core/fetch/clk
    SLICE_X29Y63         FDRE                                         r  core/fetch/rsp_pc_reg[8]/C
  -------------------------------------------------------------------    -------------------
    SLICE_X29Y63         FDRE (Prop_fdre_C_Q)         0.141     0.551 r  core/fetch/rsp_pc_reg[8]/Q
                         net (fo=4, routed)           0.131     0.682    core/fetch/buf_pc_reg_0_3_6_11/DIA0
    SLICE_X30Y64         RAMD32                                       r  core/fetch/buf_pc_reg_0_3_6_11/RAMA/I
  -------------------------------------------------------------------    -------------------

                         (clock clk rise edge)        0.000     0.000 r  
                                                      0.000     0.000 r  clk (IN)
                         net (fo=752, unset)          0.432     0.432    core/fetch/buf_pc_reg_0_3_6_11/WCLK
    SLICE_X30Y64         RAMD32                                       r  core/fetch/buf_pc_reg_0_3_6_11/RAMA/CLK
                         clock pessimism              0.000     0.432    
    SLICE_X30Y64         RAMD32 (Hold_ramd32_CLK_I)
                                                      0.147     0.579    core/fetch/buf_pc_reg_0_3_6_11/RAMA
  -------------------------------------------------------------------
                         required time                         -0.579    
                         arrival time                           0.682    
  -------------------------------------------------------------------
                         slack                                  0.103    

Slack (MET) :             0.104ns  (arrival time - required time)
  Source:                 core/fetch/rsp_pc_reg[2]/C
                            (rising edge-triggered cell FDRE clocked by clk  {rise@0.000ns fall@5.000ns period=10.000ns})
  Destination:            core/fetch/buf_pc_reg_0_3_0_5/RAMA/I
                            (rising edge-triggered cell RAMD32 clocked by clk  {rise@0.000ns fall@5.000ns period=10.000ns})
  Path Group:             clk
  Path Type:              Hold (Min at Fast Process Corner)
  Requirement:            0.000ns  (clk rise@0.000ns - clk rise@0.000ns)
  Data Path Delay:        0.273ns  (logic 0.141ns (51.739%)  route 0.132ns (48.261%))
  Logic Levels:           0  
  Clock Path Skew:        0.022ns (DCD - SCD - CPR)
    Destination Clock Delay (DCD):    0.432ns
    Source Clock Delay      (SCD):    0.410ns
    Clock Pessimism Removal (CPR):    -0.000ns

    Location             Delay type                Incr(ns)  Path(ns)    Netlist Resource(s)
  -------------------------------------------------------------------    -------------------
                         (clock clk rise edge)        0.000     0.000 r  
                                                      0.000     0.000 r  clk (IN)
                         net (fo=752, unset)          0.410     0.410    core/fetch/clk
    SLICE_X29Y62         FDRE                                         r  core/fetch/rsp_pc_reg[2]/C
  -------------------------------------------------------------------    -------------------
    SLICE_X29Y62         FDRE (Prop_fdre_C_Q)         0.141     0.551 r  core/fetch/rsp_pc_reg[2]/Q
                         net (fo=4, routed)           0.132     0.683    core/fetch/buf_pc_reg_0_3_0_5/DIA0
    SLICE_X30Y63         RAMD32                                       r  core/fetch/buf_pc_reg_0_3_0_5/RAMA/I
  -------------------------------------------------------------------    -------------------

                         (clock clk rise edge)        0.000     0.000 r  
                                                      0.000     0.000 r  clk (IN)
                         net (fo=752, unset)          0.432     0.432    core/fetch/buf_pc_reg_0_3_0_5/WCLK
    SLICE_X30Y63         RAMD32                                       r  core/fetch/buf_pc_reg_0_3_0_5/RAMA/CLK
                         clock pessimism              0.000     0.432    
    SLICE_X30Y63         RAMD32 (Hold_ramd32_CLK_I)
                                                      0.147     0.579    core/fetch/buf_pc_reg_0_3_0_5/RAMA
  -------------------------------------------------------------------
                         required time                         -0.579    
                         arrival time                           0.683    
  -------------------------------------------------------------------
                         slack                                  0.104    

Slack (MET) :             0.117ns  (arrival time - required time)
  Source:                 core/w_reg[result][22]/C
                            (rising edge-triggered cell FDRE clocked by clk  {rise@0.000ns fall@5.000ns period=10.000ns})
  Destination:            core/rf_reg_r1_0_31_18_23/RAMC/I
                            (rising edge-triggered cell RAMD32 clocked by clk  {rise@0.000ns fall@5.000ns period=10.000ns})
  Path Group:             clk
  Path Type:              Hold (Min at Fast Process Corner)
  Requirement:            0.000ns  (clk rise@0.000ns - clk rise@0.000ns)
  Data Path Delay:        0.282ns  (logic 0.141ns (49.959%)  route 0.141ns (50.041%))
  Logic Levels:           0  
  Clock Path Skew:        0.022ns (DCD - SCD - CPR)
    Destination Clock Delay (DCD):    0.432ns
    Source Clock Delay      (SCD):    0.410ns
    Clock Pessimism Removal (CPR):    -0.000ns

    Location             Delay type                Incr(ns)  Path(ns)    Netlist Resource(s)
  -------------------------------------------------------------------    -------------------
                         (clock clk rise edge)        0.000     0.000 r  
                                                      0.000     0.000 r  clk (IN)
                         net (fo=752, unset)          0.410     0.410    core/clk
    SLICE_X33Y71         FDRE                                         r  core/w_reg[result][22]/C
  -------------------------------------------------------------------    -------------------
    SLICE_X33Y71         FDRE (Prop_fdre_C_Q)         0.141     0.551 r  core/w_reg[result][22]/Q
                         net (fo=7, routed)           0.141     0.692    core/rf_reg_r1_0_31_18_23/DIC0
    SLICE_X34Y71         RAMD32                                       r  core/rf_reg_r1_0_31_18_23/RAMC/I
  -------------------------------------------------------------------    -------------------

                         (clock clk rise edge)        0.000     0.000 r  
                                                      0.000     0.000 r  clk (IN)
                         net (fo=752, unset)          0.432     0.432    core/rf_reg_r1_0_31_18_23/WCLK
    SLICE_X34Y71         RAMD32                                       r  core/rf_reg_r1_0_31_18_23/RAMC/CLK
                         clock pessimism              0.000     0.432    
    SLICE_X34Y71         RAMD32 (Hold_ramd32_CLK_I)
                                                      0.144     0.576    core/rf_reg_r1_0_31_18_23/RAMC
  -------------------------------------------------------------------
                         required time                         -0.576    
                         arrival time                           0.692    
  -------------------------------------------------------------------
                         slack                                  0.117    

Slack (MET) :             0.119ns  (arrival time - required time)
  Source:                 core/fetch/rsp_pc_reg[9]/C
                            (rising edge-triggered cell FDRE clocked by clk  {rise@0.000ns fall@5.000ns period=10.000ns})
  Destination:            core/fetch/buf_pc_reg_0_3_6_11/RAMA_D1/I
                            (rising edge-triggered cell RAMD32 clocked by clk  {rise@0.000ns fall@5.000ns period=10.000ns})
  Path Group:             clk
  Path Type:              Hold (Min at Fast Process Corner)
  Requirement:            0.000ns  (clk rise@0.000ns - clk rise@0.000ns)
  Data Path Delay:        0.261ns  (logic 0.141ns (54.040%)  route 0.120ns (45.960%))
  Logic Levels:           0  
  Clock Path Skew:        0.022ns (DCD - SCD - CPR)
    Destination Clock Delay (DCD):    0.432ns
    Source Clock Delay      (SCD):    0.410ns
    Clock Pessimism Removal (CPR):    -0.000ns

    Location             Delay type                Incr(ns)  Path(ns)    Netlist Resource(s)
  -------------------------------------------------------------------    -------------------
                         (clock clk rise edge)        0.000     0.000 r  
                                                      0.000     0.000 r  clk (IN)
                         net (fo=752, unset)          0.410     0.410    core/fetch/clk
    SLICE_X29Y64         FDRE                                         r  core/fetch/rsp_pc_reg[9]/C
  -------------------------------------------------------------------    -------------------
    SLICE_X29Y64         FDRE (Prop_fdre_C_Q)         0.141     0.551 r  core/fetch/rsp_pc_reg[9]/Q
                         net (fo=4, routed)           0.120     0.671    core/fetch/buf_pc_reg_0_3_6_11/DIA1
    SLICE_X30Y64         RAMD32                                       r  core/fetch/buf_pc_reg_0_3_6_11/RAMA_D1/I
  -------------------------------------------------------------------    -------------------

                         (clock clk rise edge)        0.000     0.000 r  
                                                      0.000     0.000 r  clk (IN)
                         net (fo=752, unset)          0.432     0.432    core/fetch/buf_pc_reg_0_3_6_11/WCLK
    SLICE_X30Y64         RAMD32                                       r  core/fetch/buf_pc_reg_0_3_6_11/RAMA_D1/CLK
                         clock pessimism              0.000     0.432    
    SLICE_X30Y64         RAMD32 (Hold_ramd32_CLK_I)
                                                      0.120     0.552    core/fetch/buf_pc_reg_0_3_6_11/RAMA_D1
  -------------------------------------------------------------------
                         required time                         -0.552    
                         arrival time                           0.671    
  -------------------------------------------------------------------
                         slack                                  0.119    





Pulse Width Checks
--------------------------------------------------------------------------------------
Clock Name:         clk
Waveform(ns):       { 0.000 5.000 }
Period(ns):         10.000
Sources:            { clk }

Check Type        Corner  Lib Pin     Reference Pin  Required(ns)  Actual(ns)  Slack(ns)  Location      Pin
Min Period        n/a     FDRE/C      n/a            1.000         10.000      9.000      SLICE_X39Y56  core/d_acc_last_reg/C
Min Period        n/a     FDRE/C      n/a            1.000         10.000      9.000      SLICE_X29Y59  core/d_err_reg/C
Min Period        n/a     FDRE/C      n/a            1.000         10.000      9.000      SLICE_X30Y58  core/d_insn_reg[0]/C
Min Period        n/a     FDRE/C      n/a            1.000         10.000      9.000      SLICE_X29Y61  core/d_insn_reg[10]/C
Min Period        n/a     FDRE/C      n/a            1.000         10.000      9.000      SLICE_X32Y61  core/d_insn_reg[11]/C
Min Period        n/a     FDRE/C      n/a            1.000         10.000      9.000      SLICE_X32Y62  core/d_insn_reg[12]/C
Min Period        n/a     FDRE/C      n/a            1.000         10.000      9.000      SLICE_X33Y62  core/d_insn_reg[13]/C
Min Period        n/a     FDRE/C      n/a            1.000         10.000      9.000      SLICE_X33Y62  core/d_insn_reg[14]/C
Min Period        n/a     FDRE/C      n/a            1.000         10.000      9.000      SLICE_X32Y60  core/d_insn_reg[15]/C
Min Period        n/a     FDRE/C      n/a            1.000         10.000      9.000      SLICE_X33Y61  core/d_insn_reg[16]/C
Low Pulse Width   Slow    RAMD32/CLK  n/a            1.250         5.000       3.750      SLICE_X30Y62  core/fetch/buf_err_reg_0_3_0_0/DP/CLK
Low Pulse Width   Fast    RAMD32/CLK  n/a            1.250         5.000       3.750      SLICE_X30Y62  core/fetch/buf_err_reg_0_3_0_0/DP/CLK
Low Pulse Width   Slow    RAMD32/CLK  n/a            1.250         5.000       3.750      SLICE_X30Y62  core/fetch/buf_err_reg_0_3_0_0/SP/CLK
Low Pulse Width   Fast    RAMD32/CLK  n/a            1.250         5.000       3.750      SLICE_X30Y62  core/fetch/buf_err_reg_0_3_0_0/SP/CLK
Low Pulse Width   Slow    RAMD32/CLK  n/a            1.250         5.000       3.750      SLICE_X30Y59  core/fetch/buf_insn_reg_0_3_0_5/RAMA/CLK
Low Pulse Width   Fast    RAMD32/CLK  n/a            1.250         5.000       3.750      SLICE_X30Y59  core/fetch/buf_insn_reg_0_3_0_5/RAMA/CLK
Low Pulse Width   Slow    RAMD32/CLK  n/a            1.250         5.000       3.750      SLICE_X30Y59  core/fetch/buf_insn_reg_0_3_0_5/RAMA_D1/CLK
Low Pulse Width   Fast    RAMD32/CLK  n/a            1.250         5.000       3.750      SLICE_X30Y59  core/fetch/buf_insn_reg_0_3_0_5/RAMA_D1/CLK
Low Pulse Width   Slow    RAMD32/CLK  n/a            1.250         5.000       3.750      SLICE_X30Y59  core/fetch/buf_insn_reg_0_3_0_5/RAMB/CLK
Low Pulse Width   Fast    RAMD32/CLK  n/a            1.250         5.000       3.750      SLICE_X30Y59  core/fetch/buf_insn_reg_0_3_0_5/RAMB/CLK
High Pulse Width  Slow    RAMD32/CLK  n/a            1.250         5.000       3.750      SLICE_X30Y62  core/fetch/buf_err_reg_0_3_0_0/DP/CLK
High Pulse Width  Fast    RAMD32/CLK  n/a            1.250         5.000       3.750      SLICE_X30Y62  core/fetch/buf_err_reg_0_3_0_0/DP/CLK
High Pulse Width  Slow    RAMD32/CLK  n/a            1.250         5.000       3.750      SLICE_X30Y62  core/fetch/buf_err_reg_0_3_0_0/SP/CLK
High Pulse Width  Fast    RAMD32/CLK  n/a            1.250         5.000       3.750      SLICE_X30Y62  core/fetch/buf_err_reg_0_3_0_0/SP/CLK
High Pulse Width  Slow    RAMD32/CLK  n/a            1.250         5.000       3.750      SLICE_X30Y59  core/fetch/buf_insn_reg_0_3_0_5/RAMA/CLK
High Pulse Width  Fast    RAMD32/CLK  n/a            1.250         5.000       3.750      SLICE_X30Y59  core/fetch/buf_insn_reg_0_3_0_5/RAMA/CLK
High Pulse Width  Slow    RAMD32/CLK  n/a            1.250         5.000       3.750      SLICE_X30Y59  core/fetch/buf_insn_reg_0_3_0_5/RAMA_D1/CLK
High Pulse Width  Fast    RAMD32/CLK  n/a            1.250         5.000       3.750      SLICE_X30Y59  core/fetch/buf_insn_reg_0_3_0_5/RAMA_D1/CLK
High Pulse Width  Slow    RAMD32/CLK  n/a            1.250         5.000       3.750      SLICE_X30Y59  core/fetch/buf_insn_reg_0_3_0_5/RAMB/CLK
High Pulse Width  Fast    RAMD32/CLK  n/a            1.250         5.000       3.750      SLICE_X30Y59  core/fetch/buf_insn_reg_0_3_0_5/RAMB/CLK



