Copyright 1986-2022 Xilinx, Inc. All Rights Reserved. Copyright 2022-2025 Advanced Micro Devices, Inc. All Rights Reserved.
---------------------------------------------------------------------------------------------------------------------------------------------
| Tool Version : Vivado v.2025.1 (lin64) Build 6140274 Wed May 21 22:58:25 MDT 2025
| Date         : Wed Sep 30 14:23:22 2026
| Host         : gondor running 64-bit Ubuntu 24.04.5 LTS
| Command      : report_timing_summary -max_paths 10 -file /home/elfo/Documents/Aster/build/timing/fpga/aster_bram/timing_summary.rpt
| Design       : timing_aster_bram
| Device       : 7z020-clg400
| Speed File   : -1  PRODUCTION 1.12 2019-11-22
| Design State : Routed
---------------------------------------------------------------------------------------------------------------------------------------------

Timing Summary Report

------------------------------------------------------------------------------------------------
| Timer Settings
| --------------
------------------------------------------------------------------------------------------------

  Enable Multi Corner Analysis               :  Yes
  Enable Pessimism Removal                   :  Yes
  Pessimism Removal Resolution               :  Nearest Common Node
  Enable Input Delay Default Clock           :  No
  Enable Preset / Clear Arcs                 :  No
  Disable Flight Delays                      :  No
  Ignore I/O Paths                           :  No
  Timing Early Launch at Borrowing Latches   :  No
  Borrow Time for Max Delay Exceptions       :  Yes
  Merge Timing Exceptions                    :  Yes
  Inter-SLR Compensation                     :  Conservative

  Corner  Analyze    Analyze    
  Name    Max Paths  Min Paths  
  ------  ---------  ---------  
  Slow    Yes        Yes        
  Fast    Yes        Yes        


------------------------------------------------------------------------------------------------
| Report Methodology
| ------------------
------------------------------------------------------------------------------------------------

No report available as report_methodology has not been run prior. Run report_methodology on the current design for the summary of methodology violations.



check_timing report

Table of Contents
-----------------
1. checking no_clock (0)
2. checking constant_clock (0)
3. checking pulse_width_clock (0)
4. checking unconstrained_internal_endpoints (0)
5. checking no_input_delay (1)
6. checking no_output_delay (33)
7. checking multiple_clock (0)
8. checking generated_clocks (0)
9. checking loops (0)
10. checking partial_input_delay (0)
11. checking partial_output_delay (0)
12. checking latch_loops (0)

1. checking no_clock (0)
------------------------
 There are 0 register/latch pins with no clock.


2. checking constant_clock (0)
------------------------------
 There are 0 register/latch pins with constant_clock.


3. checking pulse_width_clock (0)
---------------------------------
 There are 0 register/latch pins which need pulse_width check


4. checking unconstrained_internal_endpoints (0)
------------------------------------------------
 There are 0 pins that are not constrained for maximum delay.

 There are 0 pins that are not constrained for maximum delay due to constant clock.


5. checking no_input_delay (1)
------------------------------
 There is 1 input port with no input delay specified. (HIGH)

 There are 0 input ports with no input delay but user has a false path constraint.


6. checking no_output_delay (33)
--------------------------------
 There are 33 ports with no output delay specified. (HIGH)

 There are 0 ports with no output delay but user has a false path constraint

 There are 0 ports with no output delay but with a timing clock defined on it or propagating through it


7. checking multiple_clock (0)
------------------------------
 There are 0 register/latch pins with multiple clocks.


8. checking generated_clocks (0)
--------------------------------
 There are 0 generated clocks that are not connected to a clock source.


9. checking loops (0)
---------------------
 There are 0 combinational loops in the design.


10. checking partial_input_delay (0)
------------------------------------
 There are 0 input ports with partial input delay specified.


11. checking partial_output_delay (0)
-------------------------------------
 There are 0 ports with partial output delay specified.


12. checking latch_loops (0)
----------------------------
 There are 0 combinational latch loops in the design through latch input



------------------------------------------------------------------------------------------------
| Design Timing Summary
| ---------------------
------------------------------------------------------------------------------------------------

    WNS(ns)      TNS(ns)  TNS Failing Endpoints  TNS Total Endpoints      WHS(ns)      THS(ns)  THS Failing Endpoints  THS Total Endpoints     WPWS(ns)     TPWS(ns)  TPWS Failing Endpoints  TPWS Total Endpoints  
    -------      -------  ---------------------  -------------------      -------      -------  ---------------------  -------------------     --------     --------  ----------------------  --------------------  
     -0.440       -2.389                     14                 3378        0.132        0.000                      0                 3378        3.750        0.000                       0                  1021  


Timing constraints are not met.


------------------------------------------------------------------------------------------------
| Clock Summary
| -------------
------------------------------------------------------------------------------------------------

Clock  Waveform(ns)       Period(ns)      Frequency(MHz)
-----  ------------       ----------      --------------
clk    {0.000 5.000}      10.000          100.000         


------------------------------------------------------------------------------------------------
| Intra Clock Table
| -----------------
------------------------------------------------------------------------------------------------

Clock             WNS(ns)      TNS(ns)  TNS Failing Endpoints  TNS Total Endpoints      WHS(ns)      THS(ns)  THS Failing Endpoints  THS Total Endpoints     WPWS(ns)     TPWS(ns)  TPWS Failing Endpoints  TPWS Total Endpoints  
-----             -------      -------  ---------------------  -------------------      -------      -------  ---------------------  -------------------     --------     --------  ----------------------  --------------------  
clk                -0.440       -2.389                     14                 3378        0.132        0.000                      0                 3378        3.750        0.000                       0                  1021  


------------------------------------------------------------------------------------------------
| Inter Clock Table
| -----------------
------------------------------------------------------------------------------------------------

From Clock    To Clock          WNS(ns)      TNS(ns)  TNS Failing Endpoints  TNS Total Endpoints      WHS(ns)      THS(ns)  THS Failing Endpoints  THS Total Endpoints  
----------    --------          -------      -------  ---------------------  -------------------      -------      -------  ---------------------  -------------------  


------------------------------------------------------------------------------------------------
| Other Path Groups Table
| -----------------------
------------------------------------------------------------------------------------------------

Path Group    From Clock    To Clock          WNS(ns)      TNS(ns)  TNS Failing Endpoints  TNS Total Endpoints      WHS(ns)      THS(ns)  THS Failing Endpoints  THS Total Endpoints  
----------    ----------    --------          -------      -------  ---------------------  -------------------      -------      -------  ---------------------  -------------------  


------------------------------------------------------------------------------------------------
| Timing Details
| --------------
------------------------------------------------------------------------------------------------


---------------------------------------------------------------------------------------------------
From Clock:  clk
  To Clock:  clk

Setup :           14  Failing Endpoints,  Worst Slack       -0.440ns,  Total Violation       -2.389ns
Hold  :            0  Failing Endpoints,  Worst Slack        0.132ns,  Total Violation        0.000ns
PW    :            0  Failing Endpoints,  Worst Slack        3.750ns,  Total Violation        0.000ns
---------------------------------------------------------------------------------------------------


Max Delay Paths
--------------------------------------------------------------------------------------
Slack (VIOLATED) :        -0.440ns  (required time - arrival time)
  Source:                 core/w_reg[funct3][2]/C
                            (rising edge-triggered cell FDRE clocked by clk  {rise@0.000ns fall@5.000ns period=10.000ns})
  Destination:            bram_samples_request.ram_reg_0_0_3/WEA[0]
                            (rising edge-triggered cell RAMB36E1 clocked by clk  {rise@0.000ns fall@5.000ns period=10.000ns})
  Path Group:             clk
  Path Type:              Setup (Max at Slow Process Corner)
  Requirement:            10.000ns  (clk rise@10.000ns - clk rise@0.000ns)
  Data Path Delay:        9.824ns  (logic 2.572ns (26.181%)  route 7.252ns (73.819%))
  Logic Levels:           11  (CARRY4=4 LUT3=2 LUT4=2 LUT6=3)
  Clock Path Skew:        -0.049ns (DCD - SCD + CPR)
    Destination Clock Delay (DCD):    0.924ns = ( 10.924 - 10.000 ) 
    Source Clock Delay      (SCD):    0.973ns
    Clock Pessimism Removal (CPR):    0.000ns
  Clock Uncertainty:      0.035ns  ((TSJ^2 + TIJ^2)^1/2 + DJ) / 2 + PE
    Total System Jitter     (TSJ):    0.071ns
    Total Input Jitter      (TIJ):    0.000ns
    Discrete Jitter          (DJ):    0.000ns
    Phase Error              (PE):    0.000ns

    Location             Delay type                Incr(ns)  Path(ns)    Netlist Resource(s)
  -------------------------------------------------------------------    -------------------
                         (clock clk rise edge)        0.000     0.000 r  
                                                      0.000     0.000 r  clk (IN)
                         net (fo=1020, unset)         0.973     0.973    core/clk
    SLICE_X21Y30         FDRE                                         r  core/w_reg[funct3][2]/C
  -------------------------------------------------------------------    -------------------
    SLICE_X21Y30         FDRE (Prop_fdre_C_Q)         0.456     1.429 f  core/w_reg[funct3][2]/Q
                         net (fo=12, routed)          0.685     2.114    core/fetch/e_rs1v_reg[15]_0[2]
    SLICE_X22Y30         LUT3 (Prop_lut3_I2_O)        0.124     2.238 r  core/fetch/rf_reg_r1_0_31_6_11_i_9/O
                         net (fo=7, routed)           0.891     3.129    core/fetch/rf_reg_r1_0_31_6_11_i_9_n_0
    SLICE_X21Y31         LUT6 (Prop_lut6_I0_O)        0.124     3.253 r  core/fetch/rf_reg_r1_0_31_6_11_i_3/O
                         net (fo=6, routed)           0.876     4.129    core/fetch/w_value[9]
    SLICE_X25Y27         LUT6 (Prop_lut6_I3_O)        0.124     4.253 r  core/fetch/e_rs1v[9]_i_2/O
                         net (fo=13, routed)          0.684     4.937    core/fetch_n_113
    SLICE_X24Y27         CARRY4 (Prop_carry4_DI[1]_CO[3])
                                                      0.507     5.444 r  core/bram_samples_request.ram_reg_0_0_0_i_4/CO[3]
                         net (fo=1, routed)           0.000     5.444    core/bram_samples_request.ram_reg_0_0_0_i_4_n_0
    SLICE_X24Y28         CARRY4 (Prop_carry4_CI_CO[3])
                                                      0.114     5.558 r  core/bram_samples_request.ram_reg_0_0_0_i_3/CO[3]
                         net (fo=1, routed)           0.000     5.558    core/bram_samples_request.ram_reg_0_0_0_i_3_n_0
    SLICE_X24Y29         CARRY4 (Prop_carry4_CI_CO[3])
                                                      0.114     5.672 r  core/bram_samples_request.ram_reg_0_0_0_i_2/CO[3]
                         net (fo=1, routed)           0.000     5.672    core/bram_samples_request.ram_reg_0_0_0_i_2_n_0
    SLICE_X24Y30         CARRY4 (Prop_carry4_CI_O[1])
                                                      0.334     6.006 f  core/observe_reg[23]_i_2/O[1]
                         net (fo=2, routed)           0.948     6.954    core/d_req_addr[21]
    SLICE_X19Y29         LUT4 (Prop_lut4_I2_O)        0.303     7.257 r  core/d_err1_i_3/O
                         net (fo=1, routed)           0.727     7.984    core/d_err1_i_3_n_0
    SLICE_X15Y28         LUT6 (Prop_lut6_I0_O)        0.124     8.108 f  core/d_err1_i_2/O
                         net (fo=3, routed)           0.176     8.284    core/d_err1_i_2_0
    SLICE_X15Y28         LUT3 (Prop_lut3_I2_O)        0.124     8.408 r  core/bram_samples_request.ram_reg_0_0_0_i_49/O
                         net (fo=12, routed)          0.780     9.188    core/bram_samples_request.ram_reg_0_0_0_i_49_n_0
    SLICE_X21Y22         LUT4 (Prop_lut4_I3_O)        0.124     9.312 r  core/bram_samples_request.ram_reg_0_0_2_i_17/O
                         net (fo=2, routed)           1.485    10.797    core_n_97
    RAMB36_X3Y4          RAMB36E1                                     r  bram_samples_request.ram_reg_0_0_3/WEA[0]
  -------------------------------------------------------------------    -------------------

                         (clock clk rise edge)       10.000    10.000 r  
                                                      0.000    10.000 r  clk (IN)
                         net (fo=1020, unset)         0.924    10.924    clk
    RAMB36_X3Y4          RAMB36E1                                     r  bram_samples_request.ram_reg_0_0_3/CLKARDCLK
                         clock pessimism              0.000    10.924    
                         clock uncertainty           -0.035    10.889    
    RAMB36_X3Y4          RAMB36E1 (Setup_ramb36e1_CLKARDCLK_WEA[0])
                                                     -0.532    10.357    bram_samples_request.ram_reg_0_0_3
  -------------------------------------------------------------------
                         required time                         10.357    
                         arrival time                         -10.797    
  -------------------------------------------------------------------
                         slack                                 -0.440    

Slack (VIOLATED) :        -0.415ns  (required time - arrival time)
  Source:                 core/w_reg[funct3][2]/C
                            (rising edge-triggered cell FDRE clocked by clk  {rise@0.000ns fall@5.000ns period=10.000ns})
  Destination:            bram_samples_request.ram_reg_3_0_0/WEA[0]
                            (rising edge-triggered cell RAMB36E1 clocked by clk  {rise@0.000ns fall@5.000ns period=10.000ns})
  Path Group:             clk
  Path Type:              Setup (Max at Slow Process Corner)
  Requirement:            10.000ns  (clk rise@10.000ns - clk rise@0.000ns)
  Data Path Delay:        9.799ns  (logic 2.572ns (26.247%)  route 7.227ns (73.753%))
  Logic Levels:           11  (CARRY4=4 LUT3=2 LUT4=1 LUT5=1 LUT6=3)
  Clock Path Skew:        -0.049ns (DCD - SCD + CPR)
    Destination Clock Delay (DCD):    0.924ns = ( 10.924 - 10.000 ) 
    Source Clock Delay      (SCD):    0.973ns
    Clock Pessimism Removal (CPR):    0.000ns
  Clock Uncertainty:      0.035ns  ((TSJ^2 + TIJ^2)^1/2 + DJ) / 2 + PE
    Total System Jitter     (TSJ):    0.071ns
    Total Input Jitter      (TIJ):    0.000ns
    Discrete Jitter          (DJ):    0.000ns
    Phase Error              (PE):    0.000ns

    Location             Delay type                Incr(ns)  Path(ns)    Netlist Resource(s)
  -------------------------------------------------------------------    -------------------
                         (clock clk rise edge)        0.000     0.000 r  
                                                      0.000     0.000 r  clk (IN)
                         net (fo=1020, unset)         0.973     0.973    core/clk
    SLICE_X21Y30         FDRE                                         r  core/w_reg[funct3][2]/C
  -------------------------------------------------------------------    -------------------
    SLICE_X21Y30         FDRE (Prop_fdre_C_Q)         0.456     1.429 f  core/w_reg[funct3][2]/Q
                         net (fo=12, routed)          0.685     2.114    core/fetch/e_rs1v_reg[15]_0[2]
    SLICE_X22Y30         LUT3 (Prop_lut3_I2_O)        0.124     2.238 r  core/fetch/rf_reg_r1_0_31_6_11_i_9/O
                         net (fo=7, routed)           0.891     3.129    core/fetch/rf_reg_r1_0_31_6_11_i_9_n_0
    SLICE_X21Y31         LUT6 (Prop_lut6_I0_O)        0.124     3.253 r  core/fetch/rf_reg_r1_0_31_6_11_i_3/O
                         net (fo=6, routed)           0.876     4.129    core/fetch/w_value[9]
    SLICE_X25Y27         LUT6 (Prop_lut6_I3_O)        0.124     4.253 r  core/fetch/e_rs1v[9]_i_2/O
                         net (fo=13, routed)          0.684     4.937    core/fetch_n_113
    SLICE_X24Y27         CARRY4 (Prop_carry4_DI[1]_CO[3])
                                                      0.507     5.444 r  core/bram_samples_request.ram_reg_0_0_0_i_4/CO[3]
                         net (fo=1, routed)           0.000     5.444    core/bram_samples_request.ram_reg_0_0_0_i_4_n_0
    SLICE_X24Y28         CARRY4 (Prop_carry4_CI_CO[3])
                                                      0.114     5.558 r  core/bram_samples_request.ram_reg_0_0_0_i_3/CO[3]
                         net (fo=1, routed)           0.000     5.558    core/bram_samples_request.ram_reg_0_0_0_i_3_n_0
    SLICE_X24Y29         CARRY4 (Prop_carry4_CI_CO[3])
                                                      0.114     5.672 r  core/bram_samples_request.ram_reg_0_0_0_i_2/CO[3]
                         net (fo=1, routed)           0.000     5.672    core/bram_samples_request.ram_reg_0_0_0_i_2_n_0
    SLICE_X24Y30         CARRY4 (Prop_carry4_CI_O[1])
                                                      0.334     6.006 f  core/observe_reg[23]_i_2/O[1]
                         net (fo=2, routed)           0.948     6.954    core/d_req_addr[21]
    SLICE_X19Y29         LUT4 (Prop_lut4_I2_O)        0.303     7.257 r  core/d_err1_i_3/O
                         net (fo=1, routed)           0.727     7.984    core/d_err1_i_3_n_0
    SLICE_X15Y28         LUT6 (Prop_lut6_I0_O)        0.124     8.108 f  core/d_err1_i_2/O
                         net (fo=3, routed)           0.176     8.284    core/d_err1_i_2_0
    SLICE_X15Y28         LUT3 (Prop_lut3_I2_O)        0.124     8.408 r  core/bram_samples_request.ram_reg_0_0_0_i_49/O
                         net (fo=12, routed)          0.590     8.998    core/bram_samples_request.ram_reg_0_0_0_i_49_n_0
    SLICE_X21Y27         LUT5 (Prop_lut5_I4_O)        0.124     9.122 r  core/bram_samples_request.ram_reg_3_0_0_i_2/O
                         net (fo=3, routed)           1.650    10.772    core_n_86
    RAMB36_X3Y5          RAMB36E1                                     r  bram_samples_request.ram_reg_3_0_0/WEA[0]
  -------------------------------------------------------------------    -------------------

                         (clock clk rise edge)       10.000    10.000 r  
                                                      0.000    10.000 r  clk (IN)
                         net (fo=1020, unset)         0.924    10.924    clk
    RAMB36_X3Y5          RAMB36E1                                     r  bram_samples_request.ram_reg_3_0_0/CLKARDCLK
                         clock pessimism              0.000    10.924    
                         clock uncertainty           -0.035    10.889    
    RAMB36_X3Y5          RAMB36E1 (Setup_ramb36e1_CLKARDCLK_WEA[0])
                                                     -0.532    10.357    bram_samples_request.ram_reg_3_0_0
  -------------------------------------------------------------------
                         required time                         10.357    
                         arrival time                         -10.772    
  -------------------------------------------------------------------
                         slack                                 -0.415    

Slack (VIOLATED) :        -0.338ns  (required time - arrival time)
  Source:                 core/w_reg[funct3][2]/C
                            (rising edge-triggered cell FDRE clocked by clk  {rise@0.000ns fall@5.000ns period=10.000ns})
  Destination:            bram_samples_request.ram_reg_3_0_1/WEA[0]
                            (rising edge-triggered cell RAMB36E1 clocked by clk  {rise@0.000ns fall@5.000ns period=10.000ns})
  Path Group:             clk
  Path Type:              Setup (Max at Slow Process Corner)
  Requirement:            10.000ns  (clk rise@10.000ns - clk rise@0.000ns)
  Data Path Delay:        9.722ns  (logic 2.572ns (26.456%)  route 7.150ns (73.544%))
  Logic Levels:           11  (CARRY4=4 LUT3=2 LUT4=1 LUT5=1 LUT6=3)
  Clock Path Skew:        -0.049ns (DCD - SCD + CPR)
    Destination Clock Delay (DCD):    0.924ns = ( 10.924 - 10.000 ) 
    Source Clock Delay      (SCD):    0.973ns
    Clock Pessimism Removal (CPR):    0.000ns
  Clock Uncertainty:      0.035ns  ((TSJ^2 + TIJ^2)^1/2 + DJ) / 2 + PE
    Total System Jitter     (TSJ):    0.071ns
    Total Input Jitter      (TIJ):    0.000ns
    Discrete Jitter          (DJ):    0.000ns
    Phase Error              (PE):    0.000ns

    Location             Delay type                Incr(ns)  Path(ns)    Netlist Resource(s)
  -------------------------------------------------------------------    -------------------
                         (clock clk rise edge)        0.000     0.000 r  
                                                      0.000     0.000 r  clk (IN)
                         net (fo=1020, unset)         0.973     0.973    core/clk
    SLICE_X21Y30         FDRE                                         r  core/w_reg[funct3][2]/C
  -------------------------------------------------------------------    -------------------
    SLICE_X21Y30         FDRE (Prop_fdre_C_Q)         0.456     1.429 f  core/w_reg[funct3][2]/Q
                         net (fo=12, routed)          0.685     2.114    core/fetch/e_rs1v_reg[15]_0[2]
    SLICE_X22Y30         LUT3 (Prop_lut3_I2_O)        0.124     2.238 r  core/fetch/rf_reg_r1_0_31_6_11_i_9/O
                         net (fo=7, routed)           0.891     3.129    core/fetch/rf_reg_r1_0_31_6_11_i_9_n_0
    SLICE_X21Y31         LUT6 (Prop_lut6_I0_O)        0.124     3.253 r  core/fetch/rf_reg_r1_0_31_6_11_i_3/O
                         net (fo=6, routed)           0.876     4.129    core/fetch/w_value[9]
    SLICE_X25Y27         LUT6 (Prop_lut6_I3_O)        0.124     4.253 r  core/fetch/e_rs1v[9]_i_2/O
                         net (fo=13, routed)          0.684     4.937    core/fetch_n_113
    SLICE_X24Y27         CARRY4 (Prop_carry4_DI[1]_CO[3])
                                                      0.507     5.444 r  core/bram_samples_request.ram_reg_0_0_0_i_4/CO[3]
                         net (fo=1, routed)           0.000     5.444    core/bram_samples_request.ram_reg_0_0_0_i_4_n_0
    SLICE_X24Y28         CARRY4 (Prop_carry4_CI_CO[3])
                                                      0.114     5.558 r  core/bram_samples_request.ram_reg_0_0_0_i_3/CO[3]
                         net (fo=1, routed)           0.000     5.558    core/bram_samples_request.ram_reg_0_0_0_i_3_n_0
    SLICE_X24Y29         CARRY4 (Prop_carry4_CI_CO[3])
                                                      0.114     5.672 r  core/bram_samples_request.ram_reg_0_0_0_i_2/CO[3]
                         net (fo=1, routed)           0.000     5.672    core/bram_samples_request.ram_reg_0_0_0_i_2_n_0
    SLICE_X24Y30         CARRY4 (Prop_carry4_CI_O[1])
                                                      0.334     6.006 f  core/observe_reg[23]_i_2/O[1]
                         net (fo=2, routed)           0.948     6.954    core/d_req_addr[21]
    SLICE_X19Y29         LUT4 (Prop_lut4_I2_O)        0.303     7.257 r  core/d_err1_i_3/O
                         net (fo=1, routed)           0.727     7.984    core/d_err1_i_3_n_0
    SLICE_X15Y28         LUT6 (Prop_lut6_I0_O)        0.124     8.108 f  core/d_err1_i_2/O
                         net (fo=3, routed)           0.176     8.284    core/d_err1_i_2_0
    SLICE_X15Y28         LUT3 (Prop_lut3_I2_O)        0.124     8.408 r  core/bram_samples_request.ram_reg_0_0_0_i_49/O
                         net (fo=12, routed)          0.590     8.998    core/bram_samples_request.ram_reg_0_0_0_i_49_n_0
    SLICE_X21Y27         LUT5 (Prop_lut5_I4_O)        0.124     9.122 r  core/bram_samples_request.ram_reg_3_0_0_i_2/O
                         net (fo=3, routed)           1.573    10.695    core_n_86
    RAMB36_X2Y9          RAMB36E1                                     r  bram_samples_request.ram_reg_3_0_1/WEA[0]
  -------------------------------------------------------------------    -------------------

                         (clock clk rise edge)       10.000    10.000 r  
                                                      0.000    10.000 r  clk (IN)
                         net (fo=1020, unset)         0.924    10.924    clk
    RAMB36_X2Y9          RAMB36E1                                     r  bram_samples_request.ram_reg_3_0_1/CLKARDCLK
                         clock pessimism              0.000    10.924    
                         clock uncertainty           -0.035    10.889    
    RAMB36_X2Y9          RAMB36E1 (Setup_ramb36e1_CLKARDCLK_WEA[0])
                                                     -0.532    10.357    bram_samples_request.ram_reg_3_0_1
  -------------------------------------------------------------------
                         required time                         10.357    
                         arrival time                         -10.695    
  -------------------------------------------------------------------
                         slack                                 -0.338    

Slack (VIOLATED) :        -0.196ns  (required time - arrival time)
  Source:                 core/w_reg[funct3][2]/C
                            (rising edge-triggered cell FDRE clocked by clk  {rise@0.000ns fall@5.000ns period=10.000ns})
  Destination:            bram_samples_request.ram_reg_3_0_6/WEA[0]
                            (rising edge-triggered cell RAMB36E1 clocked by clk  {rise@0.000ns fall@5.000ns period=10.000ns})
  Path Group:             clk
  Path Type:              Setup (Max at Slow Process Corner)
  Requirement:            10.000ns  (clk rise@10.000ns - clk rise@0.000ns)
  Data Path Delay:        9.580ns  (logic 2.572ns (26.847%)  route 7.008ns (73.153%))
  Logic Levels:           11  (CARRY4=4 LUT3=2 LUT4=1 LUT5=1 LUT6=3)
  Clock Path Skew:        -0.049ns (DCD - SCD + CPR)
    Destination Clock Delay (DCD):    0.924ns = ( 10.924 - 10.000 ) 
    Source Clock Delay      (SCD):    0.973ns
    Clock Pessimism Removal (CPR):    0.000ns
  Clock Uncertainty:      0.035ns  ((TSJ^2 + TIJ^2)^1/2 + DJ) / 2 + PE
    Total System Jitter     (TSJ):    0.071ns
    Total Input Jitter      (TIJ):    0.000ns
    Discrete Jitter          (DJ):    0.000ns
    Phase Error              (PE):    0.000ns

    Location             Delay type                Incr(ns)  Path(ns)    Netlist Resource(s)
  -------------------------------------------------------------------    -------------------
                         (clock clk rise edge)        0.000     0.000 r  
                                                      0.000     0.000 r  clk (IN)
                         net (fo=1020, unset)         0.973     0.973    core/clk
    SLICE_X21Y30         FDRE                                         r  core/w_reg[funct3][2]/C
  -------------------------------------------------------------------    -------------------
    SLICE_X21Y30         FDRE (Prop_fdre_C_Q)         0.456     1.429 f  core/w_reg[funct3][2]/Q
                         net (fo=12, routed)          0.685     2.114    core/fetch/e_rs1v_reg[15]_0[2]
    SLICE_X22Y30         LUT3 (Prop_lut3_I2_O)        0.124     2.238 r  core/fetch/rf_reg_r1_0_31_6_11_i_9/O
                         net (fo=7, routed)           0.891     3.129    core/fetch/rf_reg_r1_0_31_6_11_i_9_n_0
    SLICE_X21Y31         LUT6 (Prop_lut6_I0_O)        0.124     3.253 r  core/fetch/rf_reg_r1_0_31_6_11_i_3/O
                         net (fo=6, routed)           0.876     4.129    core/fetch/w_value[9]
    SLICE_X25Y27         LUT6 (Prop_lut6_I3_O)        0.124     4.253 r  core/fetch/e_rs1v[9]_i_2/O
                         net (fo=13, routed)          0.684     4.937    core/fetch_n_113
    SLICE_X24Y27         CARRY4 (Prop_carry4_DI[1]_CO[3])
                                                      0.507     5.444 r  core/bram_samples_request.ram_reg_0_0_0_i_4/CO[3]
                         net (fo=1, routed)           0.000     5.444    core/bram_samples_request.ram_reg_0_0_0_i_4_n_0
    SLICE_X24Y28         CARRY4 (Prop_carry4_CI_CO[3])
                                                      0.114     5.558 r  core/bram_samples_request.ram_reg_0_0_0_i_3/CO[3]
                         net (fo=1, routed)           0.000     5.558    core/bram_samples_request.ram_reg_0_0_0_i_3_n_0
    SLICE_X24Y29         CARRY4 (Prop_carry4_CI_CO[3])
                                                      0.114     5.672 r  core/bram_samples_request.ram_reg_0_0_0_i_2/CO[3]
                         net (fo=1, routed)           0.000     5.672    core/bram_samples_request.ram_reg_0_0_0_i_2_n_0
    SLICE_X24Y30         CARRY4 (Prop_carry4_CI_O[1])
                                                      0.334     6.006 f  core/observe_reg[23]_i_2/O[1]
                         net (fo=2, routed)           0.948     6.954    core/d_req_addr[21]
    SLICE_X19Y29         LUT4 (Prop_lut4_I2_O)        0.303     7.257 r  core/d_err1_i_3/O
                         net (fo=1, routed)           0.727     7.984    core/d_err1_i_3_n_0
    SLICE_X15Y28         LUT6 (Prop_lut6_I0_O)        0.124     8.108 f  core/d_err1_i_2/O
                         net (fo=3, routed)           0.176     8.284    core/d_err1_i_2_0
    SLICE_X15Y28         LUT3 (Prop_lut3_I2_O)        0.124     8.408 r  core/bram_samples_request.ram_reg_0_0_0_i_49/O
                         net (fo=12, routed)          0.407     8.815    core/bram_samples_request.ram_reg_0_0_0_i_49_n_0
    SLICE_X15Y27         LUT5 (Prop_lut5_I4_O)        0.124     8.939 r  core/bram_samples_request.ram_reg_3_0_5_i_2/O
                         net (fo=3, routed)           1.614    10.553    core_n_88
    RAMB36_X3Y6          RAMB36E1                                     r  bram_samples_request.ram_reg_3_0_6/WEA[0]
  -------------------------------------------------------------------    -------------------

                         (clock clk rise edge)       10.000    10.000 r  
                                                      0.000    10.000 r  clk (IN)
                         net (fo=1020, unset)         0.924    10.924    clk
    RAMB36_X3Y6          RAMB36E1                                     r  bram_samples_request.ram_reg_3_0_6/CLKARDCLK
                         clock pessimism              0.000    10.924    
                         clock uncertainty           -0.035    10.889    
    RAMB36_X3Y6          RAMB36E1 (Setup_ramb36e1_CLKARDCLK_WEA[0])
                                                     -0.532    10.357    bram_samples_request.ram_reg_3_0_6
  -------------------------------------------------------------------
                         required time                         10.357    
                         arrival time                         -10.553    
  -------------------------------------------------------------------
                         slack                                 -0.196    

Slack (VIOLATED) :        -0.170ns  (required time - arrival time)
  Source:                 core/w_reg[funct3][2]/C
                            (rising edge-triggered cell FDRE clocked by clk  {rise@0.000ns fall@5.000ns period=10.000ns})
  Destination:            bram_samples_request.ram_reg_0_0_1/WEA[0]
                            (rising edge-triggered cell RAMB36E1 clocked by clk  {rise@0.000ns fall@5.000ns period=10.000ns})
  Path Group:             clk
  Path Type:              Setup (Max at Slow Process Corner)
  Requirement:            10.000ns  (clk rise@10.000ns - clk rise@0.000ns)
  Data Path Delay:        9.554ns  (logic 2.572ns (26.919%)  route 6.982ns (73.081%))
  Logic Levels:           11  (CARRY4=4 LUT3=2 LUT4=2 LUT6=3)
  Clock Path Skew:        -0.049ns (DCD - SCD + CPR)
    Destination Clock Delay (DCD):    0.924ns = ( 10.924 - 10.000 ) 
    Source Clock Delay      (SCD):    0.973ns
    Clock Pessimism Removal (CPR):    0.000ns
  Clock Uncertainty:      0.035ns  ((TSJ^2 + TIJ^2)^1/2 + DJ) / 2 + PE
    Total System Jitter     (TSJ):    0.071ns
    Total Input Jitter      (TIJ):    0.000ns
    Discrete Jitter          (DJ):    0.000ns
    Phase Error              (PE):    0.000ns

    Location             Delay type                Incr(ns)  Path(ns)    Netlist Resource(s)
  -------------------------------------------------------------------    -------------------
                         (clock clk rise edge)        0.000     0.000 r  
                                                      0.000     0.000 r  clk (IN)
                         net (fo=1020, unset)         0.973     0.973    core/clk
    SLICE_X21Y30         FDRE                                         r  core/w_reg[funct3][2]/C
  -------------------------------------------------------------------    -------------------
    SLICE_X21Y30         FDRE (Prop_fdre_C_Q)         0.456     1.429 f  core/w_reg[funct3][2]/Q
                         net (fo=12, routed)          0.685     2.114    core/fetch/e_rs1v_reg[15]_0[2]
    SLICE_X22Y30         LUT3 (Prop_lut3_I2_O)        0.124     2.238 r  core/fetch/rf_reg_r1_0_31_6_11_i_9/O
                         net (fo=7, routed)           0.891     3.129    core/fetch/rf_reg_r1_0_31_6_11_i_9_n_0
    SLICE_X21Y31         LUT6 (Prop_lut6_I0_O)        0.124     3.253 r  core/fetch/rf_reg_r1_0_31_6_11_i_3/O
                         net (fo=6, routed)           0.876     4.129    core/fetch/w_value[9]
    SLICE_X25Y27         LUT6 (Prop_lut6_I3_O)        0.124     4.253 r  core/fetch/e_rs1v[9]_i_2/O
                         net (fo=13, routed)          0.684     4.937    core/fetch_n_113
    SLICE_X24Y27         CARRY4 (Prop_carry4_DI[1]_CO[3])
                                                      0.507     5.444 r  core/bram_samples_request.ram_reg_0_0_0_i_4/CO[3]
                         net (fo=1, routed)           0.000     5.444    core/bram_samples_request.ram_reg_0_0_0_i_4_n_0
    SLICE_X24Y28         CARRY4 (Prop_carry4_CI_CO[3])
                                                      0.114     5.558 r  core/bram_samples_request.ram_reg_0_0_0_i_3/CO[3]
                         net (fo=1, routed)           0.000     5.558    core/bram_samples_request.ram_reg_0_0_0_i_3_n_0
    SLICE_X24Y29         CARRY4 (Prop_carry4_CI_CO[3])
                                                      0.114     5.672 r  core/bram_samples_request.ram_reg_0_0_0_i_2/CO[3]
                         net (fo=1, routed)           0.000     5.672    core/bram_samples_request.ram_reg_0_0_0_i_2_n_0
    SLICE_X24Y30         CARRY4 (Prop_carry4_CI_O[1])
                                                      0.334     6.006 f  core/observe_reg[23]_i_2/O[1]
                         net (fo=2, routed)           0.948     6.954    core/d_req_addr[21]
    SLICE_X19Y29         LUT4 (Prop_lut4_I2_O)        0.303     7.257 r  core/d_err1_i_3/O
                         net (fo=1, routed)           0.727     7.984    core/d_err1_i_3_n_0
    SLICE_X15Y28         LUT6 (Prop_lut6_I0_O)        0.124     8.108 f  core/d_err1_i_2/O
                         net (fo=3, routed)           0.176     8.284    core/d_err1_i_2_0
    SLICE_X15Y28         LUT3 (Prop_lut3_I2_O)        0.124     8.408 r  core/bram_samples_request.ram_reg_0_0_0_i_49/O
                         net (fo=12, routed)          0.406     8.814    core/bram_samples_request.ram_reg_0_0_0_i_49_n_0
    SLICE_X15Y26         LUT4 (Prop_lut4_I3_O)        0.124     8.938 r  core/bram_samples_request.ram_reg_0_0_0_i_22/O
                         net (fo=3, routed)           1.589    10.527    core_n_98
    RAMB36_X2Y1          RAMB36E1                                     r  bram_samples_request.ram_reg_0_0_1/WEA[0]
  -------------------------------------------------------------------    -------------------

                         (clock clk rise edge)       10.000    10.000 r  
                                                      0.000    10.000 r  clk (IN)
                         net (fo=1020, unset)         0.924    10.924    clk
    RAMB36_X2Y1          RAMB36E1                                     r  bram_samples_request.ram_reg_0_0_1/CLKARDCLK
                         clock pessimism              0.000    10.924    
                         clock uncertainty           -0.035    10.889    
    RAMB36_X2Y1          RAMB36E1 (Setup_ramb36e1_CLKARDCLK_WEA[0])
                                                     -0.532    10.357    bram_samples_request.ram_reg_0_0_1
  -------------------------------------------------------------------
                         required time                         10.357    
                         arrival time                         -10.527    
  -------------------------------------------------------------------
                         slack                                 -0.170    

Slack (VIOLATED) :        -0.160ns  (required time - arrival time)
  Source:                 core/w_reg[funct3][2]/C
                            (rising edge-triggered cell FDRE clocked by clk  {rise@0.000ns fall@5.000ns period=10.000ns})
  Destination:            bram_samples_request.ram_reg_1_0_3/WEA[0]
                            (rising edge-triggered cell RAMB36E1 clocked by clk  {rise@0.000ns fall@5.000ns period=10.000ns})
  Path Group:             clk
  Path Type:              Setup (Max at Slow Process Corner)
  Requirement:            10.000ns  (clk rise@10.000ns - clk rise@0.000ns)
  Data Path Delay:        9.544ns  (logic 2.572ns (26.948%)  route 6.972ns (73.052%))
  Logic Levels:           11  (CARRY4=4 LUT3=2 LUT4=1 LUT5=1 LUT6=3)
  Clock Path Skew:        -0.049ns (DCD - SCD + CPR)
    Destination Clock Delay (DCD):    0.924ns = ( 10.924 - 10.000 ) 
    Source Clock Delay      (SCD):    0.973ns
    Clock Pessimism Removal (CPR):    0.000ns
  Clock Uncertainty:      0.035ns  ((TSJ^2 + TIJ^2)^1/2 + DJ) / 2 + PE
    Total System Jitter     (TSJ):    0.071ns
    Total Input Jitter      (TIJ):    0.000ns
    Discrete Jitter          (DJ):    0.000ns
    Phase Error              (PE):    0.000ns

    Location             Delay type                Incr(ns)  Path(ns)    Netlist Resource(s)
  -------------------------------------------------------------------    -------------------
                         (clock clk rise edge)        0.000     0.000 r  
                                                      0.000     0.000 r  clk (IN)
                         net (fo=1020, unset)         0.973     0.973    core/clk
    SLICE_X21Y30         FDRE                                         r  core/w_reg[funct3][2]/C
  -------------------------------------------------------------------    -------------------
    SLICE_X21Y30         FDRE (Prop_fdre_C_Q)         0.456     1.429 f  core/w_reg[funct3][2]/Q
                         net (fo=12, routed)          0.685     2.114    core/fetch/e_rs1v_reg[15]_0[2]
    SLICE_X22Y30         LUT3 (Prop_lut3_I2_O)        0.124     2.238 r  core/fetch/rf_reg_r1_0_31_6_11_i_9/O
                         net (fo=7, routed)           0.891     3.129    core/fetch/rf_reg_r1_0_31_6_11_i_9_n_0
    SLICE_X21Y31         LUT6 (Prop_lut6_I0_O)        0.124     3.253 r  core/fetch/rf_reg_r1_0_31_6_11_i_3/O
                         net (fo=6, routed)           0.876     4.129    core/fetch/w_value[9]
    SLICE_X25Y27         LUT6 (Prop_lut6_I3_O)        0.124     4.253 r  core/fetch/e_rs1v[9]_i_2/O
                         net (fo=13, routed)          0.684     4.937    core/fetch_n_113
    SLICE_X24Y27         CARRY4 (Prop_carry4_DI[1]_CO[3])
                                                      0.507     5.444 r  core/bram_samples_request.ram_reg_0_0_0_i_4/CO[3]
                         net (fo=1, routed)           0.000     5.444    core/bram_samples_request.ram_reg_0_0_0_i_4_n_0
    SLICE_X24Y28         CARRY4 (Prop_carry4_CI_CO[3])
                                                      0.114     5.558 r  core/bram_samples_request.ram_reg_0_0_0_i_3/CO[3]
                         net (fo=1, routed)           0.000     5.558    core/bram_samples_request.ram_reg_0_0_0_i_3_n_0
    SLICE_X24Y29         CARRY4 (Prop_carry4_CI_CO[3])
                                                      0.114     5.672 r  core/bram_samples_request.ram_reg_0_0_0_i_2/CO[3]
                         net (fo=1, routed)           0.000     5.672    core/bram_samples_request.ram_reg_0_0_0_i_2_n_0
    SLICE_X24Y30         CARRY4 (Prop_carry4_CI_O[1])
                                                      0.334     6.006 f  core/observe_reg[23]_i_2/O[1]
                         net (fo=2, routed)           0.948     6.954    core/d_req_addr[21]
    SLICE_X19Y29         LUT4 (Prop_lut4_I2_O)        0.303     7.257 r  core/d_err1_i_3/O
                         net (fo=1, routed)           0.727     7.984    core/d_err1_i_3_n_0
    SLICE_X15Y28         LUT6 (Prop_lut6_I0_O)        0.124     8.108 f  core/d_err1_i_2/O
                         net (fo=3, routed)           0.176     8.284    core/d_err1_i_2_0
    SLICE_X15Y28         LUT3 (Prop_lut3_I2_O)        0.124     8.408 r  core/bram_samples_request.ram_reg_0_0_0_i_49/O
                         net (fo=12, routed)          0.604     9.012    core/bram_samples_request.ram_reg_0_0_0_i_49_n_0
    SLICE_X14Y27         LUT5 (Prop_lut5_I4_O)        0.124     9.136 r  core/bram_samples_request.ram_reg_1_0_2_i_3/O
                         net (fo=2, routed)           1.381    10.517    core_n_93
    RAMB36_X0Y1          RAMB36E1                                     r  bram_samples_request.ram_reg_1_0_3/WEA[0]
  -------------------------------------------------------------------    -------------------

                         (clock clk rise edge)       10.000    10.000 r  
                                                      0.000    10.000 r  clk (IN)
                         net (fo=1020, unset)         0.924    10.924    clk
    RAMB36_X0Y1          RAMB36E1                                     r  bram_samples_request.ram_reg_1_0_3/CLKARDCLK
                         clock pessimism              0.000    10.924    
                         clock uncertainty           -0.035    10.889    
    RAMB36_X0Y1          RAMB36E1 (Setup_ramb36e1_CLKARDCLK_WEA[0])
                                                     -0.532    10.357    bram_samples_request.ram_reg_1_0_3
  -------------------------------------------------------------------
                         required time                         10.357    
                         arrival time                         -10.517    
  -------------------------------------------------------------------
                         slack                                 -0.160    

Slack (VIOLATED) :        -0.156ns  (required time - arrival time)
  Source:                 core/w_reg[funct3][2]/C
                            (rising edge-triggered cell FDRE clocked by clk  {rise@0.000ns fall@5.000ns period=10.000ns})
  Destination:            bram_samples_request.ram_reg_0_0_5/WEA[0]
                            (rising edge-triggered cell RAMB36E1 clocked by clk  {rise@0.000ns fall@5.000ns period=10.000ns})
  Path Group:             clk
  Path Type:              Setup (Max at Slow Process Corner)
  Requirement:            10.000ns  (clk rise@10.000ns - clk rise@0.000ns)
  Data Path Delay:        9.540ns  (logic 2.572ns (26.961%)  route 6.968ns (73.039%))
  Logic Levels:           11  (CARRY4=4 LUT3=2 LUT4=2 LUT6=3)
  Clock Path Skew:        -0.049ns (DCD - SCD + CPR)
    Destination Clock Delay (DCD):    0.924ns = ( 10.924 - 10.000 ) 
    Source Clock Delay      (SCD):    0.973ns
    Clock Pessimism Removal (CPR):    0.000ns
  Clock Uncertainty:      0.035ns  ((TSJ^2 + TIJ^2)^1/2 + DJ) / 2 + PE
    Total System Jitter     (TSJ):    0.071ns
    Total Input Jitter      (TIJ):    0.000ns
    Discrete Jitter          (DJ):    0.000ns
    Phase Error              (PE):    0.000ns

    Location             Delay type                Incr(ns)  Path(ns)    Netlist Resource(s)
  -------------------------------------------------------------------    -------------------
                         (clock clk rise edge)        0.000     0.000 r  
                                                      0.000     0.000 r  clk (IN)
                         net (fo=1020, unset)         0.973     0.973    core/clk
    SLICE_X21Y30         FDRE                                         r  core/w_reg[funct3][2]/C
  -------------------------------------------------------------------    -------------------
    SLICE_X21Y30         FDRE (Prop_fdre_C_Q)         0.456     1.429 f  core/w_reg[funct3][2]/Q
                         net (fo=12, routed)          0.685     2.114    core/fetch/e_rs1v_reg[15]_0[2]
    SLICE_X22Y30         LUT3 (Prop_lut3_I2_O)        0.124     2.238 r  core/fetch/rf_reg_r1_0_31_6_11_i_9/O
                         net (fo=7, routed)           0.891     3.129    core/fetch/rf_reg_r1_0_31_6_11_i_9_n_0
    SLICE_X21Y31         LUT6 (Prop_lut6_I0_O)        0.124     3.253 r  core/fetch/rf_reg_r1_0_31_6_11_i_3/O
                         net (fo=6, routed)           0.876     4.129    core/fetch/w_value[9]
    SLICE_X25Y27         LUT6 (Prop_lut6_I3_O)        0.124     4.253 r  core/fetch/e_rs1v[9]_i_2/O
                         net (fo=13, routed)          0.684     4.937    core/fetch_n_113
    SLICE_X24Y27         CARRY4 (Prop_carry4_DI[1]_CO[3])
                                                      0.507     5.444 r  core/bram_samples_request.ram_reg_0_0_0_i_4/CO[3]
                         net (fo=1, routed)           0.000     5.444    core/bram_samples_request.ram_reg_0_0_0_i_4_n_0
    SLICE_X24Y28         CARRY4 (Prop_carry4_CI_CO[3])
                                                      0.114     5.558 r  core/bram_samples_request.ram_reg_0_0_0_i_3/CO[3]
                         net (fo=1, routed)           0.000     5.558    core/bram_samples_request.ram_reg_0_0_0_i_3_n_0
    SLICE_X24Y29         CARRY4 (Prop_carry4_CI_CO[3])
                                                      0.114     5.672 r  core/bram_samples_request.ram_reg_0_0_0_i_2/CO[3]
                         net (fo=1, routed)           0.000     5.672    core/bram_samples_request.ram_reg_0_0_0_i_2_n_0
    SLICE_X24Y30         CARRY4 (Prop_carry4_CI_O[1])
                                                      0.334     6.006 f  core/observe_reg[23]_i_2/O[1]
                         net (fo=2, routed)           0.948     6.954    core/d_req_addr[21]
    SLICE_X19Y29         LUT4 (Prop_lut4_I2_O)        0.303     7.257 r  core/d_err1_i_3/O
                         net (fo=1, routed)           0.727     7.984    core/d_err1_i_3_n_0
    SLICE_X15Y28         LUT6 (Prop_lut6_I0_O)        0.124     8.108 f  core/d_err1_i_2/O
                         net (fo=3, routed)           0.176     8.284    core/d_err1_i_2_0
    SLICE_X15Y28         LUT3 (Prop_lut3_I2_O)        0.124     8.408 r  core/bram_samples_request.ram_reg_0_0_0_i_49/O
                         net (fo=12, routed)          0.728     9.137    core/bram_samples_request.ram_reg_0_0_0_i_49_n_0
    SLICE_X15Y22         LUT4 (Prop_lut4_I3_O)        0.124     9.261 r  core/bram_samples_request.ram_reg_0_0_5_i_2/O
                         net (fo=3, routed)           1.252    10.513    core_n_100
    RAMB36_X1Y0          RAMB36E1                                     r  bram_samples_request.ram_reg_0_0_5/WEA[0]
  -------------------------------------------------------------------    -------------------

                         (clock clk rise edge)       10.000    10.000 r  
                                                      0.000    10.000 r  clk (IN)
                         net (fo=1020, unset)         0.924    10.924    clk
    RAMB36_X1Y0          RAMB36E1                                     r  bram_samples_request.ram_reg_0_0_5/CLKARDCLK
                         clock pessimism              0.000    10.924    
                         clock uncertainty           -0.035    10.889    
    RAMB36_X1Y0          RAMB36E1 (Setup_ramb36e1_CLKARDCLK_WEA[0])
                                                     -0.532    10.357    bram_samples_request.ram_reg_0_0_5
  -------------------------------------------------------------------
                         required time                         10.357    
                         arrival time                         -10.513    
  -------------------------------------------------------------------
                         slack                                 -0.156    

Slack (VIOLATED) :        -0.142ns  (required time - arrival time)
  Source:                 core/w_reg[funct3][2]/C
                            (rising edge-triggered cell FDRE clocked by clk  {rise@0.000ns fall@5.000ns period=10.000ns})
  Destination:            bram_samples_request.ram_reg_0_0_6/WEA[0]
                            (rising edge-triggered cell RAMB36E1 clocked by clk  {rise@0.000ns fall@5.000ns period=10.000ns})
  Path Group:             clk
  Path Type:              Setup (Max at Slow Process Corner)
  Requirement:            10.000ns  (clk rise@10.000ns - clk rise@0.000ns)
  Data Path Delay:        9.526ns  (logic 2.572ns (27.001%)  route 6.954ns (72.999%))
  Logic Levels:           11  (CARRY4=4 LUT3=2 LUT4=2 LUT6=3)
  Clock Path Skew:        -0.049ns (DCD - SCD + CPR)
    Destination Clock Delay (DCD):    0.924ns = ( 10.924 - 10.000 ) 
    Source Clock Delay      (SCD):    0.973ns
    Clock Pessimism Removal (CPR):    0.000ns
  Clock Uncertainty:      0.035ns  ((TSJ^2 + TIJ^2)^1/2 + DJ) / 2 + PE
    Total System Jitter     (TSJ):    0.071ns
    Total Input Jitter      (TIJ):    0.000ns
    Discrete Jitter          (DJ):    0.000ns
    Phase Error              (PE):    0.000ns

    Location             Delay type                Incr(ns)  Path(ns)    Netlist Resource(s)
  -------------------------------------------------------------------    -------------------
                         (clock clk rise edge)        0.000     0.000 r  
                                                      0.000     0.000 r  clk (IN)
                         net (fo=1020, unset)         0.973     0.973    core/clk
    SLICE_X21Y30         FDRE                                         r  core/w_reg[funct3][2]/C
  -------------------------------------------------------------------    -------------------
    SLICE_X21Y30         FDRE (Prop_fdre_C_Q)         0.456     1.429 f  core/w_reg[funct3][2]/Q
                         net (fo=12, routed)          0.685     2.114    core/fetch/e_rs1v_reg[15]_0[2]
    SLICE_X22Y30         LUT3 (Prop_lut3_I2_O)        0.124     2.238 r  core/fetch/rf_reg_r1_0_31_6_11_i_9/O
                         net (fo=7, routed)           0.891     3.129    core/fetch/rf_reg_r1_0_31_6_11_i_9_n_0
    SLICE_X21Y31         LUT6 (Prop_lut6_I0_O)        0.124     3.253 r  core/fetch/rf_reg_r1_0_31_6_11_i_3/O
                         net (fo=6, routed)           0.876     4.129    core/fetch/w_value[9]
    SLICE_X25Y27         LUT6 (Prop_lut6_I3_O)        0.124     4.253 r  core/fetch/e_rs1v[9]_i_2/O
                         net (fo=13, routed)          0.684     4.937    core/fetch_n_113
    SLICE_X24Y27         CARRY4 (Prop_carry4_DI[1]_CO[3])
                                                      0.507     5.444 r  core/bram_samples_request.ram_reg_0_0_0_i_4/CO[3]
                         net (fo=1, routed)           0.000     5.444    core/bram_samples_request.ram_reg_0_0_0_i_4_n_0
    SLICE_X24Y28         CARRY4 (Prop_carry4_CI_CO[3])
                                                      0.114     5.558 r  core/bram_samples_request.ram_reg_0_0_0_i_3/CO[3]
                         net (fo=1, routed)           0.000     5.558    core/bram_samples_request.ram_reg_0_0_0_i_3_n_0
    SLICE_X24Y29         CARRY4 (Prop_carry4_CI_CO[3])
                                                      0.114     5.672 r  core/bram_samples_request.ram_reg_0_0_0_i_2/CO[3]
                         net (fo=1, routed)           0.000     5.672    core/bram_samples_request.ram_reg_0_0_0_i_2_n_0
    SLICE_X24Y30         CARRY4 (Prop_carry4_CI_O[1])
                                                      0.334     6.006 f  core/observe_reg[23]_i_2/O[1]
                         net (fo=2, routed)           0.948     6.954    core/d_req_addr[21]
    SLICE_X19Y29         LUT4 (Prop_lut4_I2_O)        0.303     7.257 r  core/d_err1_i_3/O
                         net (fo=1, routed)           0.727     7.984    core/d_err1_i_3_n_0
    SLICE_X15Y28         LUT6 (Prop_lut6_I0_O)        0.124     8.108 f  core/d_err1_i_2/O
                         net (fo=3, routed)           0.176     8.284    core/d_err1_i_2_0
    SLICE_X15Y28         LUT3 (Prop_lut3_I2_O)        0.124     8.408 r  core/bram_samples_request.ram_reg_0_0_0_i_49/O
                         net (fo=12, routed)          0.728     9.137    core/bram_samples_request.ram_reg_0_0_0_i_49_n_0
    SLICE_X15Y22         LUT4 (Prop_lut4_I3_O)        0.124     9.261 r  core/bram_samples_request.ram_reg_0_0_5_i_2/O
                         net (fo=3, routed)           1.238    10.499    core_n_100
    RAMB36_X0Y0          RAMB36E1                                     r  bram_samples_request.ram_reg_0_0_6/WEA[0]
  -------------------------------------------------------------------    -------------------

                         (clock clk rise edge)       10.000    10.000 r  
                                                      0.000    10.000 r  clk (IN)
                         net (fo=1020, unset)         0.924    10.924    clk
    RAMB36_X0Y0          RAMB36E1                                     r  bram_samples_request.ram_reg_0_0_6/CLKARDCLK
                         clock pessimism              0.000    10.924    
                         clock uncertainty           -0.035    10.889    
    RAMB36_X0Y0          RAMB36E1 (Setup_ramb36e1_CLKARDCLK_WEA[0])
                                                     -0.532    10.357    bram_samples_request.ram_reg_0_0_6
  -------------------------------------------------------------------
                         required time                         10.357    
                         arrival time                         -10.499    
  -------------------------------------------------------------------
                         slack                                 -0.142    

Slack (VIOLATED) :        -0.115ns  (required time - arrival time)
  Source:                 core/w_reg[funct3][2]/C
                            (rising edge-triggered cell FDRE clocked by clk  {rise@0.000ns fall@5.000ns period=10.000ns})
  Destination:            bram_samples_request.ram_reg_2_0_6/WEA[0]
                            (rising edge-triggered cell RAMB36E1 clocked by clk  {rise@0.000ns fall@5.000ns period=10.000ns})
  Path Group:             clk
  Path Type:              Setup (Max at Slow Process Corner)
  Requirement:            10.000ns  (clk rise@10.000ns - clk rise@0.000ns)
  Data Path Delay:        9.499ns  (logic 2.572ns (27.076%)  route 6.927ns (72.924%))
  Logic Levels:           11  (CARRY4=4 LUT3=2 LUT4=1 LUT5=1 LUT6=3)
  Clock Path Skew:        -0.049ns (DCD - SCD + CPR)
    Destination Clock Delay (DCD):    0.924ns = ( 10.924 - 10.000 ) 
    Source Clock Delay      (SCD):    0.973ns
    Clock Pessimism Removal (CPR):    0.000ns
  Clock Uncertainty:      0.035ns  ((TSJ^2 + TIJ^2)^1/2 + DJ) / 2 + PE
    Total System Jitter     (TSJ):    0.071ns
    Total Input Jitter      (TIJ):    0.000ns
    Discrete Jitter          (DJ):    0.000ns
    Phase Error              (PE):    0.000ns

    Location             Delay type                Incr(ns)  Path(ns)    Netlist Resource(s)
  -------------------------------------------------------------------    -------------------
                         (clock clk rise edge)        0.000     0.000 r  
                                                      0.000     0.000 r  clk (IN)
                         net (fo=1020, unset)         0.973     0.973    core/clk
    SLICE_X21Y30         FDRE                                         r  core/w_reg[funct3][2]/C
  -------------------------------------------------------------------    -------------------
    SLICE_X21Y30         FDRE (Prop_fdre_C_Q)         0.456     1.429 f  core/w_reg[funct3][2]/Q
                         net (fo=12, routed)          0.685     2.114    core/fetch/e_rs1v_reg[15]_0[2]
    SLICE_X22Y30         LUT3 (Prop_lut3_I2_O)        0.124     2.238 r  core/fetch/rf_reg_r1_0_31_6_11_i_9/O
                         net (fo=7, routed)           0.891     3.129    core/fetch/rf_reg_r1_0_31_6_11_i_9_n_0
    SLICE_X21Y31         LUT6 (Prop_lut6_I0_O)        0.124     3.253 r  core/fetch/rf_reg_r1_0_31_6_11_i_3/O
                         net (fo=6, routed)           0.876     4.129    core/fetch/w_value[9]
    SLICE_X25Y27         LUT6 (Prop_lut6_I3_O)        0.124     4.253 r  core/fetch/e_rs1v[9]_i_2/O
                         net (fo=13, routed)          0.684     4.937    core/fetch_n_113
    SLICE_X24Y27         CARRY4 (Prop_carry4_DI[1]_CO[3])
                                                      0.507     5.444 r  core/bram_samples_request.ram_reg_0_0_0_i_4/CO[3]
                         net (fo=1, routed)           0.000     5.444    core/bram_samples_request.ram_reg_0_0_0_i_4_n_0
    SLICE_X24Y28         CARRY4 (Prop_carry4_CI_CO[3])
                                                      0.114     5.558 r  core/bram_samples_request.ram_reg_0_0_0_i_3/CO[3]
                         net (fo=1, routed)           0.000     5.558    core/bram_samples_request.ram_reg_0_0_0_i_3_n_0
    SLICE_X24Y29         CARRY4 (Prop_carry4_CI_CO[3])
                                                      0.114     5.672 r  core/bram_samples_request.ram_reg_0_0_0_i_2/CO[3]
                         net (fo=1, routed)           0.000     5.672    core/bram_samples_request.ram_reg_0_0_0_i_2_n_0
    SLICE_X24Y30         CARRY4 (Prop_carry4_CI_O[1])
                                                      0.334     6.006 f  core/observe_reg[23]_i_2/O[1]
                         net (fo=2, routed)           0.948     6.954    core/d_req_addr[21]
    SLICE_X19Y29         LUT4 (Prop_lut4_I2_O)        0.303     7.257 r  core/d_err1_i_3/O
                         net (fo=1, routed)           0.727     7.984    core/d_err1_i_3_n_0
    SLICE_X15Y28         LUT6 (Prop_lut6_I0_O)        0.124     8.108 f  core/d_err1_i_2/O
                         net (fo=3, routed)           0.176     8.284    core/d_err1_i_2_0
    SLICE_X15Y28         LUT3 (Prop_lut3_I2_O)        0.124     8.408 r  core/bram_samples_request.ram_reg_0_0_0_i_49/O
                         net (fo=12, routed)          0.425     8.833    core/bram_samples_request.ram_reg_0_0_0_i_49_n_0
    SLICE_X14Y29         LUT5 (Prop_lut5_I4_O)        0.124     8.957 r  core/bram_samples_request.ram_reg_2_0_5_i_2/O
                         net (fo=3, routed)           1.515    10.472    core_n_92
    RAMB36_X2Y2          RAMB36E1                                     r  bram_samples_request.ram_reg_2_0_6/WEA[0]
  -------------------------------------------------------------------    -------------------

                         (clock clk rise edge)       10.000    10.000 r  
                                                      0.000    10.000 r  clk (IN)
                         net (fo=1020, unset)         0.924    10.924    clk
    RAMB36_X2Y2          RAMB36E1                                     r  bram_samples_request.ram_reg_2_0_6/CLKARDCLK
                         clock pessimism              0.000    10.924    
                         clock uncertainty           -0.035    10.889    
    RAMB36_X2Y2          RAMB36E1 (Setup_ramb36e1_CLKARDCLK_WEA[0])
                                                     -0.532    10.357    bram_samples_request.ram_reg_2_0_6
  -------------------------------------------------------------------
                         required time                         10.357    
                         arrival time                         -10.472    
  -------------------------------------------------------------------
                         slack                                 -0.115    

Slack (VIOLATED) :        -0.112ns  (required time - arrival time)
  Source:                 core/w_reg[funct3][2]/C
                            (rising edge-triggered cell FDRE clocked by clk  {rise@0.000ns fall@5.000ns period=10.000ns})
  Destination:            bram_samples_request.ram_reg_3_0_2/WEA[0]
                            (rising edge-triggered cell RAMB36E1 clocked by clk  {rise@0.000ns fall@5.000ns period=10.000ns})
  Path Group:             clk
  Path Type:              Setup (Max at Slow Process Corner)
  Requirement:            10.000ns  (clk rise@10.000ns - clk rise@0.000ns)
  Data Path Delay:        9.496ns  (logic 2.572ns (27.086%)  route 6.924ns (72.914%))
  Logic Levels:           11  (CARRY4=4 LUT3=2 LUT4=1 LUT5=1 LUT6=3)
  Clock Path Skew:        -0.049ns (DCD - SCD + CPR)
    Destination Clock Delay (DCD):    0.924ns = ( 10.924 - 10.000 ) 
    Source Clock Delay      (SCD):    0.973ns
    Clock Pessimism Removal (CPR):    0.000ns
  Clock Uncertainty:      0.035ns  ((TSJ^2 + TIJ^2)^1/2 + DJ) / 2 + PE
    Total System Jitter     (TSJ):    0.071ns
    Total Input Jitter      (TIJ):    0.000ns
    Discrete Jitter          (DJ):    0.000ns
    Phase Error              (PE):    0.000ns

    Location             Delay type                Incr(ns)  Path(ns)    Netlist Resource(s)
  -------------------------------------------------------------------    -------------------
                         (clock clk rise edge)        0.000     0.000 r  
                                                      0.000     0.000 r  clk (IN)
                         net (fo=1020, unset)         0.973     0.973    core/clk
    SLICE_X21Y30         FDRE                                         r  core/w_reg[funct3][2]/C
  -------------------------------------------------------------------    -------------------
    SLICE_X21Y30         FDRE (Prop_fdre_C_Q)         0.456     1.429 f  core/w_reg[funct3][2]/Q
                         net (fo=12, routed)          0.685     2.114    core/fetch/e_rs1v_reg[15]_0[2]
    SLICE_X22Y30         LUT3 (Prop_lut3_I2_O)        0.124     2.238 r  core/fetch/rf_reg_r1_0_31_6_11_i_9/O
                         net (fo=7, routed)           0.891     3.129    core/fetch/rf_reg_r1_0_31_6_11_i_9_n_0
    SLICE_X21Y31         LUT6 (Prop_lut6_I0_O)        0.124     3.253 r  core/fetch/rf_reg_r1_0_31_6_11_i_3/O
                         net (fo=6, routed)           0.876     4.129    core/fetch/w_value[9]
    SLICE_X25Y27         LUT6 (Prop_lut6_I3_O)        0.124     4.253 r  core/fetch/e_rs1v[9]_i_2/O
                         net (fo=13, routed)          0.684     4.937    core/fetch_n_113
    SLICE_X24Y27         CARRY4 (Prop_carry4_DI[1]_CO[3])
                                                      0.507     5.444 r  core/bram_samples_request.ram_reg_0_0_0_i_4/CO[3]
                         net (fo=1, routed)           0.000     5.444    core/bram_samples_request.ram_reg_0_0_0_i_4_n_0
    SLICE_X24Y28         CARRY4 (Prop_carry4_CI_CO[3])
                                                      0.114     5.558 r  core/bram_samples_request.ram_reg_0_0_0_i_3/CO[3]
                         net (fo=1, routed)           0.000     5.558    core/bram_samples_request.ram_reg_0_0_0_i_3_n_0
    SLICE_X24Y29         CARRY4 (Prop_carry4_CI_CO[3])
                                                      0.114     5.672 r  core/bram_samples_request.ram_reg_0_0_0_i_2/CO[3]
                         net (fo=1, routed)           0.000     5.672    core/bram_samples_request.ram_reg_0_0_0_i_2_n_0
    SLICE_X24Y30         CARRY4 (Prop_carry4_CI_O[1])
                                                      0.334     6.006 f  core/observe_reg[23]_i_2/O[1]
                         net (fo=2, routed)           0.948     6.954    core/d_req_addr[21]
    SLICE_X19Y29         LUT4 (Prop_lut4_I2_O)        0.303     7.257 r  core/d_err1_i_3/O
                         net (fo=1, routed)           0.727     7.984    core/d_err1_i_3_n_0
    SLICE_X15Y28         LUT6 (Prop_lut6_I0_O)        0.124     8.108 f  core/d_err1_i_2/O
                         net (fo=3, routed)           0.176     8.284    core/d_err1_i_2_0
    SLICE_X15Y28         LUT3 (Prop_lut3_I2_O)        0.124     8.408 r  core/bram_samples_request.ram_reg_0_0_0_i_49/O
                         net (fo=12, routed)          0.590     8.998    core/bram_samples_request.ram_reg_0_0_0_i_49_n_0
    SLICE_X21Y27         LUT5 (Prop_lut5_I4_O)        0.124     9.122 r  core/bram_samples_request.ram_reg_3_0_0_i_2/O
                         net (fo=3, routed)           1.347    10.469    core_n_86
    RAMB36_X1Y1          RAMB36E1                                     r  bram_samples_request.ram_reg_3_0_2/WEA[0]
  -------------------------------------------------------------------    -------------------

                         (clock clk rise edge)       10.000    10.000 r  
                                                      0.000    10.000 r  clk (IN)
                         net (fo=1020, unset)         0.924    10.924    clk
    RAMB36_X1Y1          RAMB36E1                                     r  bram_samples_request.ram_reg_3_0_2/CLKARDCLK
                         clock pessimism              0.000    10.924    
                         clock uncertainty           -0.035    10.889    
    RAMB36_X1Y1          RAMB36E1 (Setup_ramb36e1_CLKARDCLK_WEA[0])
                                                     -0.532    10.357    bram_samples_request.ram_reg_3_0_2
  -------------------------------------------------------------------
                         required time                         10.357    
                         arrival time                         -10.469    
  -------------------------------------------------------------------
                         slack                                 -0.112    





Min Delay Paths
--------------------------------------------------------------------------------------
Slack (MET) :             0.132ns  (arrival time - required time)
  Source:                 bram_samples_request.d_q2_reg[20]_i_2/C
                            (rising edge-triggered cell FDRE clocked by clk  {rise@0.000ns fall@5.000ns period=10.000ns})
  Destination:            bram_samples_request.d_q2_reg[20]/D
                            (rising edge-triggered cell FDRE clocked by clk  {rise@0.000ns fall@5.000ns period=10.000ns})
  Path Group:             clk
  Path Type:              Hold (Min at Fast Process Corner)
  Requirement:            0.000ns  (clk rise@0.000ns - clk rise@0.000ns)
  Data Path Delay:        0.273ns  (logic 0.186ns (68.106%)  route 0.087ns (31.894%))
  Logic Levels:           1  (LUT3=1)
  Clock Path Skew:        0.022ns (DCD - SCD - CPR)
    Destination Clock Delay (DCD):    0.432ns
    Source Clock Delay      (SCD):    0.410ns
    Clock Pessimism Removal (CPR):    -0.000ns

    Location             Delay type                Incr(ns)  Path(ns)    Netlist Resource(s)
  -------------------------------------------------------------------    -------------------
                         (clock clk rise edge)        0.000     0.000 r  
                                                      0.000     0.000 r  clk (IN)
                         net (fo=1020, unset)         0.410     0.410    clk
    SLICE_X37Y35         FDRE                                         r  bram_samples_request.d_q2_reg[20]_i_2/C
  -------------------------------------------------------------------    -------------------
    SLICE_X37Y35         FDRE (Prop_fdre_C_Q)         0.141     0.551 r  bram_samples_request.d_q2_reg[20]_i_2/Q
                         net (fo=1, routed)           0.087     0.638    bram_samples_request.d_q2_reg[20]_i_2_n_0
    SLICE_X36Y35         LUT3 (Prop_lut3_I2_O)        0.045     0.683 r  bram_samples_request.d_q2[20]_i_1/O
                         net (fo=1, routed)           0.000     0.683    bram_samples_request.d_q[20]
    SLICE_X36Y35         FDRE                                         r  bram_samples_request.d_q2_reg[20]/D
  -------------------------------------------------------------------    -------------------

                         (clock clk rise edge)        0.000     0.000 r  
                                                      0.000     0.000 r  clk (IN)
                         net (fo=1020, unset)         0.432     0.432    clk
    SLICE_X36Y35         FDRE                                         r  bram_samples_request.d_q2_reg[20]/C
                         clock pessimism              0.000     0.432    
    SLICE_X36Y35         FDRE (Hold_fdre_C_D)         0.120     0.552    bram_samples_request.d_q2_reg[20]
  -------------------------------------------------------------------
                         required time                         -0.552    
                         arrival time                           0.683    
  -------------------------------------------------------------------
                         slack                                  0.132    

Slack (MET) :             0.132ns  (arrival time - required time)
  Source:                 bram_samples_request.d_q2_reg[24]_i_2/C
                            (rising edge-triggered cell FDRE clocked by clk  {rise@0.000ns fall@5.000ns period=10.000ns})
  Destination:            bram_samples_request.d_q2_reg[24]/D
                            (rising edge-triggered cell FDRE clocked by clk  {rise@0.000ns fall@5.000ns period=10.000ns})
  Path Group:             clk
  Path Type:              Hold (Min at Fast Process Corner)
  Requirement:            0.000ns  (clk rise@0.000ns - clk rise@0.000ns)
  Data Path Delay:        0.273ns  (logic 0.186ns (68.106%)  route 0.087ns (31.894%))
  Logic Levels:           1  (LUT3=1)
  Clock Path Skew:        0.022ns (DCD - SCD - CPR)
    Destination Clock Delay (DCD):    0.432ns
    Source Clock Delay      (SCD):    0.410ns
    Clock Pessimism Removal (CPR):    -0.000ns

    Location             Delay type                Incr(ns)  Path(ns)    Netlist Resource(s)
  -------------------------------------------------------------------    -------------------
                         (clock clk rise edge)        0.000     0.000 r  
                                                      0.000     0.000 r  clk (IN)
                         net (fo=1020, unset)         0.410     0.410    clk
    SLICE_X39Y31         FDRE                                         r  bram_samples_request.d_q2_reg[24]_i_2/C
  -------------------------------------------------------------------    -------------------
    SLICE_X39Y31         FDRE (Prop_fdre_C_Q)         0.141     0.551 r  bram_samples_request.d_q2_reg[24]_i_2/Q
                         net (fo=1, routed)           0.087     0.638    bram_samples_request.d_q2_reg[24]_i_2_n_0
    SLICE_X38Y31         LUT3 (Prop_lut3_I2_O)        0.045     0.683 r  bram_samples_request.d_q2[24]_i_1/O
                         net (fo=1, routed)           0.000     0.683    bram_samples_request.d_q[24]
    SLICE_X38Y31         FDRE                                         r  bram_samples_request.d_q2_reg[24]/D
  -------------------------------------------------------------------    -------------------

                         (clock clk rise edge)        0.000     0.000 r  
                                                      0.000     0.000 r  clk (IN)
                         net (fo=1020, unset)         0.432     0.432    clk
    SLICE_X38Y31         FDRE                                         r  bram_samples_request.d_q2_reg[24]/C
                         clock pessimism              0.000     0.432    
    SLICE_X38Y31         FDRE (Hold_fdre_C_D)         0.120     0.552    bram_samples_request.d_q2_reg[24]
  -------------------------------------------------------------------
                         required time                         -0.552    
                         arrival time                           0.683    
  -------------------------------------------------------------------
                         slack                                  0.132    

Slack (MET) :             0.132ns  (arrival time - required time)
  Source:                 bram_samples_request.d_q2_reg[28]_i_2/C
                            (rising edge-triggered cell FDRE clocked by clk  {rise@0.000ns fall@5.000ns period=10.000ns})
  Destination:            bram_samples_request.d_q2_reg[28]/D
                            (rising edge-triggered cell FDRE clocked by clk  {rise@0.000ns fall@5.000ns period=10.000ns})
  Path Group:             clk
  Path Type:              Hold (Min at Fast Process Corner)
  Requirement:            0.000ns  (clk rise@0.000ns - clk rise@0.000ns)
  Data Path Delay:        0.273ns  (logic 0.186ns (68.106%)  route 0.087ns (31.894%))
  Logic Levels:           1  (LUT3=1)
  Clock Path Skew:        0.022ns (DCD - SCD - CPR)
    Destination Clock Delay (DCD):    0.432ns
    Source Clock Delay      (SCD):    0.410ns
    Clock Pessimism Removal (CPR):    -0.000ns

    Location             Delay type                Incr(ns)  Path(ns)    Netlist Resource(s)
  -------------------------------------------------------------------    -------------------
                         (clock clk rise edge)        0.000     0.000 r  
                                                      0.000     0.000 r  clk (IN)
                         net (fo=1020, unset)         0.410     0.410    clk
    SLICE_X37Y30         FDRE                                         r  bram_samples_request.d_q2_reg[28]_i_2/C
  -------------------------------------------------------------------    -------------------
    SLICE_X37Y30         FDRE (Prop_fdre_C_Q)         0.141     0.551 r  bram_samples_request.d_q2_reg[28]_i_2/Q
                         net (fo=1, routed)           0.087     0.638    bram_samples_request.d_q2_reg[28]_i_2_n_0
    SLICE_X36Y30         LUT3 (Prop_lut3_I2_O)        0.045     0.683 r  bram_samples_request.d_q2[28]_i_1/O
                         net (fo=1, routed)           0.000     0.683    bram_samples_request.d_q[28]
    SLICE_X36Y30         FDRE                                         r  bram_samples_request.d_q2_reg[28]/D
  -------------------------------------------------------------------    -------------------

                         (clock clk rise edge)        0.000     0.000 r  
                                                      0.000     0.000 r  clk (IN)
                         net (fo=1020, unset)         0.432     0.432    clk
    SLICE_X36Y30         FDRE                                         r  bram_samples_request.d_q2_reg[28]/C
                         clock pessimism              0.000     0.432    
    SLICE_X36Y30         FDRE (Hold_fdre_C_D)         0.120     0.552    bram_samples_request.d_q2_reg[28]
  -------------------------------------------------------------------
                         required time                         -0.552    
                         arrival time                           0.683    
  -------------------------------------------------------------------
                         slack                                  0.132    

Slack (MET) :             0.132ns  (arrival time - required time)
  Source:                 core/fetch/buf_err_reg[0]/C
                            (rising edge-triggered cell FDRE clocked by clk  {rise@0.000ns fall@5.000ns period=10.000ns})
  Destination:            core/d_err_reg/D
                            (rising edge-triggered cell FDRE clocked by clk  {rise@0.000ns fall@5.000ns period=10.000ns})
  Path Group:             clk
  Path Type:              Hold (Min at Fast Process Corner)
  Requirement:            0.000ns  (clk rise@0.000ns - clk rise@0.000ns)
  Data Path Delay:        0.273ns  (logic 0.186ns (68.106%)  route 0.087ns (31.894%))
  Logic Levels:           1  (LUT4=1)
  Clock Path Skew:        0.022ns (DCD - SCD - CPR)
    Destination Clock Delay (DCD):    0.432ns
    Source Clock Delay      (SCD):    0.410ns
    Clock Pessimism Removal (CPR):    -0.000ns

    Location             Delay type                Incr(ns)  Path(ns)    Netlist Resource(s)
  -------------------------------------------------------------------    -------------------
                         (clock clk rise edge)        0.000     0.000 r  
                                                      0.000     0.000 r  clk (IN)
                         net (fo=1020, unset)         0.410     0.410    core/fetch/clk
    SLICE_X19Y17         FDRE                                         r  core/fetch/buf_err_reg[0]/C
  -------------------------------------------------------------------    -------------------
    SLICE_X19Y17         FDRE (Prop_fdre_C_Q)         0.141     0.551 r  core/fetch/buf_err_reg[0]/Q
                         net (fo=1, routed)           0.087     0.638    core/fetch/buf_err_reg_n_0_[0]
    SLICE_X18Y17         LUT4 (Prop_lut4_I0_O)        0.045     0.683 r  core/fetch/d_err_i_1/O
                         net (fo=1, routed)           0.000     0.683    core/f_error
    SLICE_X18Y17         FDRE                                         r  core/d_err_reg/D
  -------------------------------------------------------------------    -------------------

                         (clock clk rise edge)        0.000     0.000 r  
                                                      0.000     0.000 r  clk (IN)
                         net (fo=1020, unset)         0.432     0.432    core/clk
    SLICE_X18Y17         FDRE                                         r  core/d_err_reg/C
                         clock pessimism              0.000     0.432    
    SLICE_X18Y17         FDRE (Hold_fdre_C_D)         0.120     0.552    core/d_err_reg
  -------------------------------------------------------------------
                         required time                         -0.552    
                         arrival time                           0.683    
  -------------------------------------------------------------------
                         slack                                  0.132    

Slack (MET) :             0.132ns  (arrival time - required time)
  Source:                 core/fetch/buf_insn_reg[2][10]/C
                            (rising edge-triggered cell FDRE clocked by clk  {rise@0.000ns fall@5.000ns period=10.000ns})
  Destination:            core/fetch/buf_insn_reg[1][10]/D
                            (rising edge-triggered cell FDRE clocked by clk  {rise@0.000ns fall@5.000ns period=10.000ns})
  Path Group:             clk
  Path Type:              Hold (Min at Fast Process Corner)
  Requirement:            0.000ns  (clk rise@0.000ns - clk rise@0.000ns)
  Data Path Delay:        0.273ns  (logic 0.186ns (68.106%)  route 0.087ns (31.894%))
  Logic Levels:           1  (LUT3=1)
  Clock Path Skew:        0.022ns (DCD - SCD - CPR)
    Destination Clock Delay (DCD):    0.432ns
    Source Clock Delay      (SCD):    0.410ns
    Clock Pessimism Removal (CPR):    -0.000ns

    Location             Delay type                Incr(ns)  Path(ns)    Netlist Resource(s)
  -------------------------------------------------------------------    -------------------
                         (clock clk rise edge)        0.000     0.000 r  
                                                      0.000     0.000 r  clk (IN)
                         net (fo=1020, unset)         0.410     0.410    core/fetch/clk
    SLICE_X21Y16         FDRE                                         r  core/fetch/buf_insn_reg[2][10]/C
  -------------------------------------------------------------------    -------------------
    SLICE_X21Y16         FDRE (Prop_fdre_C_Q)         0.141     0.551 r  core/fetch/buf_insn_reg[2][10]/Q
                         net (fo=1, routed)           0.087     0.638    core/fetch/buf_insn_reg[2]_3[10]
    SLICE_X20Y16         LUT3 (Prop_lut3_I0_O)        0.045     0.683 r  core/fetch/buf_insn[1][10]_i_1/O
                         net (fo=1, routed)           0.000     0.683    core/fetch/buf_insn[1][10]_i_1_n_0
    SLICE_X20Y16         FDRE                                         r  core/fetch/buf_insn_reg[1][10]/D
  -------------------------------------------------------------------    -------------------

                         (clock clk rise edge)        0.000     0.000 r  
                                                      0.000     0.000 r  clk (IN)
                         net (fo=1020, unset)         0.432     0.432    core/fetch/clk
    SLICE_X20Y16         FDRE                                         r  core/fetch/buf_insn_reg[1][10]/C
                         clock pessimism              0.000     0.432    
    SLICE_X20Y16         FDRE (Hold_fdre_C_D)         0.120     0.552    core/fetch/buf_insn_reg[1][10]
  -------------------------------------------------------------------
                         required time                         -0.552    
                         arrival time                           0.683    
  -------------------------------------------------------------------
                         slack                                  0.132    

Slack (MET) :             0.133ns  (arrival time - required time)
  Source:                 core/fetch/buf_insn_reg[2][31]/C
                            (rising edge-triggered cell FDRE clocked by clk  {rise@0.000ns fall@5.000ns period=10.000ns})
  Destination:            core/fetch/buf_insn_reg[1][31]/D
                            (rising edge-triggered cell FDRE clocked by clk  {rise@0.000ns fall@5.000ns period=10.000ns})
  Path Group:             clk
  Path Type:              Hold (Min at Fast Process Corner)
  Requirement:            0.000ns  (clk rise@0.000ns - clk rise@0.000ns)
  Data Path Delay:        0.275ns  (logic 0.186ns (67.611%)  route 0.089ns (32.389%))
  Logic Levels:           1  (LUT3=1)
  Clock Path Skew:        0.022ns (DCD - SCD - CPR)
    Destination Clock Delay (DCD):    0.432ns
    Source Clock Delay      (SCD):    0.410ns
    Clock Pessimism Removal (CPR):    -0.000ns

    Location             Delay type                Incr(ns)  Path(ns)    Netlist Resource(s)
  -------------------------------------------------------------------    -------------------
                         (clock clk rise edge)        0.000     0.000 r  
                                                      0.000     0.000 r  clk (IN)
                         net (fo=1020, unset)         0.410     0.410    core/fetch/clk
    SLICE_X21Y16         FDRE                                         r  core/fetch/buf_insn_reg[2][31]/C
  -------------------------------------------------------------------    -------------------
    SLICE_X21Y16         FDRE (Prop_fdre_C_Q)         0.141     0.551 r  core/fetch/buf_insn_reg[2][31]/Q
                         net (fo=1, routed)           0.089     0.640    core/fetch/buf_insn_reg[2]_3[31]
    SLICE_X20Y16         LUT3 (Prop_lut3_I0_O)        0.045     0.685 r  core/fetch/buf_insn[1][31]_i_1/O
                         net (fo=1, routed)           0.000     0.685    core/fetch/buf_insn[1][31]_i_1_n_0
    SLICE_X20Y16         FDRE                                         r  core/fetch/buf_insn_reg[1][31]/D
  -------------------------------------------------------------------    -------------------

                         (clock clk rise edge)        0.000     0.000 r  
                                                      0.000     0.000 r  clk (IN)
                         net (fo=1020, unset)         0.432     0.432    core/fetch/clk
    SLICE_X20Y16         FDRE                                         r  core/fetch/buf_insn_reg[1][31]/C
                         clock pessimism              0.000     0.432    
    SLICE_X20Y16         FDRE (Hold_fdre_C_D)         0.121     0.553    core/fetch/buf_insn_reg[1][31]
  -------------------------------------------------------------------
                         required time                         -0.553    
                         arrival time                           0.685    
  -------------------------------------------------------------------
                         slack                                  0.133    

Slack (MET) :             0.135ns  (arrival time - required time)
  Source:                 core/w_reg[valid]/C
                            (rising edge-triggered cell FDRE clocked by clk  {rise@0.000ns fall@5.000ns period=10.000ns})
  Destination:            core/trapped_reg/D
                            (rising edge-triggered cell FDRE clocked by clk  {rise@0.000ns fall@5.000ns period=10.000ns})
  Path Group:             clk
  Path Type:              Hold (Min at Fast Process Corner)
  Requirement:            0.000ns  (clk rise@0.000ns - clk rise@0.000ns)
  Data Path Delay:        0.276ns  (logic 0.186ns (67.333%)  route 0.090ns (32.667%))
  Logic Levels:           1  (LUT3=1)
  Clock Path Skew:        0.022ns (DCD - SCD - CPR)
    Destination Clock Delay (DCD):    0.432ns
    Source Clock Delay      (SCD):    0.410ns
    Clock Pessimism Removal (CPR):    -0.000ns

    Location             Delay type                Incr(ns)  Path(ns)    Netlist Resource(s)
  -------------------------------------------------------------------    -------------------
                         (clock clk rise edge)        0.000     0.000 r  
                                                      0.000     0.000 r  clk (IN)
                         net (fo=1020, unset)         0.410     0.410    core/clk
    SLICE_X13Y26         FDRE                                         r  core/w_reg[valid]/C
  -------------------------------------------------------------------    -------------------
    SLICE_X13Y26         FDRE (Prop_fdre_C_Q)         0.141     0.551 r  core/w_reg[valid]/Q
                         net (fo=4, routed)           0.090     0.641    core/w_reg[valid]__0
    SLICE_X12Y26         LUT3 (Prop_lut3_I0_O)        0.045     0.686 r  core/trapped_i_2/O
                         net (fo=1, routed)           0.000     0.686    core/trapped0
    SLICE_X12Y26         FDRE                                         r  core/trapped_reg/D
  -------------------------------------------------------------------    -------------------

                         (clock clk rise edge)        0.000     0.000 r  
                                                      0.000     0.000 r  clk (IN)
                         net (fo=1020, unset)         0.432     0.432    core/clk
    SLICE_X12Y26         FDRE                                         r  core/trapped_reg/C
                         clock pessimism              0.000     0.432    
    SLICE_X12Y26         FDRE (Hold_fdre_C_D)         0.120     0.552    core/trapped_reg
  -------------------------------------------------------------------
                         required time                         -0.552    
                         arrival time                           0.686    
  -------------------------------------------------------------------
                         slack                                  0.135    

Slack (MET) :             0.143ns  (arrival time - required time)
  Source:                 core/w_reg[rd][0]/C
                            (rising edge-triggered cell FDRE clocked by clk  {rise@0.000ns fall@5.000ns period=10.000ns})
  Destination:            core/rf_reg_r1_0_31_0_5/RAMA/WADR0
                            (rising edge-triggered cell RAMD32 clocked by clk  {rise@0.000ns fall@5.000ns period=10.000ns})
  Path Group:             clk
  Path Type:              Hold (Min at Fast Process Corner)
  Requirement:            0.000ns  (clk rise@0.000ns - clk rise@0.000ns)
  Data Path Delay:        0.474ns  (logic 0.141ns (29.739%)  route 0.333ns (70.261%))
  Logic Levels:           0  
  Clock Path Skew:        0.022ns (DCD - SCD - CPR)
    Destination Clock Delay (DCD):    0.432ns
    Source Clock Delay      (SCD):    0.410ns
    Clock Pessimism Removal (CPR):    -0.000ns

    Location             Delay type                Incr(ns)  Path(ns)    Netlist Resource(s)
  -------------------------------------------------------------------    -------------------
                         (clock clk rise edge)        0.000     0.000 r  
                                                      0.000     0.000 r  clk (IN)
                         net (fo=1020, unset)         0.410     0.410    core/clk
    SLICE_X13Y25         FDRE                                         r  core/w_reg[rd][0]/C
  -------------------------------------------------------------------    -------------------
    SLICE_X13Y25         FDRE (Prop_fdre_C_Q)         0.141     0.551 r  core/w_reg[rd][0]/Q
                         net (fo=94, routed)          0.333     0.884    core/rf_reg_r1_0_31_0_5/ADDRD0
    SLICE_X18Y26         RAMD32                                       r  core/rf_reg_r1_0_31_0_5/RAMA/WADR0
  -------------------------------------------------------------------    -------------------

                         (clock clk rise edge)        0.000     0.000 r  
                                                      0.000     0.000 r  clk (IN)
                         net (fo=1020, unset)         0.432     0.432    core/rf_reg_r1_0_31_0_5/WCLK
    SLICE_X18Y26         RAMD32                                       r  core/rf_reg_r1_0_31_0_5/RAMA/CLK
                         clock pessimism              0.000     0.432    
    SLICE_X18Y26         RAMD32 (Hold_ramd32_CLK_WADR0)
                                                      0.310     0.742    core/rf_reg_r1_0_31_0_5/RAMA
  -------------------------------------------------------------------
                         required time                         -0.742    
                         arrival time                           0.884    
  -------------------------------------------------------------------
                         slack                                  0.143    

Slack (MET) :             0.143ns  (arrival time - required time)
  Source:                 core/w_reg[rd][0]/C
                            (rising edge-triggered cell FDRE clocked by clk  {rise@0.000ns fall@5.000ns period=10.000ns})
  Destination:            core/rf_reg_r1_0_31_0_5/RAMA_D1/WADR0
                            (rising edge-triggered cell RAMD32 clocked by clk  {rise@0.000ns fall@5.000ns period=10.000ns})
  Path Group:             clk
  Path Type:              Hold (Min at Fast Process Corner)
  Requirement:            0.000ns  (clk rise@0.000ns - clk rise@0.000ns)
  Data Path Delay:        0.474ns  (logic 0.141ns (29.739%)  route 0.333ns (70.261%))
  Logic Levels:           0  
  Clock Path Skew:        0.022ns (DCD - SCD - CPR)
    Destination Clock Delay (DCD):    0.432ns
    Source Clock Delay      (SCD):    0.410ns
    Clock Pessimism Removal (CPR):    -0.000ns

    Location             Delay type                Incr(ns)  Path(ns)    Netlist Resource(s)
  -------------------------------------------------------------------    -------------------
                         (clock clk rise edge)        0.000     0.000 r  
                                                      0.000     0.000 r  clk (IN)
                         net (fo=1020, unset)         0.410     0.410    core/clk
    SLICE_X13Y25         FDRE                                         r  core/w_reg[rd][0]/C
  -------------------------------------------------------------------    -------------------
    SLICE_X13Y25         FDRE (Prop_fdre_C_Q)         0.141     0.551 r  core/w_reg[rd][0]/Q
                         net (fo=94, routed)          0.333     0.884    core/rf_reg_r1_0_31_0_5/ADDRD0
    SLICE_X18Y26         RAMD32                                       r  core/rf_reg_r1_0_31_0_5/RAMA_D1/WADR0
  -------------------------------------------------------------------    -------------------

                         (clock clk rise edge)        0.000     0.000 r  
                                                      0.000     0.000 r  clk (IN)
                         net (fo=1020, unset)         0.432     0.432    core/rf_reg_r1_0_31_0_5/WCLK
    SLICE_X18Y26         RAMD32                                       r  core/rf_reg_r1_0_31_0_5/RAMA_D1/CLK
                         clock pessimism              0.000     0.432    
    SLICE_X18Y26         RAMD32 (Hold_ramd32_CLK_WADR0)
                                                      0.310     0.742    core/rf_reg_r1_0_31_0_5/RAMA_D1
  -------------------------------------------------------------------
                         required time                         -0.742    
                         arrival time                           0.884    
  -------------------------------------------------------------------
                         slack                                  0.143    

Slack (MET) :             0.143ns  (arrival time - required time)
  Source:                 core/w_reg[rd][0]/C
                            (rising edge-triggered cell FDRE clocked by clk  {rise@0.000ns fall@5.000ns period=10.000ns})
  Destination:            core/rf_reg_r1_0_31_0_5/RAMB/WADR0
                            (rising edge-triggered cell RAMD32 clocked by clk  {rise@0.000ns fall@5.000ns period=10.000ns})
  Path Group:             clk
  Path Type:              Hold (Min at Fast Process Corner)
  Requirement:            0.000ns  (clk rise@0.000ns - clk rise@0.000ns)
  Data Path Delay:        0.474ns  (logic 0.141ns (29.739%)  route 0.333ns (70.261%))
  Logic Levels:           0  
  Clock Path Skew:        0.022ns (DCD - SCD - CPR)
    Destination Clock Delay (DCD):    0.432ns
    Source Clock Delay      (SCD):    0.410ns
    Clock Pessimism Removal (CPR):    -0.000ns

    Location             Delay type                Incr(ns)  Path(ns)    Netlist Resource(s)
  -------------------------------------------------------------------    -------------------
                         (clock clk rise edge)        0.000     0.000 r  
                                                      0.000     0.000 r  clk (IN)
                         net (fo=1020, unset)         0.410     0.410    core/clk
    SLICE_X13Y25         FDRE                                         r  core/w_reg[rd][0]/C
  -------------------------------------------------------------------    -------------------
    SLICE_X13Y25         FDRE (Prop_fdre_C_Q)         0.141     0.551 r  core/w_reg[rd][0]/Q
                         net (fo=94, routed)          0.333     0.884    core/rf_reg_r1_0_31_0_5/ADDRD0
    SLICE_X18Y26         RAMD32                                       r  core/rf_reg_r1_0_31_0_5/RAMB/WADR0
  -------------------------------------------------------------------    -------------------

                         (clock clk rise edge)        0.000     0.000 r  
                                                      0.000     0.000 r  clk (IN)
                         net (fo=1020, unset)         0.432     0.432    core/rf_reg_r1_0_31_0_5/WCLK
    SLICE_X18Y26         RAMD32                                       r  core/rf_reg_r1_0_31_0_5/RAMB/CLK
                         clock pessimism              0.000     0.432    
    SLICE_X18Y26         RAMD32 (Hold_ramd32_CLK_WADR0)
                                                      0.310     0.742    core/rf_reg_r1_0_31_0_5/RAMB
  -------------------------------------------------------------------
                         required time                         -0.742    
                         arrival time                           0.884    
  -------------------------------------------------------------------
                         slack                                  0.143    





Pulse Width Checks
--------------------------------------------------------------------------------------
Clock Name:         clk
Waveform(ns):       { 0.000 5.000 }
Period(ns):         10.000
Sources:            { clk }

Check Type        Corner  Lib Pin             Reference Pin  Required(ns)  Actual(ns)  Slack(ns)  Location      Pin
Min Period        n/a     RAMB36E1/CLKARDCLK  n/a            2.944         10.000      7.056      RAMB36_X1Y5   bram_samples_request.ram_reg_0_0_0/CLKARDCLK
Min Period        n/a     RAMB36E1/CLKARDCLK  n/a            2.944         10.000      7.056      RAMB36_X2Y1   bram_samples_request.ram_reg_0_0_1/CLKARDCLK
Min Period        n/a     RAMB36E1/CLKARDCLK  n/a            2.944         10.000      7.056      RAMB36_X2Y3   bram_samples_request.ram_reg_0_0_2/CLKARDCLK
Min Period        n/a     RAMB36E1/CLKARDCLK  n/a            2.944         10.000      7.056      RAMB36_X3Y4   bram_samples_request.ram_reg_0_0_3/CLKARDCLK
Min Period        n/a     RAMB36E1/CLKARDCLK  n/a            2.944         10.000      7.056      RAMB36_X0Y3   bram_samples_request.ram_reg_0_0_4/CLKARDCLK
Min Period        n/a     RAMB36E1/CLKARDCLK  n/a            2.944         10.000      7.056      RAMB36_X1Y0   bram_samples_request.ram_reg_0_0_5/CLKARDCLK
Min Period        n/a     RAMB36E1/CLKARDCLK  n/a            2.944         10.000      7.056      RAMB36_X0Y0   bram_samples_request.ram_reg_0_0_6/CLKARDCLK
Min Period        n/a     RAMB36E1/CLKARDCLK  n/a            2.944         10.000      7.056      RAMB36_X0Y2   bram_samples_request.ram_reg_0_0_7/CLKARDCLK
Min Period        n/a     RAMB36E1/CLKARDCLK  n/a            2.944         10.000      7.056      RAMB36_X1Y4   bram_samples_request.ram_reg_1_0_0/CLKARDCLK
Min Period        n/a     RAMB36E1/CLKARDCLK  n/a            2.944         10.000      7.056      RAMB36_X1Y3   bram_samples_request.ram_reg_1_0_1/CLKARDCLK
Low Pulse Width   Slow    RAMD32/CLK          n/a            1.250         5.000       3.750      SLICE_X18Y26  core/rf_reg_r1_0_31_0_5/RAMA/CLK
Low Pulse Width   Fast    RAMD32/CLK          n/a            1.250         5.000       3.750      SLICE_X18Y26  core/rf_reg_r1_0_31_0_5/RAMA/CLK
Low Pulse Width   Slow    RAMD32/CLK          n/a            1.250         5.000       3.750      SLICE_X18Y26  core/rf_reg_r1_0_31_0_5/RAMA_D1/CLK
Low Pulse Width   Fast    RAMD32/CLK          n/a            1.250         5.000       3.750      SLICE_X18Y26  core/rf_reg_r1_0_31_0_5/RAMA_D1/CLK
Low Pulse Width   Slow    RAMD32/CLK          n/a            1.250         5.000       3.750      SLICE_X18Y26  core/rf_reg_r1_0_31_0_5/RAMB/CLK
Low Pulse Width   Fast    RAMD32/CLK          n/a            1.250         5.000       3.750      SLICE_X18Y26  core/rf_reg_r1_0_31_0_5/RAMB/CLK
Low Pulse Width   Slow    RAMD32/CLK          n/a            1.250         5.000       3.750      SLICE_X18Y26  core/rf_reg_r1_0_31_0_5/RAMB_D1/CLK
Low Pulse Width   Fast    RAMD32/CLK          n/a            1.250         5.000       3.750      SLICE_X18Y26  core/rf_reg_r1_0_31_0_5/RAMB_D1/CLK
Low Pulse Width   Slow    RAMD32/CLK          n/a            1.250         5.000       3.750      SLICE_X18Y26  core/rf_reg_r1_0_31_0_5/RAMC/CLK
Low Pulse Width   Fast    RAMD32/CLK          n/a            1.250         5.000       3.750      SLICE_X18Y26  core/rf_reg_r1_0_31_0_5/RAMC/CLK
High Pulse Width  Slow    RAMD32/CLK          n/a            1.250         5.000       3.750      SLICE_X18Y26  core/rf_reg_r1_0_31_0_5/RAMA/CLK
High Pulse Width  Fast    RAMD32/CLK          n/a            1.250         5.000       3.750      SLICE_X18Y26  core/rf_reg_r1_0_31_0_5/RAMA/CLK
High Pulse Width  Slow    RAMD32/CLK          n/a            1.250         5.000       3.750      SLICE_X18Y26  core/rf_reg_r1_0_31_0_5/RAMA_D1/CLK
High Pulse Width  Fast    RAMD32/CLK          n/a            1.250         5.000       3.750      SLICE_X18Y26  core/rf_reg_r1_0_31_0_5/RAMA_D1/CLK
High Pulse Width  Slow    RAMD32/CLK          n/a            1.250         5.000       3.750      SLICE_X18Y26  core/rf_reg_r1_0_31_0_5/RAMB/CLK
High Pulse Width  Fast    RAMD32/CLK          n/a            1.250         5.000       3.750      SLICE_X18Y26  core/rf_reg_r1_0_31_0_5/RAMB/CLK
High Pulse Width  Slow    RAMD32/CLK          n/a            1.250         5.000       3.750      SLICE_X18Y26  core/rf_reg_r1_0_31_0_5/RAMB_D1/CLK
High Pulse Width  Fast    RAMD32/CLK          n/a            1.250         5.000       3.750      SLICE_X18Y26  core/rf_reg_r1_0_31_0_5/RAMB_D1/CLK
High Pulse Width  Slow    RAMD32/CLK          n/a            1.250         5.000       3.750      SLICE_X18Y26  core/rf_reg_r1_0_31_0_5/RAMC/CLK
High Pulse Width  Fast    RAMD32/CLK          n/a            1.250         5.000       3.750      SLICE_X18Y26  core/rf_reg_r1_0_31_0_5/RAMC/CLK



