make[1]: Entering directory '/home/elfo/Documents/Aster'
mkdir -p /home/elfo/Documents/Aster/build/phase5-71e2570/legacy-verified/soc_l10_sync0_wait0_w2_n2
verilator --cc --exe --build --timing --Wall --Wno-fatal \
	-DRISCV_FORMAL --Wno-DECLFILENAME --Wno-GENUNNAMED --Wno-UNUSEDSIGNAL --Wno-BLKSEQ --top-module aster_minimal \
	"-GENABLE_L1=1'b0" "-GSYNC_MEMORY=1'b0" \
	-GMEMORY_WAIT_CYCLES=0 -GL1_LINE_WORDS=2 -GL1_LINE_COUNT=2 \
	--Mdir /home/elfo/Documents/Aster/build/phase5-71e2570/legacy-verified/soc_l10_sync0_wait0_w2_n2/obj -o /home/elfo/Documents/Aster/build/phase5-71e2570/legacy-verified/soc_l10_sync0_wait0_w2_n2/aster_soc_sim \
	/home/elfo/Documents/Aster/rtl/core/aster_picorv32.sv /home/elfo/Documents/Aster/vendor/picorv32/picorv32.v /home/elfo/Documents/Aster/rtl/cache/aster_l1_cache.sv /home/elfo/Documents/Aster/rtl/memory/aster_rom.sv /home/elfo/Documents/Aster/rtl/memory/aster_ram.sv /home/elfo/Documents/Aster/rtl/peripherals/aster_uart.sv /home/elfo/Documents/Aster/rtl/peripherals/aster_perf_counters.sv /home/elfo/Documents/Aster/rtl/core/aster_hart.sv /home/elfo/Documents/Aster/rtl/soc/aster_minimal.sv \
	/home/elfo/Documents/Aster/verification/soc/tb_aster_soc.cpp
make[2]: Entering directory '/home/elfo/Documents/Aster/build/phase5-71e2570/legacy-verified/soc_l10_sync0_wait0_w2_n2/obj'
g++  -I.  -MMD -I/home/elfo/tools/verilator/root/include -I/home/elfo/tools/verilator/root/include/vltstd -DVM_COVERAGE=0 -DVM_SC=0 -DVM_TRACE=0 -DVM_TRACE_FST=0 -DVM_TRACE_VCD=0 -faligned-new -fcf-protection=none -Wno-bool-operation -Wno-overloaded-virtual -Wno-shadow -Wno-sign-compare -Wno-uninitialized -Wno-unused-but-set-parameter -Wno-unused-but-set-variable -Wno-unused-parameter -Wno-unused-variable       -Os -c -o tb_aster_soc.o /home/elfo/Documents/Aster/verification/soc/tb_aster_soc.cpp
g++ -Os  -I.  -MMD -I/home/elfo/tools/verilator/root/include -I/home/elfo/tools/verilator/root/include/vltstd -DVM_COVERAGE=0 -DVM_SC=0 -DVM_TRACE=0 -DVM_TRACE_FST=0 -DVM_TRACE_VCD=0 -faligned-new -fcf-protection=none -Wno-bool-operation -Wno-overloaded-virtual -Wno-shadow -Wno-sign-compare -Wno-uninitialized -Wno-unused-but-set-parameter -Wno-unused-but-set-variable -Wno-unused-parameter -Wno-unused-variable       -c -o verilated.o /home/elfo/tools/verilator/root/include/verilated.cpp
g++ -Os  -I.  -MMD -I/home/elfo/tools/verilator/root/include -I/home/elfo/tools/verilator/root/include/vltstd -DVM_COVERAGE=0 -DVM_SC=0 -DVM_TRACE=0 -DVM_TRACE_FST=0 -DVM_TRACE_VCD=0 -faligned-new -fcf-protection=none -Wno-bool-operation -Wno-overloaded-virtual -Wno-shadow -Wno-sign-compare -Wno-uninitialized -Wno-unused-but-set-parameter -Wno-unused-but-set-variable -Wno-unused-parameter -Wno-unused-variable       -c -o verilated_threads.o /home/elfo/tools/verilator/root/include/verilated_threads.cpp
/usr/bin/python3 /home/elfo/tools/verilator/root/bin/verilator_includer -DVL_INCLUDE_OPT=include Vaster_minimal.cpp Vaster_minimal___024root__DepSet_h32747b0f__0.cpp Vaster_minimal___024root__DepSet_h1d8fc093__0.cpp Vaster_minimal___024root__Slow.cpp Vaster_minimal___024root__DepSet_h32747b0f__0__Slow.cpp Vaster_minimal___024root__DepSet_h1d8fc093__0__Slow.cpp Vaster_minimal__Syms.cpp > Vaster_minimal__ALL.cpp
g++ -Os  -I.  -MMD -I/home/elfo/tools/verilator/root/include -I/home/elfo/tools/verilator/root/include/vltstd -DVM_COVERAGE=0 -DVM_SC=0 -DVM_TRACE=0 -DVM_TRACE_FST=0 -DVM_TRACE_VCD=0 -faligned-new -fcf-protection=none -Wno-bool-operation -Wno-overloaded-virtual -Wno-shadow -Wno-sign-compare -Wno-uninitialized -Wno-unused-but-set-parameter -Wno-unused-but-set-variable -Wno-unused-parameter -Wno-unused-variable       -c -o Vaster_minimal__ALL.o Vaster_minimal__ALL.cpp
echo "" > Vaster_minimal__ALL.verilator_deplist.tmp
Archive ar -rcs Vaster_minimal__ALL.a Vaster_minimal__ALL.o
g++     tb_aster_soc.o verilated.o verilated_threads.o Vaster_minimal__ALL.a    -pthread -lpthread -latomic   -o /home/elfo/Documents/Aster/build/phase5-71e2570/legacy-verified/soc_l10_sync0_wait0_w2_n2/aster_soc_sim
rm Vaster_minimal__ALL.verilator_deplist.tmp
make[2]: Leaving directory '/home/elfo/Documents/Aster/build/phase5-71e2570/legacy-verified/soc_l10_sync0_wait0_w2_n2/obj'
RV32IM PASS
PASS: RV32IM PASS (1 boot(s))
RUNTIME PASS
RUNTIME PASS
PASS: RUNTIME PASS (2 boot(s))
MEMORY MAP PASS
PASS: MEMORY MAP PASS (1 boot(s))
Trap case 0
TRAP ARMED
TRAP ARMED
PASS: TRAP ARMED (2 boot(s))
Trap case 1
TRAP ARMED
TRAP ARMED
PASS: TRAP ARMED (2 boot(s))
Trap case 2
TRAP ARMED
TRAP ARMED
PASS: TRAP ARMED (2 boot(s))
Trap case 3
TRAP ARMED
TRAP ARMED
PASS: TRAP ARMED (2 boot(s))
Trap case 4
TRAP ARMED
TRAP ARMED
PASS: TRAP ARMED (2 boot(s))
Trap case 5
TRAP ARMED
TRAP ARMED
PASS: TRAP ARMED (2 boot(s))
Trap case 6
TRAP ARMED
TRAP ARMED
PASS: TRAP ARMED (2 boot(s))
Trap case 7
TRAP ARMED
TRAP ARMED
PASS: TRAP ARMED (2 boot(s))
Trap case 8
TRAP ARMED
TRAP ARMED
PASS: TRAP ARMED (2 boot(s))
Trap case 9
TRAP ARMED
TRAP ARMED
PASS: TRAP ARMED (2 boot(s))
Trap case 10
TRAP ARMED
TRAP ARMED
PASS: TRAP ARMED (2 boot(s))
Trap case 11
TRAP ARMED
TRAP ARMED
PASS: TRAP ARMED (2 boot(s))
test_board_output_validation_uses_strict_parser (test_asterbench.ResultProvenance.test_board_output_validation_uses_strict_parser) ... ok
test_comparison_contract (test_asterbench.ResultProvenance.test_comparison_contract) ... ok
test_required_provenance (test_asterbench.ResultProvenance.test_required_provenance) ... ok
test_serial_and_typed_record_must_agree (test_asterbench.ResultProvenance.test_serial_and_typed_record_must_agree) ... ok
test_common_corpus (test_asterbench.StrictRecords.test_common_corpus) ... ok
test_bad_options_and_known_references (test_cache_experiments.CacheExperiments.test_bad_options_and_known_references) ... ok
test_missing_experiment_rejected (test_cache_experiments.CacheExperiments.test_missing_experiment_rejected) ... ok
test_pattern_kernels_and_data_addresses_match (test_cache_experiments.CacheExperiments.test_pattern_kernels_and_data_addresses_match) ... ok
test_plan_covers_all_readme_experiments (test_cache_experiments.CacheExperiments.test_plan_covers_all_readme_experiments) ... ok
test_study_audit_rejects_corruption (test_cache_experiments.CacheExperiments.test_study_audit_rejects_corruption) ... ok
test_each_private_region_cannot_overflow_its_stack (test_multicore_layout.MulticoreLayout.test_each_private_region_cannot_overflow_its_stack) ... ok
test_rom_limit (test_multicore_layout.MulticoreLayout.test_rom_limit) ... ok
test_shared_initialized_odd_bytes_have_rom_load_image (test_multicore_layout.MulticoreLayout.test_shared_initialized_odd_bytes_have_rom_load_image) ... ok
test_shared_size_and_no_stack_alias (test_multicore_layout.MulticoreLayout.test_shared_size_and_no_stack_alias) ... ok
test_stack_alignment_and_minimum (test_multicore_layout.MulticoreLayout.test_stack_alignment_and_minimum) ... ok
test_comparison_refuses_different_work (test_parallel.ParallelProvenance.test_comparison_refuses_different_work) ... ok
test_required_fields_and_raw_log_binding (test_parallel.ParallelProvenance.test_required_fields_and_raw_log_binding) ... ok
test_complete_job_stream_and_independent_oracle (test_parallel.ParallelRecords.test_complete_job_stream_and_independent_oracle) ... ok
test_python_cpp_malformed_corpus (test_parallel.ParallelRecords.test_python_cpp_malformed_corpus) ... ok
test_known_corners (test_phase1.ArithmeticReference.test_known_corners) ... ok
test_seed_reproducibility (test_phase1.ArithmeticReference.test_seed_reproducibility) ... ok
test_initialized_byte_segment (test_phase1.FirmwareLayout.test_initialized_byte_segment) ... ok
test_rom_overflow (test_phase1.FirmwareLayout.test_rom_overflow) ... ok
test_stack_reservation (test_phase1.FirmwareLayout.test_stack_reservation) ... ok
test_missing_and_duplicate_modules_parameters_ports (test_pynq_handoff.HandoffSafety.test_missing_and_duplicate_modules_parameters_ports) ... ok
test_multicore_map_must_match_requested_harts (test_pynq_handoff.HandoffSafety.test_multicore_map_must_match_requested_harts) ... ok
test_mutated_exports_fail_closed (test_pynq_handoff.HandoffSafety.test_mutated_exports_fail_closed) ... ok
test_original_active_low_auxiliary_tied_zero_is_rejected (test_pynq_handoff.HandoffSafety.test_original_active_low_auxiliary_tied_zero_is_rejected) ... ok
test_valid_export (test_pynq_handoff.HandoffSafety.test_valid_export) ... ok
test_captured_reports_and_rejected_mutations (test_pynq_results.PhysicalResults.test_captured_reports_and_rejected_mutations) ... ok
test_bad_cli_preflight_never_imports_board_api (test_run_pynq.CollectorChecks.test_bad_cli_preflight_never_imports_board_api) ... ok
test_exact_runtime_and_complete_parallel_streams (test_run_pynq.CollectorChecks.test_exact_runtime_and_complete_parallel_streams) ... ok
test_lifetime_counter_rollover (test_run_pynq.CollectorChecks.test_lifetime_counter_rollover) ... ok

----------------------------------------------------------------------
Ran 33 tests in 5.235s

OK
mkdir -p /home/elfo/Documents/Aster/build/phase5-71e2570/legacy-verified/bench_l10_sync0_wait0_w2_n2
verilator --cc --exe --build --timing --Wall --Wno-fatal \
	-DRISCV_FORMAL --Wno-DECLFILENAME --Wno-GENUNNAMED --Wno-UNUSEDSIGNAL --Wno-BLKSEQ \
	--top-module aster_minimal \
	"-GENABLE_L1=1'b0" "-GSYNC_MEMORY=1'b0" \
	-GMEMORY_WAIT_CYCLES=0 -GL1_LINE_WORDS=2 -GL1_LINE_COUNT=2 \
	--Mdir /home/elfo/Documents/Aster/build/phase5-71e2570/legacy-verified/bench_l10_sync0_wait0_w2_n2/obj \
	-o /home/elfo/Documents/Aster/build/phase5-71e2570/legacy-verified/bench_l10_sync0_wait0_w2_n2/asterbench_sim \
	/home/elfo/Documents/Aster/rtl/core/aster_picorv32.sv /home/elfo/Documents/Aster/vendor/picorv32/picorv32.v /home/elfo/Documents/Aster/rtl/cache/aster_l1_cache.sv \
	/home/elfo/Documents/Aster/rtl/memory/aster_rom.sv /home/elfo/Documents/Aster/rtl/memory/aster_ram.sv \
	/home/elfo/Documents/Aster/rtl/peripherals/aster_uart.sv /home/elfo/Documents/Aster/rtl/peripherals/aster_perf_counters.sv /home/elfo/Documents/Aster/rtl/core/aster_hart.sv /home/elfo/Documents/Aster/rtl/soc/aster_minimal.sv \
	/home/elfo/Documents/Aster/verification/soc/tb_asterbench.cpp
make[2]: Entering directory '/home/elfo/Documents/Aster/build/phase5-71e2570/legacy-verified/bench_l10_sync0_wait0_w2_n2/obj'
g++  -I.  -MMD -I/home/elfo/tools/verilator/root/include -I/home/elfo/tools/verilator/root/include/vltstd -DVM_COVERAGE=0 -DVM_SC=0 -DVM_TRACE=0 -DVM_TRACE_FST=0 -DVM_TRACE_VCD=0 -faligned-new -fcf-protection=none -Wno-bool-operation -Wno-overloaded-virtual -Wno-shadow -Wno-sign-compare -Wno-uninitialized -Wno-unused-but-set-parameter -Wno-unused-but-set-variable -Wno-unused-parameter -Wno-unused-variable       -Os -c -o tb_asterbench.o /home/elfo/Documents/Aster/verification/soc/tb_asterbench.cpp
g++ -Os  -I.  -MMD -I/home/elfo/tools/verilator/root/include -I/home/elfo/tools/verilator/root/include/vltstd -DVM_COVERAGE=0 -DVM_SC=0 -DVM_TRACE=0 -DVM_TRACE_FST=0 -DVM_TRACE_VCD=0 -faligned-new -fcf-protection=none -Wno-bool-operation -Wno-overloaded-virtual -Wno-shadow -Wno-sign-compare -Wno-uninitialized -Wno-unused-but-set-parameter -Wno-unused-but-set-variable -Wno-unused-parameter -Wno-unused-variable       -c -o verilated.o /home/elfo/tools/verilator/root/include/verilated.cpp
g++ -Os  -I.  -MMD -I/home/elfo/tools/verilator/root/include -I/home/elfo/tools/verilator/root/include/vltstd -DVM_COVERAGE=0 -DVM_SC=0 -DVM_TRACE=0 -DVM_TRACE_FST=0 -DVM_TRACE_VCD=0 -faligned-new -fcf-protection=none -Wno-bool-operation -Wno-overloaded-virtual -Wno-shadow -Wno-sign-compare -Wno-uninitialized -Wno-unused-but-set-parameter -Wno-unused-but-set-variable -Wno-unused-parameter -Wno-unused-variable       -c -o verilated_threads.o /home/elfo/tools/verilator/root/include/verilated_threads.cpp
/usr/bin/python3 /home/elfo/tools/verilator/root/bin/verilator_includer -DVL_INCLUDE_OPT=include Vaster_minimal.cpp Vaster_minimal___024root__DepSet_h32747b0f__0.cpp Vaster_minimal___024root__DepSet_h1d8fc093__0.cpp Vaster_minimal___024root__Slow.cpp Vaster_minimal___024root__DepSet_h32747b0f__0__Slow.cpp Vaster_minimal___024root__DepSet_h1d8fc093__0__Slow.cpp Vaster_minimal__Syms.cpp > Vaster_minimal__ALL.cpp
g++ -Os  -I.  -MMD -I/home/elfo/tools/verilator/root/include -I/home/elfo/tools/verilator/root/include/vltstd -DVM_COVERAGE=0 -DVM_SC=0 -DVM_TRACE=0 -DVM_TRACE_FST=0 -DVM_TRACE_VCD=0 -faligned-new -fcf-protection=none -Wno-bool-operation -Wno-overloaded-virtual -Wno-shadow -Wno-sign-compare -Wno-uninitialized -Wno-unused-but-set-parameter -Wno-unused-but-set-variable -Wno-unused-parameter -Wno-unused-variable       -c -o Vaster_minimal__ALL.o Vaster_minimal__ALL.cpp
echo "" > Vaster_minimal__ALL.verilator_deplist.tmp
Archive ar -rcs Vaster_minimal__ALL.a Vaster_minimal__ALL.o
g++     tb_asterbench.o verilated.o verilated_threads.o Vaster_minimal__ALL.a    -pthread -lpthread -latomic   -o /home/elfo/Documents/Aster/build/phase5-71e2570/legacy-verified/bench_l10_sync0_wait0_w2_n2/asterbench_sim
rm Vaster_minimal__ALL.verilator_deplist.tmp
make[2]: Leaving directory '/home/elfo/Documents/Aster/build/phase5-71e2570/legacy-verified/bench_l10_sync0_wait0_w2_n2/obj'
ASTERBENCH,version=2,name=memcpy,bytes=256,repetitions=4,seed=0x13570000,status=PASS,checksum=0xc4be3200,clock_hz=31250000,l1=0,sync_memory=0,line_words=2,line_count=2,memory_wait=0,cycles=0x0000000000001d33,retired=0x0000000000000611,memory_transactions=0x0000000000000910,backing_transactions=0x0000000000000910,cache_accesses=0x0000000000000000,cache_misses=0x0000000000000000,dma_bytes=0x0000000000000000,accelerator_cycles=0x0000000000000000
PASS: strict AsterBench v2 record
make[1]: Leaving directory '/home/elfo/Documents/Aster'
make[1]: Entering directory '/home/elfo/Documents/Aster'
mkdir -p /home/elfo/Documents/Aster/build/phase5-71e2570/legacy-verified/soc_l11_sync0_wait0_w2_n2
verilator --cc --exe --build --timing --Wall --Wno-fatal \
	-DRISCV_FORMAL --Wno-DECLFILENAME --Wno-GENUNNAMED --Wno-UNUSEDSIGNAL --Wno-BLKSEQ --top-module aster_minimal \
	"-GENABLE_L1=1'b1" "-GSYNC_MEMORY=1'b0" \
	-GMEMORY_WAIT_CYCLES=0 -GL1_LINE_WORDS=2 -GL1_LINE_COUNT=2 \
	--Mdir /home/elfo/Documents/Aster/build/phase5-71e2570/legacy-verified/soc_l11_sync0_wait0_w2_n2/obj -o /home/elfo/Documents/Aster/build/phase5-71e2570/legacy-verified/soc_l11_sync0_wait0_w2_n2/aster_soc_sim \
	/home/elfo/Documents/Aster/rtl/core/aster_picorv32.sv /home/elfo/Documents/Aster/vendor/picorv32/picorv32.v /home/elfo/Documents/Aster/rtl/cache/aster_l1_cache.sv /home/elfo/Documents/Aster/rtl/memory/aster_rom.sv /home/elfo/Documents/Aster/rtl/memory/aster_ram.sv /home/elfo/Documents/Aster/rtl/peripherals/aster_uart.sv /home/elfo/Documents/Aster/rtl/peripherals/aster_perf_counters.sv /home/elfo/Documents/Aster/rtl/core/aster_hart.sv /home/elfo/Documents/Aster/rtl/soc/aster_minimal.sv \
	/home/elfo/Documents/Aster/verification/soc/tb_aster_soc.cpp
make[2]: Entering directory '/home/elfo/Documents/Aster/build/phase5-71e2570/legacy-verified/soc_l11_sync0_wait0_w2_n2/obj'
g++  -I.  -MMD -I/home/elfo/tools/verilator/root/include -I/home/elfo/tools/verilator/root/include/vltstd -DVM_COVERAGE=0 -DVM_SC=0 -DVM_TRACE=0 -DVM_TRACE_FST=0 -DVM_TRACE_VCD=0 -faligned-new -fcf-protection=none -Wno-bool-operation -Wno-overloaded-virtual -Wno-shadow -Wno-sign-compare -Wno-uninitialized -Wno-unused-but-set-parameter -Wno-unused-but-set-variable -Wno-unused-parameter -Wno-unused-variable       -Os -c -o tb_aster_soc.o /home/elfo/Documents/Aster/verification/soc/tb_aster_soc.cpp
g++ -Os  -I.  -MMD -I/home/elfo/tools/verilator/root/include -I/home/elfo/tools/verilator/root/include/vltstd -DVM_COVERAGE=0 -DVM_SC=0 -DVM_TRACE=0 -DVM_TRACE_FST=0 -DVM_TRACE_VCD=0 -faligned-new -fcf-protection=none -Wno-bool-operation -Wno-overloaded-virtual -Wno-shadow -Wno-sign-compare -Wno-uninitialized -Wno-unused-but-set-parameter -Wno-unused-but-set-variable -Wno-unused-parameter -Wno-unused-variable       -c -o verilated.o /home/elfo/tools/verilator/root/include/verilated.cpp
g++ -Os  -I.  -MMD -I/home/elfo/tools/verilator/root/include -I/home/elfo/tools/verilator/root/include/vltstd -DVM_COVERAGE=0 -DVM_SC=0 -DVM_TRACE=0 -DVM_TRACE_FST=0 -DVM_TRACE_VCD=0 -faligned-new -fcf-protection=none -Wno-bool-operation -Wno-overloaded-virtual -Wno-shadow -Wno-sign-compare -Wno-uninitialized -Wno-unused-but-set-parameter -Wno-unused-but-set-variable -Wno-unused-parameter -Wno-unused-variable       -c -o verilated_threads.o /home/elfo/tools/verilator/root/include/verilated_threads.cpp
/usr/bin/python3 /home/elfo/tools/verilator/root/bin/verilator_includer -DVL_INCLUDE_OPT=include Vaster_minimal.cpp Vaster_minimal___024root__DepSet_h32747b0f__0.cpp Vaster_minimal___024root__DepSet_h1d8fc093__0.cpp Vaster_minimal___024root__Slow.cpp Vaster_minimal___024root__DepSet_h32747b0f__0__Slow.cpp Vaster_minimal___024root__DepSet_h1d8fc093__0__Slow.cpp Vaster_minimal__Syms.cpp > Vaster_minimal__ALL.cpp
g++ -Os  -I.  -MMD -I/home/elfo/tools/verilator/root/include -I/home/elfo/tools/verilator/root/include/vltstd -DVM_COVERAGE=0 -DVM_SC=0 -DVM_TRACE=0 -DVM_TRACE_FST=0 -DVM_TRACE_VCD=0 -faligned-new -fcf-protection=none -Wno-bool-operation -Wno-overloaded-virtual -Wno-shadow -Wno-sign-compare -Wno-uninitialized -Wno-unused-but-set-parameter -Wno-unused-but-set-variable -Wno-unused-parameter -Wno-unused-variable       -c -o Vaster_minimal__ALL.o Vaster_minimal__ALL.cpp
echo "" > Vaster_minimal__ALL.verilator_deplist.tmp
Archive ar -rcs Vaster_minimal__ALL.a Vaster_minimal__ALL.o
g++     tb_aster_soc.o verilated.o verilated_threads.o Vaster_minimal__ALL.a    -pthread -lpthread -latomic   -o /home/elfo/Documents/Aster/build/phase5-71e2570/legacy-verified/soc_l11_sync0_wait0_w2_n2/aster_soc_sim
rm Vaster_minimal__ALL.verilator_deplist.tmp
make[2]: Leaving directory '/home/elfo/Documents/Aster/build/phase5-71e2570/legacy-verified/soc_l11_sync0_wait0_w2_n2/obj'
RV32IM PASS
PASS: RV32IM PASS (1 boot(s))
RUNTIME PASS
RUNTIME PASS
PASS: RUNTIME PASS (2 boot(s))
MEMORY MAP PASS
PASS: MEMORY MAP PASS (1 boot(s))
Trap case 0
TRAP ARMED
TRAP ARMED
PASS: TRAP ARMED (2 boot(s))
Trap case 1
TRAP ARMED
TRAP ARMED
PASS: TRAP ARMED (2 boot(s))
Trap case 2
TRAP ARMED
TRAP ARMED
PASS: TRAP ARMED (2 boot(s))
Trap case 3
TRAP ARMED
TRAP ARMED
PASS: TRAP ARMED (2 boot(s))
Trap case 4
TRAP ARMED
TRAP ARMED
PASS: TRAP ARMED (2 boot(s))
Trap case 5
TRAP ARMED
TRAP ARMED
PASS: TRAP ARMED (2 boot(s))
Trap case 6
TRAP ARMED
TRAP ARMED
PASS: TRAP ARMED (2 boot(s))
Trap case 7
TRAP ARMED
TRAP ARMED
PASS: TRAP ARMED (2 boot(s))
Trap case 8
TRAP ARMED
TRAP ARMED
PASS: TRAP ARMED (2 boot(s))
Trap case 9
TRAP ARMED
TRAP ARMED
PASS: TRAP ARMED (2 boot(s))
Trap case 10
TRAP ARMED
TRAP ARMED
PASS: TRAP ARMED (2 boot(s))
Trap case 11
TRAP ARMED
TRAP ARMED
PASS: TRAP ARMED (2 boot(s))
test_board_output_validation_uses_strict_parser (test_asterbench.ResultProvenance.test_board_output_validation_uses_strict_parser) ... ok
test_comparison_contract (test_asterbench.ResultProvenance.test_comparison_contract) ... ok
test_required_provenance (test_asterbench.ResultProvenance.test_required_provenance) ... ok
test_serial_and_typed_record_must_agree (test_asterbench.ResultProvenance.test_serial_and_typed_record_must_agree) ... ok
test_common_corpus (test_asterbench.StrictRecords.test_common_corpus) ... ok
test_bad_options_and_known_references (test_cache_experiments.CacheExperiments.test_bad_options_and_known_references) ... ok
test_missing_experiment_rejected (test_cache_experiments.CacheExperiments.test_missing_experiment_rejected) ... ok
test_pattern_kernels_and_data_addresses_match (test_cache_experiments.CacheExperiments.test_pattern_kernels_and_data_addresses_match) ... ok
test_plan_covers_all_readme_experiments (test_cache_experiments.CacheExperiments.test_plan_covers_all_readme_experiments) ... ok
test_study_audit_rejects_corruption (test_cache_experiments.CacheExperiments.test_study_audit_rejects_corruption) ... ok
test_each_private_region_cannot_overflow_its_stack (test_multicore_layout.MulticoreLayout.test_each_private_region_cannot_overflow_its_stack) ... ok
test_rom_limit (test_multicore_layout.MulticoreLayout.test_rom_limit) ... ok
test_shared_initialized_odd_bytes_have_rom_load_image (test_multicore_layout.MulticoreLayout.test_shared_initialized_odd_bytes_have_rom_load_image) ... ok
test_shared_size_and_no_stack_alias (test_multicore_layout.MulticoreLayout.test_shared_size_and_no_stack_alias) ... ok
test_stack_alignment_and_minimum (test_multicore_layout.MulticoreLayout.test_stack_alignment_and_minimum) ... ok
test_comparison_refuses_different_work (test_parallel.ParallelProvenance.test_comparison_refuses_different_work) ... ok
test_required_fields_and_raw_log_binding (test_parallel.ParallelProvenance.test_required_fields_and_raw_log_binding) ... ok
test_complete_job_stream_and_independent_oracle (test_parallel.ParallelRecords.test_complete_job_stream_and_independent_oracle) ... ok
test_python_cpp_malformed_corpus (test_parallel.ParallelRecords.test_python_cpp_malformed_corpus) ... ok
test_known_corners (test_phase1.ArithmeticReference.test_known_corners) ... ok
test_seed_reproducibility (test_phase1.ArithmeticReference.test_seed_reproducibility) ... ok
test_initialized_byte_segment (test_phase1.FirmwareLayout.test_initialized_byte_segment) ... ok
test_rom_overflow (test_phase1.FirmwareLayout.test_rom_overflow) ... ok
test_stack_reservation (test_phase1.FirmwareLayout.test_stack_reservation) ... ok
test_missing_and_duplicate_modules_parameters_ports (test_pynq_handoff.HandoffSafety.test_missing_and_duplicate_modules_parameters_ports) ... ok
test_multicore_map_must_match_requested_harts (test_pynq_handoff.HandoffSafety.test_multicore_map_must_match_requested_harts) ... ok
test_mutated_exports_fail_closed (test_pynq_handoff.HandoffSafety.test_mutated_exports_fail_closed) ... ok
test_original_active_low_auxiliary_tied_zero_is_rejected (test_pynq_handoff.HandoffSafety.test_original_active_low_auxiliary_tied_zero_is_rejected) ... ok
test_valid_export (test_pynq_handoff.HandoffSafety.test_valid_export) ... ok
test_captured_reports_and_rejected_mutations (test_pynq_results.PhysicalResults.test_captured_reports_and_rejected_mutations) ... ok
test_bad_cli_preflight_never_imports_board_api (test_run_pynq.CollectorChecks.test_bad_cli_preflight_never_imports_board_api) ... ok
test_exact_runtime_and_complete_parallel_streams (test_run_pynq.CollectorChecks.test_exact_runtime_and_complete_parallel_streams) ... ok
test_lifetime_counter_rollover (test_run_pynq.CollectorChecks.test_lifetime_counter_rollover) ... ok

----------------------------------------------------------------------
Ran 33 tests in 5.176s

OK
mkdir -p /home/elfo/Documents/Aster/build/phase5-71e2570/legacy-verified/bench_l11_sync0_wait0_w2_n2
verilator --cc --exe --build --timing --Wall --Wno-fatal \
	-DRISCV_FORMAL --Wno-DECLFILENAME --Wno-GENUNNAMED --Wno-UNUSEDSIGNAL --Wno-BLKSEQ \
	--top-module aster_minimal \
	"-GENABLE_L1=1'b1" "-GSYNC_MEMORY=1'b0" \
	-GMEMORY_WAIT_CYCLES=0 -GL1_LINE_WORDS=2 -GL1_LINE_COUNT=2 \
	--Mdir /home/elfo/Documents/Aster/build/phase5-71e2570/legacy-verified/bench_l11_sync0_wait0_w2_n2/obj \
	-o /home/elfo/Documents/Aster/build/phase5-71e2570/legacy-verified/bench_l11_sync0_wait0_w2_n2/asterbench_sim \
	/home/elfo/Documents/Aster/rtl/core/aster_picorv32.sv /home/elfo/Documents/Aster/vendor/picorv32/picorv32.v /home/elfo/Documents/Aster/rtl/cache/aster_l1_cache.sv \
	/home/elfo/Documents/Aster/rtl/memory/aster_rom.sv /home/elfo/Documents/Aster/rtl/memory/aster_ram.sv \
	/home/elfo/Documents/Aster/rtl/peripherals/aster_uart.sv /home/elfo/Documents/Aster/rtl/peripherals/aster_perf_counters.sv /home/elfo/Documents/Aster/rtl/core/aster_hart.sv /home/elfo/Documents/Aster/rtl/soc/aster_minimal.sv \
	/home/elfo/Documents/Aster/verification/soc/tb_asterbench.cpp
make[2]: Entering directory '/home/elfo/Documents/Aster/build/phase5-71e2570/legacy-verified/bench_l11_sync0_wait0_w2_n2/obj'
g++  -I.  -MMD -I/home/elfo/tools/verilator/root/include -I/home/elfo/tools/verilator/root/include/vltstd -DVM_COVERAGE=0 -DVM_SC=0 -DVM_TRACE=0 -DVM_TRACE_FST=0 -DVM_TRACE_VCD=0 -faligned-new -fcf-protection=none -Wno-bool-operation -Wno-overloaded-virtual -Wno-shadow -Wno-sign-compare -Wno-uninitialized -Wno-unused-but-set-parameter -Wno-unused-but-set-variable -Wno-unused-parameter -Wno-unused-variable       -Os -c -o tb_asterbench.o /home/elfo/Documents/Aster/verification/soc/tb_asterbench.cpp
g++ -Os  -I.  -MMD -I/home/elfo/tools/verilator/root/include -I/home/elfo/tools/verilator/root/include/vltstd -DVM_COVERAGE=0 -DVM_SC=0 -DVM_TRACE=0 -DVM_TRACE_FST=0 -DVM_TRACE_VCD=0 -faligned-new -fcf-protection=none -Wno-bool-operation -Wno-overloaded-virtual -Wno-shadow -Wno-sign-compare -Wno-uninitialized -Wno-unused-but-set-parameter -Wno-unused-but-set-variable -Wno-unused-parameter -Wno-unused-variable       -c -o verilated.o /home/elfo/tools/verilator/root/include/verilated.cpp
g++ -Os  -I.  -MMD -I/home/elfo/tools/verilator/root/include -I/home/elfo/tools/verilator/root/include/vltstd -DVM_COVERAGE=0 -DVM_SC=0 -DVM_TRACE=0 -DVM_TRACE_FST=0 -DVM_TRACE_VCD=0 -faligned-new -fcf-protection=none -Wno-bool-operation -Wno-overloaded-virtual -Wno-shadow -Wno-sign-compare -Wno-uninitialized -Wno-unused-but-set-parameter -Wno-unused-but-set-variable -Wno-unused-parameter -Wno-unused-variable       -c -o verilated_threads.o /home/elfo/tools/verilator/root/include/verilated_threads.cpp
/usr/bin/python3 /home/elfo/tools/verilator/root/bin/verilator_includer -DVL_INCLUDE_OPT=include Vaster_minimal.cpp Vaster_minimal___024root__DepSet_h32747b0f__0.cpp Vaster_minimal___024root__DepSet_h1d8fc093__0.cpp Vaster_minimal___024root__Slow.cpp Vaster_minimal___024root__DepSet_h32747b0f__0__Slow.cpp Vaster_minimal___024root__DepSet_h1d8fc093__0__Slow.cpp Vaster_minimal__Syms.cpp > Vaster_minimal__ALL.cpp
g++ -Os  -I.  -MMD -I/home/elfo/tools/verilator/root/include -I/home/elfo/tools/verilator/root/include/vltstd -DVM_COVERAGE=0 -DVM_SC=0 -DVM_TRACE=0 -DVM_TRACE_FST=0 -DVM_TRACE_VCD=0 -faligned-new -fcf-protection=none -Wno-bool-operation -Wno-overloaded-virtual -Wno-shadow -Wno-sign-compare -Wno-uninitialized -Wno-unused-but-set-parameter -Wno-unused-but-set-variable -Wno-unused-parameter -Wno-unused-variable       -c -o Vaster_minimal__ALL.o Vaster_minimal__ALL.cpp
echo "" > Vaster_minimal__ALL.verilator_deplist.tmp
Archive ar -rcs Vaster_minimal__ALL.a Vaster_minimal__ALL.o
g++     tb_asterbench.o verilated.o verilated_threads.o Vaster_minimal__ALL.a    -pthread -lpthread -latomic   -o /home/elfo/Documents/Aster/build/phase5-71e2570/legacy-verified/bench_l11_sync0_wait0_w2_n2/asterbench_sim
rm Vaster_minimal__ALL.verilator_deplist.tmp
make[2]: Leaving directory '/home/elfo/Documents/Aster/build/phase5-71e2570/legacy-verified/bench_l11_sync0_wait0_w2_n2/obj'
ASTERBENCH,version=2,name=memcpy,bytes=256,repetitions=4,seed=0x13570000,status=PASS,checksum=0xc4be3200,clock_hz=31250000,l1=1,sync_memory=0,line_words=2,line_count=2,memory_wait=0,cycles=0x0000000000002bcf,retired=0x0000000000000611,memory_transactions=0x0000000000000910,backing_transactions=0x0000000000000a12,cache_accesses=0x0000000000000910,cache_misses=0x0000000000000589,dma_bytes=0x0000000000000000,accelerator_cycles=0x0000000000000000
PASS: strict AsterBench v2 record
make[1]: Leaving directory '/home/elfo/Documents/Aster'
make[1]: Entering directory '/home/elfo/Documents/Aster'
mkdir -p /home/elfo/Documents/Aster/build/phase5-71e2570/legacy-verified/soc_l10_sync0_wait4_w2_n2
verilator --cc --exe --build --timing --Wall --Wno-fatal \
	-DRISCV_FORMAL --Wno-DECLFILENAME --Wno-GENUNNAMED --Wno-UNUSEDSIGNAL --Wno-BLKSEQ --top-module aster_minimal \
	"-GENABLE_L1=1'b0" "-GSYNC_MEMORY=1'b0" \
	-GMEMORY_WAIT_CYCLES=4 -GL1_LINE_WORDS=2 -GL1_LINE_COUNT=2 \
	--Mdir /home/elfo/Documents/Aster/build/phase5-71e2570/legacy-verified/soc_l10_sync0_wait4_w2_n2/obj -o /home/elfo/Documents/Aster/build/phase5-71e2570/legacy-verified/soc_l10_sync0_wait4_w2_n2/aster_soc_sim \
	/home/elfo/Documents/Aster/rtl/core/aster_picorv32.sv /home/elfo/Documents/Aster/vendor/picorv32/picorv32.v /home/elfo/Documents/Aster/rtl/cache/aster_l1_cache.sv /home/elfo/Documents/Aster/rtl/memory/aster_rom.sv /home/elfo/Documents/Aster/rtl/memory/aster_ram.sv /home/elfo/Documents/Aster/rtl/peripherals/aster_uart.sv /home/elfo/Documents/Aster/rtl/peripherals/aster_perf_counters.sv /home/elfo/Documents/Aster/rtl/core/aster_hart.sv /home/elfo/Documents/Aster/rtl/soc/aster_minimal.sv \
	/home/elfo/Documents/Aster/verification/soc/tb_aster_soc.cpp
make[2]: Entering directory '/home/elfo/Documents/Aster/build/phase5-71e2570/legacy-verified/soc_l10_sync0_wait4_w2_n2/obj'
g++  -I.  -MMD -I/home/elfo/tools/verilator/root/include -I/home/elfo/tools/verilator/root/include/vltstd -DVM_COVERAGE=0 -DVM_SC=0 -DVM_TRACE=0 -DVM_TRACE_FST=0 -DVM_TRACE_VCD=0 -faligned-new -fcf-protection=none -Wno-bool-operation -Wno-overloaded-virtual -Wno-shadow -Wno-sign-compare -Wno-uninitialized -Wno-unused-but-set-parameter -Wno-unused-but-set-variable -Wno-unused-parameter -Wno-unused-variable       -Os -c -o tb_aster_soc.o /home/elfo/Documents/Aster/verification/soc/tb_aster_soc.cpp
g++ -Os  -I.  -MMD -I/home/elfo/tools/verilator/root/include -I/home/elfo/tools/verilator/root/include/vltstd -DVM_COVERAGE=0 -DVM_SC=0 -DVM_TRACE=0 -DVM_TRACE_FST=0 -DVM_TRACE_VCD=0 -faligned-new -fcf-protection=none -Wno-bool-operation -Wno-overloaded-virtual -Wno-shadow -Wno-sign-compare -Wno-uninitialized -Wno-unused-but-set-parameter -Wno-unused-but-set-variable -Wno-unused-parameter -Wno-unused-variable       -c -o verilated.o /home/elfo/tools/verilator/root/include/verilated.cpp
g++ -Os  -I.  -MMD -I/home/elfo/tools/verilator/root/include -I/home/elfo/tools/verilator/root/include/vltstd -DVM_COVERAGE=0 -DVM_SC=0 -DVM_TRACE=0 -DVM_TRACE_FST=0 -DVM_TRACE_VCD=0 -faligned-new -fcf-protection=none -Wno-bool-operation -Wno-overloaded-virtual -Wno-shadow -Wno-sign-compare -Wno-uninitialized -Wno-unused-but-set-parameter -Wno-unused-but-set-variable -Wno-unused-parameter -Wno-unused-variable       -c -o verilated_threads.o /home/elfo/tools/verilator/root/include/verilated_threads.cpp
/usr/bin/python3 /home/elfo/tools/verilator/root/bin/verilator_includer -DVL_INCLUDE_OPT=include Vaster_minimal.cpp Vaster_minimal___024root__DepSet_h32747b0f__0.cpp Vaster_minimal___024root__DepSet_h1d8fc093__0.cpp Vaster_minimal___024root__Slow.cpp Vaster_minimal___024root__DepSet_h32747b0f__0__Slow.cpp Vaster_minimal___024root__DepSet_h1d8fc093__0__Slow.cpp Vaster_minimal__Syms.cpp > Vaster_minimal__ALL.cpp
g++ -Os  -I.  -MMD -I/home/elfo/tools/verilator/root/include -I/home/elfo/tools/verilator/root/include/vltstd -DVM_COVERAGE=0 -DVM_SC=0 -DVM_TRACE=0 -DVM_TRACE_FST=0 -DVM_TRACE_VCD=0 -faligned-new -fcf-protection=none -Wno-bool-operation -Wno-overloaded-virtual -Wno-shadow -Wno-sign-compare -Wno-uninitialized -Wno-unused-but-set-parameter -Wno-unused-but-set-variable -Wno-unused-parameter -Wno-unused-variable       -c -o Vaster_minimal__ALL.o Vaster_minimal__ALL.cpp
echo "" > Vaster_minimal__ALL.verilator_deplist.tmp
Archive ar -rcs Vaster_minimal__ALL.a Vaster_minimal__ALL.o
g++     tb_aster_soc.o verilated.o verilated_threads.o Vaster_minimal__ALL.a    -pthread -lpthread -latomic   -o /home/elfo/Documents/Aster/build/phase5-71e2570/legacy-verified/soc_l10_sync0_wait4_w2_n2/aster_soc_sim
rm Vaster_minimal__ALL.verilator_deplist.tmp
make[2]: Leaving directory '/home/elfo/Documents/Aster/build/phase5-71e2570/legacy-verified/soc_l10_sync0_wait4_w2_n2/obj'
RV32IM PASS
PASS: RV32IM PASS (1 boot(s))
RUNTIME PASS
RUNTIME PASS
PASS: RUNTIME PASS (2 boot(s))
MEMORY MAP PASS
PASS: MEMORY MAP PASS (1 boot(s))
Trap case 0
TRAP ARMED
TRAP ARMED
PASS: TRAP ARMED (2 boot(s))
Trap case 1
TRAP ARMED
TRAP ARMED
PASS: TRAP ARMED (2 boot(s))
Trap case 2
TRAP ARMED
TRAP ARMED
PASS: TRAP ARMED (2 boot(s))
Trap case 3
TRAP ARMED
TRAP ARMED
PASS: TRAP ARMED (2 boot(s))
Trap case 4
TRAP ARMED
TRAP ARMED
PASS: TRAP ARMED (2 boot(s))
Trap case 5
TRAP ARMED
TRAP ARMED
PASS: TRAP ARMED (2 boot(s))
Trap case 6
TRAP ARMED
TRAP ARMED
PASS: TRAP ARMED (2 boot(s))
Trap case 7
TRAP ARMED
TRAP ARMED
PASS: TRAP ARMED (2 boot(s))
Trap case 8
TRAP ARMED
TRAP ARMED
PASS: TRAP ARMED (2 boot(s))
Trap case 9
TRAP ARMED
TRAP ARMED
PASS: TRAP ARMED (2 boot(s))
Trap case 10
TRAP ARMED
TRAP ARMED
PASS: TRAP ARMED (2 boot(s))
Trap case 11
TRAP ARMED
TRAP ARMED
PASS: TRAP ARMED (2 boot(s))
test_board_output_validation_uses_strict_parser (test_asterbench.ResultProvenance.test_board_output_validation_uses_strict_parser) ... ok
test_comparison_contract (test_asterbench.ResultProvenance.test_comparison_contract) ... ok
test_required_provenance (test_asterbench.ResultProvenance.test_required_provenance) ... ok
test_serial_and_typed_record_must_agree (test_asterbench.ResultProvenance.test_serial_and_typed_record_must_agree) ... ok
test_common_corpus (test_asterbench.StrictRecords.test_common_corpus) ... ok
test_bad_options_and_known_references (test_cache_experiments.CacheExperiments.test_bad_options_and_known_references) ... ok
test_missing_experiment_rejected (test_cache_experiments.CacheExperiments.test_missing_experiment_rejected) ... ok
test_pattern_kernels_and_data_addresses_match (test_cache_experiments.CacheExperiments.test_pattern_kernels_and_data_addresses_match) ... ok
test_plan_covers_all_readme_experiments (test_cache_experiments.CacheExperiments.test_plan_covers_all_readme_experiments) ... ok
test_study_audit_rejects_corruption (test_cache_experiments.CacheExperiments.test_study_audit_rejects_corruption) ... ok
test_each_private_region_cannot_overflow_its_stack (test_multicore_layout.MulticoreLayout.test_each_private_region_cannot_overflow_its_stack) ... ok
test_rom_limit (test_multicore_layout.MulticoreLayout.test_rom_limit) ... ok
test_shared_initialized_odd_bytes_have_rom_load_image (test_multicore_layout.MulticoreLayout.test_shared_initialized_odd_bytes_have_rom_load_image) ... ok
test_shared_size_and_no_stack_alias (test_multicore_layout.MulticoreLayout.test_shared_size_and_no_stack_alias) ... ok
test_stack_alignment_and_minimum (test_multicore_layout.MulticoreLayout.test_stack_alignment_and_minimum) ... ok
test_comparison_refuses_different_work (test_parallel.ParallelProvenance.test_comparison_refuses_different_work) ... ok
test_required_fields_and_raw_log_binding (test_parallel.ParallelProvenance.test_required_fields_and_raw_log_binding) ... ok
test_complete_job_stream_and_independent_oracle (test_parallel.ParallelRecords.test_complete_job_stream_and_independent_oracle) ... ok
test_python_cpp_malformed_corpus (test_parallel.ParallelRecords.test_python_cpp_malformed_corpus) ... ok
test_known_corners (test_phase1.ArithmeticReference.test_known_corners) ... ok
test_seed_reproducibility (test_phase1.ArithmeticReference.test_seed_reproducibility) ... ok
test_initialized_byte_segment (test_phase1.FirmwareLayout.test_initialized_byte_segment) ... ok
test_rom_overflow (test_phase1.FirmwareLayout.test_rom_overflow) ... ok
test_stack_reservation (test_phase1.FirmwareLayout.test_stack_reservation) ... ok
test_missing_and_duplicate_modules_parameters_ports (test_pynq_handoff.HandoffSafety.test_missing_and_duplicate_modules_parameters_ports) ... ok
test_multicore_map_must_match_requested_harts (test_pynq_handoff.HandoffSafety.test_multicore_map_must_match_requested_harts) ... ok
test_mutated_exports_fail_closed (test_pynq_handoff.HandoffSafety.test_mutated_exports_fail_closed) ... ok
test_original_active_low_auxiliary_tied_zero_is_rejected (test_pynq_handoff.HandoffSafety.test_original_active_low_auxiliary_tied_zero_is_rejected) ... ok
test_valid_export (test_pynq_handoff.HandoffSafety.test_valid_export) ... ok
test_captured_reports_and_rejected_mutations (test_pynq_results.PhysicalResults.test_captured_reports_and_rejected_mutations) ... ok
test_bad_cli_preflight_never_imports_board_api (test_run_pynq.CollectorChecks.test_bad_cli_preflight_never_imports_board_api) ... ok
test_exact_runtime_and_complete_parallel_streams (test_run_pynq.CollectorChecks.test_exact_runtime_and_complete_parallel_streams) ... ok
test_lifetime_counter_rollover (test_run_pynq.CollectorChecks.test_lifetime_counter_rollover) ... ok

----------------------------------------------------------------------
Ran 33 tests in 5.182s

OK
mkdir -p /home/elfo/Documents/Aster/build/phase5-71e2570/legacy-verified/bench_l10_sync0_wait4_w2_n2
verilator --cc --exe --build --timing --Wall --Wno-fatal \
	-DRISCV_FORMAL --Wno-DECLFILENAME --Wno-GENUNNAMED --Wno-UNUSEDSIGNAL --Wno-BLKSEQ \
	--top-module aster_minimal \
	"-GENABLE_L1=1'b0" "-GSYNC_MEMORY=1'b0" \
	-GMEMORY_WAIT_CYCLES=4 -GL1_LINE_WORDS=2 -GL1_LINE_COUNT=2 \
	--Mdir /home/elfo/Documents/Aster/build/phase5-71e2570/legacy-verified/bench_l10_sync0_wait4_w2_n2/obj \
	-o /home/elfo/Documents/Aster/build/phase5-71e2570/legacy-verified/bench_l10_sync0_wait4_w2_n2/asterbench_sim \
	/home/elfo/Documents/Aster/rtl/core/aster_picorv32.sv /home/elfo/Documents/Aster/vendor/picorv32/picorv32.v /home/elfo/Documents/Aster/rtl/cache/aster_l1_cache.sv \
	/home/elfo/Documents/Aster/rtl/memory/aster_rom.sv /home/elfo/Documents/Aster/rtl/memory/aster_ram.sv \
	/home/elfo/Documents/Aster/rtl/peripherals/aster_uart.sv /home/elfo/Documents/Aster/rtl/peripherals/aster_perf_counters.sv /home/elfo/Documents/Aster/rtl/core/aster_hart.sv /home/elfo/Documents/Aster/rtl/soc/aster_minimal.sv \
	/home/elfo/Documents/Aster/verification/soc/tb_asterbench.cpp
make[2]: Entering directory '/home/elfo/Documents/Aster/build/phase5-71e2570/legacy-verified/bench_l10_sync0_wait4_w2_n2/obj'
g++  -I.  -MMD -I/home/elfo/tools/verilator/root/include -I/home/elfo/tools/verilator/root/include/vltstd -DVM_COVERAGE=0 -DVM_SC=0 -DVM_TRACE=0 -DVM_TRACE_FST=0 -DVM_TRACE_VCD=0 -faligned-new -fcf-protection=none -Wno-bool-operation -Wno-overloaded-virtual -Wno-shadow -Wno-sign-compare -Wno-uninitialized -Wno-unused-but-set-parameter -Wno-unused-but-set-variable -Wno-unused-parameter -Wno-unused-variable       -Os -c -o tb_asterbench.o /home/elfo/Documents/Aster/verification/soc/tb_asterbench.cpp
g++ -Os  -I.  -MMD -I/home/elfo/tools/verilator/root/include -I/home/elfo/tools/verilator/root/include/vltstd -DVM_COVERAGE=0 -DVM_SC=0 -DVM_TRACE=0 -DVM_TRACE_FST=0 -DVM_TRACE_VCD=0 -faligned-new -fcf-protection=none -Wno-bool-operation -Wno-overloaded-virtual -Wno-shadow -Wno-sign-compare -Wno-uninitialized -Wno-unused-but-set-parameter -Wno-unused-but-set-variable -Wno-unused-parameter -Wno-unused-variable       -c -o verilated.o /home/elfo/tools/verilator/root/include/verilated.cpp
g++ -Os  -I.  -MMD -I/home/elfo/tools/verilator/root/include -I/home/elfo/tools/verilator/root/include/vltstd -DVM_COVERAGE=0 -DVM_SC=0 -DVM_TRACE=0 -DVM_TRACE_FST=0 -DVM_TRACE_VCD=0 -faligned-new -fcf-protection=none -Wno-bool-operation -Wno-overloaded-virtual -Wno-shadow -Wno-sign-compare -Wno-uninitialized -Wno-unused-but-set-parameter -Wno-unused-but-set-variable -Wno-unused-parameter -Wno-unused-variable       -c -o verilated_threads.o /home/elfo/tools/verilator/root/include/verilated_threads.cpp
/usr/bin/python3 /home/elfo/tools/verilator/root/bin/verilator_includer -DVL_INCLUDE_OPT=include Vaster_minimal.cpp Vaster_minimal___024root__DepSet_h32747b0f__0.cpp Vaster_minimal___024root__DepSet_h1d8fc093__0.cpp Vaster_minimal___024root__Slow.cpp Vaster_minimal___024root__DepSet_h32747b0f__0__Slow.cpp Vaster_minimal___024root__DepSet_h1d8fc093__0__Slow.cpp Vaster_minimal__Syms.cpp > Vaster_minimal__ALL.cpp
g++ -Os  -I.  -MMD -I/home/elfo/tools/verilator/root/include -I/home/elfo/tools/verilator/root/include/vltstd -DVM_COVERAGE=0 -DVM_SC=0 -DVM_TRACE=0 -DVM_TRACE_FST=0 -DVM_TRACE_VCD=0 -faligned-new -fcf-protection=none -Wno-bool-operation -Wno-overloaded-virtual -Wno-shadow -Wno-sign-compare -Wno-uninitialized -Wno-unused-but-set-parameter -Wno-unused-but-set-variable -Wno-unused-parameter -Wno-unused-variable       -c -o Vaster_minimal__ALL.o Vaster_minimal__ALL.cpp
echo "" > Vaster_minimal__ALL.verilator_deplist.tmp
Archive ar -rcs Vaster_minimal__ALL.a Vaster_minimal__ALL.o
g++     tb_asterbench.o verilated.o verilated_threads.o Vaster_minimal__ALL.a    -pthread -lpthread -latomic   -o /home/elfo/Documents/Aster/build/phase5-71e2570/legacy-verified/bench_l10_sync0_wait4_w2_n2/asterbench_sim
rm Vaster_minimal__ALL.verilator_deplist.tmp
make[2]: Leaving directory '/home/elfo/Documents/Aster/build/phase5-71e2570/legacy-verified/bench_l10_sync0_wait4_w2_n2/obj'
ASTERBENCH,version=2,name=memcpy,bytes=256,repetitions=4,seed=0x13570000,status=PASS,checksum=0xc4be3200,clock_hz=31250000,l1=0,sync_memory=0,line_words=2,line_count=2,memory_wait=4,cycles=0x0000000000003e73,retired=0x0000000000000611,memory_transactions=0x0000000000000910,backing_transactions=0x0000000000000910,cache_accesses=0x0000000000000000,cache_misses=0x0000000000000000,dma_bytes=0x0000000000000000,accelerator_cycles=0x0000000000000000
PASS: strict AsterBench v2 record
make[1]: Leaving directory '/home/elfo/Documents/Aster'
make[1]: Entering directory '/home/elfo/Documents/Aster'
mkdir -p /home/elfo/Documents/Aster/build/phase5-71e2570/legacy-verified/soc_l11_sync0_wait4_w2_n2
verilator --cc --exe --build --timing --Wall --Wno-fatal \
	-DRISCV_FORMAL --Wno-DECLFILENAME --Wno-GENUNNAMED --Wno-UNUSEDSIGNAL --Wno-BLKSEQ --top-module aster_minimal \
	"-GENABLE_L1=1'b1" "-GSYNC_MEMORY=1'b0" \
	-GMEMORY_WAIT_CYCLES=4 -GL1_LINE_WORDS=2 -GL1_LINE_COUNT=2 \
	--Mdir /home/elfo/Documents/Aster/build/phase5-71e2570/legacy-verified/soc_l11_sync0_wait4_w2_n2/obj -o /home/elfo/Documents/Aster/build/phase5-71e2570/legacy-verified/soc_l11_sync0_wait4_w2_n2/aster_soc_sim \
	/home/elfo/Documents/Aster/rtl/core/aster_picorv32.sv /home/elfo/Documents/Aster/vendor/picorv32/picorv32.v /home/elfo/Documents/Aster/rtl/cache/aster_l1_cache.sv /home/elfo/Documents/Aster/rtl/memory/aster_rom.sv /home/elfo/Documents/Aster/rtl/memory/aster_ram.sv /home/elfo/Documents/Aster/rtl/peripherals/aster_uart.sv /home/elfo/Documents/Aster/rtl/peripherals/aster_perf_counters.sv /home/elfo/Documents/Aster/rtl/core/aster_hart.sv /home/elfo/Documents/Aster/rtl/soc/aster_minimal.sv \
	/home/elfo/Documents/Aster/verification/soc/tb_aster_soc.cpp
make[2]: Entering directory '/home/elfo/Documents/Aster/build/phase5-71e2570/legacy-verified/soc_l11_sync0_wait4_w2_n2/obj'
g++  -I.  -MMD -I/home/elfo/tools/verilator/root/include -I/home/elfo/tools/verilator/root/include/vltstd -DVM_COVERAGE=0 -DVM_SC=0 -DVM_TRACE=0 -DVM_TRACE_FST=0 -DVM_TRACE_VCD=0 -faligned-new -fcf-protection=none -Wno-bool-operation -Wno-overloaded-virtual -Wno-shadow -Wno-sign-compare -Wno-uninitialized -Wno-unused-but-set-parameter -Wno-unused-but-set-variable -Wno-unused-parameter -Wno-unused-variable       -Os -c -o tb_aster_soc.o /home/elfo/Documents/Aster/verification/soc/tb_aster_soc.cpp
g++ -Os  -I.  -MMD -I/home/elfo/tools/verilator/root/include -I/home/elfo/tools/verilator/root/include/vltstd -DVM_COVERAGE=0 -DVM_SC=0 -DVM_TRACE=0 -DVM_TRACE_FST=0 -DVM_TRACE_VCD=0 -faligned-new -fcf-protection=none -Wno-bool-operation -Wno-overloaded-virtual -Wno-shadow -Wno-sign-compare -Wno-uninitialized -Wno-unused-but-set-parameter -Wno-unused-but-set-variable -Wno-unused-parameter -Wno-unused-variable       -c -o verilated.o /home/elfo/tools/verilator/root/include/verilated.cpp
g++ -Os  -I.  -MMD -I/home/elfo/tools/verilator/root/include -I/home/elfo/tools/verilator/root/include/vltstd -DVM_COVERAGE=0 -DVM_SC=0 -DVM_TRACE=0 -DVM_TRACE_FST=0 -DVM_TRACE_VCD=0 -faligned-new -fcf-protection=none -Wno-bool-operation -Wno-overloaded-virtual -Wno-shadow -Wno-sign-compare -Wno-uninitialized -Wno-unused-but-set-parameter -Wno-unused-but-set-variable -Wno-unused-parameter -Wno-unused-variable       -c -o verilated_threads.o /home/elfo/tools/verilator/root/include/verilated_threads.cpp
/usr/bin/python3 /home/elfo/tools/verilator/root/bin/verilator_includer -DVL_INCLUDE_OPT=include Vaster_minimal.cpp Vaster_minimal___024root__DepSet_h32747b0f__0.cpp Vaster_minimal___024root__DepSet_h1d8fc093__0.cpp Vaster_minimal___024root__Slow.cpp Vaster_minimal___024root__DepSet_h32747b0f__0__Slow.cpp Vaster_minimal___024root__DepSet_h1d8fc093__0__Slow.cpp Vaster_minimal__Syms.cpp > Vaster_minimal__ALL.cpp
g++ -Os  -I.  -MMD -I/home/elfo/tools/verilator/root/include -I/home/elfo/tools/verilator/root/include/vltstd -DVM_COVERAGE=0 -DVM_SC=0 -DVM_TRACE=0 -DVM_TRACE_FST=0 -DVM_TRACE_VCD=0 -faligned-new -fcf-protection=none -Wno-bool-operation -Wno-overloaded-virtual -Wno-shadow -Wno-sign-compare -Wno-uninitialized -Wno-unused-but-set-parameter -Wno-unused-but-set-variable -Wno-unused-parameter -Wno-unused-variable       -c -o Vaster_minimal__ALL.o Vaster_minimal__ALL.cpp
echo "" > Vaster_minimal__ALL.verilator_deplist.tmp
Archive ar -rcs Vaster_minimal__ALL.a Vaster_minimal__ALL.o
g++     tb_aster_soc.o verilated.o verilated_threads.o Vaster_minimal__ALL.a    -pthread -lpthread -latomic   -o /home/elfo/Documents/Aster/build/phase5-71e2570/legacy-verified/soc_l11_sync0_wait4_w2_n2/aster_soc_sim
rm Vaster_minimal__ALL.verilator_deplist.tmp
make[2]: Leaving directory '/home/elfo/Documents/Aster/build/phase5-71e2570/legacy-verified/soc_l11_sync0_wait4_w2_n2/obj'
RV32IM PASS
PASS: RV32IM PASS (1 boot(s))
RUNTIME PASS
RUNTIME PASS
PASS: RUNTIME PASS (2 boot(s))
MEMORY MAP PASS
PASS: MEMORY MAP PASS (1 boot(s))
Trap case 0
TRAP ARMED
TRAP ARMED
PASS: TRAP ARMED (2 boot(s))
Trap case 1
TRAP ARMED
TRAP ARMED
PASS: TRAP ARMED (2 boot(s))
Trap case 2
TRAP ARMED
TRAP ARMED
PASS: TRAP ARMED (2 boot(s))
Trap case 3
TRAP ARMED
TRAP ARMED
PASS: TRAP ARMED (2 boot(s))
Trap case 4
TRAP ARMED
TRAP ARMED
PASS: TRAP ARMED (2 boot(s))
Trap case 5
TRAP ARMED
TRAP ARMED
PASS: TRAP ARMED (2 boot(s))
Trap case 6
TRAP ARMED
TRAP ARMED
PASS: TRAP ARMED (2 boot(s))
Trap case 7
TRAP ARMED
TRAP ARMED
PASS: TRAP ARMED (2 boot(s))
Trap case 8
TRAP ARMED
TRAP ARMED
PASS: TRAP ARMED (2 boot(s))
Trap case 9
TRAP ARMED
TRAP ARMED
PASS: TRAP ARMED (2 boot(s))
Trap case 10
TRAP ARMED
TRAP ARMED
PASS: TRAP ARMED (2 boot(s))
Trap case 11
TRAP ARMED
TRAP ARMED
PASS: TRAP ARMED (2 boot(s))
test_board_output_validation_uses_strict_parser (test_asterbench.ResultProvenance.test_board_output_validation_uses_strict_parser) ... ok
test_comparison_contract (test_asterbench.ResultProvenance.test_comparison_contract) ... ok
test_required_provenance (test_asterbench.ResultProvenance.test_required_provenance) ... ok
test_serial_and_typed_record_must_agree (test_asterbench.ResultProvenance.test_serial_and_typed_record_must_agree) ... ok
test_common_corpus (test_asterbench.StrictRecords.test_common_corpus) ... ok
test_bad_options_and_known_references (test_cache_experiments.CacheExperiments.test_bad_options_and_known_references) ... ok
test_missing_experiment_rejected (test_cache_experiments.CacheExperiments.test_missing_experiment_rejected) ... ok
test_pattern_kernels_and_data_addresses_match (test_cache_experiments.CacheExperiments.test_pattern_kernels_and_data_addresses_match) ... ok
test_plan_covers_all_readme_experiments (test_cache_experiments.CacheExperiments.test_plan_covers_all_readme_experiments) ... ok
test_study_audit_rejects_corruption (test_cache_experiments.CacheExperiments.test_study_audit_rejects_corruption) ... ok
test_each_private_region_cannot_overflow_its_stack (test_multicore_layout.MulticoreLayout.test_each_private_region_cannot_overflow_its_stack) ... ok
test_rom_limit (test_multicore_layout.MulticoreLayout.test_rom_limit) ... ok
test_shared_initialized_odd_bytes_have_rom_load_image (test_multicore_layout.MulticoreLayout.test_shared_initialized_odd_bytes_have_rom_load_image) ... ok
test_shared_size_and_no_stack_alias (test_multicore_layout.MulticoreLayout.test_shared_size_and_no_stack_alias) ... ok
test_stack_alignment_and_minimum (test_multicore_layout.MulticoreLayout.test_stack_alignment_and_minimum) ... ok
test_comparison_refuses_different_work (test_parallel.ParallelProvenance.test_comparison_refuses_different_work) ... ok
test_required_fields_and_raw_log_binding (test_parallel.ParallelProvenance.test_required_fields_and_raw_log_binding) ... ok
test_complete_job_stream_and_independent_oracle (test_parallel.ParallelRecords.test_complete_job_stream_and_independent_oracle) ... ok
test_python_cpp_malformed_corpus (test_parallel.ParallelRecords.test_python_cpp_malformed_corpus) ... ok
test_known_corners (test_phase1.ArithmeticReference.test_known_corners) ... ok
test_seed_reproducibility (test_phase1.ArithmeticReference.test_seed_reproducibility) ... ok
test_initialized_byte_segment (test_phase1.FirmwareLayout.test_initialized_byte_segment) ... ok
test_rom_overflow (test_phase1.FirmwareLayout.test_rom_overflow) ... ok
test_stack_reservation (test_phase1.FirmwareLayout.test_stack_reservation) ... ok
test_missing_and_duplicate_modules_parameters_ports (test_pynq_handoff.HandoffSafety.test_missing_and_duplicate_modules_parameters_ports) ... ok
test_multicore_map_must_match_requested_harts (test_pynq_handoff.HandoffSafety.test_multicore_map_must_match_requested_harts) ... ok
test_mutated_exports_fail_closed (test_pynq_handoff.HandoffSafety.test_mutated_exports_fail_closed) ... ok
test_original_active_low_auxiliary_tied_zero_is_rejected (test_pynq_handoff.HandoffSafety.test_original_active_low_auxiliary_tied_zero_is_rejected) ... ok
test_valid_export (test_pynq_handoff.HandoffSafety.test_valid_export) ... ok
test_captured_reports_and_rejected_mutations (test_pynq_results.PhysicalResults.test_captured_reports_and_rejected_mutations) ... ok
test_bad_cli_preflight_never_imports_board_api (test_run_pynq.CollectorChecks.test_bad_cli_preflight_never_imports_board_api) ... ok
test_exact_runtime_and_complete_parallel_streams (test_run_pynq.CollectorChecks.test_exact_runtime_and_complete_parallel_streams) ... ok
test_lifetime_counter_rollover (test_run_pynq.CollectorChecks.test_lifetime_counter_rollover) ... ok

----------------------------------------------------------------------
Ran 33 tests in 5.171s

OK
mkdir -p /home/elfo/Documents/Aster/build/phase5-71e2570/legacy-verified/bench_l11_sync0_wait4_w2_n2
verilator --cc --exe --build --timing --Wall --Wno-fatal \
	-DRISCV_FORMAL --Wno-DECLFILENAME --Wno-GENUNNAMED --Wno-UNUSEDSIGNAL --Wno-BLKSEQ \
	--top-module aster_minimal \
	"-GENABLE_L1=1'b1" "-GSYNC_MEMORY=1'b0" \
	-GMEMORY_WAIT_CYCLES=4 -GL1_LINE_WORDS=2 -GL1_LINE_COUNT=2 \
	--Mdir /home/elfo/Documents/Aster/build/phase5-71e2570/legacy-verified/bench_l11_sync0_wait4_w2_n2/obj \
	-o /home/elfo/Documents/Aster/build/phase5-71e2570/legacy-verified/bench_l11_sync0_wait4_w2_n2/asterbench_sim \
	/home/elfo/Documents/Aster/rtl/core/aster_picorv32.sv /home/elfo/Documents/Aster/vendor/picorv32/picorv32.v /home/elfo/Documents/Aster/rtl/cache/aster_l1_cache.sv \
	/home/elfo/Documents/Aster/rtl/memory/aster_rom.sv /home/elfo/Documents/Aster/rtl/memory/aster_ram.sv \
	/home/elfo/Documents/Aster/rtl/peripherals/aster_uart.sv /home/elfo/Documents/Aster/rtl/peripherals/aster_perf_counters.sv /home/elfo/Documents/Aster/rtl/core/aster_hart.sv /home/elfo/Documents/Aster/rtl/soc/aster_minimal.sv \
	/home/elfo/Documents/Aster/verification/soc/tb_asterbench.cpp
make[2]: Entering directory '/home/elfo/Documents/Aster/build/phase5-71e2570/legacy-verified/bench_l11_sync0_wait4_w2_n2/obj'
g++  -I.  -MMD -I/home/elfo/tools/verilator/root/include -I/home/elfo/tools/verilator/root/include/vltstd -DVM_COVERAGE=0 -DVM_SC=0 -DVM_TRACE=0 -DVM_TRACE_FST=0 -DVM_TRACE_VCD=0 -faligned-new -fcf-protection=none -Wno-bool-operation -Wno-overloaded-virtual -Wno-shadow -Wno-sign-compare -Wno-uninitialized -Wno-unused-but-set-parameter -Wno-unused-but-set-variable -Wno-unused-parameter -Wno-unused-variable       -Os -c -o tb_asterbench.o /home/elfo/Documents/Aster/verification/soc/tb_asterbench.cpp
g++ -Os  -I.  -MMD -I/home/elfo/tools/verilator/root/include -I/home/elfo/tools/verilator/root/include/vltstd -DVM_COVERAGE=0 -DVM_SC=0 -DVM_TRACE=0 -DVM_TRACE_FST=0 -DVM_TRACE_VCD=0 -faligned-new -fcf-protection=none -Wno-bool-operation -Wno-overloaded-virtual -Wno-shadow -Wno-sign-compare -Wno-uninitialized -Wno-unused-but-set-parameter -Wno-unused-but-set-variable -Wno-unused-parameter -Wno-unused-variable       -c -o verilated.o /home/elfo/tools/verilator/root/include/verilated.cpp
g++ -Os  -I.  -MMD -I/home/elfo/tools/verilator/root/include -I/home/elfo/tools/verilator/root/include/vltstd -DVM_COVERAGE=0 -DVM_SC=0 -DVM_TRACE=0 -DVM_TRACE_FST=0 -DVM_TRACE_VCD=0 -faligned-new -fcf-protection=none -Wno-bool-operation -Wno-overloaded-virtual -Wno-shadow -Wno-sign-compare -Wno-uninitialized -Wno-unused-but-set-parameter -Wno-unused-but-set-variable -Wno-unused-parameter -Wno-unused-variable       -c -o verilated_threads.o /home/elfo/tools/verilator/root/include/verilated_threads.cpp
/usr/bin/python3 /home/elfo/tools/verilator/root/bin/verilator_includer -DVL_INCLUDE_OPT=include Vaster_minimal.cpp Vaster_minimal___024root__DepSet_h32747b0f__0.cpp Vaster_minimal___024root__DepSet_h1d8fc093__0.cpp Vaster_minimal___024root__Slow.cpp Vaster_minimal___024root__DepSet_h32747b0f__0__Slow.cpp Vaster_minimal___024root__DepSet_h1d8fc093__0__Slow.cpp Vaster_minimal__Syms.cpp > Vaster_minimal__ALL.cpp
g++ -Os  -I.  -MMD -I/home/elfo/tools/verilator/root/include -I/home/elfo/tools/verilator/root/include/vltstd -DVM_COVERAGE=0 -DVM_SC=0 -DVM_TRACE=0 -DVM_TRACE_FST=0 -DVM_TRACE_VCD=0 -faligned-new -fcf-protection=none -Wno-bool-operation -Wno-overloaded-virtual -Wno-shadow -Wno-sign-compare -Wno-uninitialized -Wno-unused-but-set-parameter -Wno-unused-but-set-variable -Wno-unused-parameter -Wno-unused-variable       -c -o Vaster_minimal__ALL.o Vaster_minimal__ALL.cpp
echo "" > Vaster_minimal__ALL.verilator_deplist.tmp
Archive ar -rcs Vaster_minimal__ALL.a Vaster_minimal__ALL.o
g++     tb_asterbench.o verilated.o verilated_threads.o Vaster_minimal__ALL.a    -pthread -lpthread -latomic   -o /home/elfo/Documents/Aster/build/phase5-71e2570/legacy-verified/bench_l11_sync0_wait4_w2_n2/asterbench_sim
rm Vaster_minimal__ALL.verilator_deplist.tmp
make[2]: Leaving directory '/home/elfo/Documents/Aster/build/phase5-71e2570/legacy-verified/bench_l11_sync0_wait4_w2_n2/obj'
ASTERBENCH,version=2,name=memcpy,bytes=256,repetitions=4,seed=0x13570000,status=PASS,checksum=0xc4be3200,clock_hz=31250000,l1=1,sync_memory=0,line_words=2,line_count=2,memory_wait=4,cycles=0x0000000000005417,retired=0x0000000000000611,memory_transactions=0x0000000000000910,backing_transactions=0x0000000000000a12,cache_accesses=0x0000000000000910,cache_misses=0x0000000000000589,dma_bytes=0x0000000000000000,accelerator_cycles=0x0000000000000000
PASS: strict AsterBench v2 record
make[1]: Leaving directory '/home/elfo/Documents/Aster'
make[1]: Entering directory '/home/elfo/Documents/Aster'
mkdir -p /home/elfo/Documents/Aster/build/phase5-71e2570/legacy-verified/soc_l10_sync1_wait1_w2_n2
verilator --cc --exe --build --timing --Wall --Wno-fatal \
	-DRISCV_FORMAL --Wno-DECLFILENAME --Wno-GENUNNAMED --Wno-UNUSEDSIGNAL --Wno-BLKSEQ --top-module aster_minimal \
	"-GENABLE_L1=1'b0" "-GSYNC_MEMORY=1'b1" \
	-GMEMORY_WAIT_CYCLES=1 -GL1_LINE_WORDS=2 -GL1_LINE_COUNT=2 \
	--Mdir /home/elfo/Documents/Aster/build/phase5-71e2570/legacy-verified/soc_l10_sync1_wait1_w2_n2/obj -o /home/elfo/Documents/Aster/build/phase5-71e2570/legacy-verified/soc_l10_sync1_wait1_w2_n2/aster_soc_sim \
	/home/elfo/Documents/Aster/rtl/core/aster_picorv32.sv /home/elfo/Documents/Aster/vendor/picorv32/picorv32.v /home/elfo/Documents/Aster/rtl/cache/aster_l1_cache.sv /home/elfo/Documents/Aster/rtl/memory/aster_rom.sv /home/elfo/Documents/Aster/rtl/memory/aster_ram.sv /home/elfo/Documents/Aster/rtl/peripherals/aster_uart.sv /home/elfo/Documents/Aster/rtl/peripherals/aster_perf_counters.sv /home/elfo/Documents/Aster/rtl/core/aster_hart.sv /home/elfo/Documents/Aster/rtl/soc/aster_minimal.sv \
	/home/elfo/Documents/Aster/verification/soc/tb_aster_soc.cpp
make[2]: Entering directory '/home/elfo/Documents/Aster/build/phase5-71e2570/legacy-verified/soc_l10_sync1_wait1_w2_n2/obj'
g++  -I.  -MMD -I/home/elfo/tools/verilator/root/include -I/home/elfo/tools/verilator/root/include/vltstd -DVM_COVERAGE=0 -DVM_SC=0 -DVM_TRACE=0 -DVM_TRACE_FST=0 -DVM_TRACE_VCD=0 -faligned-new -fcf-protection=none -Wno-bool-operation -Wno-overloaded-virtual -Wno-shadow -Wno-sign-compare -Wno-uninitialized -Wno-unused-but-set-parameter -Wno-unused-but-set-variable -Wno-unused-parameter -Wno-unused-variable       -Os -c -o tb_aster_soc.o /home/elfo/Documents/Aster/verification/soc/tb_aster_soc.cpp
g++ -Os  -I.  -MMD -I/home/elfo/tools/verilator/root/include -I/home/elfo/tools/verilator/root/include/vltstd -DVM_COVERAGE=0 -DVM_SC=0 -DVM_TRACE=0 -DVM_TRACE_FST=0 -DVM_TRACE_VCD=0 -faligned-new -fcf-protection=none -Wno-bool-operation -Wno-overloaded-virtual -Wno-shadow -Wno-sign-compare -Wno-uninitialized -Wno-unused-but-set-parameter -Wno-unused-but-set-variable -Wno-unused-parameter -Wno-unused-variable       -c -o verilated.o /home/elfo/tools/verilator/root/include/verilated.cpp
g++ -Os  -I.  -MMD -I/home/elfo/tools/verilator/root/include -I/home/elfo/tools/verilator/root/include/vltstd -DVM_COVERAGE=0 -DVM_SC=0 -DVM_TRACE=0 -DVM_TRACE_FST=0 -DVM_TRACE_VCD=0 -faligned-new -fcf-protection=none -Wno-bool-operation -Wno-overloaded-virtual -Wno-shadow -Wno-sign-compare -Wno-uninitialized -Wno-unused-but-set-parameter -Wno-unused-but-set-variable -Wno-unused-parameter -Wno-unused-variable       -c -o verilated_threads.o /home/elfo/tools/verilator/root/include/verilated_threads.cpp
/usr/bin/python3 /home/elfo/tools/verilator/root/bin/verilator_includer -DVL_INCLUDE_OPT=include Vaster_minimal.cpp Vaster_minimal___024root__DepSet_h32747b0f__0.cpp Vaster_minimal___024root__DepSet_h1d8fc093__0.cpp Vaster_minimal___024root__Slow.cpp Vaster_minimal___024root__DepSet_h32747b0f__0__Slow.cpp Vaster_minimal___024root__DepSet_h1d8fc093__0__Slow.cpp Vaster_minimal__Syms.cpp > Vaster_minimal__ALL.cpp
g++ -Os  -I.  -MMD -I/home/elfo/tools/verilator/root/include -I/home/elfo/tools/verilator/root/include/vltstd -DVM_COVERAGE=0 -DVM_SC=0 -DVM_TRACE=0 -DVM_TRACE_FST=0 -DVM_TRACE_VCD=0 -faligned-new -fcf-protection=none -Wno-bool-operation -Wno-overloaded-virtual -Wno-shadow -Wno-sign-compare -Wno-uninitialized -Wno-unused-but-set-parameter -Wno-unused-but-set-variable -Wno-unused-parameter -Wno-unused-variable       -c -o Vaster_minimal__ALL.o Vaster_minimal__ALL.cpp
echo "" > Vaster_minimal__ALL.verilator_deplist.tmp
Archive ar -rcs Vaster_minimal__ALL.a Vaster_minimal__ALL.o
g++     tb_aster_soc.o verilated.o verilated_threads.o Vaster_minimal__ALL.a    -pthread -lpthread -latomic   -o /home/elfo/Documents/Aster/build/phase5-71e2570/legacy-verified/soc_l10_sync1_wait1_w2_n2/aster_soc_sim
rm Vaster_minimal__ALL.verilator_deplist.tmp
make[2]: Leaving directory '/home/elfo/Documents/Aster/build/phase5-71e2570/legacy-verified/soc_l10_sync1_wait1_w2_n2/obj'
RV32IM PASS
PASS: RV32IM PASS (1 boot(s))
RUNTIME PASS
RUNTIME PASS
PASS: RUNTIME PASS (2 boot(s))
MEMORY MAP PASS
PASS: MEMORY MAP PASS (1 boot(s))
Trap case 0
TRAP ARMED
TRAP ARMED
PASS: TRAP ARMED (2 boot(s))
Trap case 1
TRAP ARMED
TRAP ARMED
PASS: TRAP ARMED (2 boot(s))
Trap case 2
TRAP ARMED
TRAP ARMED
PASS: TRAP ARMED (2 boot(s))
Trap case 3
TRAP ARMED
TRAP ARMED
PASS: TRAP ARMED (2 boot(s))
Trap case 4
TRAP ARMED
TRAP ARMED
PASS: TRAP ARMED (2 boot(s))
Trap case 5
TRAP ARMED
TRAP ARMED
PASS: TRAP ARMED (2 boot(s))
Trap case 6
TRAP ARMED
TRAP ARMED
PASS: TRAP ARMED (2 boot(s))
Trap case 7
TRAP ARMED
TRAP ARMED
PASS: TRAP ARMED (2 boot(s))
Trap case 8
TRAP ARMED
TRAP ARMED
PASS: TRAP ARMED (2 boot(s))
Trap case 9
TRAP ARMED
TRAP ARMED
PASS: TRAP ARMED (2 boot(s))
Trap case 10
TRAP ARMED
TRAP ARMED
PASS: TRAP ARMED (2 boot(s))
Trap case 11
TRAP ARMED
TRAP ARMED
PASS: TRAP ARMED (2 boot(s))
test_board_output_validation_uses_strict_parser (test_asterbench.ResultProvenance.test_board_output_validation_uses_strict_parser) ... ok
test_comparison_contract (test_asterbench.ResultProvenance.test_comparison_contract) ... ok
test_required_provenance (test_asterbench.ResultProvenance.test_required_provenance) ... ok
test_serial_and_typed_record_must_agree (test_asterbench.ResultProvenance.test_serial_and_typed_record_must_agree) ... ok
test_common_corpus (test_asterbench.StrictRecords.test_common_corpus) ... ok
test_bad_options_and_known_references (test_cache_experiments.CacheExperiments.test_bad_options_and_known_references) ... ok
test_missing_experiment_rejected (test_cache_experiments.CacheExperiments.test_missing_experiment_rejected) ... ok
test_pattern_kernels_and_data_addresses_match (test_cache_experiments.CacheExperiments.test_pattern_kernels_and_data_addresses_match) ... ok
test_plan_covers_all_readme_experiments (test_cache_experiments.CacheExperiments.test_plan_covers_all_readme_experiments) ... ok
test_study_audit_rejects_corruption (test_cache_experiments.CacheExperiments.test_study_audit_rejects_corruption) ... ok
test_each_private_region_cannot_overflow_its_stack (test_multicore_layout.MulticoreLayout.test_each_private_region_cannot_overflow_its_stack) ... ok
test_rom_limit (test_multicore_layout.MulticoreLayout.test_rom_limit) ... ok
test_shared_initialized_odd_bytes_have_rom_load_image (test_multicore_layout.MulticoreLayout.test_shared_initialized_odd_bytes_have_rom_load_image) ... ok
test_shared_size_and_no_stack_alias (test_multicore_layout.MulticoreLayout.test_shared_size_and_no_stack_alias) ... ok
test_stack_alignment_and_minimum (test_multicore_layout.MulticoreLayout.test_stack_alignment_and_minimum) ... ok
test_comparison_refuses_different_work (test_parallel.ParallelProvenance.test_comparison_refuses_different_work) ... ok
test_required_fields_and_raw_log_binding (test_parallel.ParallelProvenance.test_required_fields_and_raw_log_binding) ... ok
test_complete_job_stream_and_independent_oracle (test_parallel.ParallelRecords.test_complete_job_stream_and_independent_oracle) ... ok
test_python_cpp_malformed_corpus (test_parallel.ParallelRecords.test_python_cpp_malformed_corpus) ... ok
test_known_corners (test_phase1.ArithmeticReference.test_known_corners) ... ok
test_seed_reproducibility (test_phase1.ArithmeticReference.test_seed_reproducibility) ... ok
test_initialized_byte_segment (test_phase1.FirmwareLayout.test_initialized_byte_segment) ... ok
test_rom_overflow (test_phase1.FirmwareLayout.test_rom_overflow) ... ok
test_stack_reservation (test_phase1.FirmwareLayout.test_stack_reservation) ... ok
test_missing_and_duplicate_modules_parameters_ports (test_pynq_handoff.HandoffSafety.test_missing_and_duplicate_modules_parameters_ports) ... ok
test_multicore_map_must_match_requested_harts (test_pynq_handoff.HandoffSafety.test_multicore_map_must_match_requested_harts) ... ok
test_mutated_exports_fail_closed (test_pynq_handoff.HandoffSafety.test_mutated_exports_fail_closed) ... ok
test_original_active_low_auxiliary_tied_zero_is_rejected (test_pynq_handoff.HandoffSafety.test_original_active_low_auxiliary_tied_zero_is_rejected) ... ok
test_valid_export (test_pynq_handoff.HandoffSafety.test_valid_export) ... ok
test_captured_reports_and_rejected_mutations (test_pynq_results.PhysicalResults.test_captured_reports_and_rejected_mutations) ... ok
test_bad_cli_preflight_never_imports_board_api (test_run_pynq.CollectorChecks.test_bad_cli_preflight_never_imports_board_api) ... ok
test_exact_runtime_and_complete_parallel_streams (test_run_pynq.CollectorChecks.test_exact_runtime_and_complete_parallel_streams) ... ok
test_lifetime_counter_rollover (test_run_pynq.CollectorChecks.test_lifetime_counter_rollover) ... ok

----------------------------------------------------------------------
Ran 33 tests in 5.207s

OK
mkdir -p /home/elfo/Documents/Aster/build/phase5-71e2570/legacy-verified/bench_l10_sync1_wait1_w2_n2
verilator --cc --exe --build --timing --Wall --Wno-fatal \
	-DRISCV_FORMAL --Wno-DECLFILENAME --Wno-GENUNNAMED --Wno-UNUSEDSIGNAL --Wno-BLKSEQ \
	--top-module aster_minimal \
	"-GENABLE_L1=1'b0" "-GSYNC_MEMORY=1'b1" \
	-GMEMORY_WAIT_CYCLES=1 -GL1_LINE_WORDS=2 -GL1_LINE_COUNT=2 \
	--Mdir /home/elfo/Documents/Aster/build/phase5-71e2570/legacy-verified/bench_l10_sync1_wait1_w2_n2/obj \
	-o /home/elfo/Documents/Aster/build/phase5-71e2570/legacy-verified/bench_l10_sync1_wait1_w2_n2/asterbench_sim \
	/home/elfo/Documents/Aster/rtl/core/aster_picorv32.sv /home/elfo/Documents/Aster/vendor/picorv32/picorv32.v /home/elfo/Documents/Aster/rtl/cache/aster_l1_cache.sv \
	/home/elfo/Documents/Aster/rtl/memory/aster_rom.sv /home/elfo/Documents/Aster/rtl/memory/aster_ram.sv \
	/home/elfo/Documents/Aster/rtl/peripherals/aster_uart.sv /home/elfo/Documents/Aster/rtl/peripherals/aster_perf_counters.sv /home/elfo/Documents/Aster/rtl/core/aster_hart.sv /home/elfo/Documents/Aster/rtl/soc/aster_minimal.sv \
	/home/elfo/Documents/Aster/verification/soc/tb_asterbench.cpp
make[2]: Entering directory '/home/elfo/Documents/Aster/build/phase5-71e2570/legacy-verified/bench_l10_sync1_wait1_w2_n2/obj'
g++  -I.  -MMD -I/home/elfo/tools/verilator/root/include -I/home/elfo/tools/verilator/root/include/vltstd -DVM_COVERAGE=0 -DVM_SC=0 -DVM_TRACE=0 -DVM_TRACE_FST=0 -DVM_TRACE_VCD=0 -faligned-new -fcf-protection=none -Wno-bool-operation -Wno-overloaded-virtual -Wno-shadow -Wno-sign-compare -Wno-uninitialized -Wno-unused-but-set-parameter -Wno-unused-but-set-variable -Wno-unused-parameter -Wno-unused-variable       -Os -c -o tb_asterbench.o /home/elfo/Documents/Aster/verification/soc/tb_asterbench.cpp
g++ -Os  -I.  -MMD -I/home/elfo/tools/verilator/root/include -I/home/elfo/tools/verilator/root/include/vltstd -DVM_COVERAGE=0 -DVM_SC=0 -DVM_TRACE=0 -DVM_TRACE_FST=0 -DVM_TRACE_VCD=0 -faligned-new -fcf-protection=none -Wno-bool-operation -Wno-overloaded-virtual -Wno-shadow -Wno-sign-compare -Wno-uninitialized -Wno-unused-but-set-parameter -Wno-unused-but-set-variable -Wno-unused-parameter -Wno-unused-variable       -c -o verilated.o /home/elfo/tools/verilator/root/include/verilated.cpp
g++ -Os  -I.  -MMD -I/home/elfo/tools/verilator/root/include -I/home/elfo/tools/verilator/root/include/vltstd -DVM_COVERAGE=0 -DVM_SC=0 -DVM_TRACE=0 -DVM_TRACE_FST=0 -DVM_TRACE_VCD=0 -faligned-new -fcf-protection=none -Wno-bool-operation -Wno-overloaded-virtual -Wno-shadow -Wno-sign-compare -Wno-uninitialized -Wno-unused-but-set-parameter -Wno-unused-but-set-variable -Wno-unused-parameter -Wno-unused-variable       -c -o verilated_threads.o /home/elfo/tools/verilator/root/include/verilated_threads.cpp
/usr/bin/python3 /home/elfo/tools/verilator/root/bin/verilator_includer -DVL_INCLUDE_OPT=include Vaster_minimal.cpp Vaster_minimal___024root__DepSet_h32747b0f__0.cpp Vaster_minimal___024root__DepSet_h1d8fc093__0.cpp Vaster_minimal___024root__Slow.cpp Vaster_minimal___024root__DepSet_h32747b0f__0__Slow.cpp Vaster_minimal___024root__DepSet_h1d8fc093__0__Slow.cpp Vaster_minimal__Syms.cpp > Vaster_minimal__ALL.cpp
g++ -Os  -I.  -MMD -I/home/elfo/tools/verilator/root/include -I/home/elfo/tools/verilator/root/include/vltstd -DVM_COVERAGE=0 -DVM_SC=0 -DVM_TRACE=0 -DVM_TRACE_FST=0 -DVM_TRACE_VCD=0 -faligned-new -fcf-protection=none -Wno-bool-operation -Wno-overloaded-virtual -Wno-shadow -Wno-sign-compare -Wno-uninitialized -Wno-unused-but-set-parameter -Wno-unused-but-set-variable -Wno-unused-parameter -Wno-unused-variable       -c -o Vaster_minimal__ALL.o Vaster_minimal__ALL.cpp
echo "" > Vaster_minimal__ALL.verilator_deplist.tmp
Archive ar -rcs Vaster_minimal__ALL.a Vaster_minimal__ALL.o
g++     tb_asterbench.o verilated.o verilated_threads.o Vaster_minimal__ALL.a    -pthread -lpthread -latomic   -o /home/elfo/Documents/Aster/build/phase5-71e2570/legacy-verified/bench_l10_sync1_wait1_w2_n2/asterbench_sim
rm Vaster_minimal__ALL.verilator_deplist.tmp
make[2]: Leaving directory '/home/elfo/Documents/Aster/build/phase5-71e2570/legacy-verified/bench_l10_sync1_wait1_w2_n2/obj'
ASTERBENCH,version=2,name=memcpy,bytes=256,repetitions=4,seed=0x13570000,status=PASS,checksum=0xc4be3200,clock_hz=31250000,l1=0,sync_memory=1,line_words=2,line_count=2,memory_wait=1,cycles=0x0000000000002543,retired=0x0000000000000611,memory_transactions=0x0000000000000910,backing_transactions=0x0000000000000910,cache_accesses=0x0000000000000000,cache_misses=0x0000000000000000,dma_bytes=0x0000000000000000,accelerator_cycles=0x0000000000000000
PASS: strict AsterBench v2 record
make[1]: Leaving directory '/home/elfo/Documents/Aster'
make[1]: Entering directory '/home/elfo/Documents/Aster'
mkdir -p /home/elfo/Documents/Aster/build/phase5-71e2570/legacy-verified/soc_l11_sync1_wait1_w2_n2
verilator --cc --exe --build --timing --Wall --Wno-fatal \
	-DRISCV_FORMAL --Wno-DECLFILENAME --Wno-GENUNNAMED --Wno-UNUSEDSIGNAL --Wno-BLKSEQ --top-module aster_minimal \
	"-GENABLE_L1=1'b1" "-GSYNC_MEMORY=1'b1" \
	-GMEMORY_WAIT_CYCLES=1 -GL1_LINE_WORDS=2 -GL1_LINE_COUNT=2 \
	--Mdir /home/elfo/Documents/Aster/build/phase5-71e2570/legacy-verified/soc_l11_sync1_wait1_w2_n2/obj -o /home/elfo/Documents/Aster/build/phase5-71e2570/legacy-verified/soc_l11_sync1_wait1_w2_n2/aster_soc_sim \
	/home/elfo/Documents/Aster/rtl/core/aster_picorv32.sv /home/elfo/Documents/Aster/vendor/picorv32/picorv32.v /home/elfo/Documents/Aster/rtl/cache/aster_l1_cache.sv /home/elfo/Documents/Aster/rtl/memory/aster_rom.sv /home/elfo/Documents/Aster/rtl/memory/aster_ram.sv /home/elfo/Documents/Aster/rtl/peripherals/aster_uart.sv /home/elfo/Documents/Aster/rtl/peripherals/aster_perf_counters.sv /home/elfo/Documents/Aster/rtl/core/aster_hart.sv /home/elfo/Documents/Aster/rtl/soc/aster_minimal.sv \
	/home/elfo/Documents/Aster/verification/soc/tb_aster_soc.cpp
make[2]: Entering directory '/home/elfo/Documents/Aster/build/phase5-71e2570/legacy-verified/soc_l11_sync1_wait1_w2_n2/obj'
g++  -I.  -MMD -I/home/elfo/tools/verilator/root/include -I/home/elfo/tools/verilator/root/include/vltstd -DVM_COVERAGE=0 -DVM_SC=0 -DVM_TRACE=0 -DVM_TRACE_FST=0 -DVM_TRACE_VCD=0 -faligned-new -fcf-protection=none -Wno-bool-operation -Wno-overloaded-virtual -Wno-shadow -Wno-sign-compare -Wno-uninitialized -Wno-unused-but-set-parameter -Wno-unused-but-set-variable -Wno-unused-parameter -Wno-unused-variable       -Os -c -o tb_aster_soc.o /home/elfo/Documents/Aster/verification/soc/tb_aster_soc.cpp
g++ -Os  -I.  -MMD -I/home/elfo/tools/verilator/root/include -I/home/elfo/tools/verilator/root/include/vltstd -DVM_COVERAGE=0 -DVM_SC=0 -DVM_TRACE=0 -DVM_TRACE_FST=0 -DVM_TRACE_VCD=0 -faligned-new -fcf-protection=none -Wno-bool-operation -Wno-overloaded-virtual -Wno-shadow -Wno-sign-compare -Wno-uninitialized -Wno-unused-but-set-parameter -Wno-unused-but-set-variable -Wno-unused-parameter -Wno-unused-variable       -c -o verilated.o /home/elfo/tools/verilator/root/include/verilated.cpp
g++ -Os  -I.  -MMD -I/home/elfo/tools/verilator/root/include -I/home/elfo/tools/verilator/root/include/vltstd -DVM_COVERAGE=0 -DVM_SC=0 -DVM_TRACE=0 -DVM_TRACE_FST=0 -DVM_TRACE_VCD=0 -faligned-new -fcf-protection=none -Wno-bool-operation -Wno-overloaded-virtual -Wno-shadow -Wno-sign-compare -Wno-uninitialized -Wno-unused-but-set-parameter -Wno-unused-but-set-variable -Wno-unused-parameter -Wno-unused-variable       -c -o verilated_threads.o /home/elfo/tools/verilator/root/include/verilated_threads.cpp
/usr/bin/python3 /home/elfo/tools/verilator/root/bin/verilator_includer -DVL_INCLUDE_OPT=include Vaster_minimal.cpp Vaster_minimal___024root__DepSet_h32747b0f__0.cpp Vaster_minimal___024root__DepSet_h1d8fc093__0.cpp Vaster_minimal___024root__Slow.cpp Vaster_minimal___024root__DepSet_h32747b0f__0__Slow.cpp Vaster_minimal___024root__DepSet_h1d8fc093__0__Slow.cpp Vaster_minimal__Syms.cpp > Vaster_minimal__ALL.cpp
g++ -Os  -I.  -MMD -I/home/elfo/tools/verilator/root/include -I/home/elfo/tools/verilator/root/include/vltstd -DVM_COVERAGE=0 -DVM_SC=0 -DVM_TRACE=0 -DVM_TRACE_FST=0 -DVM_TRACE_VCD=0 -faligned-new -fcf-protection=none -Wno-bool-operation -Wno-overloaded-virtual -Wno-shadow -Wno-sign-compare -Wno-uninitialized -Wno-unused-but-set-parameter -Wno-unused-but-set-variable -Wno-unused-parameter -Wno-unused-variable       -c -o Vaster_minimal__ALL.o Vaster_minimal__ALL.cpp
echo "" > Vaster_minimal__ALL.verilator_deplist.tmp
Archive ar -rcs Vaster_minimal__ALL.a Vaster_minimal__ALL.o
g++     tb_aster_soc.o verilated.o verilated_threads.o Vaster_minimal__ALL.a    -pthread -lpthread -latomic   -o /home/elfo/Documents/Aster/build/phase5-71e2570/legacy-verified/soc_l11_sync1_wait1_w2_n2/aster_soc_sim
rm Vaster_minimal__ALL.verilator_deplist.tmp
make[2]: Leaving directory '/home/elfo/Documents/Aster/build/phase5-71e2570/legacy-verified/soc_l11_sync1_wait1_w2_n2/obj'
RV32IM PASS
PASS: RV32IM PASS (1 boot(s))
RUNTIME PASS
RUNTIME PASS
PASS: RUNTIME PASS (2 boot(s))
MEMORY MAP PASS
PASS: MEMORY MAP PASS (1 boot(s))
Trap case 0
TRAP ARMED
TRAP ARMED
PASS: TRAP ARMED (2 boot(s))
Trap case 1
TRAP ARMED
TRAP ARMED
PASS: TRAP ARMED (2 boot(s))
Trap case 2
TRAP ARMED
TRAP ARMED
PASS: TRAP ARMED (2 boot(s))
Trap case 3
TRAP ARMED
TRAP ARMED
PASS: TRAP ARMED (2 boot(s))
Trap case 4
TRAP ARMED
TRAP ARMED
PASS: TRAP ARMED (2 boot(s))
Trap case 5
TRAP ARMED
TRAP ARMED
PASS: TRAP ARMED (2 boot(s))
Trap case 6
TRAP ARMED
TRAP ARMED
PASS: TRAP ARMED (2 boot(s))
Trap case 7
TRAP ARMED
TRAP ARMED
PASS: TRAP ARMED (2 boot(s))
Trap case 8
TRAP ARMED
TRAP ARMED
PASS: TRAP ARMED (2 boot(s))
Trap case 9
TRAP ARMED
TRAP ARMED
PASS: TRAP ARMED (2 boot(s))
Trap case 10
TRAP ARMED
TRAP ARMED
PASS: TRAP ARMED (2 boot(s))
Trap case 11
TRAP ARMED
TRAP ARMED
PASS: TRAP ARMED (2 boot(s))
test_board_output_validation_uses_strict_parser (test_asterbench.ResultProvenance.test_board_output_validation_uses_strict_parser) ... ok
test_comparison_contract (test_asterbench.ResultProvenance.test_comparison_contract) ... ok
test_required_provenance (test_asterbench.ResultProvenance.test_required_provenance) ... ok
test_serial_and_typed_record_must_agree (test_asterbench.ResultProvenance.test_serial_and_typed_record_must_agree) ... ok
test_common_corpus (test_asterbench.StrictRecords.test_common_corpus) ... ok
test_bad_options_and_known_references (test_cache_experiments.CacheExperiments.test_bad_options_and_known_references) ... ok
test_missing_experiment_rejected (test_cache_experiments.CacheExperiments.test_missing_experiment_rejected) ... ok
test_pattern_kernels_and_data_addresses_match (test_cache_experiments.CacheExperiments.test_pattern_kernels_and_data_addresses_match) ... ok
test_plan_covers_all_readme_experiments (test_cache_experiments.CacheExperiments.test_plan_covers_all_readme_experiments) ... ok
test_study_audit_rejects_corruption (test_cache_experiments.CacheExperiments.test_study_audit_rejects_corruption) ... ok
test_each_private_region_cannot_overflow_its_stack (test_multicore_layout.MulticoreLayout.test_each_private_region_cannot_overflow_its_stack) ... ok
test_rom_limit (test_multicore_layout.MulticoreLayout.test_rom_limit) ... ok
test_shared_initialized_odd_bytes_have_rom_load_image (test_multicore_layout.MulticoreLayout.test_shared_initialized_odd_bytes_have_rom_load_image) ... ok
test_shared_size_and_no_stack_alias (test_multicore_layout.MulticoreLayout.test_shared_size_and_no_stack_alias) ... ok
test_stack_alignment_and_minimum (test_multicore_layout.MulticoreLayout.test_stack_alignment_and_minimum) ... ok
test_comparison_refuses_different_work (test_parallel.ParallelProvenance.test_comparison_refuses_different_work) ... ok
test_required_fields_and_raw_log_binding (test_parallel.ParallelProvenance.test_required_fields_and_raw_log_binding) ... ok
test_complete_job_stream_and_independent_oracle (test_parallel.ParallelRecords.test_complete_job_stream_and_independent_oracle) ... ok
test_python_cpp_malformed_corpus (test_parallel.ParallelRecords.test_python_cpp_malformed_corpus) ... ok
test_known_corners (test_phase1.ArithmeticReference.test_known_corners) ... ok
test_seed_reproducibility (test_phase1.ArithmeticReference.test_seed_reproducibility) ... ok
test_initialized_byte_segment (test_phase1.FirmwareLayout.test_initialized_byte_segment) ... ok
test_rom_overflow (test_phase1.FirmwareLayout.test_rom_overflow) ... ok
test_stack_reservation (test_phase1.FirmwareLayout.test_stack_reservation) ... ok
test_missing_and_duplicate_modules_parameters_ports (test_pynq_handoff.HandoffSafety.test_missing_and_duplicate_modules_parameters_ports) ... ok
test_multicore_map_must_match_requested_harts (test_pynq_handoff.HandoffSafety.test_multicore_map_must_match_requested_harts) ... ok
test_mutated_exports_fail_closed (test_pynq_handoff.HandoffSafety.test_mutated_exports_fail_closed) ... ok
test_original_active_low_auxiliary_tied_zero_is_rejected (test_pynq_handoff.HandoffSafety.test_original_active_low_auxiliary_tied_zero_is_rejected) ... ok
test_valid_export (test_pynq_handoff.HandoffSafety.test_valid_export) ... ok
test_captured_reports_and_rejected_mutations (test_pynq_results.PhysicalResults.test_captured_reports_and_rejected_mutations) ... ok
test_bad_cli_preflight_never_imports_board_api (test_run_pynq.CollectorChecks.test_bad_cli_preflight_never_imports_board_api) ... ok
test_exact_runtime_and_complete_parallel_streams (test_run_pynq.CollectorChecks.test_exact_runtime_and_complete_parallel_streams) ... ok
test_lifetime_counter_rollover (test_run_pynq.CollectorChecks.test_lifetime_counter_rollover) ... ok

----------------------------------------------------------------------
Ran 33 tests in 5.182s

OK
mkdir -p /home/elfo/Documents/Aster/build/phase5-71e2570/legacy-verified/bench_l11_sync1_wait1_w2_n2
verilator --cc --exe --build --timing --Wall --Wno-fatal \
	-DRISCV_FORMAL --Wno-DECLFILENAME --Wno-GENUNNAMED --Wno-UNUSEDSIGNAL --Wno-BLKSEQ \
	--top-module aster_minimal \
	"-GENABLE_L1=1'b1" "-GSYNC_MEMORY=1'b1" \
	-GMEMORY_WAIT_CYCLES=1 -GL1_LINE_WORDS=2 -GL1_LINE_COUNT=2 \
	--Mdir /home/elfo/Documents/Aster/build/phase5-71e2570/legacy-verified/bench_l11_sync1_wait1_w2_n2/obj \
	-o /home/elfo/Documents/Aster/build/phase5-71e2570/legacy-verified/bench_l11_sync1_wait1_w2_n2/asterbench_sim \
	/home/elfo/Documents/Aster/rtl/core/aster_picorv32.sv /home/elfo/Documents/Aster/vendor/picorv32/picorv32.v /home/elfo/Documents/Aster/rtl/cache/aster_l1_cache.sv \
	/home/elfo/Documents/Aster/rtl/memory/aster_rom.sv /home/elfo/Documents/Aster/rtl/memory/aster_ram.sv \
	/home/elfo/Documents/Aster/rtl/peripherals/aster_uart.sv /home/elfo/Documents/Aster/rtl/peripherals/aster_perf_counters.sv /home/elfo/Documents/Aster/rtl/core/aster_hart.sv /home/elfo/Documents/Aster/rtl/soc/aster_minimal.sv \
	/home/elfo/Documents/Aster/verification/soc/tb_asterbench.cpp
make[2]: Entering directory '/home/elfo/Documents/Aster/build/phase5-71e2570/legacy-verified/bench_l11_sync1_wait1_w2_n2/obj'
g++  -I.  -MMD -I/home/elfo/tools/verilator/root/include -I/home/elfo/tools/verilator/root/include/vltstd -DVM_COVERAGE=0 -DVM_SC=0 -DVM_TRACE=0 -DVM_TRACE_FST=0 -DVM_TRACE_VCD=0 -faligned-new -fcf-protection=none -Wno-bool-operation -Wno-overloaded-virtual -Wno-shadow -Wno-sign-compare -Wno-uninitialized -Wno-unused-but-set-parameter -Wno-unused-but-set-variable -Wno-unused-parameter -Wno-unused-variable       -Os -c -o tb_asterbench.o /home/elfo/Documents/Aster/verification/soc/tb_asterbench.cpp
g++ -Os  -I.  -MMD -I/home/elfo/tools/verilator/root/include -I/home/elfo/tools/verilator/root/include/vltstd -DVM_COVERAGE=0 -DVM_SC=0 -DVM_TRACE=0 -DVM_TRACE_FST=0 -DVM_TRACE_VCD=0 -faligned-new -fcf-protection=none -Wno-bool-operation -Wno-overloaded-virtual -Wno-shadow -Wno-sign-compare -Wno-uninitialized -Wno-unused-but-set-parameter -Wno-unused-but-set-variable -Wno-unused-parameter -Wno-unused-variable       -c -o verilated.o /home/elfo/tools/verilator/root/include/verilated.cpp
g++ -Os  -I.  -MMD -I/home/elfo/tools/verilator/root/include -I/home/elfo/tools/verilator/root/include/vltstd -DVM_COVERAGE=0 -DVM_SC=0 -DVM_TRACE=0 -DVM_TRACE_FST=0 -DVM_TRACE_VCD=0 -faligned-new -fcf-protection=none -Wno-bool-operation -Wno-overloaded-virtual -Wno-shadow -Wno-sign-compare -Wno-uninitialized -Wno-unused-but-set-parameter -Wno-unused-but-set-variable -Wno-unused-parameter -Wno-unused-variable       -c -o verilated_threads.o /home/elfo/tools/verilator/root/include/verilated_threads.cpp
/usr/bin/python3 /home/elfo/tools/verilator/root/bin/verilator_includer -DVL_INCLUDE_OPT=include Vaster_minimal.cpp Vaster_minimal___024root__DepSet_h32747b0f__0.cpp Vaster_minimal___024root__DepSet_h1d8fc093__0.cpp Vaster_minimal___024root__Slow.cpp Vaster_minimal___024root__DepSet_h32747b0f__0__Slow.cpp Vaster_minimal___024root__DepSet_h1d8fc093__0__Slow.cpp Vaster_minimal__Syms.cpp > Vaster_minimal__ALL.cpp
g++ -Os  -I.  -MMD -I/home/elfo/tools/verilator/root/include -I/home/elfo/tools/verilator/root/include/vltstd -DVM_COVERAGE=0 -DVM_SC=0 -DVM_TRACE=0 -DVM_TRACE_FST=0 -DVM_TRACE_VCD=0 -faligned-new -fcf-protection=none -Wno-bool-operation -Wno-overloaded-virtual -Wno-shadow -Wno-sign-compare -Wno-uninitialized -Wno-unused-but-set-parameter -Wno-unused-but-set-variable -Wno-unused-parameter -Wno-unused-variable       -c -o Vaster_minimal__ALL.o Vaster_minimal__ALL.cpp
echo "" > Vaster_minimal__ALL.verilator_deplist.tmp
Archive ar -rcs Vaster_minimal__ALL.a Vaster_minimal__ALL.o
g++     tb_asterbench.o verilated.o verilated_threads.o Vaster_minimal__ALL.a    -pthread -lpthread -latomic   -o /home/elfo/Documents/Aster/build/phase5-71e2570/legacy-verified/bench_l11_sync1_wait1_w2_n2/asterbench_sim
rm Vaster_minimal__ALL.verilator_deplist.tmp
make[2]: Leaving directory '/home/elfo/Documents/Aster/build/phase5-71e2570/legacy-verified/bench_l11_sync1_wait1_w2_n2/obj'
ASTERBENCH,version=2,name=memcpy,bytes=256,repetitions=4,seed=0x13570000,status=PASS,checksum=0xc4be3200,clock_hz=31250000,l1=1,sync_memory=1,line_words=2,line_count=2,memory_wait=1,cycles=0x00000000000035e1,retired=0x0000000000000611,memory_transactions=0x0000000000000910,backing_transactions=0x0000000000000a12,cache_accesses=0x0000000000000910,cache_misses=0x0000000000000589,dma_bytes=0x0000000000000000,accelerator_cycles=0x0000000000000000
PASS: strict AsterBench v2 record
make[1]: Leaving directory '/home/elfo/Documents/Aster'
make[1]: Entering directory '/home/elfo/Documents/Aster'
mkdir -p /home/elfo/Documents/Aster/build/phase5-71e2570/legacy-verified/soc_l10_sync1_wait4_w2_n2
verilator --cc --exe --build --timing --Wall --Wno-fatal \
	-DRISCV_FORMAL --Wno-DECLFILENAME --Wno-GENUNNAMED --Wno-UNUSEDSIGNAL --Wno-BLKSEQ --top-module aster_minimal \
	"-GENABLE_L1=1'b0" "-GSYNC_MEMORY=1'b1" \
	-GMEMORY_WAIT_CYCLES=4 -GL1_LINE_WORDS=2 -GL1_LINE_COUNT=2 \
	--Mdir /home/elfo/Documents/Aster/build/phase5-71e2570/legacy-verified/soc_l10_sync1_wait4_w2_n2/obj -o /home/elfo/Documents/Aster/build/phase5-71e2570/legacy-verified/soc_l10_sync1_wait4_w2_n2/aster_soc_sim \
	/home/elfo/Documents/Aster/rtl/core/aster_picorv32.sv /home/elfo/Documents/Aster/vendor/picorv32/picorv32.v /home/elfo/Documents/Aster/rtl/cache/aster_l1_cache.sv /home/elfo/Documents/Aster/rtl/memory/aster_rom.sv /home/elfo/Documents/Aster/rtl/memory/aster_ram.sv /home/elfo/Documents/Aster/rtl/peripherals/aster_uart.sv /home/elfo/Documents/Aster/rtl/peripherals/aster_perf_counters.sv /home/elfo/Documents/Aster/rtl/core/aster_hart.sv /home/elfo/Documents/Aster/rtl/soc/aster_minimal.sv \
	/home/elfo/Documents/Aster/verification/soc/tb_aster_soc.cpp
make[2]: Entering directory '/home/elfo/Documents/Aster/build/phase5-71e2570/legacy-verified/soc_l10_sync1_wait4_w2_n2/obj'
g++  -I.  -MMD -I/home/elfo/tools/verilator/root/include -I/home/elfo/tools/verilator/root/include/vltstd -DVM_COVERAGE=0 -DVM_SC=0 -DVM_TRACE=0 -DVM_TRACE_FST=0 -DVM_TRACE_VCD=0 -faligned-new -fcf-protection=none -Wno-bool-operation -Wno-overloaded-virtual -Wno-shadow -Wno-sign-compare -Wno-uninitialized -Wno-unused-but-set-parameter -Wno-unused-but-set-variable -Wno-unused-parameter -Wno-unused-variable       -Os -c -o tb_aster_soc.o /home/elfo/Documents/Aster/verification/soc/tb_aster_soc.cpp
g++ -Os  -I.  -MMD -I/home/elfo/tools/verilator/root/include -I/home/elfo/tools/verilator/root/include/vltstd -DVM_COVERAGE=0 -DVM_SC=0 -DVM_TRACE=0 -DVM_TRACE_FST=0 -DVM_TRACE_VCD=0 -faligned-new -fcf-protection=none -Wno-bool-operation -Wno-overloaded-virtual -Wno-shadow -Wno-sign-compare -Wno-uninitialized -Wno-unused-but-set-parameter -Wno-unused-but-set-variable -Wno-unused-parameter -Wno-unused-variable       -c -o verilated.o /home/elfo/tools/verilator/root/include/verilated.cpp
g++ -Os  -I.  -MMD -I/home/elfo/tools/verilator/root/include -I/home/elfo/tools/verilator/root/include/vltstd -DVM_COVERAGE=0 -DVM_SC=0 -DVM_TRACE=0 -DVM_TRACE_FST=0 -DVM_TRACE_VCD=0 -faligned-new -fcf-protection=none -Wno-bool-operation -Wno-overloaded-virtual -Wno-shadow -Wno-sign-compare -Wno-uninitialized -Wno-unused-but-set-parameter -Wno-unused-but-set-variable -Wno-unused-parameter -Wno-unused-variable       -c -o verilated_threads.o /home/elfo/tools/verilator/root/include/verilated_threads.cpp
/usr/bin/python3 /home/elfo/tools/verilator/root/bin/verilator_includer -DVL_INCLUDE_OPT=include Vaster_minimal.cpp Vaster_minimal___024root__DepSet_h32747b0f__0.cpp Vaster_minimal___024root__DepSet_h1d8fc093__0.cpp Vaster_minimal___024root__Slow.cpp Vaster_minimal___024root__DepSet_h32747b0f__0__Slow.cpp Vaster_minimal___024root__DepSet_h1d8fc093__0__Slow.cpp Vaster_minimal__Syms.cpp > Vaster_minimal__ALL.cpp
g++ -Os  -I.  -MMD -I/home/elfo/tools/verilator/root/include -I/home/elfo/tools/verilator/root/include/vltstd -DVM_COVERAGE=0 -DVM_SC=0 -DVM_TRACE=0 -DVM_TRACE_FST=0 -DVM_TRACE_VCD=0 -faligned-new -fcf-protection=none -Wno-bool-operation -Wno-overloaded-virtual -Wno-shadow -Wno-sign-compare -Wno-uninitialized -Wno-unused-but-set-parameter -Wno-unused-but-set-variable -Wno-unused-parameter -Wno-unused-variable       -c -o Vaster_minimal__ALL.o Vaster_minimal__ALL.cpp
echo "" > Vaster_minimal__ALL.verilator_deplist.tmp
Archive ar -rcs Vaster_minimal__ALL.a Vaster_minimal__ALL.o
g++     tb_aster_soc.o verilated.o verilated_threads.o Vaster_minimal__ALL.a    -pthread -lpthread -latomic   -o /home/elfo/Documents/Aster/build/phase5-71e2570/legacy-verified/soc_l10_sync1_wait4_w2_n2/aster_soc_sim
rm Vaster_minimal__ALL.verilator_deplist.tmp
make[2]: Leaving directory '/home/elfo/Documents/Aster/build/phase5-71e2570/legacy-verified/soc_l10_sync1_wait4_w2_n2/obj'
RV32IM PASS
PASS: RV32IM PASS (1 boot(s))
RUNTIME PASS
RUNTIME PASS
PASS: RUNTIME PASS (2 boot(s))
MEMORY MAP PASS
PASS: MEMORY MAP PASS (1 boot(s))
Trap case 0
TRAP ARMED
TRAP ARMED
PASS: TRAP ARMED (2 boot(s))
Trap case 1
TRAP ARMED
TRAP ARMED
PASS: TRAP ARMED (2 boot(s))
Trap case 2
TRAP ARMED
TRAP ARMED
PASS: TRAP ARMED (2 boot(s))
Trap case 3
TRAP ARMED
TRAP ARMED
PASS: TRAP ARMED (2 boot(s))
Trap case 4
TRAP ARMED
TRAP ARMED
PASS: TRAP ARMED (2 boot(s))
Trap case 5
TRAP ARMED
TRAP ARMED
PASS: TRAP ARMED (2 boot(s))
Trap case 6
TRAP ARMED
TRAP ARMED
PASS: TRAP ARMED (2 boot(s))
Trap case 7
TRAP ARMED
TRAP ARMED
PASS: TRAP ARMED (2 boot(s))
Trap case 8
TRAP ARMED
TRAP ARMED
PASS: TRAP ARMED (2 boot(s))
Trap case 9
TRAP ARMED
TRAP ARMED
PASS: TRAP ARMED (2 boot(s))
Trap case 10
TRAP ARMED
TRAP ARMED
PASS: TRAP ARMED (2 boot(s))
Trap case 11
TRAP ARMED
TRAP ARMED
PASS: TRAP ARMED (2 boot(s))
test_board_output_validation_uses_strict_parser (test_asterbench.ResultProvenance.test_board_output_validation_uses_strict_parser) ... ok
test_comparison_contract (test_asterbench.ResultProvenance.test_comparison_contract) ... ok
test_required_provenance (test_asterbench.ResultProvenance.test_required_provenance) ... ok
test_serial_and_typed_record_must_agree (test_asterbench.ResultProvenance.test_serial_and_typed_record_must_agree) ... ok
test_common_corpus (test_asterbench.StrictRecords.test_common_corpus) ... ok
test_bad_options_and_known_references (test_cache_experiments.CacheExperiments.test_bad_options_and_known_references) ... ok
test_missing_experiment_rejected (test_cache_experiments.CacheExperiments.test_missing_experiment_rejected) ... ok
test_pattern_kernels_and_data_addresses_match (test_cache_experiments.CacheExperiments.test_pattern_kernels_and_data_addresses_match) ... ok
test_plan_covers_all_readme_experiments (test_cache_experiments.CacheExperiments.test_plan_covers_all_readme_experiments) ... ok
test_study_audit_rejects_corruption (test_cache_experiments.CacheExperiments.test_study_audit_rejects_corruption) ... ok
test_each_private_region_cannot_overflow_its_stack (test_multicore_layout.MulticoreLayout.test_each_private_region_cannot_overflow_its_stack) ... ok
test_rom_limit (test_multicore_layout.MulticoreLayout.test_rom_limit) ... ok
test_shared_initialized_odd_bytes_have_rom_load_image (test_multicore_layout.MulticoreLayout.test_shared_initialized_odd_bytes_have_rom_load_image) ... ok
test_shared_size_and_no_stack_alias (test_multicore_layout.MulticoreLayout.test_shared_size_and_no_stack_alias) ... ok
test_stack_alignment_and_minimum (test_multicore_layout.MulticoreLayout.test_stack_alignment_and_minimum) ... ok
test_comparison_refuses_different_work (test_parallel.ParallelProvenance.test_comparison_refuses_different_work) ... ok
test_required_fields_and_raw_log_binding (test_parallel.ParallelProvenance.test_required_fields_and_raw_log_binding) ... ok
test_complete_job_stream_and_independent_oracle (test_parallel.ParallelRecords.test_complete_job_stream_and_independent_oracle) ... ok
test_python_cpp_malformed_corpus (test_parallel.ParallelRecords.test_python_cpp_malformed_corpus) ... ok
test_known_corners (test_phase1.ArithmeticReference.test_known_corners) ... ok
test_seed_reproducibility (test_phase1.ArithmeticReference.test_seed_reproducibility) ... ok
test_initialized_byte_segment (test_phase1.FirmwareLayout.test_initialized_byte_segment) ... ok
test_rom_overflow (test_phase1.FirmwareLayout.test_rom_overflow) ... ok
test_stack_reservation (test_phase1.FirmwareLayout.test_stack_reservation) ... ok
test_missing_and_duplicate_modules_parameters_ports (test_pynq_handoff.HandoffSafety.test_missing_and_duplicate_modules_parameters_ports) ... ok
test_multicore_map_must_match_requested_harts (test_pynq_handoff.HandoffSafety.test_multicore_map_must_match_requested_harts) ... ok
test_mutated_exports_fail_closed (test_pynq_handoff.HandoffSafety.test_mutated_exports_fail_closed) ... ok
test_original_active_low_auxiliary_tied_zero_is_rejected (test_pynq_handoff.HandoffSafety.test_original_active_low_auxiliary_tied_zero_is_rejected) ... ok
test_valid_export (test_pynq_handoff.HandoffSafety.test_valid_export) ... ok
test_captured_reports_and_rejected_mutations (test_pynq_results.PhysicalResults.test_captured_reports_and_rejected_mutations) ... ok
test_bad_cli_preflight_never_imports_board_api (test_run_pynq.CollectorChecks.test_bad_cli_preflight_never_imports_board_api) ... ok
test_exact_runtime_and_complete_parallel_streams (test_run_pynq.CollectorChecks.test_exact_runtime_and_complete_parallel_streams) ... ok
test_lifetime_counter_rollover (test_run_pynq.CollectorChecks.test_lifetime_counter_rollover) ... ok

----------------------------------------------------------------------
Ran 33 tests in 5.217s

OK
mkdir -p /home/elfo/Documents/Aster/build/phase5-71e2570/legacy-verified/bench_l10_sync1_wait4_w2_n2
verilator --cc --exe --build --timing --Wall --Wno-fatal \
	-DRISCV_FORMAL --Wno-DECLFILENAME --Wno-GENUNNAMED --Wno-UNUSEDSIGNAL --Wno-BLKSEQ \
	--top-module aster_minimal \
	"-GENABLE_L1=1'b0" "-GSYNC_MEMORY=1'b1" \
	-GMEMORY_WAIT_CYCLES=4 -GL1_LINE_WORDS=2 -GL1_LINE_COUNT=2 \
	--Mdir /home/elfo/Documents/Aster/build/phase5-71e2570/legacy-verified/bench_l10_sync1_wait4_w2_n2/obj \
	-o /home/elfo/Documents/Aster/build/phase5-71e2570/legacy-verified/bench_l10_sync1_wait4_w2_n2/asterbench_sim \
	/home/elfo/Documents/Aster/rtl/core/aster_picorv32.sv /home/elfo/Documents/Aster/vendor/picorv32/picorv32.v /home/elfo/Documents/Aster/rtl/cache/aster_l1_cache.sv \
	/home/elfo/Documents/Aster/rtl/memory/aster_rom.sv /home/elfo/Documents/Aster/rtl/memory/aster_ram.sv \
	/home/elfo/Documents/Aster/rtl/peripherals/aster_uart.sv /home/elfo/Documents/Aster/rtl/peripherals/aster_perf_counters.sv /home/elfo/Documents/Aster/rtl/core/aster_hart.sv /home/elfo/Documents/Aster/rtl/soc/aster_minimal.sv \
	/home/elfo/Documents/Aster/verification/soc/tb_asterbench.cpp
make[2]: Entering directory '/home/elfo/Documents/Aster/build/phase5-71e2570/legacy-verified/bench_l10_sync1_wait4_w2_n2/obj'
g++  -I.  -MMD -I/home/elfo/tools/verilator/root/include -I/home/elfo/tools/verilator/root/include/vltstd -DVM_COVERAGE=0 -DVM_SC=0 -DVM_TRACE=0 -DVM_TRACE_FST=0 -DVM_TRACE_VCD=0 -faligned-new -fcf-protection=none -Wno-bool-operation -Wno-overloaded-virtual -Wno-shadow -Wno-sign-compare -Wno-uninitialized -Wno-unused-but-set-parameter -Wno-unused-but-set-variable -Wno-unused-parameter -Wno-unused-variable       -Os -c -o tb_asterbench.o /home/elfo/Documents/Aster/verification/soc/tb_asterbench.cpp
g++ -Os  -I.  -MMD -I/home/elfo/tools/verilator/root/include -I/home/elfo/tools/verilator/root/include/vltstd -DVM_COVERAGE=0 -DVM_SC=0 -DVM_TRACE=0 -DVM_TRACE_FST=0 -DVM_TRACE_VCD=0 -faligned-new -fcf-protection=none -Wno-bool-operation -Wno-overloaded-virtual -Wno-shadow -Wno-sign-compare -Wno-uninitialized -Wno-unused-but-set-parameter -Wno-unused-but-set-variable -Wno-unused-parameter -Wno-unused-variable       -c -o verilated.o /home/elfo/tools/verilator/root/include/verilated.cpp
g++ -Os  -I.  -MMD -I/home/elfo/tools/verilator/root/include -I/home/elfo/tools/verilator/root/include/vltstd -DVM_COVERAGE=0 -DVM_SC=0 -DVM_TRACE=0 -DVM_TRACE_FST=0 -DVM_TRACE_VCD=0 -faligned-new -fcf-protection=none -Wno-bool-operation -Wno-overloaded-virtual -Wno-shadow -Wno-sign-compare -Wno-uninitialized -Wno-unused-but-set-parameter -Wno-unused-but-set-variable -Wno-unused-parameter -Wno-unused-variable       -c -o verilated_threads.o /home/elfo/tools/verilator/root/include/verilated_threads.cpp
/usr/bin/python3 /home/elfo/tools/verilator/root/bin/verilator_includer -DVL_INCLUDE_OPT=include Vaster_minimal.cpp Vaster_minimal___024root__DepSet_h32747b0f__0.cpp Vaster_minimal___024root__DepSet_h1d8fc093__0.cpp Vaster_minimal___024root__Slow.cpp Vaster_minimal___024root__DepSet_h32747b0f__0__Slow.cpp Vaster_minimal___024root__DepSet_h1d8fc093__0__Slow.cpp Vaster_minimal__Syms.cpp > Vaster_minimal__ALL.cpp
g++ -Os  -I.  -MMD -I/home/elfo/tools/verilator/root/include -I/home/elfo/tools/verilator/root/include/vltstd -DVM_COVERAGE=0 -DVM_SC=0 -DVM_TRACE=0 -DVM_TRACE_FST=0 -DVM_TRACE_VCD=0 -faligned-new -fcf-protection=none -Wno-bool-operation -Wno-overloaded-virtual -Wno-shadow -Wno-sign-compare -Wno-uninitialized -Wno-unused-but-set-parameter -Wno-unused-but-set-variable -Wno-unused-parameter -Wno-unused-variable       -c -o Vaster_minimal__ALL.o Vaster_minimal__ALL.cpp
echo "" > Vaster_minimal__ALL.verilator_deplist.tmp
Archive ar -rcs Vaster_minimal__ALL.a Vaster_minimal__ALL.o
g++     tb_asterbench.o verilated.o verilated_threads.o Vaster_minimal__ALL.a    -pthread -lpthread -latomic   -o /home/elfo/Documents/Aster/build/phase5-71e2570/legacy-verified/bench_l10_sync1_wait4_w2_n2/asterbench_sim
rm Vaster_minimal__ALL.verilator_deplist.tmp
make[2]: Leaving directory '/home/elfo/Documents/Aster/build/phase5-71e2570/legacy-verified/bench_l10_sync1_wait4_w2_n2/obj'
ASTERBENCH,version=2,name=memcpy,bytes=256,repetitions=4,seed=0x13570000,status=PASS,checksum=0xc4be3200,clock_hz=31250000,l1=0,sync_memory=1,line_words=2,line_count=2,memory_wait=4,cycles=0x0000000000003e73,retired=0x0000000000000611,memory_transactions=0x0000000000000910,backing_transactions=0x0000000000000910,cache_accesses=0x0000000000000000,cache_misses=0x0000000000000000,dma_bytes=0x0000000000000000,accelerator_cycles=0x0000000000000000
PASS: strict AsterBench v2 record
make[1]: Leaving directory '/home/elfo/Documents/Aster'
make[1]: Entering directory '/home/elfo/Documents/Aster'
mkdir -p /home/elfo/Documents/Aster/build/phase5-71e2570/legacy-verified/soc_l11_sync1_wait4_w2_n2
verilator --cc --exe --build --timing --Wall --Wno-fatal \
	-DRISCV_FORMAL --Wno-DECLFILENAME --Wno-GENUNNAMED --Wno-UNUSEDSIGNAL --Wno-BLKSEQ --top-module aster_minimal \
	"-GENABLE_L1=1'b1" "-GSYNC_MEMORY=1'b1" \
	-GMEMORY_WAIT_CYCLES=4 -GL1_LINE_WORDS=2 -GL1_LINE_COUNT=2 \
	--Mdir /home/elfo/Documents/Aster/build/phase5-71e2570/legacy-verified/soc_l11_sync1_wait4_w2_n2/obj -o /home/elfo/Documents/Aster/build/phase5-71e2570/legacy-verified/soc_l11_sync1_wait4_w2_n2/aster_soc_sim \
	/home/elfo/Documents/Aster/rtl/core/aster_picorv32.sv /home/elfo/Documents/Aster/vendor/picorv32/picorv32.v /home/elfo/Documents/Aster/rtl/cache/aster_l1_cache.sv /home/elfo/Documents/Aster/rtl/memory/aster_rom.sv /home/elfo/Documents/Aster/rtl/memory/aster_ram.sv /home/elfo/Documents/Aster/rtl/peripherals/aster_uart.sv /home/elfo/Documents/Aster/rtl/peripherals/aster_perf_counters.sv /home/elfo/Documents/Aster/rtl/core/aster_hart.sv /home/elfo/Documents/Aster/rtl/soc/aster_minimal.sv \
	/home/elfo/Documents/Aster/verification/soc/tb_aster_soc.cpp
make[2]: Entering directory '/home/elfo/Documents/Aster/build/phase5-71e2570/legacy-verified/soc_l11_sync1_wait4_w2_n2/obj'
g++  -I.  -MMD -I/home/elfo/tools/verilator/root/include -I/home/elfo/tools/verilator/root/include/vltstd -DVM_COVERAGE=0 -DVM_SC=0 -DVM_TRACE=0 -DVM_TRACE_FST=0 -DVM_TRACE_VCD=0 -faligned-new -fcf-protection=none -Wno-bool-operation -Wno-overloaded-virtual -Wno-shadow -Wno-sign-compare -Wno-uninitialized -Wno-unused-but-set-parameter -Wno-unused-but-set-variable -Wno-unused-parameter -Wno-unused-variable       -Os -c -o tb_aster_soc.o /home/elfo/Documents/Aster/verification/soc/tb_aster_soc.cpp
g++ -Os  -I.  -MMD -I/home/elfo/tools/verilator/root/include -I/home/elfo/tools/verilator/root/include/vltstd -DVM_COVERAGE=0 -DVM_SC=0 -DVM_TRACE=0 -DVM_TRACE_FST=0 -DVM_TRACE_VCD=0 -faligned-new -fcf-protection=none -Wno-bool-operation -Wno-overloaded-virtual -Wno-shadow -Wno-sign-compare -Wno-uninitialized -Wno-unused-but-set-parameter -Wno-unused-but-set-variable -Wno-unused-parameter -Wno-unused-variable       -c -o verilated.o /home/elfo/tools/verilator/root/include/verilated.cpp
g++ -Os  -I.  -MMD -I/home/elfo/tools/verilator/root/include -I/home/elfo/tools/verilator/root/include/vltstd -DVM_COVERAGE=0 -DVM_SC=0 -DVM_TRACE=0 -DVM_TRACE_FST=0 -DVM_TRACE_VCD=0 -faligned-new -fcf-protection=none -Wno-bool-operation -Wno-overloaded-virtual -Wno-shadow -Wno-sign-compare -Wno-uninitialized -Wno-unused-but-set-parameter -Wno-unused-but-set-variable -Wno-unused-parameter -Wno-unused-variable       -c -o verilated_threads.o /home/elfo/tools/verilator/root/include/verilated_threads.cpp
/usr/bin/python3 /home/elfo/tools/verilator/root/bin/verilator_includer -DVL_INCLUDE_OPT=include Vaster_minimal.cpp Vaster_minimal___024root__DepSet_h32747b0f__0.cpp Vaster_minimal___024root__DepSet_h1d8fc093__0.cpp Vaster_minimal___024root__Slow.cpp Vaster_minimal___024root__DepSet_h32747b0f__0__Slow.cpp Vaster_minimal___024root__DepSet_h1d8fc093__0__Slow.cpp Vaster_minimal__Syms.cpp > Vaster_minimal__ALL.cpp
g++ -Os  -I.  -MMD -I/home/elfo/tools/verilator/root/include -I/home/elfo/tools/verilator/root/include/vltstd -DVM_COVERAGE=0 -DVM_SC=0 -DVM_TRACE=0 -DVM_TRACE_FST=0 -DVM_TRACE_VCD=0 -faligned-new -fcf-protection=none -Wno-bool-operation -Wno-overloaded-virtual -Wno-shadow -Wno-sign-compare -Wno-uninitialized -Wno-unused-but-set-parameter -Wno-unused-but-set-variable -Wno-unused-parameter -Wno-unused-variable       -c -o Vaster_minimal__ALL.o Vaster_minimal__ALL.cpp
echo "" > Vaster_minimal__ALL.verilator_deplist.tmp
Archive ar -rcs Vaster_minimal__ALL.a Vaster_minimal__ALL.o
g++     tb_aster_soc.o verilated.o verilated_threads.o Vaster_minimal__ALL.a    -pthread -lpthread -latomic   -o /home/elfo/Documents/Aster/build/phase5-71e2570/legacy-verified/soc_l11_sync1_wait4_w2_n2/aster_soc_sim
rm Vaster_minimal__ALL.verilator_deplist.tmp
make[2]: Leaving directory '/home/elfo/Documents/Aster/build/phase5-71e2570/legacy-verified/soc_l11_sync1_wait4_w2_n2/obj'
RV32IM PASS
PASS: RV32IM PASS (1 boot(s))
RUNTIME PASS
RUNTIME PASS
PASS: RUNTIME PASS (2 boot(s))
MEMORY MAP PASS
PASS: MEMORY MAP PASS (1 boot(s))
Trap case 0
TRAP ARMED
TRAP ARMED
PASS: TRAP ARMED (2 boot(s))
Trap case 1
TRAP ARMED
TRAP ARMED
PASS: TRAP ARMED (2 boot(s))
Trap case 2
TRAP ARMED
TRAP ARMED
PASS: TRAP ARMED (2 boot(s))
Trap case 3
TRAP ARMED
TRAP ARMED
PASS: TRAP ARMED (2 boot(s))
Trap case 4
TRAP ARMED
TRAP ARMED
PASS: TRAP ARMED (2 boot(s))
Trap case 5
TRAP ARMED
TRAP ARMED
PASS: TRAP ARMED (2 boot(s))
Trap case 6
TRAP ARMED
TRAP ARMED
PASS: TRAP ARMED (2 boot(s))
Trap case 7
TRAP ARMED
TRAP ARMED
PASS: TRAP ARMED (2 boot(s))
Trap case 8
TRAP ARMED
TRAP ARMED
PASS: TRAP ARMED (2 boot(s))
Trap case 9
TRAP ARMED
TRAP ARMED
PASS: TRAP ARMED (2 boot(s))
Trap case 10
TRAP ARMED
TRAP ARMED
PASS: TRAP ARMED (2 boot(s))
Trap case 11
TRAP ARMED
TRAP ARMED
PASS: TRAP ARMED (2 boot(s))
test_board_output_validation_uses_strict_parser (test_asterbench.ResultProvenance.test_board_output_validation_uses_strict_parser) ... ok
test_comparison_contract (test_asterbench.ResultProvenance.test_comparison_contract) ... ok
test_required_provenance (test_asterbench.ResultProvenance.test_required_provenance) ... ok
test_serial_and_typed_record_must_agree (test_asterbench.ResultProvenance.test_serial_and_typed_record_must_agree) ... ok
test_common_corpus (test_asterbench.StrictRecords.test_common_corpus) ... ok
test_bad_options_and_known_references (test_cache_experiments.CacheExperiments.test_bad_options_and_known_references) ... ok
test_missing_experiment_rejected (test_cache_experiments.CacheExperiments.test_missing_experiment_rejected) ... ok
test_pattern_kernels_and_data_addresses_match (test_cache_experiments.CacheExperiments.test_pattern_kernels_and_data_addresses_match) ... ok
test_plan_covers_all_readme_experiments (test_cache_experiments.CacheExperiments.test_plan_covers_all_readme_experiments) ... ok
test_study_audit_rejects_corruption (test_cache_experiments.CacheExperiments.test_study_audit_rejects_corruption) ... ok
test_each_private_region_cannot_overflow_its_stack (test_multicore_layout.MulticoreLayout.test_each_private_region_cannot_overflow_its_stack) ... ok
test_rom_limit (test_multicore_layout.MulticoreLayout.test_rom_limit) ... ok
test_shared_initialized_odd_bytes_have_rom_load_image (test_multicore_layout.MulticoreLayout.test_shared_initialized_odd_bytes_have_rom_load_image) ... ok
test_shared_size_and_no_stack_alias (test_multicore_layout.MulticoreLayout.test_shared_size_and_no_stack_alias) ... ok
test_stack_alignment_and_minimum (test_multicore_layout.MulticoreLayout.test_stack_alignment_and_minimum) ... ok
test_comparison_refuses_different_work (test_parallel.ParallelProvenance.test_comparison_refuses_different_work) ... ok
test_required_fields_and_raw_log_binding (test_parallel.ParallelProvenance.test_required_fields_and_raw_log_binding) ... ok
test_complete_job_stream_and_independent_oracle (test_parallel.ParallelRecords.test_complete_job_stream_and_independent_oracle) ... ok
test_python_cpp_malformed_corpus (test_parallel.ParallelRecords.test_python_cpp_malformed_corpus) ... ok
test_known_corners (test_phase1.ArithmeticReference.test_known_corners) ... ok
test_seed_reproducibility (test_phase1.ArithmeticReference.test_seed_reproducibility) ... ok
test_initialized_byte_segment (test_phase1.FirmwareLayout.test_initialized_byte_segment) ... ok
test_rom_overflow (test_phase1.FirmwareLayout.test_rom_overflow) ... ok
test_stack_reservation (test_phase1.FirmwareLayout.test_stack_reservation) ... ok
test_missing_and_duplicate_modules_parameters_ports (test_pynq_handoff.HandoffSafety.test_missing_and_duplicate_modules_parameters_ports) ... ok
test_multicore_map_must_match_requested_harts (test_pynq_handoff.HandoffSafety.test_multicore_map_must_match_requested_harts) ... ok
test_mutated_exports_fail_closed (test_pynq_handoff.HandoffSafety.test_mutated_exports_fail_closed) ... ok
test_original_active_low_auxiliary_tied_zero_is_rejected (test_pynq_handoff.HandoffSafety.test_original_active_low_auxiliary_tied_zero_is_rejected) ... ok
test_valid_export (test_pynq_handoff.HandoffSafety.test_valid_export) ... ok
test_captured_reports_and_rejected_mutations (test_pynq_results.PhysicalResults.test_captured_reports_and_rejected_mutations) ... ok
test_bad_cli_preflight_never_imports_board_api (test_run_pynq.CollectorChecks.test_bad_cli_preflight_never_imports_board_api) ... ok
test_exact_runtime_and_complete_parallel_streams (test_run_pynq.CollectorChecks.test_exact_runtime_and_complete_parallel_streams) ... ok
test_lifetime_counter_rollover (test_run_pynq.CollectorChecks.test_lifetime_counter_rollover) ... ok

----------------------------------------------------------------------
Ran 33 tests in 5.210s

OK
mkdir -p /home/elfo/Documents/Aster/build/phase5-71e2570/legacy-verified/bench_l11_sync1_wait4_w2_n2
verilator --cc --exe --build --timing --Wall --Wno-fatal \
	-DRISCV_FORMAL --Wno-DECLFILENAME --Wno-GENUNNAMED --Wno-UNUSEDSIGNAL --Wno-BLKSEQ \
	--top-module aster_minimal \
	"-GENABLE_L1=1'b1" "-GSYNC_MEMORY=1'b1" \
	-GMEMORY_WAIT_CYCLES=4 -GL1_LINE_WORDS=2 -GL1_LINE_COUNT=2 \
	--Mdir /home/elfo/Documents/Aster/build/phase5-71e2570/legacy-verified/bench_l11_sync1_wait4_w2_n2/obj \
	-o /home/elfo/Documents/Aster/build/phase5-71e2570/legacy-verified/bench_l11_sync1_wait4_w2_n2/asterbench_sim \
	/home/elfo/Documents/Aster/rtl/core/aster_picorv32.sv /home/elfo/Documents/Aster/vendor/picorv32/picorv32.v /home/elfo/Documents/Aster/rtl/cache/aster_l1_cache.sv \
	/home/elfo/Documents/Aster/rtl/memory/aster_rom.sv /home/elfo/Documents/Aster/rtl/memory/aster_ram.sv \
	/home/elfo/Documents/Aster/rtl/peripherals/aster_uart.sv /home/elfo/Documents/Aster/rtl/peripherals/aster_perf_counters.sv /home/elfo/Documents/Aster/rtl/core/aster_hart.sv /home/elfo/Documents/Aster/rtl/soc/aster_minimal.sv \
	/home/elfo/Documents/Aster/verification/soc/tb_asterbench.cpp
make[2]: Entering directory '/home/elfo/Documents/Aster/build/phase5-71e2570/legacy-verified/bench_l11_sync1_wait4_w2_n2/obj'
g++  -I.  -MMD -I/home/elfo/tools/verilator/root/include -I/home/elfo/tools/verilator/root/include/vltstd -DVM_COVERAGE=0 -DVM_SC=0 -DVM_TRACE=0 -DVM_TRACE_FST=0 -DVM_TRACE_VCD=0 -faligned-new -fcf-protection=none -Wno-bool-operation -Wno-overloaded-virtual -Wno-shadow -Wno-sign-compare -Wno-uninitialized -Wno-unused-but-set-parameter -Wno-unused-but-set-variable -Wno-unused-parameter -Wno-unused-variable       -Os -c -o tb_asterbench.o /home/elfo/Documents/Aster/verification/soc/tb_asterbench.cpp
g++ -Os  -I.  -MMD -I/home/elfo/tools/verilator/root/include -I/home/elfo/tools/verilator/root/include/vltstd -DVM_COVERAGE=0 -DVM_SC=0 -DVM_TRACE=0 -DVM_TRACE_FST=0 -DVM_TRACE_VCD=0 -faligned-new -fcf-protection=none -Wno-bool-operation -Wno-overloaded-virtual -Wno-shadow -Wno-sign-compare -Wno-uninitialized -Wno-unused-but-set-parameter -Wno-unused-but-set-variable -Wno-unused-parameter -Wno-unused-variable       -c -o verilated.o /home/elfo/tools/verilator/root/include/verilated.cpp
g++ -Os  -I.  -MMD -I/home/elfo/tools/verilator/root/include -I/home/elfo/tools/verilator/root/include/vltstd -DVM_COVERAGE=0 -DVM_SC=0 -DVM_TRACE=0 -DVM_TRACE_FST=0 -DVM_TRACE_VCD=0 -faligned-new -fcf-protection=none -Wno-bool-operation -Wno-overloaded-virtual -Wno-shadow -Wno-sign-compare -Wno-uninitialized -Wno-unused-but-set-parameter -Wno-unused-but-set-variable -Wno-unused-parameter -Wno-unused-variable       -c -o verilated_threads.o /home/elfo/tools/verilator/root/include/verilated_threads.cpp
/usr/bin/python3 /home/elfo/tools/verilator/root/bin/verilator_includer -DVL_INCLUDE_OPT=include Vaster_minimal.cpp Vaster_minimal___024root__DepSet_h32747b0f__0.cpp Vaster_minimal___024root__DepSet_h1d8fc093__0.cpp Vaster_minimal___024root__Slow.cpp Vaster_minimal___024root__DepSet_h32747b0f__0__Slow.cpp Vaster_minimal___024root__DepSet_h1d8fc093__0__Slow.cpp Vaster_minimal__Syms.cpp > Vaster_minimal__ALL.cpp
g++ -Os  -I.  -MMD -I/home/elfo/tools/verilator/root/include -I/home/elfo/tools/verilator/root/include/vltstd -DVM_COVERAGE=0 -DVM_SC=0 -DVM_TRACE=0 -DVM_TRACE_FST=0 -DVM_TRACE_VCD=0 -faligned-new -fcf-protection=none -Wno-bool-operation -Wno-overloaded-virtual -Wno-shadow -Wno-sign-compare -Wno-uninitialized -Wno-unused-but-set-parameter -Wno-unused-but-set-variable -Wno-unused-parameter -Wno-unused-variable       -c -o Vaster_minimal__ALL.o Vaster_minimal__ALL.cpp
echo "" > Vaster_minimal__ALL.verilator_deplist.tmp
Archive ar -rcs Vaster_minimal__ALL.a Vaster_minimal__ALL.o
g++     tb_asterbench.o verilated.o verilated_threads.o Vaster_minimal__ALL.a    -pthread -lpthread -latomic   -o /home/elfo/Documents/Aster/build/phase5-71e2570/legacy-verified/bench_l11_sync1_wait4_w2_n2/asterbench_sim
rm Vaster_minimal__ALL.verilator_deplist.tmp
make[2]: Leaving directory '/home/elfo/Documents/Aster/build/phase5-71e2570/legacy-verified/bench_l11_sync1_wait4_w2_n2/obj'
ASTERBENCH,version=2,name=memcpy,bytes=256,repetitions=4,seed=0x13570000,status=PASS,checksum=0xc4be3200,clock_hz=31250000,l1=1,sync_memory=1,line_words=2,line_count=2,memory_wait=4,cycles=0x0000000000005417,retired=0x0000000000000611,memory_transactions=0x0000000000000910,backing_transactions=0x0000000000000a12,cache_accesses=0x0000000000000910,cache_misses=0x0000000000000589,dma_bytes=0x0000000000000000,accelerator_cycles=0x0000000000000000
PASS: strict AsterBench v2 record
make[1]: Leaving directory '/home/elfo/Documents/Aster'
make[1]: Entering directory '/home/elfo/Documents/Aster'
RV32IM PASS
PASS: RV32IM PASS (1 boot(s))
RUNTIME PASS
RUNTIME PASS
PASS: RUNTIME PASS (2 boot(s))
MEMORY MAP PASS
PASS: MEMORY MAP PASS (1 boot(s))
Trap case 0
TRAP ARMED
TRAP ARMED
PASS: TRAP ARMED (2 boot(s))
Trap case 1
TRAP ARMED
TRAP ARMED
PASS: TRAP ARMED (2 boot(s))
Trap case 2
TRAP ARMED
TRAP ARMED
PASS: TRAP ARMED (2 boot(s))
Trap case 3
TRAP ARMED
TRAP ARMED
PASS: TRAP ARMED (2 boot(s))
Trap case 4
TRAP ARMED
TRAP ARMED
PASS: TRAP ARMED (2 boot(s))
Trap case 5
TRAP ARMED
TRAP ARMED
PASS: TRAP ARMED (2 boot(s))
Trap case 6
TRAP ARMED
TRAP ARMED
PASS: TRAP ARMED (2 boot(s))
Trap case 7
TRAP ARMED
TRAP ARMED
PASS: TRAP ARMED (2 boot(s))
Trap case 8
TRAP ARMED
TRAP ARMED
PASS: TRAP ARMED (2 boot(s))
Trap case 9
TRAP ARMED
TRAP ARMED
PASS: TRAP ARMED (2 boot(s))
Trap case 10
TRAP ARMED
TRAP ARMED
PASS: TRAP ARMED (2 boot(s))
Trap case 11
TRAP ARMED
TRAP ARMED
PASS: TRAP ARMED (2 boot(s))
test_board_output_validation_uses_strict_parser (test_asterbench.ResultProvenance.test_board_output_validation_uses_strict_parser) ... ok
test_comparison_contract (test_asterbench.ResultProvenance.test_comparison_contract) ... ok
test_required_provenance (test_asterbench.ResultProvenance.test_required_provenance) ... ok
test_serial_and_typed_record_must_agree (test_asterbench.ResultProvenance.test_serial_and_typed_record_must_agree) ... ok
test_common_corpus (test_asterbench.StrictRecords.test_common_corpus) ... ok
test_bad_options_and_known_references (test_cache_experiments.CacheExperiments.test_bad_options_and_known_references) ... ok
test_missing_experiment_rejected (test_cache_experiments.CacheExperiments.test_missing_experiment_rejected) ... ok
test_pattern_kernels_and_data_addresses_match (test_cache_experiments.CacheExperiments.test_pattern_kernels_and_data_addresses_match) ... ok
test_plan_covers_all_readme_experiments (test_cache_experiments.CacheExperiments.test_plan_covers_all_readme_experiments) ... ok
test_study_audit_rejects_corruption (test_cache_experiments.CacheExperiments.test_study_audit_rejects_corruption) ... ok
test_each_private_region_cannot_overflow_its_stack (test_multicore_layout.MulticoreLayout.test_each_private_region_cannot_overflow_its_stack) ... ok
test_rom_limit (test_multicore_layout.MulticoreLayout.test_rom_limit) ... ok
test_shared_initialized_odd_bytes_have_rom_load_image (test_multicore_layout.MulticoreLayout.test_shared_initialized_odd_bytes_have_rom_load_image) ... ok
test_shared_size_and_no_stack_alias (test_multicore_layout.MulticoreLayout.test_shared_size_and_no_stack_alias) ... ok
test_stack_alignment_and_minimum (test_multicore_layout.MulticoreLayout.test_stack_alignment_and_minimum) ... ok
test_comparison_refuses_different_work (test_parallel.ParallelProvenance.test_comparison_refuses_different_work) ... ok
test_required_fields_and_raw_log_binding (test_parallel.ParallelProvenance.test_required_fields_and_raw_log_binding) ... ok
test_complete_job_stream_and_independent_oracle (test_parallel.ParallelRecords.test_complete_job_stream_and_independent_oracle) ... ok
test_python_cpp_malformed_corpus (test_parallel.ParallelRecords.test_python_cpp_malformed_corpus) ... ok
test_known_corners (test_phase1.ArithmeticReference.test_known_corners) ... ok
test_seed_reproducibility (test_phase1.ArithmeticReference.test_seed_reproducibility) ... ok
test_initialized_byte_segment (test_phase1.FirmwareLayout.test_initialized_byte_segment) ... ok
test_rom_overflow (test_phase1.FirmwareLayout.test_rom_overflow) ... ok
test_stack_reservation (test_phase1.FirmwareLayout.test_stack_reservation) ... ok
test_missing_and_duplicate_modules_parameters_ports (test_pynq_handoff.HandoffSafety.test_missing_and_duplicate_modules_parameters_ports) ... ok
test_multicore_map_must_match_requested_harts (test_pynq_handoff.HandoffSafety.test_multicore_map_must_match_requested_harts) ... ok
test_mutated_exports_fail_closed (test_pynq_handoff.HandoffSafety.test_mutated_exports_fail_closed) ... ok
test_original_active_low_auxiliary_tied_zero_is_rejected (test_pynq_handoff.HandoffSafety.test_original_active_low_auxiliary_tied_zero_is_rejected) ... ok
test_valid_export (test_pynq_handoff.HandoffSafety.test_valid_export) ... ok
test_captured_reports_and_rejected_mutations (test_pynq_results.PhysicalResults.test_captured_reports_and_rejected_mutations) ... ok
test_bad_cli_preflight_never_imports_board_api (test_run_pynq.CollectorChecks.test_bad_cli_preflight_never_imports_board_api) ... ok
test_exact_runtime_and_complete_parallel_streams (test_run_pynq.CollectorChecks.test_exact_runtime_and_complete_parallel_streams) ... ok
test_lifetime_counter_rollover (test_run_pynq.CollectorChecks.test_lifetime_counter_rollover) ... ok

----------------------------------------------------------------------
Ran 33 tests in 5.193s

OK
mkdir -p /home/elfo/Documents/Aster/build/phase5-71e2570/legacy-verified/bench_l10_sync0_wait0_w4_n16
verilator --cc --exe --build --timing --Wall --Wno-fatal \
	-DRISCV_FORMAL --Wno-DECLFILENAME --Wno-GENUNNAMED --Wno-UNUSEDSIGNAL --Wno-BLKSEQ \
	--top-module aster_minimal \
	"-GENABLE_L1=1'b0" "-GSYNC_MEMORY=1'b0" \
	-GMEMORY_WAIT_CYCLES=0 -GL1_LINE_WORDS=4 -GL1_LINE_COUNT=16 \
	--Mdir /home/elfo/Documents/Aster/build/phase5-71e2570/legacy-verified/bench_l10_sync0_wait0_w4_n16/obj \
	-o /home/elfo/Documents/Aster/build/phase5-71e2570/legacy-verified/bench_l10_sync0_wait0_w4_n16/asterbench_sim \
	/home/elfo/Documents/Aster/rtl/core/aster_picorv32.sv /home/elfo/Documents/Aster/vendor/picorv32/picorv32.v /home/elfo/Documents/Aster/rtl/cache/aster_l1_cache.sv \
	/home/elfo/Documents/Aster/rtl/memory/aster_rom.sv /home/elfo/Documents/Aster/rtl/memory/aster_ram.sv \
	/home/elfo/Documents/Aster/rtl/peripherals/aster_uart.sv /home/elfo/Documents/Aster/rtl/peripherals/aster_perf_counters.sv /home/elfo/Documents/Aster/rtl/core/aster_hart.sv /home/elfo/Documents/Aster/rtl/soc/aster_minimal.sv \
	/home/elfo/Documents/Aster/verification/soc/tb_asterbench.cpp
make[2]: Entering directory '/home/elfo/Documents/Aster/build/phase5-71e2570/legacy-verified/bench_l10_sync0_wait0_w4_n16/obj'
g++  -I.  -MMD -I/home/elfo/tools/verilator/root/include -I/home/elfo/tools/verilator/root/include/vltstd -DVM_COVERAGE=0 -DVM_SC=0 -DVM_TRACE=0 -DVM_TRACE_FST=0 -DVM_TRACE_VCD=0 -faligned-new -fcf-protection=none -Wno-bool-operation -Wno-overloaded-virtual -Wno-shadow -Wno-sign-compare -Wno-uninitialized -Wno-unused-but-set-parameter -Wno-unused-but-set-variable -Wno-unused-parameter -Wno-unused-variable       -Os -c -o tb_asterbench.o /home/elfo/Documents/Aster/verification/soc/tb_asterbench.cpp
g++ -Os  -I.  -MMD -I/home/elfo/tools/verilator/root/include -I/home/elfo/tools/verilator/root/include/vltstd -DVM_COVERAGE=0 -DVM_SC=0 -DVM_TRACE=0 -DVM_TRACE_FST=0 -DVM_TRACE_VCD=0 -faligned-new -fcf-protection=none -Wno-bool-operation -Wno-overloaded-virtual -Wno-shadow -Wno-sign-compare -Wno-uninitialized -Wno-unused-but-set-parameter -Wno-unused-but-set-variable -Wno-unused-parameter -Wno-unused-variable       -c -o verilated.o /home/elfo/tools/verilator/root/include/verilated.cpp
g++ -Os  -I.  -MMD -I/home/elfo/tools/verilator/root/include -I/home/elfo/tools/verilator/root/include/vltstd -DVM_COVERAGE=0 -DVM_SC=0 -DVM_TRACE=0 -DVM_TRACE_FST=0 -DVM_TRACE_VCD=0 -faligned-new -fcf-protection=none -Wno-bool-operation -Wno-overloaded-virtual -Wno-shadow -Wno-sign-compare -Wno-uninitialized -Wno-unused-but-set-parameter -Wno-unused-but-set-variable -Wno-unused-parameter -Wno-unused-variable       -c -o verilated_threads.o /home/elfo/tools/verilator/root/include/verilated_threads.cpp
/usr/bin/python3 /home/elfo/tools/verilator/root/bin/verilator_includer -DVL_INCLUDE_OPT=include Vaster_minimal.cpp Vaster_minimal___024root__DepSet_h32747b0f__0.cpp Vaster_minimal___024root__DepSet_h1d8fc093__0.cpp Vaster_minimal___024root__Slow.cpp Vaster_minimal___024root__DepSet_h32747b0f__0__Slow.cpp Vaster_minimal___024root__DepSet_h1d8fc093__0__Slow.cpp Vaster_minimal__Syms.cpp > Vaster_minimal__ALL.cpp
g++ -Os  -I.  -MMD -I/home/elfo/tools/verilator/root/include -I/home/elfo/tools/verilator/root/include/vltstd -DVM_COVERAGE=0 -DVM_SC=0 -DVM_TRACE=0 -DVM_TRACE_FST=0 -DVM_TRACE_VCD=0 -faligned-new -fcf-protection=none -Wno-bool-operation -Wno-overloaded-virtual -Wno-shadow -Wno-sign-compare -Wno-uninitialized -Wno-unused-but-set-parameter -Wno-unused-but-set-variable -Wno-unused-parameter -Wno-unused-variable       -c -o Vaster_minimal__ALL.o Vaster_minimal__ALL.cpp
echo "" > Vaster_minimal__ALL.verilator_deplist.tmp
Archive ar -rcs Vaster_minimal__ALL.a Vaster_minimal__ALL.o
g++     tb_asterbench.o verilated.o verilated_threads.o Vaster_minimal__ALL.a    -pthread -lpthread -latomic   -o /home/elfo/Documents/Aster/build/phase5-71e2570/legacy-verified/bench_l10_sync0_wait0_w4_n16/asterbench_sim
rm Vaster_minimal__ALL.verilator_deplist.tmp
make[2]: Leaving directory '/home/elfo/Documents/Aster/build/phase5-71e2570/legacy-verified/bench_l10_sync0_wait0_w4_n16/obj'
ASTERBENCH,version=2,name=memcpy,bytes=256,repetitions=4,seed=0x13570000,status=PASS,checksum=0xc4be3200,clock_hz=31250000,l1=0,sync_memory=0,line_words=4,line_count=16,memory_wait=0,cycles=0x0000000000001d33,retired=0x0000000000000611,memory_transactions=0x0000000000000910,backing_transactions=0x0000000000000910,cache_accesses=0x0000000000000000,cache_misses=0x0000000000000000,dma_bytes=0x0000000000000000,accelerator_cycles=0x0000000000000000
PASS: strict AsterBench v2 record
make[1]: Leaving directory '/home/elfo/Documents/Aster'
make[1]: Entering directory '/home/elfo/Documents/Aster'
RV32IM PASS
PASS: RV32IM PASS (1 boot(s))
RUNTIME PASS
RUNTIME PASS
PASS: RUNTIME PASS (2 boot(s))
MEMORY MAP PASS
PASS: MEMORY MAP PASS (1 boot(s))
Trap case 0
TRAP ARMED
TRAP ARMED
PASS: TRAP ARMED (2 boot(s))
Trap case 1
TRAP ARMED
TRAP ARMED
PASS: TRAP ARMED (2 boot(s))
Trap case 2
TRAP ARMED
TRAP ARMED
PASS: TRAP ARMED (2 boot(s))
Trap case 3
TRAP ARMED
TRAP ARMED
PASS: TRAP ARMED (2 boot(s))
Trap case 4
TRAP ARMED
TRAP ARMED
PASS: TRAP ARMED (2 boot(s))
Trap case 5
TRAP ARMED
TRAP ARMED
PASS: TRAP ARMED (2 boot(s))
Trap case 6
TRAP ARMED
TRAP ARMED
PASS: TRAP ARMED (2 boot(s))
Trap case 7
TRAP ARMED
TRAP ARMED
PASS: TRAP ARMED (2 boot(s))
Trap case 8
TRAP ARMED
TRAP ARMED
PASS: TRAP ARMED (2 boot(s))
Trap case 9
TRAP ARMED
TRAP ARMED
PASS: TRAP ARMED (2 boot(s))
Trap case 10
TRAP ARMED
TRAP ARMED
PASS: TRAP ARMED (2 boot(s))
Trap case 11
TRAP ARMED
TRAP ARMED
PASS: TRAP ARMED (2 boot(s))
test_board_output_validation_uses_strict_parser (test_asterbench.ResultProvenance.test_board_output_validation_uses_strict_parser) ... ok
test_comparison_contract (test_asterbench.ResultProvenance.test_comparison_contract) ... ok
test_required_provenance (test_asterbench.ResultProvenance.test_required_provenance) ... ok
test_serial_and_typed_record_must_agree (test_asterbench.ResultProvenance.test_serial_and_typed_record_must_agree) ... ok
test_common_corpus (test_asterbench.StrictRecords.test_common_corpus) ... ok
test_bad_options_and_known_references (test_cache_experiments.CacheExperiments.test_bad_options_and_known_references) ... ok
test_missing_experiment_rejected (test_cache_experiments.CacheExperiments.test_missing_experiment_rejected) ... ok
test_pattern_kernels_and_data_addresses_match (test_cache_experiments.CacheExperiments.test_pattern_kernels_and_data_addresses_match) ... ok
test_plan_covers_all_readme_experiments (test_cache_experiments.CacheExperiments.test_plan_covers_all_readme_experiments) ... ok
test_study_audit_rejects_corruption (test_cache_experiments.CacheExperiments.test_study_audit_rejects_corruption) ... ok
test_each_private_region_cannot_overflow_its_stack (test_multicore_layout.MulticoreLayout.test_each_private_region_cannot_overflow_its_stack) ... ok
test_rom_limit (test_multicore_layout.MulticoreLayout.test_rom_limit) ... ok
test_shared_initialized_odd_bytes_have_rom_load_image (test_multicore_layout.MulticoreLayout.test_shared_initialized_odd_bytes_have_rom_load_image) ... ok
test_shared_size_and_no_stack_alias (test_multicore_layout.MulticoreLayout.test_shared_size_and_no_stack_alias) ... ok
test_stack_alignment_and_minimum (test_multicore_layout.MulticoreLayout.test_stack_alignment_and_minimum) ... ok
test_comparison_refuses_different_work (test_parallel.ParallelProvenance.test_comparison_refuses_different_work) ... ok
test_required_fields_and_raw_log_binding (test_parallel.ParallelProvenance.test_required_fields_and_raw_log_binding) ... ok
test_complete_job_stream_and_independent_oracle (test_parallel.ParallelRecords.test_complete_job_stream_and_independent_oracle) ... ok
test_python_cpp_malformed_corpus (test_parallel.ParallelRecords.test_python_cpp_malformed_corpus) ... ok
test_known_corners (test_phase1.ArithmeticReference.test_known_corners) ... ok
test_seed_reproducibility (test_phase1.ArithmeticReference.test_seed_reproducibility) ... ok
test_initialized_byte_segment (test_phase1.FirmwareLayout.test_initialized_byte_segment) ... ok
test_rom_overflow (test_phase1.FirmwareLayout.test_rom_overflow) ... ok
test_stack_reservation (test_phase1.FirmwareLayout.test_stack_reservation) ... ok
test_missing_and_duplicate_modules_parameters_ports (test_pynq_handoff.HandoffSafety.test_missing_and_duplicate_modules_parameters_ports) ... ok
test_multicore_map_must_match_requested_harts (test_pynq_handoff.HandoffSafety.test_multicore_map_must_match_requested_harts) ... ok
test_mutated_exports_fail_closed (test_pynq_handoff.HandoffSafety.test_mutated_exports_fail_closed) ... ok
test_original_active_low_auxiliary_tied_zero_is_rejected (test_pynq_handoff.HandoffSafety.test_original_active_low_auxiliary_tied_zero_is_rejected) ... ok
test_valid_export (test_pynq_handoff.HandoffSafety.test_valid_export) ... ok
test_captured_reports_and_rejected_mutations (test_pynq_results.PhysicalResults.test_captured_reports_and_rejected_mutations) ... ok
test_bad_cli_preflight_never_imports_board_api (test_run_pynq.CollectorChecks.test_bad_cli_preflight_never_imports_board_api) ... ok
test_exact_runtime_and_complete_parallel_streams (test_run_pynq.CollectorChecks.test_exact_runtime_and_complete_parallel_streams) ... ok
test_lifetime_counter_rollover (test_run_pynq.CollectorChecks.test_lifetime_counter_rollover) ... ok

----------------------------------------------------------------------
Ran 33 tests in 5.190s

OK
ASTERBENCH,version=2,name=memcpy,bytes=256,repetitions=4,seed=0x13570000,status=PASS,checksum=0xc4be3200,clock_hz=31250000,l1=1,sync_memory=0,line_words=4,line_count=16,memory_wait=0,cycles=0x0000000000001e93,retired=0x0000000000000611,memory_transactions=0x0000000000000910,backing_transactions=0x000000000000014c,cache_accesses=0x0000000000000910,cache_misses=0x0000000000000113,dma_bytes=0x0000000000000000,accelerator_cycles=0x0000000000000000
PASS: strict AsterBench v2 record
make[1]: Leaving directory '/home/elfo/Documents/Aster'
make[1]: Entering directory '/home/elfo/Documents/Aster'
mkdir -p /home/elfo/Documents/Aster/build/phase5-71e2570/legacy-verified/soc_l10_sync0_wait4_w4_n16
verilator --cc --exe --build --timing --Wall --Wno-fatal \
	-DRISCV_FORMAL --Wno-DECLFILENAME --Wno-GENUNNAMED --Wno-UNUSEDSIGNAL --Wno-BLKSEQ --top-module aster_minimal \
	"-GENABLE_L1=1'b0" "-GSYNC_MEMORY=1'b0" \
	-GMEMORY_WAIT_CYCLES=4 -GL1_LINE_WORDS=4 -GL1_LINE_COUNT=16 \
	--Mdir /home/elfo/Documents/Aster/build/phase5-71e2570/legacy-verified/soc_l10_sync0_wait4_w4_n16/obj -o /home/elfo/Documents/Aster/build/phase5-71e2570/legacy-verified/soc_l10_sync0_wait4_w4_n16/aster_soc_sim \
	/home/elfo/Documents/Aster/rtl/core/aster_picorv32.sv /home/elfo/Documents/Aster/vendor/picorv32/picorv32.v /home/elfo/Documents/Aster/rtl/cache/aster_l1_cache.sv /home/elfo/Documents/Aster/rtl/memory/aster_rom.sv /home/elfo/Documents/Aster/rtl/memory/aster_ram.sv /home/elfo/Documents/Aster/rtl/peripherals/aster_uart.sv /home/elfo/Documents/Aster/rtl/peripherals/aster_perf_counters.sv /home/elfo/Documents/Aster/rtl/core/aster_hart.sv /home/elfo/Documents/Aster/rtl/soc/aster_minimal.sv \
	/home/elfo/Documents/Aster/verification/soc/tb_aster_soc.cpp
make[2]: Entering directory '/home/elfo/Documents/Aster/build/phase5-71e2570/legacy-verified/soc_l10_sync0_wait4_w4_n16/obj'
g++  -I.  -MMD -I/home/elfo/tools/verilator/root/include -I/home/elfo/tools/verilator/root/include/vltstd -DVM_COVERAGE=0 -DVM_SC=0 -DVM_TRACE=0 -DVM_TRACE_FST=0 -DVM_TRACE_VCD=0 -faligned-new -fcf-protection=none -Wno-bool-operation -Wno-overloaded-virtual -Wno-shadow -Wno-sign-compare -Wno-uninitialized -Wno-unused-but-set-parameter -Wno-unused-but-set-variable -Wno-unused-parameter -Wno-unused-variable       -Os -c -o tb_aster_soc.o /home/elfo/Documents/Aster/verification/soc/tb_aster_soc.cpp
g++ -Os  -I.  -MMD -I/home/elfo/tools/verilator/root/include -I/home/elfo/tools/verilator/root/include/vltstd -DVM_COVERAGE=0 -DVM_SC=0 -DVM_TRACE=0 -DVM_TRACE_FST=0 -DVM_TRACE_VCD=0 -faligned-new -fcf-protection=none -Wno-bool-operation -Wno-overloaded-virtual -Wno-shadow -Wno-sign-compare -Wno-uninitialized -Wno-unused-but-set-parameter -Wno-unused-but-set-variable -Wno-unused-parameter -Wno-unused-variable       -c -o verilated.o /home/elfo/tools/verilator/root/include/verilated.cpp
g++ -Os  -I.  -MMD -I/home/elfo/tools/verilator/root/include -I/home/elfo/tools/verilator/root/include/vltstd -DVM_COVERAGE=0 -DVM_SC=0 -DVM_TRACE=0 -DVM_TRACE_FST=0 -DVM_TRACE_VCD=0 -faligned-new -fcf-protection=none -Wno-bool-operation -Wno-overloaded-virtual -Wno-shadow -Wno-sign-compare -Wno-uninitialized -Wno-unused-but-set-parameter -Wno-unused-but-set-variable -Wno-unused-parameter -Wno-unused-variable       -c -o verilated_threads.o /home/elfo/tools/verilator/root/include/verilated_threads.cpp
/usr/bin/python3 /home/elfo/tools/verilator/root/bin/verilator_includer -DVL_INCLUDE_OPT=include Vaster_minimal.cpp Vaster_minimal___024root__DepSet_h32747b0f__0.cpp Vaster_minimal___024root__DepSet_h1d8fc093__0.cpp Vaster_minimal___024root__Slow.cpp Vaster_minimal___024root__DepSet_h32747b0f__0__Slow.cpp Vaster_minimal___024root__DepSet_h1d8fc093__0__Slow.cpp Vaster_minimal__Syms.cpp > Vaster_minimal__ALL.cpp
g++ -Os  -I.  -MMD -I/home/elfo/tools/verilator/root/include -I/home/elfo/tools/verilator/root/include/vltstd -DVM_COVERAGE=0 -DVM_SC=0 -DVM_TRACE=0 -DVM_TRACE_FST=0 -DVM_TRACE_VCD=0 -faligned-new -fcf-protection=none -Wno-bool-operation -Wno-overloaded-virtual -Wno-shadow -Wno-sign-compare -Wno-uninitialized -Wno-unused-but-set-parameter -Wno-unused-but-set-variable -Wno-unused-parameter -Wno-unused-variable       -c -o Vaster_minimal__ALL.o Vaster_minimal__ALL.cpp
echo "" > Vaster_minimal__ALL.verilator_deplist.tmp
Archive ar -rcs Vaster_minimal__ALL.a Vaster_minimal__ALL.o
g++     tb_aster_soc.o verilated.o verilated_threads.o Vaster_minimal__ALL.a    -pthread -lpthread -latomic   -o /home/elfo/Documents/Aster/build/phase5-71e2570/legacy-verified/soc_l10_sync0_wait4_w4_n16/aster_soc_sim
rm Vaster_minimal__ALL.verilator_deplist.tmp
make[2]: Leaving directory '/home/elfo/Documents/Aster/build/phase5-71e2570/legacy-verified/soc_l10_sync0_wait4_w4_n16/obj'
RV32IM PASS
PASS: RV32IM PASS (1 boot(s))
RUNTIME PASS
RUNTIME PASS
PASS: RUNTIME PASS (2 boot(s))
MEMORY MAP PASS
PASS: MEMORY MAP PASS (1 boot(s))
Trap case 0
TRAP ARMED
TRAP ARMED
PASS: TRAP ARMED (2 boot(s))
Trap case 1
TRAP ARMED
TRAP ARMED
PASS: TRAP ARMED (2 boot(s))
Trap case 2
TRAP ARMED
TRAP ARMED
PASS: TRAP ARMED (2 boot(s))
Trap case 3
TRAP ARMED
TRAP ARMED
PASS: TRAP ARMED (2 boot(s))
Trap case 4
TRAP ARMED
TRAP ARMED
PASS: TRAP ARMED (2 boot(s))
Trap case 5
TRAP ARMED
TRAP ARMED
PASS: TRAP ARMED (2 boot(s))
Trap case 6
TRAP ARMED
TRAP ARMED
PASS: TRAP ARMED (2 boot(s))
Trap case 7
TRAP ARMED
TRAP ARMED
PASS: TRAP ARMED (2 boot(s))
Trap case 8
TRAP ARMED
TRAP ARMED
PASS: TRAP ARMED (2 boot(s))
Trap case 9
TRAP ARMED
TRAP ARMED
PASS: TRAP ARMED (2 boot(s))
Trap case 10
TRAP ARMED
TRAP ARMED
PASS: TRAP ARMED (2 boot(s))
Trap case 11
TRAP ARMED
TRAP ARMED
PASS: TRAP ARMED (2 boot(s))
test_board_output_validation_uses_strict_parser (test_asterbench.ResultProvenance.test_board_output_validation_uses_strict_parser) ... ok
test_comparison_contract (test_asterbench.ResultProvenance.test_comparison_contract) ... ok
test_required_provenance (test_asterbench.ResultProvenance.test_required_provenance) ... ok
test_serial_and_typed_record_must_agree (test_asterbench.ResultProvenance.test_serial_and_typed_record_must_agree) ... ok
test_common_corpus (test_asterbench.StrictRecords.test_common_corpus) ... ok
test_bad_options_and_known_references (test_cache_experiments.CacheExperiments.test_bad_options_and_known_references) ... ok
test_missing_experiment_rejected (test_cache_experiments.CacheExperiments.test_missing_experiment_rejected) ... ok
test_pattern_kernels_and_data_addresses_match (test_cache_experiments.CacheExperiments.test_pattern_kernels_and_data_addresses_match) ... ok
test_plan_covers_all_readme_experiments (test_cache_experiments.CacheExperiments.test_plan_covers_all_readme_experiments) ... ok
test_study_audit_rejects_corruption (test_cache_experiments.CacheExperiments.test_study_audit_rejects_corruption) ... ok
test_each_private_region_cannot_overflow_its_stack (test_multicore_layout.MulticoreLayout.test_each_private_region_cannot_overflow_its_stack) ... ok
test_rom_limit (test_multicore_layout.MulticoreLayout.test_rom_limit) ... ok
test_shared_initialized_odd_bytes_have_rom_load_image (test_multicore_layout.MulticoreLayout.test_shared_initialized_odd_bytes_have_rom_load_image) ... ok
test_shared_size_and_no_stack_alias (test_multicore_layout.MulticoreLayout.test_shared_size_and_no_stack_alias) ... ok
test_stack_alignment_and_minimum (test_multicore_layout.MulticoreLayout.test_stack_alignment_and_minimum) ... ok
test_comparison_refuses_different_work (test_parallel.ParallelProvenance.test_comparison_refuses_different_work) ... ok
test_required_fields_and_raw_log_binding (test_parallel.ParallelProvenance.test_required_fields_and_raw_log_binding) ... ok
test_complete_job_stream_and_independent_oracle (test_parallel.ParallelRecords.test_complete_job_stream_and_independent_oracle) ... ok
test_python_cpp_malformed_corpus (test_parallel.ParallelRecords.test_python_cpp_malformed_corpus) ... ok
test_known_corners (test_phase1.ArithmeticReference.test_known_corners) ... ok
test_seed_reproducibility (test_phase1.ArithmeticReference.test_seed_reproducibility) ... ok
test_initialized_byte_segment (test_phase1.FirmwareLayout.test_initialized_byte_segment) ... ok
test_rom_overflow (test_phase1.FirmwareLayout.test_rom_overflow) ... ok
test_stack_reservation (test_phase1.FirmwareLayout.test_stack_reservation) ... ok
test_missing_and_duplicate_modules_parameters_ports (test_pynq_handoff.HandoffSafety.test_missing_and_duplicate_modules_parameters_ports) ... ok
test_multicore_map_must_match_requested_harts (test_pynq_handoff.HandoffSafety.test_multicore_map_must_match_requested_harts) ... ok
test_mutated_exports_fail_closed (test_pynq_handoff.HandoffSafety.test_mutated_exports_fail_closed) ... ok
test_original_active_low_auxiliary_tied_zero_is_rejected (test_pynq_handoff.HandoffSafety.test_original_active_low_auxiliary_tied_zero_is_rejected) ... ok
test_valid_export (test_pynq_handoff.HandoffSafety.test_valid_export) ... ok
test_captured_reports_and_rejected_mutations (test_pynq_results.PhysicalResults.test_captured_reports_and_rejected_mutations) ... ok
test_bad_cli_preflight_never_imports_board_api (test_run_pynq.CollectorChecks.test_bad_cli_preflight_never_imports_board_api) ... ok
test_exact_runtime_and_complete_parallel_streams (test_run_pynq.CollectorChecks.test_exact_runtime_and_complete_parallel_streams) ... ok
test_lifetime_counter_rollover (test_run_pynq.CollectorChecks.test_lifetime_counter_rollover) ... ok

----------------------------------------------------------------------
Ran 33 tests in 5.227s

OK
mkdir -p /home/elfo/Documents/Aster/build/phase5-71e2570/legacy-verified/bench_l10_sync0_wait4_w4_n16
verilator --cc --exe --build --timing --Wall --Wno-fatal \
	-DRISCV_FORMAL --Wno-DECLFILENAME --Wno-GENUNNAMED --Wno-UNUSEDSIGNAL --Wno-BLKSEQ \
	--top-module aster_minimal \
	"-GENABLE_L1=1'b0" "-GSYNC_MEMORY=1'b0" \
	-GMEMORY_WAIT_CYCLES=4 -GL1_LINE_WORDS=4 -GL1_LINE_COUNT=16 \
	--Mdir /home/elfo/Documents/Aster/build/phase5-71e2570/legacy-verified/bench_l10_sync0_wait4_w4_n16/obj \
	-o /home/elfo/Documents/Aster/build/phase5-71e2570/legacy-verified/bench_l10_sync0_wait4_w4_n16/asterbench_sim \
	/home/elfo/Documents/Aster/rtl/core/aster_picorv32.sv /home/elfo/Documents/Aster/vendor/picorv32/picorv32.v /home/elfo/Documents/Aster/rtl/cache/aster_l1_cache.sv \
	/home/elfo/Documents/Aster/rtl/memory/aster_rom.sv /home/elfo/Documents/Aster/rtl/memory/aster_ram.sv \
	/home/elfo/Documents/Aster/rtl/peripherals/aster_uart.sv /home/elfo/Documents/Aster/rtl/peripherals/aster_perf_counters.sv /home/elfo/Documents/Aster/rtl/core/aster_hart.sv /home/elfo/Documents/Aster/rtl/soc/aster_minimal.sv \
	/home/elfo/Documents/Aster/verification/soc/tb_asterbench.cpp
make[2]: Entering directory '/home/elfo/Documents/Aster/build/phase5-71e2570/legacy-verified/bench_l10_sync0_wait4_w4_n16/obj'
g++  -I.  -MMD -I/home/elfo/tools/verilator/root/include -I/home/elfo/tools/verilator/root/include/vltstd -DVM_COVERAGE=0 -DVM_SC=0 -DVM_TRACE=0 -DVM_TRACE_FST=0 -DVM_TRACE_VCD=0 -faligned-new -fcf-protection=none -Wno-bool-operation -Wno-overloaded-virtual -Wno-shadow -Wno-sign-compare -Wno-uninitialized -Wno-unused-but-set-parameter -Wno-unused-but-set-variable -Wno-unused-parameter -Wno-unused-variable       -Os -c -o tb_asterbench.o /home/elfo/Documents/Aster/verification/soc/tb_asterbench.cpp
g++ -Os  -I.  -MMD -I/home/elfo/tools/verilator/root/include -I/home/elfo/tools/verilator/root/include/vltstd -DVM_COVERAGE=0 -DVM_SC=0 -DVM_TRACE=0 -DVM_TRACE_FST=0 -DVM_TRACE_VCD=0 -faligned-new -fcf-protection=none -Wno-bool-operation -Wno-overloaded-virtual -Wno-shadow -Wno-sign-compare -Wno-uninitialized -Wno-unused-but-set-parameter -Wno-unused-but-set-variable -Wno-unused-parameter -Wno-unused-variable       -c -o verilated.o /home/elfo/tools/verilator/root/include/verilated.cpp
g++ -Os  -I.  -MMD -I/home/elfo/tools/verilator/root/include -I/home/elfo/tools/verilator/root/include/vltstd -DVM_COVERAGE=0 -DVM_SC=0 -DVM_TRACE=0 -DVM_TRACE_FST=0 -DVM_TRACE_VCD=0 -faligned-new -fcf-protection=none -Wno-bool-operation -Wno-overloaded-virtual -Wno-shadow -Wno-sign-compare -Wno-uninitialized -Wno-unused-but-set-parameter -Wno-unused-but-set-variable -Wno-unused-parameter -Wno-unused-variable       -c -o verilated_threads.o /home/elfo/tools/verilator/root/include/verilated_threads.cpp
/usr/bin/python3 /home/elfo/tools/verilator/root/bin/verilator_includer -DVL_INCLUDE_OPT=include Vaster_minimal.cpp Vaster_minimal___024root__DepSet_h32747b0f__0.cpp Vaster_minimal___024root__DepSet_h1d8fc093__0.cpp Vaster_minimal___024root__Slow.cpp Vaster_minimal___024root__DepSet_h32747b0f__0__Slow.cpp Vaster_minimal___024root__DepSet_h1d8fc093__0__Slow.cpp Vaster_minimal__Syms.cpp > Vaster_minimal__ALL.cpp
g++ -Os  -I.  -MMD -I/home/elfo/tools/verilator/root/include -I/home/elfo/tools/verilator/root/include/vltstd -DVM_COVERAGE=0 -DVM_SC=0 -DVM_TRACE=0 -DVM_TRACE_FST=0 -DVM_TRACE_VCD=0 -faligned-new -fcf-protection=none -Wno-bool-operation -Wno-overloaded-virtual -Wno-shadow -Wno-sign-compare -Wno-uninitialized -Wno-unused-but-set-parameter -Wno-unused-but-set-variable -Wno-unused-parameter -Wno-unused-variable       -c -o Vaster_minimal__ALL.o Vaster_minimal__ALL.cpp
echo "" > Vaster_minimal__ALL.verilator_deplist.tmp
Archive ar -rcs Vaster_minimal__ALL.a Vaster_minimal__ALL.o
g++     tb_asterbench.o verilated.o verilated_threads.o Vaster_minimal__ALL.a    -pthread -lpthread -latomic   -o /home/elfo/Documents/Aster/build/phase5-71e2570/legacy-verified/bench_l10_sync0_wait4_w4_n16/asterbench_sim
rm Vaster_minimal__ALL.verilator_deplist.tmp
make[2]: Leaving directory '/home/elfo/Documents/Aster/build/phase5-71e2570/legacy-verified/bench_l10_sync0_wait4_w4_n16/obj'
ASTERBENCH,version=2,name=memcpy,bytes=256,repetitions=4,seed=0x13570000,status=PASS,checksum=0xc4be3200,clock_hz=31250000,l1=0,sync_memory=0,line_words=4,line_count=16,memory_wait=4,cycles=0x0000000000003e73,retired=0x0000000000000611,memory_transactions=0x0000000000000910,backing_transactions=0x0000000000000910,cache_accesses=0x0000000000000000,cache_misses=0x0000000000000000,dma_bytes=0x0000000000000000,accelerator_cycles=0x0000000000000000
PASS: strict AsterBench v2 record
make[1]: Leaving directory '/home/elfo/Documents/Aster'
make[1]: Entering directory '/home/elfo/Documents/Aster'
mkdir -p /home/elfo/Documents/Aster/build/phase5-71e2570/legacy-verified/soc_l11_sync0_wait4_w4_n16
verilator --cc --exe --build --timing --Wall --Wno-fatal \
	-DRISCV_FORMAL --Wno-DECLFILENAME --Wno-GENUNNAMED --Wno-UNUSEDSIGNAL --Wno-BLKSEQ --top-module aster_minimal \
	"-GENABLE_L1=1'b1" "-GSYNC_MEMORY=1'b0" \
	-GMEMORY_WAIT_CYCLES=4 -GL1_LINE_WORDS=4 -GL1_LINE_COUNT=16 \
	--Mdir /home/elfo/Documents/Aster/build/phase5-71e2570/legacy-verified/soc_l11_sync0_wait4_w4_n16/obj -o /home/elfo/Documents/Aster/build/phase5-71e2570/legacy-verified/soc_l11_sync0_wait4_w4_n16/aster_soc_sim \
	/home/elfo/Documents/Aster/rtl/core/aster_picorv32.sv /home/elfo/Documents/Aster/vendor/picorv32/picorv32.v /home/elfo/Documents/Aster/rtl/cache/aster_l1_cache.sv /home/elfo/Documents/Aster/rtl/memory/aster_rom.sv /home/elfo/Documents/Aster/rtl/memory/aster_ram.sv /home/elfo/Documents/Aster/rtl/peripherals/aster_uart.sv /home/elfo/Documents/Aster/rtl/peripherals/aster_perf_counters.sv /home/elfo/Documents/Aster/rtl/core/aster_hart.sv /home/elfo/Documents/Aster/rtl/soc/aster_minimal.sv \
	/home/elfo/Documents/Aster/verification/soc/tb_aster_soc.cpp
make[2]: Entering directory '/home/elfo/Documents/Aster/build/phase5-71e2570/legacy-verified/soc_l11_sync0_wait4_w4_n16/obj'
g++  -I.  -MMD -I/home/elfo/tools/verilator/root/include -I/home/elfo/tools/verilator/root/include/vltstd -DVM_COVERAGE=0 -DVM_SC=0 -DVM_TRACE=0 -DVM_TRACE_FST=0 -DVM_TRACE_VCD=0 -faligned-new -fcf-protection=none -Wno-bool-operation -Wno-overloaded-virtual -Wno-shadow -Wno-sign-compare -Wno-uninitialized -Wno-unused-but-set-parameter -Wno-unused-but-set-variable -Wno-unused-parameter -Wno-unused-variable       -Os -c -o tb_aster_soc.o /home/elfo/Documents/Aster/verification/soc/tb_aster_soc.cpp
g++ -Os  -I.  -MMD -I/home/elfo/tools/verilator/root/include -I/home/elfo/tools/verilator/root/include/vltstd -DVM_COVERAGE=0 -DVM_SC=0 -DVM_TRACE=0 -DVM_TRACE_FST=0 -DVM_TRACE_VCD=0 -faligned-new -fcf-protection=none -Wno-bool-operation -Wno-overloaded-virtual -Wno-shadow -Wno-sign-compare -Wno-uninitialized -Wno-unused-but-set-parameter -Wno-unused-but-set-variable -Wno-unused-parameter -Wno-unused-variable       -c -o verilated.o /home/elfo/tools/verilator/root/include/verilated.cpp
g++ -Os  -I.  -MMD -I/home/elfo/tools/verilator/root/include -I/home/elfo/tools/verilator/root/include/vltstd -DVM_COVERAGE=0 -DVM_SC=0 -DVM_TRACE=0 -DVM_TRACE_FST=0 -DVM_TRACE_VCD=0 -faligned-new -fcf-protection=none -Wno-bool-operation -Wno-overloaded-virtual -Wno-shadow -Wno-sign-compare -Wno-uninitialized -Wno-unused-but-set-parameter -Wno-unused-but-set-variable -Wno-unused-parameter -Wno-unused-variable       -c -o verilated_threads.o /home/elfo/tools/verilator/root/include/verilated_threads.cpp
/usr/bin/python3 /home/elfo/tools/verilator/root/bin/verilator_includer -DVL_INCLUDE_OPT=include Vaster_minimal.cpp Vaster_minimal___024root__DepSet_h32747b0f__0.cpp Vaster_minimal___024root__DepSet_h1d8fc093__0.cpp Vaster_minimal___024root__Slow.cpp Vaster_minimal___024root__DepSet_h32747b0f__0__Slow.cpp Vaster_minimal___024root__DepSet_h1d8fc093__0__Slow.cpp Vaster_minimal__Syms.cpp > Vaster_minimal__ALL.cpp
g++ -Os  -I.  -MMD -I/home/elfo/tools/verilator/root/include -I/home/elfo/tools/verilator/root/include/vltstd -DVM_COVERAGE=0 -DVM_SC=0 -DVM_TRACE=0 -DVM_TRACE_FST=0 -DVM_TRACE_VCD=0 -faligned-new -fcf-protection=none -Wno-bool-operation -Wno-overloaded-virtual -Wno-shadow -Wno-sign-compare -Wno-uninitialized -Wno-unused-but-set-parameter -Wno-unused-but-set-variable -Wno-unused-parameter -Wno-unused-variable       -c -o Vaster_minimal__ALL.o Vaster_minimal__ALL.cpp
echo "" > Vaster_minimal__ALL.verilator_deplist.tmp
Archive ar -rcs Vaster_minimal__ALL.a Vaster_minimal__ALL.o
g++     tb_aster_soc.o verilated.o verilated_threads.o Vaster_minimal__ALL.a    -pthread -lpthread -latomic   -o /home/elfo/Documents/Aster/build/phase5-71e2570/legacy-verified/soc_l11_sync0_wait4_w4_n16/aster_soc_sim
rm Vaster_minimal__ALL.verilator_deplist.tmp
make[2]: Leaving directory '/home/elfo/Documents/Aster/build/phase5-71e2570/legacy-verified/soc_l11_sync0_wait4_w4_n16/obj'
RV32IM PASS
PASS: RV32IM PASS (1 boot(s))
RUNTIME PASS
RUNTIME PASS
PASS: RUNTIME PASS (2 boot(s))
MEMORY MAP PASS
PASS: MEMORY MAP PASS (1 boot(s))
Trap case 0
TRAP ARMED
TRAP ARMED
PASS: TRAP ARMED (2 boot(s))
Trap case 1
TRAP ARMED
TRAP ARMED
PASS: TRAP ARMED (2 boot(s))
Trap case 2
TRAP ARMED
TRAP ARMED
PASS: TRAP ARMED (2 boot(s))
Trap case 3
TRAP ARMED
TRAP ARMED
PASS: TRAP ARMED (2 boot(s))
Trap case 4
TRAP ARMED
TRAP ARMED
PASS: TRAP ARMED (2 boot(s))
Trap case 5
TRAP ARMED
TRAP ARMED
PASS: TRAP ARMED (2 boot(s))
Trap case 6
TRAP ARMED
TRAP ARMED
PASS: TRAP ARMED (2 boot(s))
Trap case 7
TRAP ARMED
TRAP ARMED
PASS: TRAP ARMED (2 boot(s))
Trap case 8
TRAP ARMED
TRAP ARMED
PASS: TRAP ARMED (2 boot(s))
Trap case 9
TRAP ARMED
TRAP ARMED
PASS: TRAP ARMED (2 boot(s))
Trap case 10
TRAP ARMED
TRAP ARMED
PASS: TRAP ARMED (2 boot(s))
Trap case 11
TRAP ARMED
TRAP ARMED
PASS: TRAP ARMED (2 boot(s))
test_board_output_validation_uses_strict_parser (test_asterbench.ResultProvenance.test_board_output_validation_uses_strict_parser) ... ok
test_comparison_contract (test_asterbench.ResultProvenance.test_comparison_contract) ... ok
test_required_provenance (test_asterbench.ResultProvenance.test_required_provenance) ... ok
test_serial_and_typed_record_must_agree (test_asterbench.ResultProvenance.test_serial_and_typed_record_must_agree) ... ok
test_common_corpus (test_asterbench.StrictRecords.test_common_corpus) ... ok
test_bad_options_and_known_references (test_cache_experiments.CacheExperiments.test_bad_options_and_known_references) ... ok
test_missing_experiment_rejected (test_cache_experiments.CacheExperiments.test_missing_experiment_rejected) ... ok
test_pattern_kernels_and_data_addresses_match (test_cache_experiments.CacheExperiments.test_pattern_kernels_and_data_addresses_match) ... ok
test_plan_covers_all_readme_experiments (test_cache_experiments.CacheExperiments.test_plan_covers_all_readme_experiments) ... ok
test_study_audit_rejects_corruption (test_cache_experiments.CacheExperiments.test_study_audit_rejects_corruption) ... ok
test_each_private_region_cannot_overflow_its_stack (test_multicore_layout.MulticoreLayout.test_each_private_region_cannot_overflow_its_stack) ... ok
test_rom_limit (test_multicore_layout.MulticoreLayout.test_rom_limit) ... ok
test_shared_initialized_odd_bytes_have_rom_load_image (test_multicore_layout.MulticoreLayout.test_shared_initialized_odd_bytes_have_rom_load_image) ... ok
test_shared_size_and_no_stack_alias (test_multicore_layout.MulticoreLayout.test_shared_size_and_no_stack_alias) ... ok
test_stack_alignment_and_minimum (test_multicore_layout.MulticoreLayout.test_stack_alignment_and_minimum) ... ok
test_comparison_refuses_different_work (test_parallel.ParallelProvenance.test_comparison_refuses_different_work) ... ok
test_required_fields_and_raw_log_binding (test_parallel.ParallelProvenance.test_required_fields_and_raw_log_binding) ... ok
test_complete_job_stream_and_independent_oracle (test_parallel.ParallelRecords.test_complete_job_stream_and_independent_oracle) ... ok
test_python_cpp_malformed_corpus (test_parallel.ParallelRecords.test_python_cpp_malformed_corpus) ... ok
test_known_corners (test_phase1.ArithmeticReference.test_known_corners) ... ok
test_seed_reproducibility (test_phase1.ArithmeticReference.test_seed_reproducibility) ... ok
test_initialized_byte_segment (test_phase1.FirmwareLayout.test_initialized_byte_segment) ... ok
test_rom_overflow (test_phase1.FirmwareLayout.test_rom_overflow) ... ok
test_stack_reservation (test_phase1.FirmwareLayout.test_stack_reservation) ... ok
test_missing_and_duplicate_modules_parameters_ports (test_pynq_handoff.HandoffSafety.test_missing_and_duplicate_modules_parameters_ports) ... ok
test_multicore_map_must_match_requested_harts (test_pynq_handoff.HandoffSafety.test_multicore_map_must_match_requested_harts) ... ok
test_mutated_exports_fail_closed (test_pynq_handoff.HandoffSafety.test_mutated_exports_fail_closed) ... ok
test_original_active_low_auxiliary_tied_zero_is_rejected (test_pynq_handoff.HandoffSafety.test_original_active_low_auxiliary_tied_zero_is_rejected) ... ok
test_valid_export (test_pynq_handoff.HandoffSafety.test_valid_export) ... ok
test_captured_reports_and_rejected_mutations (test_pynq_results.PhysicalResults.test_captured_reports_and_rejected_mutations) ... ok
test_bad_cli_preflight_never_imports_board_api (test_run_pynq.CollectorChecks.test_bad_cli_preflight_never_imports_board_api) ... ok
test_exact_runtime_and_complete_parallel_streams (test_run_pynq.CollectorChecks.test_exact_runtime_and_complete_parallel_streams) ... ok
test_lifetime_counter_rollover (test_run_pynq.CollectorChecks.test_lifetime_counter_rollover) ... ok

----------------------------------------------------------------------
Ran 33 tests in 5.211s

OK
mkdir -p /home/elfo/Documents/Aster/build/phase5-71e2570/legacy-verified/bench_l11_sync0_wait4_w4_n16
verilator --cc --exe --build --timing --Wall --Wno-fatal \
	-DRISCV_FORMAL --Wno-DECLFILENAME --Wno-GENUNNAMED --Wno-UNUSEDSIGNAL --Wno-BLKSEQ \
	--top-module aster_minimal \
	"-GENABLE_L1=1'b1" "-GSYNC_MEMORY=1'b0" \
	-GMEMORY_WAIT_CYCLES=4 -GL1_LINE_WORDS=4 -GL1_LINE_COUNT=16 \
	--Mdir /home/elfo/Documents/Aster/build/phase5-71e2570/legacy-verified/bench_l11_sync0_wait4_w4_n16/obj \
	-o /home/elfo/Documents/Aster/build/phase5-71e2570/legacy-verified/bench_l11_sync0_wait4_w4_n16/asterbench_sim \
	/home/elfo/Documents/Aster/rtl/core/aster_picorv32.sv /home/elfo/Documents/Aster/vendor/picorv32/picorv32.v /home/elfo/Documents/Aster/rtl/cache/aster_l1_cache.sv \
	/home/elfo/Documents/Aster/rtl/memory/aster_rom.sv /home/elfo/Documents/Aster/rtl/memory/aster_ram.sv \
	/home/elfo/Documents/Aster/rtl/peripherals/aster_uart.sv /home/elfo/Documents/Aster/rtl/peripherals/aster_perf_counters.sv /home/elfo/Documents/Aster/rtl/core/aster_hart.sv /home/elfo/Documents/Aster/rtl/soc/aster_minimal.sv \
	/home/elfo/Documents/Aster/verification/soc/tb_asterbench.cpp
make[2]: Entering directory '/home/elfo/Documents/Aster/build/phase5-71e2570/legacy-verified/bench_l11_sync0_wait4_w4_n16/obj'
g++  -I.  -MMD -I/home/elfo/tools/verilator/root/include -I/home/elfo/tools/verilator/root/include/vltstd -DVM_COVERAGE=0 -DVM_SC=0 -DVM_TRACE=0 -DVM_TRACE_FST=0 -DVM_TRACE_VCD=0 -faligned-new -fcf-protection=none -Wno-bool-operation -Wno-overloaded-virtual -Wno-shadow -Wno-sign-compare -Wno-uninitialized -Wno-unused-but-set-parameter -Wno-unused-but-set-variable -Wno-unused-parameter -Wno-unused-variable       -Os -c -o tb_asterbench.o /home/elfo/Documents/Aster/verification/soc/tb_asterbench.cpp
g++ -Os  -I.  -MMD -I/home/elfo/tools/verilator/root/include -I/home/elfo/tools/verilator/root/include/vltstd -DVM_COVERAGE=0 -DVM_SC=0 -DVM_TRACE=0 -DVM_TRACE_FST=0 -DVM_TRACE_VCD=0 -faligned-new -fcf-protection=none -Wno-bool-operation -Wno-overloaded-virtual -Wno-shadow -Wno-sign-compare -Wno-uninitialized -Wno-unused-but-set-parameter -Wno-unused-but-set-variable -Wno-unused-parameter -Wno-unused-variable       -c -o verilated.o /home/elfo/tools/verilator/root/include/verilated.cpp
g++ -Os  -I.  -MMD -I/home/elfo/tools/verilator/root/include -I/home/elfo/tools/verilator/root/include/vltstd -DVM_COVERAGE=0 -DVM_SC=0 -DVM_TRACE=0 -DVM_TRACE_FST=0 -DVM_TRACE_VCD=0 -faligned-new -fcf-protection=none -Wno-bool-operation -Wno-overloaded-virtual -Wno-shadow -Wno-sign-compare -Wno-uninitialized -Wno-unused-but-set-parameter -Wno-unused-but-set-variable -Wno-unused-parameter -Wno-unused-variable       -c -o verilated_threads.o /home/elfo/tools/verilator/root/include/verilated_threads.cpp
/usr/bin/python3 /home/elfo/tools/verilator/root/bin/verilator_includer -DVL_INCLUDE_OPT=include Vaster_minimal.cpp Vaster_minimal___024root__DepSet_h32747b0f__0.cpp Vaster_minimal___024root__DepSet_h1d8fc093__0.cpp Vaster_minimal___024root__Slow.cpp Vaster_minimal___024root__DepSet_h32747b0f__0__Slow.cpp Vaster_minimal___024root__DepSet_h1d8fc093__0__Slow.cpp Vaster_minimal__Syms.cpp > Vaster_minimal__ALL.cpp
g++ -Os  -I.  -MMD -I/home/elfo/tools/verilator/root/include -I/home/elfo/tools/verilator/root/include/vltstd -DVM_COVERAGE=0 -DVM_SC=0 -DVM_TRACE=0 -DVM_TRACE_FST=0 -DVM_TRACE_VCD=0 -faligned-new -fcf-protection=none -Wno-bool-operation -Wno-overloaded-virtual -Wno-shadow -Wno-sign-compare -Wno-uninitialized -Wno-unused-but-set-parameter -Wno-unused-but-set-variable -Wno-unused-parameter -Wno-unused-variable       -c -o Vaster_minimal__ALL.o Vaster_minimal__ALL.cpp
echo "" > Vaster_minimal__ALL.verilator_deplist.tmp
Archive ar -rcs Vaster_minimal__ALL.a Vaster_minimal__ALL.o
g++     tb_asterbench.o verilated.o verilated_threads.o Vaster_minimal__ALL.a    -pthread -lpthread -latomic   -o /home/elfo/Documents/Aster/build/phase5-71e2570/legacy-verified/bench_l11_sync0_wait4_w4_n16/asterbench_sim
rm Vaster_minimal__ALL.verilator_deplist.tmp
make[2]: Leaving directory '/home/elfo/Documents/Aster/build/phase5-71e2570/legacy-verified/bench_l11_sync0_wait4_w4_n16/obj'
ASTERBENCH,version=2,name=memcpy,bytes=256,repetitions=4,seed=0x13570000,status=PASS,checksum=0xc4be3200,clock_hz=31250000,l1=1,sync_memory=0,line_words=4,line_count=16,memory_wait=4,cycles=0x00000000000023c3,retired=0x0000000000000611,memory_transactions=0x0000000000000910,backing_transactions=0x000000000000014c,cache_accesses=0x0000000000000910,cache_misses=0x0000000000000113,dma_bytes=0x0000000000000000,accelerator_cycles=0x0000000000000000
PASS: strict AsterBench v2 record
make[1]: Leaving directory '/home/elfo/Documents/Aster'
make[1]: Entering directory '/home/elfo/Documents/Aster'
RV32IM PASS
PASS: RV32IM PASS (1 boot(s))
RUNTIME PASS
RUNTIME PASS
PASS: RUNTIME PASS (2 boot(s))
MEMORY MAP PASS
PASS: MEMORY MAP PASS (1 boot(s))
Trap case 0
TRAP ARMED
TRAP ARMED
PASS: TRAP ARMED (2 boot(s))
Trap case 1
TRAP ARMED
TRAP ARMED
PASS: TRAP ARMED (2 boot(s))
Trap case 2
TRAP ARMED
TRAP ARMED
PASS: TRAP ARMED (2 boot(s))
Trap case 3
TRAP ARMED
TRAP ARMED
PASS: TRAP ARMED (2 boot(s))
Trap case 4
TRAP ARMED
TRAP ARMED
PASS: TRAP ARMED (2 boot(s))
Trap case 5
TRAP ARMED
TRAP ARMED
PASS: TRAP ARMED (2 boot(s))
Trap case 6
TRAP ARMED
TRAP ARMED
PASS: TRAP ARMED (2 boot(s))
Trap case 7
TRAP ARMED
TRAP ARMED
PASS: TRAP ARMED (2 boot(s))
Trap case 8
TRAP ARMED
TRAP ARMED
PASS: TRAP ARMED (2 boot(s))
Trap case 9
TRAP ARMED
TRAP ARMED
PASS: TRAP ARMED (2 boot(s))
Trap case 10
TRAP ARMED
TRAP ARMED
PASS: TRAP ARMED (2 boot(s))
Trap case 11
TRAP ARMED
TRAP ARMED
PASS: TRAP ARMED (2 boot(s))
test_board_output_validation_uses_strict_parser (test_asterbench.ResultProvenance.test_board_output_validation_uses_strict_parser) ... ok
test_comparison_contract (test_asterbench.ResultProvenance.test_comparison_contract) ... ok
test_required_provenance (test_asterbench.ResultProvenance.test_required_provenance) ... ok
test_serial_and_typed_record_must_agree (test_asterbench.ResultProvenance.test_serial_and_typed_record_must_agree) ... ok
test_common_corpus (test_asterbench.StrictRecords.test_common_corpus) ... ok
test_bad_options_and_known_references (test_cache_experiments.CacheExperiments.test_bad_options_and_known_references) ... ok
test_missing_experiment_rejected (test_cache_experiments.CacheExperiments.test_missing_experiment_rejected) ... ok
test_pattern_kernels_and_data_addresses_match (test_cache_experiments.CacheExperiments.test_pattern_kernels_and_data_addresses_match) ... ok
test_plan_covers_all_readme_experiments (test_cache_experiments.CacheExperiments.test_plan_covers_all_readme_experiments) ... ok
test_study_audit_rejects_corruption (test_cache_experiments.CacheExperiments.test_study_audit_rejects_corruption) ... ok
test_each_private_region_cannot_overflow_its_stack (test_multicore_layout.MulticoreLayout.test_each_private_region_cannot_overflow_its_stack) ... ok
test_rom_limit (test_multicore_layout.MulticoreLayout.test_rom_limit) ... ok
test_shared_initialized_odd_bytes_have_rom_load_image (test_multicore_layout.MulticoreLayout.test_shared_initialized_odd_bytes_have_rom_load_image) ... ok
test_shared_size_and_no_stack_alias (test_multicore_layout.MulticoreLayout.test_shared_size_and_no_stack_alias) ... ok
test_stack_alignment_and_minimum (test_multicore_layout.MulticoreLayout.test_stack_alignment_and_minimum) ... ok
test_comparison_refuses_different_work (test_parallel.ParallelProvenance.test_comparison_refuses_different_work) ... ok
test_required_fields_and_raw_log_binding (test_parallel.ParallelProvenance.test_required_fields_and_raw_log_binding) ... ok
test_complete_job_stream_and_independent_oracle (test_parallel.ParallelRecords.test_complete_job_stream_and_independent_oracle) ... ok
test_python_cpp_malformed_corpus (test_parallel.ParallelRecords.test_python_cpp_malformed_corpus) ... ok
test_known_corners (test_phase1.ArithmeticReference.test_known_corners) ... ok
test_seed_reproducibility (test_phase1.ArithmeticReference.test_seed_reproducibility) ... ok
test_initialized_byte_segment (test_phase1.FirmwareLayout.test_initialized_byte_segment) ... ok
test_rom_overflow (test_phase1.FirmwareLayout.test_rom_overflow) ... ok
test_stack_reservation (test_phase1.FirmwareLayout.test_stack_reservation) ... ok
test_missing_and_duplicate_modules_parameters_ports (test_pynq_handoff.HandoffSafety.test_missing_and_duplicate_modules_parameters_ports) ... ok
test_multicore_map_must_match_requested_harts (test_pynq_handoff.HandoffSafety.test_multicore_map_must_match_requested_harts) ... ok
test_mutated_exports_fail_closed (test_pynq_handoff.HandoffSafety.test_mutated_exports_fail_closed) ... ok
test_original_active_low_auxiliary_tied_zero_is_rejected (test_pynq_handoff.HandoffSafety.test_original_active_low_auxiliary_tied_zero_is_rejected) ... ok
test_valid_export (test_pynq_handoff.HandoffSafety.test_valid_export) ... ok
test_captured_reports_and_rejected_mutations (test_pynq_results.PhysicalResults.test_captured_reports_and_rejected_mutations) ... ok
test_bad_cli_preflight_never_imports_board_api (test_run_pynq.CollectorChecks.test_bad_cli_preflight_never_imports_board_api) ... ok
test_exact_runtime_and_complete_parallel_streams (test_run_pynq.CollectorChecks.test_exact_runtime_and_complete_parallel_streams) ... ok
test_lifetime_counter_rollover (test_run_pynq.CollectorChecks.test_lifetime_counter_rollover) ... ok

----------------------------------------------------------------------
Ran 33 tests in 5.203s

OK
mkdir -p /home/elfo/Documents/Aster/build/phase5-71e2570/legacy-verified/bench_l10_sync1_wait1_w4_n16
verilator --cc --exe --build --timing --Wall --Wno-fatal \
	-DRISCV_FORMAL --Wno-DECLFILENAME --Wno-GENUNNAMED --Wno-UNUSEDSIGNAL --Wno-BLKSEQ \
	--top-module aster_minimal \
	"-GENABLE_L1=1'b0" "-GSYNC_MEMORY=1'b1" \
	-GMEMORY_WAIT_CYCLES=1 -GL1_LINE_WORDS=4 -GL1_LINE_COUNT=16 \
	--Mdir /home/elfo/Documents/Aster/build/phase5-71e2570/legacy-verified/bench_l10_sync1_wait1_w4_n16/obj \
	-o /home/elfo/Documents/Aster/build/phase5-71e2570/legacy-verified/bench_l10_sync1_wait1_w4_n16/asterbench_sim \
	/home/elfo/Documents/Aster/rtl/core/aster_picorv32.sv /home/elfo/Documents/Aster/vendor/picorv32/picorv32.v /home/elfo/Documents/Aster/rtl/cache/aster_l1_cache.sv \
	/home/elfo/Documents/Aster/rtl/memory/aster_rom.sv /home/elfo/Documents/Aster/rtl/memory/aster_ram.sv \
	/home/elfo/Documents/Aster/rtl/peripherals/aster_uart.sv /home/elfo/Documents/Aster/rtl/peripherals/aster_perf_counters.sv /home/elfo/Documents/Aster/rtl/core/aster_hart.sv /home/elfo/Documents/Aster/rtl/soc/aster_minimal.sv \
	/home/elfo/Documents/Aster/verification/soc/tb_asterbench.cpp
make[2]: Entering directory '/home/elfo/Documents/Aster/build/phase5-71e2570/legacy-verified/bench_l10_sync1_wait1_w4_n16/obj'
g++  -I.  -MMD -I/home/elfo/tools/verilator/root/include -I/home/elfo/tools/verilator/root/include/vltstd -DVM_COVERAGE=0 -DVM_SC=0 -DVM_TRACE=0 -DVM_TRACE_FST=0 -DVM_TRACE_VCD=0 -faligned-new -fcf-protection=none -Wno-bool-operation -Wno-overloaded-virtual -Wno-shadow -Wno-sign-compare -Wno-uninitialized -Wno-unused-but-set-parameter -Wno-unused-but-set-variable -Wno-unused-parameter -Wno-unused-variable       -Os -c -o tb_asterbench.o /home/elfo/Documents/Aster/verification/soc/tb_asterbench.cpp
g++ -Os  -I.  -MMD -I/home/elfo/tools/verilator/root/include -I/home/elfo/tools/verilator/root/include/vltstd -DVM_COVERAGE=0 -DVM_SC=0 -DVM_TRACE=0 -DVM_TRACE_FST=0 -DVM_TRACE_VCD=0 -faligned-new -fcf-protection=none -Wno-bool-operation -Wno-overloaded-virtual -Wno-shadow -Wno-sign-compare -Wno-uninitialized -Wno-unused-but-set-parameter -Wno-unused-but-set-variable -Wno-unused-parameter -Wno-unused-variable       -c -o verilated.o /home/elfo/tools/verilator/root/include/verilated.cpp
g++ -Os  -I.  -MMD -I/home/elfo/tools/verilator/root/include -I/home/elfo/tools/verilator/root/include/vltstd -DVM_COVERAGE=0 -DVM_SC=0 -DVM_TRACE=0 -DVM_TRACE_FST=0 -DVM_TRACE_VCD=0 -faligned-new -fcf-protection=none -Wno-bool-operation -Wno-overloaded-virtual -Wno-shadow -Wno-sign-compare -Wno-uninitialized -Wno-unused-but-set-parameter -Wno-unused-but-set-variable -Wno-unused-parameter -Wno-unused-variable       -c -o verilated_threads.o /home/elfo/tools/verilator/root/include/verilated_threads.cpp
/usr/bin/python3 /home/elfo/tools/verilator/root/bin/verilator_includer -DVL_INCLUDE_OPT=include Vaster_minimal.cpp Vaster_minimal___024root__DepSet_h32747b0f__0.cpp Vaster_minimal___024root__DepSet_h1d8fc093__0.cpp Vaster_minimal___024root__Slow.cpp Vaster_minimal___024root__DepSet_h32747b0f__0__Slow.cpp Vaster_minimal___024root__DepSet_h1d8fc093__0__Slow.cpp Vaster_minimal__Syms.cpp > Vaster_minimal__ALL.cpp
g++ -Os  -I.  -MMD -I/home/elfo/tools/verilator/root/include -I/home/elfo/tools/verilator/root/include/vltstd -DVM_COVERAGE=0 -DVM_SC=0 -DVM_TRACE=0 -DVM_TRACE_FST=0 -DVM_TRACE_VCD=0 -faligned-new -fcf-protection=none -Wno-bool-operation -Wno-overloaded-virtual -Wno-shadow -Wno-sign-compare -Wno-uninitialized -Wno-unused-but-set-parameter -Wno-unused-but-set-variable -Wno-unused-parameter -Wno-unused-variable       -c -o Vaster_minimal__ALL.o Vaster_minimal__ALL.cpp
echo "" > Vaster_minimal__ALL.verilator_deplist.tmp
Archive ar -rcs Vaster_minimal__ALL.a Vaster_minimal__ALL.o
g++     tb_asterbench.o verilated.o verilated_threads.o Vaster_minimal__ALL.a    -pthread -lpthread -latomic   -o /home/elfo/Documents/Aster/build/phase5-71e2570/legacy-verified/bench_l10_sync1_wait1_w4_n16/asterbench_sim
rm Vaster_minimal__ALL.verilator_deplist.tmp
make[2]: Leaving directory '/home/elfo/Documents/Aster/build/phase5-71e2570/legacy-verified/bench_l10_sync1_wait1_w4_n16/obj'
ASTERBENCH,version=2,name=memcpy,bytes=256,repetitions=4,seed=0x13570000,status=PASS,checksum=0xc4be3200,clock_hz=31250000,l1=0,sync_memory=1,line_words=4,line_count=16,memory_wait=1,cycles=0x0000000000002543,retired=0x0000000000000611,memory_transactions=0x0000000000000910,backing_transactions=0x0000000000000910,cache_accesses=0x0000000000000000,cache_misses=0x0000000000000000,dma_bytes=0x0000000000000000,accelerator_cycles=0x0000000000000000
PASS: strict AsterBench v2 record
make[1]: Leaving directory '/home/elfo/Documents/Aster'
make[1]: Entering directory '/home/elfo/Documents/Aster'
RV32IM PASS
PASS: RV32IM PASS (1 boot(s))
RUNTIME PASS
RUNTIME PASS
PASS: RUNTIME PASS (2 boot(s))
MEMORY MAP PASS
PASS: MEMORY MAP PASS (1 boot(s))
Trap case 0
TRAP ARMED
TRAP ARMED
PASS: TRAP ARMED (2 boot(s))
Trap case 1
TRAP ARMED
TRAP ARMED
PASS: TRAP ARMED (2 boot(s))
Trap case 2
TRAP ARMED
TRAP ARMED
PASS: TRAP ARMED (2 boot(s))
Trap case 3
TRAP ARMED
TRAP ARMED
PASS: TRAP ARMED (2 boot(s))
Trap case 4
TRAP ARMED
TRAP ARMED
PASS: TRAP ARMED (2 boot(s))
Trap case 5
TRAP ARMED
TRAP ARMED
PASS: TRAP ARMED (2 boot(s))
Trap case 6
TRAP ARMED
TRAP ARMED
PASS: TRAP ARMED (2 boot(s))
Trap case 7
TRAP ARMED
TRAP ARMED
PASS: TRAP ARMED (2 boot(s))
Trap case 8
TRAP ARMED
TRAP ARMED
PASS: TRAP ARMED (2 boot(s))
Trap case 9
TRAP ARMED
TRAP ARMED
PASS: TRAP ARMED (2 boot(s))
Trap case 10
TRAP ARMED
TRAP ARMED
PASS: TRAP ARMED (2 boot(s))
Trap case 11
TRAP ARMED
TRAP ARMED
PASS: TRAP ARMED (2 boot(s))
test_board_output_validation_uses_strict_parser (test_asterbench.ResultProvenance.test_board_output_validation_uses_strict_parser) ... ok
test_comparison_contract (test_asterbench.ResultProvenance.test_comparison_contract) ... ok
test_required_provenance (test_asterbench.ResultProvenance.test_required_provenance) ... ok
test_serial_and_typed_record_must_agree (test_asterbench.ResultProvenance.test_serial_and_typed_record_must_agree) ... ok
test_common_corpus (test_asterbench.StrictRecords.test_common_corpus) ... ok
test_bad_options_and_known_references (test_cache_experiments.CacheExperiments.test_bad_options_and_known_references) ... ok
test_missing_experiment_rejected (test_cache_experiments.CacheExperiments.test_missing_experiment_rejected) ... ok
test_pattern_kernels_and_data_addresses_match (test_cache_experiments.CacheExperiments.test_pattern_kernels_and_data_addresses_match) ... ok
test_plan_covers_all_readme_experiments (test_cache_experiments.CacheExperiments.test_plan_covers_all_readme_experiments) ... ok
test_study_audit_rejects_corruption (test_cache_experiments.CacheExperiments.test_study_audit_rejects_corruption) ... ok
test_each_private_region_cannot_overflow_its_stack (test_multicore_layout.MulticoreLayout.test_each_private_region_cannot_overflow_its_stack) ... ok
test_rom_limit (test_multicore_layout.MulticoreLayout.test_rom_limit) ... ok
test_shared_initialized_odd_bytes_have_rom_load_image (test_multicore_layout.MulticoreLayout.test_shared_initialized_odd_bytes_have_rom_load_image) ... ok
test_shared_size_and_no_stack_alias (test_multicore_layout.MulticoreLayout.test_shared_size_and_no_stack_alias) ... ok
test_stack_alignment_and_minimum (test_multicore_layout.MulticoreLayout.test_stack_alignment_and_minimum) ... ok
test_comparison_refuses_different_work (test_parallel.ParallelProvenance.test_comparison_refuses_different_work) ... ok
test_required_fields_and_raw_log_binding (test_parallel.ParallelProvenance.test_required_fields_and_raw_log_binding) ... ok
test_complete_job_stream_and_independent_oracle (test_parallel.ParallelRecords.test_complete_job_stream_and_independent_oracle) ... ok
test_python_cpp_malformed_corpus (test_parallel.ParallelRecords.test_python_cpp_malformed_corpus) ... ok
test_known_corners (test_phase1.ArithmeticReference.test_known_corners) ... ok
test_seed_reproducibility (test_phase1.ArithmeticReference.test_seed_reproducibility) ... ok
test_initialized_byte_segment (test_phase1.FirmwareLayout.test_initialized_byte_segment) ... ok
test_rom_overflow (test_phase1.FirmwareLayout.test_rom_overflow) ... ok
test_stack_reservation (test_phase1.FirmwareLayout.test_stack_reservation) ... ok
test_missing_and_duplicate_modules_parameters_ports (test_pynq_handoff.HandoffSafety.test_missing_and_duplicate_modules_parameters_ports) ... ok
test_multicore_map_must_match_requested_harts (test_pynq_handoff.HandoffSafety.test_multicore_map_must_match_requested_harts) ... ok
test_mutated_exports_fail_closed (test_pynq_handoff.HandoffSafety.test_mutated_exports_fail_closed) ... ok
test_original_active_low_auxiliary_tied_zero_is_rejected (test_pynq_handoff.HandoffSafety.test_original_active_low_auxiliary_tied_zero_is_rejected) ... ok
test_valid_export (test_pynq_handoff.HandoffSafety.test_valid_export) ... ok
test_captured_reports_and_rejected_mutations (test_pynq_results.PhysicalResults.test_captured_reports_and_rejected_mutations) ... ok
test_bad_cli_preflight_never_imports_board_api (test_run_pynq.CollectorChecks.test_bad_cli_preflight_never_imports_board_api) ... ok
test_exact_runtime_and_complete_parallel_streams (test_run_pynq.CollectorChecks.test_exact_runtime_and_complete_parallel_streams) ... ok
test_lifetime_counter_rollover (test_run_pynq.CollectorChecks.test_lifetime_counter_rollover) ... ok

----------------------------------------------------------------------
Ran 33 tests in 5.192s

OK
mkdir -p /home/elfo/Documents/Aster/build/phase5-71e2570/legacy-verified/bench_l11_sync1_wait1_w4_n16
verilator --cc --exe --build --timing --Wall --Wno-fatal \
	-DRISCV_FORMAL --Wno-DECLFILENAME --Wno-GENUNNAMED --Wno-UNUSEDSIGNAL --Wno-BLKSEQ \
	--top-module aster_minimal \
	"-GENABLE_L1=1'b1" "-GSYNC_MEMORY=1'b1" \
	-GMEMORY_WAIT_CYCLES=1 -GL1_LINE_WORDS=4 -GL1_LINE_COUNT=16 \
	--Mdir /home/elfo/Documents/Aster/build/phase5-71e2570/legacy-verified/bench_l11_sync1_wait1_w4_n16/obj \
	-o /home/elfo/Documents/Aster/build/phase5-71e2570/legacy-verified/bench_l11_sync1_wait1_w4_n16/asterbench_sim \
	/home/elfo/Documents/Aster/rtl/core/aster_picorv32.sv /home/elfo/Documents/Aster/vendor/picorv32/picorv32.v /home/elfo/Documents/Aster/rtl/cache/aster_l1_cache.sv \
	/home/elfo/Documents/Aster/rtl/memory/aster_rom.sv /home/elfo/Documents/Aster/rtl/memory/aster_ram.sv \
	/home/elfo/Documents/Aster/rtl/peripherals/aster_uart.sv /home/elfo/Documents/Aster/rtl/peripherals/aster_perf_counters.sv /home/elfo/Documents/Aster/rtl/core/aster_hart.sv /home/elfo/Documents/Aster/rtl/soc/aster_minimal.sv \
	/home/elfo/Documents/Aster/verification/soc/tb_asterbench.cpp
make[2]: Entering directory '/home/elfo/Documents/Aster/build/phase5-71e2570/legacy-verified/bench_l11_sync1_wait1_w4_n16/obj'
g++  -I.  -MMD -I/home/elfo/tools/verilator/root/include -I/home/elfo/tools/verilator/root/include/vltstd -DVM_COVERAGE=0 -DVM_SC=0 -DVM_TRACE=0 -DVM_TRACE_FST=0 -DVM_TRACE_VCD=0 -faligned-new -fcf-protection=none -Wno-bool-operation -Wno-overloaded-virtual -Wno-shadow -Wno-sign-compare -Wno-uninitialized -Wno-unused-but-set-parameter -Wno-unused-but-set-variable -Wno-unused-parameter -Wno-unused-variable       -Os -c -o tb_asterbench.o /home/elfo/Documents/Aster/verification/soc/tb_asterbench.cpp
g++ -Os  -I.  -MMD -I/home/elfo/tools/verilator/root/include -I/home/elfo/tools/verilator/root/include/vltstd -DVM_COVERAGE=0 -DVM_SC=0 -DVM_TRACE=0 -DVM_TRACE_FST=0 -DVM_TRACE_VCD=0 -faligned-new -fcf-protection=none -Wno-bool-operation -Wno-overloaded-virtual -Wno-shadow -Wno-sign-compare -Wno-uninitialized -Wno-unused-but-set-parameter -Wno-unused-but-set-variable -Wno-unused-parameter -Wno-unused-variable       -c -o verilated.o /home/elfo/tools/verilator/root/include/verilated.cpp
g++ -Os  -I.  -MMD -I/home/elfo/tools/verilator/root/include -I/home/elfo/tools/verilator/root/include/vltstd -DVM_COVERAGE=0 -DVM_SC=0 -DVM_TRACE=0 -DVM_TRACE_FST=0 -DVM_TRACE_VCD=0 -faligned-new -fcf-protection=none -Wno-bool-operation -Wno-overloaded-virtual -Wno-shadow -Wno-sign-compare -Wno-uninitialized -Wno-unused-but-set-parameter -Wno-unused-but-set-variable -Wno-unused-parameter -Wno-unused-variable       -c -o verilated_threads.o /home/elfo/tools/verilator/root/include/verilated_threads.cpp
/usr/bin/python3 /home/elfo/tools/verilator/root/bin/verilator_includer -DVL_INCLUDE_OPT=include Vaster_minimal.cpp Vaster_minimal___024root__DepSet_h32747b0f__0.cpp Vaster_minimal___024root__DepSet_h1d8fc093__0.cpp Vaster_minimal___024root__Slow.cpp Vaster_minimal___024root__DepSet_h32747b0f__0__Slow.cpp Vaster_minimal___024root__DepSet_h1d8fc093__0__Slow.cpp Vaster_minimal__Syms.cpp > Vaster_minimal__ALL.cpp
g++ -Os  -I.  -MMD -I/home/elfo/tools/verilator/root/include -I/home/elfo/tools/verilator/root/include/vltstd -DVM_COVERAGE=0 -DVM_SC=0 -DVM_TRACE=0 -DVM_TRACE_FST=0 -DVM_TRACE_VCD=0 -faligned-new -fcf-protection=none -Wno-bool-operation -Wno-overloaded-virtual -Wno-shadow -Wno-sign-compare -Wno-uninitialized -Wno-unused-but-set-parameter -Wno-unused-but-set-variable -Wno-unused-parameter -Wno-unused-variable       -c -o Vaster_minimal__ALL.o Vaster_minimal__ALL.cpp
echo "" > Vaster_minimal__ALL.verilator_deplist.tmp
Archive ar -rcs Vaster_minimal__ALL.a Vaster_minimal__ALL.o
g++     tb_asterbench.o verilated.o verilated_threads.o Vaster_minimal__ALL.a    -pthread -lpthread -latomic   -o /home/elfo/Documents/Aster/build/phase5-71e2570/legacy-verified/bench_l11_sync1_wait1_w4_n16/asterbench_sim
rm Vaster_minimal__ALL.verilator_deplist.tmp
make[2]: Leaving directory '/home/elfo/Documents/Aster/build/phase5-71e2570/legacy-verified/bench_l11_sync1_wait1_w4_n16/obj'
ASTERBENCH,version=2,name=memcpy,bytes=256,repetitions=4,seed=0x13570000,status=PASS,checksum=0xc4be3200,clock_hz=31250000,l1=1,sync_memory=1,line_words=4,line_count=16,memory_wait=1,cycles=0x0000000000001fdf,retired=0x0000000000000611,memory_transactions=0x0000000000000910,backing_transactions=0x000000000000014c,cache_accesses=0x0000000000000910,cache_misses=0x0000000000000113,dma_bytes=0x0000000000000000,accelerator_cycles=0x0000000000000000
PASS: strict AsterBench v2 record
make[1]: Leaving directory '/home/elfo/Documents/Aster'
make[1]: Entering directory '/home/elfo/Documents/Aster'
mkdir -p /home/elfo/Documents/Aster/build/phase5-71e2570/legacy-verified/soc_l10_sync1_wait4_w4_n16
verilator --cc --exe --build --timing --Wall --Wno-fatal \
	-DRISCV_FORMAL --Wno-DECLFILENAME --Wno-GENUNNAMED --Wno-UNUSEDSIGNAL --Wno-BLKSEQ --top-module aster_minimal \
	"-GENABLE_L1=1'b0" "-GSYNC_MEMORY=1'b1" \
	-GMEMORY_WAIT_CYCLES=4 -GL1_LINE_WORDS=4 -GL1_LINE_COUNT=16 \
	--Mdir /home/elfo/Documents/Aster/build/phase5-71e2570/legacy-verified/soc_l10_sync1_wait4_w4_n16/obj -o /home/elfo/Documents/Aster/build/phase5-71e2570/legacy-verified/soc_l10_sync1_wait4_w4_n16/aster_soc_sim \
	/home/elfo/Documents/Aster/rtl/core/aster_picorv32.sv /home/elfo/Documents/Aster/vendor/picorv32/picorv32.v /home/elfo/Documents/Aster/rtl/cache/aster_l1_cache.sv /home/elfo/Documents/Aster/rtl/memory/aster_rom.sv /home/elfo/Documents/Aster/rtl/memory/aster_ram.sv /home/elfo/Documents/Aster/rtl/peripherals/aster_uart.sv /home/elfo/Documents/Aster/rtl/peripherals/aster_perf_counters.sv /home/elfo/Documents/Aster/rtl/core/aster_hart.sv /home/elfo/Documents/Aster/rtl/soc/aster_minimal.sv \
	/home/elfo/Documents/Aster/verification/soc/tb_aster_soc.cpp
make[2]: Entering directory '/home/elfo/Documents/Aster/build/phase5-71e2570/legacy-verified/soc_l10_sync1_wait4_w4_n16/obj'
g++  -I.  -MMD -I/home/elfo/tools/verilator/root/include -I/home/elfo/tools/verilator/root/include/vltstd -DVM_COVERAGE=0 -DVM_SC=0 -DVM_TRACE=0 -DVM_TRACE_FST=0 -DVM_TRACE_VCD=0 -faligned-new -fcf-protection=none -Wno-bool-operation -Wno-overloaded-virtual -Wno-shadow -Wno-sign-compare -Wno-uninitialized -Wno-unused-but-set-parameter -Wno-unused-but-set-variable -Wno-unused-parameter -Wno-unused-variable       -Os -c -o tb_aster_soc.o /home/elfo/Documents/Aster/verification/soc/tb_aster_soc.cpp
g++ -Os  -I.  -MMD -I/home/elfo/tools/verilator/root/include -I/home/elfo/tools/verilator/root/include/vltstd -DVM_COVERAGE=0 -DVM_SC=0 -DVM_TRACE=0 -DVM_TRACE_FST=0 -DVM_TRACE_VCD=0 -faligned-new -fcf-protection=none -Wno-bool-operation -Wno-overloaded-virtual -Wno-shadow -Wno-sign-compare -Wno-uninitialized -Wno-unused-but-set-parameter -Wno-unused-but-set-variable -Wno-unused-parameter -Wno-unused-variable       -c -o verilated.o /home/elfo/tools/verilator/root/include/verilated.cpp
g++ -Os  -I.  -MMD -I/home/elfo/tools/verilator/root/include -I/home/elfo/tools/verilator/root/include/vltstd -DVM_COVERAGE=0 -DVM_SC=0 -DVM_TRACE=0 -DVM_TRACE_FST=0 -DVM_TRACE_VCD=0 -faligned-new -fcf-protection=none -Wno-bool-operation -Wno-overloaded-virtual -Wno-shadow -Wno-sign-compare -Wno-uninitialized -Wno-unused-but-set-parameter -Wno-unused-but-set-variable -Wno-unused-parameter -Wno-unused-variable       -c -o verilated_threads.o /home/elfo/tools/verilator/root/include/verilated_threads.cpp
/usr/bin/python3 /home/elfo/tools/verilator/root/bin/verilator_includer -DVL_INCLUDE_OPT=include Vaster_minimal.cpp Vaster_minimal___024root__DepSet_h32747b0f__0.cpp Vaster_minimal___024root__DepSet_h1d8fc093__0.cpp Vaster_minimal___024root__Slow.cpp Vaster_minimal___024root__DepSet_h32747b0f__0__Slow.cpp Vaster_minimal___024root__DepSet_h1d8fc093__0__Slow.cpp Vaster_minimal__Syms.cpp > Vaster_minimal__ALL.cpp
g++ -Os  -I.  -MMD -I/home/elfo/tools/verilator/root/include -I/home/elfo/tools/verilator/root/include/vltstd -DVM_COVERAGE=0 -DVM_SC=0 -DVM_TRACE=0 -DVM_TRACE_FST=0 -DVM_TRACE_VCD=0 -faligned-new -fcf-protection=none -Wno-bool-operation -Wno-overloaded-virtual -Wno-shadow -Wno-sign-compare -Wno-uninitialized -Wno-unused-but-set-parameter -Wno-unused-but-set-variable -Wno-unused-parameter -Wno-unused-variable       -c -o Vaster_minimal__ALL.o Vaster_minimal__ALL.cpp
echo "" > Vaster_minimal__ALL.verilator_deplist.tmp
Archive ar -rcs Vaster_minimal__ALL.a Vaster_minimal__ALL.o
g++     tb_aster_soc.o verilated.o verilated_threads.o Vaster_minimal__ALL.a    -pthread -lpthread -latomic   -o /home/elfo/Documents/Aster/build/phase5-71e2570/legacy-verified/soc_l10_sync1_wait4_w4_n16/aster_soc_sim
rm Vaster_minimal__ALL.verilator_deplist.tmp
make[2]: Leaving directory '/home/elfo/Documents/Aster/build/phase5-71e2570/legacy-verified/soc_l10_sync1_wait4_w4_n16/obj'
RV32IM PASS
PASS: RV32IM PASS (1 boot(s))
RUNTIME PASS
RUNTIME PASS
PASS: RUNTIME PASS (2 boot(s))
MEMORY MAP PASS
PASS: MEMORY MAP PASS (1 boot(s))
Trap case 0
TRAP ARMED
TRAP ARMED
PASS: TRAP ARMED (2 boot(s))
Trap case 1
TRAP ARMED
TRAP ARMED
PASS: TRAP ARMED (2 boot(s))
Trap case 2
TRAP ARMED
TRAP ARMED
PASS: TRAP ARMED (2 boot(s))
Trap case 3
TRAP ARMED
TRAP ARMED
PASS: TRAP ARMED (2 boot(s))
Trap case 4
TRAP ARMED
TRAP ARMED
PASS: TRAP ARMED (2 boot(s))
Trap case 5
TRAP ARMED
TRAP ARMED
PASS: TRAP ARMED (2 boot(s))
Trap case 6
TRAP ARMED
TRAP ARMED
PASS: TRAP ARMED (2 boot(s))
Trap case 7
TRAP ARMED
TRAP ARMED
PASS: TRAP ARMED (2 boot(s))
Trap case 8
TRAP ARMED
TRAP ARMED
PASS: TRAP ARMED (2 boot(s))
Trap case 9
TRAP ARMED
TRAP ARMED
PASS: TRAP ARMED (2 boot(s))
Trap case 10
TRAP ARMED
TRAP ARMED
PASS: TRAP ARMED (2 boot(s))
Trap case 11
TRAP ARMED
TRAP ARMED
PASS: TRAP ARMED (2 boot(s))
test_board_output_validation_uses_strict_parser (test_asterbench.ResultProvenance.test_board_output_validation_uses_strict_parser) ... ok
test_comparison_contract (test_asterbench.ResultProvenance.test_comparison_contract) ... ok
test_required_provenance (test_asterbench.ResultProvenance.test_required_provenance) ... ok
test_serial_and_typed_record_must_agree (test_asterbench.ResultProvenance.test_serial_and_typed_record_must_agree) ... ok
test_common_corpus (test_asterbench.StrictRecords.test_common_corpus) ... ok
test_bad_options_and_known_references (test_cache_experiments.CacheExperiments.test_bad_options_and_known_references) ... ok
test_missing_experiment_rejected (test_cache_experiments.CacheExperiments.test_missing_experiment_rejected) ... ok
test_pattern_kernels_and_data_addresses_match (test_cache_experiments.CacheExperiments.test_pattern_kernels_and_data_addresses_match) ... ok
test_plan_covers_all_readme_experiments (test_cache_experiments.CacheExperiments.test_plan_covers_all_readme_experiments) ... ok
test_study_audit_rejects_corruption (test_cache_experiments.CacheExperiments.test_study_audit_rejects_corruption) ... ok
test_each_private_region_cannot_overflow_its_stack (test_multicore_layout.MulticoreLayout.test_each_private_region_cannot_overflow_its_stack) ... ok
test_rom_limit (test_multicore_layout.MulticoreLayout.test_rom_limit) ... ok
test_shared_initialized_odd_bytes_have_rom_load_image (test_multicore_layout.MulticoreLayout.test_shared_initialized_odd_bytes_have_rom_load_image) ... ok
test_shared_size_and_no_stack_alias (test_multicore_layout.MulticoreLayout.test_shared_size_and_no_stack_alias) ... ok
test_stack_alignment_and_minimum (test_multicore_layout.MulticoreLayout.test_stack_alignment_and_minimum) ... ok
test_comparison_refuses_different_work (test_parallel.ParallelProvenance.test_comparison_refuses_different_work) ... ok
test_required_fields_and_raw_log_binding (test_parallel.ParallelProvenance.test_required_fields_and_raw_log_binding) ... ok
test_complete_job_stream_and_independent_oracle (test_parallel.ParallelRecords.test_complete_job_stream_and_independent_oracle) ... ok
test_python_cpp_malformed_corpus (test_parallel.ParallelRecords.test_python_cpp_malformed_corpus) ... ok
test_known_corners (test_phase1.ArithmeticReference.test_known_corners) ... ok
test_seed_reproducibility (test_phase1.ArithmeticReference.test_seed_reproducibility) ... ok
test_initialized_byte_segment (test_phase1.FirmwareLayout.test_initialized_byte_segment) ... ok
test_rom_overflow (test_phase1.FirmwareLayout.test_rom_overflow) ... ok
test_stack_reservation (test_phase1.FirmwareLayout.test_stack_reservation) ... ok
test_missing_and_duplicate_modules_parameters_ports (test_pynq_handoff.HandoffSafety.test_missing_and_duplicate_modules_parameters_ports) ... ok
test_multicore_map_must_match_requested_harts (test_pynq_handoff.HandoffSafety.test_multicore_map_must_match_requested_harts) ... ok
test_mutated_exports_fail_closed (test_pynq_handoff.HandoffSafety.test_mutated_exports_fail_closed) ... ok
test_original_active_low_auxiliary_tied_zero_is_rejected (test_pynq_handoff.HandoffSafety.test_original_active_low_auxiliary_tied_zero_is_rejected) ... ok
test_valid_export (test_pynq_handoff.HandoffSafety.test_valid_export) ... ok
test_captured_reports_and_rejected_mutations (test_pynq_results.PhysicalResults.test_captured_reports_and_rejected_mutations) ... ok
test_bad_cli_preflight_never_imports_board_api (test_run_pynq.CollectorChecks.test_bad_cli_preflight_never_imports_board_api) ... ok
test_exact_runtime_and_complete_parallel_streams (test_run_pynq.CollectorChecks.test_exact_runtime_and_complete_parallel_streams) ... ok
test_lifetime_counter_rollover (test_run_pynq.CollectorChecks.test_lifetime_counter_rollover) ... ok

----------------------------------------------------------------------
Ran 33 tests in 5.218s

OK
mkdir -p /home/elfo/Documents/Aster/build/phase5-71e2570/legacy-verified/bench_l10_sync1_wait4_w4_n16
verilator --cc --exe --build --timing --Wall --Wno-fatal \
	-DRISCV_FORMAL --Wno-DECLFILENAME --Wno-GENUNNAMED --Wno-UNUSEDSIGNAL --Wno-BLKSEQ \
	--top-module aster_minimal \
	"-GENABLE_L1=1'b0" "-GSYNC_MEMORY=1'b1" \
	-GMEMORY_WAIT_CYCLES=4 -GL1_LINE_WORDS=4 -GL1_LINE_COUNT=16 \
	--Mdir /home/elfo/Documents/Aster/build/phase5-71e2570/legacy-verified/bench_l10_sync1_wait4_w4_n16/obj \
	-o /home/elfo/Documents/Aster/build/phase5-71e2570/legacy-verified/bench_l10_sync1_wait4_w4_n16/asterbench_sim \
	/home/elfo/Documents/Aster/rtl/core/aster_picorv32.sv /home/elfo/Documents/Aster/vendor/picorv32/picorv32.v /home/elfo/Documents/Aster/rtl/cache/aster_l1_cache.sv \
	/home/elfo/Documents/Aster/rtl/memory/aster_rom.sv /home/elfo/Documents/Aster/rtl/memory/aster_ram.sv \
	/home/elfo/Documents/Aster/rtl/peripherals/aster_uart.sv /home/elfo/Documents/Aster/rtl/peripherals/aster_perf_counters.sv /home/elfo/Documents/Aster/rtl/core/aster_hart.sv /home/elfo/Documents/Aster/rtl/soc/aster_minimal.sv \
	/home/elfo/Documents/Aster/verification/soc/tb_asterbench.cpp
make[2]: Entering directory '/home/elfo/Documents/Aster/build/phase5-71e2570/legacy-verified/bench_l10_sync1_wait4_w4_n16/obj'
g++  -I.  -MMD -I/home/elfo/tools/verilator/root/include -I/home/elfo/tools/verilator/root/include/vltstd -DVM_COVERAGE=0 -DVM_SC=0 -DVM_TRACE=0 -DVM_TRACE_FST=0 -DVM_TRACE_VCD=0 -faligned-new -fcf-protection=none -Wno-bool-operation -Wno-overloaded-virtual -Wno-shadow -Wno-sign-compare -Wno-uninitialized -Wno-unused-but-set-parameter -Wno-unused-but-set-variable -Wno-unused-parameter -Wno-unused-variable       -Os -c -o tb_asterbench.o /home/elfo/Documents/Aster/verification/soc/tb_asterbench.cpp
g++ -Os  -I.  -MMD -I/home/elfo/tools/verilator/root/include -I/home/elfo/tools/verilator/root/include/vltstd -DVM_COVERAGE=0 -DVM_SC=0 -DVM_TRACE=0 -DVM_TRACE_FST=0 -DVM_TRACE_VCD=0 -faligned-new -fcf-protection=none -Wno-bool-operation -Wno-overloaded-virtual -Wno-shadow -Wno-sign-compare -Wno-uninitialized -Wno-unused-but-set-parameter -Wno-unused-but-set-variable -Wno-unused-parameter -Wno-unused-variable       -c -o verilated.o /home/elfo/tools/verilator/root/include/verilated.cpp
g++ -Os  -I.  -MMD -I/home/elfo/tools/verilator/root/include -I/home/elfo/tools/verilator/root/include/vltstd -DVM_COVERAGE=0 -DVM_SC=0 -DVM_TRACE=0 -DVM_TRACE_FST=0 -DVM_TRACE_VCD=0 -faligned-new -fcf-protection=none -Wno-bool-operation -Wno-overloaded-virtual -Wno-shadow -Wno-sign-compare -Wno-uninitialized -Wno-unused-but-set-parameter -Wno-unused-but-set-variable -Wno-unused-parameter -Wno-unused-variable       -c -o verilated_threads.o /home/elfo/tools/verilator/root/include/verilated_threads.cpp
/usr/bin/python3 /home/elfo/tools/verilator/root/bin/verilator_includer -DVL_INCLUDE_OPT=include Vaster_minimal.cpp Vaster_minimal___024root__DepSet_h32747b0f__0.cpp Vaster_minimal___024root__DepSet_h1d8fc093__0.cpp Vaster_minimal___024root__Slow.cpp Vaster_minimal___024root__DepSet_h32747b0f__0__Slow.cpp Vaster_minimal___024root__DepSet_h1d8fc093__0__Slow.cpp Vaster_minimal__Syms.cpp > Vaster_minimal__ALL.cpp
g++ -Os  -I.  -MMD -I/home/elfo/tools/verilator/root/include -I/home/elfo/tools/verilator/root/include/vltstd -DVM_COVERAGE=0 -DVM_SC=0 -DVM_TRACE=0 -DVM_TRACE_FST=0 -DVM_TRACE_VCD=0 -faligned-new -fcf-protection=none -Wno-bool-operation -Wno-overloaded-virtual -Wno-shadow -Wno-sign-compare -Wno-uninitialized -Wno-unused-but-set-parameter -Wno-unused-but-set-variable -Wno-unused-parameter -Wno-unused-variable       -c -o Vaster_minimal__ALL.o Vaster_minimal__ALL.cpp
echo "" > Vaster_minimal__ALL.verilator_deplist.tmp
Archive ar -rcs Vaster_minimal__ALL.a Vaster_minimal__ALL.o
g++     tb_asterbench.o verilated.o verilated_threads.o Vaster_minimal__ALL.a    -pthread -lpthread -latomic   -o /home/elfo/Documents/Aster/build/phase5-71e2570/legacy-verified/bench_l10_sync1_wait4_w4_n16/asterbench_sim
rm Vaster_minimal__ALL.verilator_deplist.tmp
make[2]: Leaving directory '/home/elfo/Documents/Aster/build/phase5-71e2570/legacy-verified/bench_l10_sync1_wait4_w4_n16/obj'
ASTERBENCH,version=2,name=memcpy,bytes=256,repetitions=4,seed=0x13570000,status=PASS,checksum=0xc4be3200,clock_hz=31250000,l1=0,sync_memory=1,line_words=4,line_count=16,memory_wait=4,cycles=0x0000000000003e73,retired=0x0000000000000611,memory_transactions=0x0000000000000910,backing_transactions=0x0000000000000910,cache_accesses=0x0000000000000000,cache_misses=0x0000000000000000,dma_bytes=0x0000000000000000,accelerator_cycles=0x0000000000000000
PASS: strict AsterBench v2 record
make[1]: Leaving directory '/home/elfo/Documents/Aster'
make[1]: Entering directory '/home/elfo/Documents/Aster'
mkdir -p /home/elfo/Documents/Aster/build/phase5-71e2570/legacy-verified/soc_l11_sync1_wait4_w4_n16
verilator --cc --exe --build --timing --Wall --Wno-fatal \
	-DRISCV_FORMAL --Wno-DECLFILENAME --Wno-GENUNNAMED --Wno-UNUSEDSIGNAL --Wno-BLKSEQ --top-module aster_minimal \
	"-GENABLE_L1=1'b1" "-GSYNC_MEMORY=1'b1" \
	-GMEMORY_WAIT_CYCLES=4 -GL1_LINE_WORDS=4 -GL1_LINE_COUNT=16 \
	--Mdir /home/elfo/Documents/Aster/build/phase5-71e2570/legacy-verified/soc_l11_sync1_wait4_w4_n16/obj -o /home/elfo/Documents/Aster/build/phase5-71e2570/legacy-verified/soc_l11_sync1_wait4_w4_n16/aster_soc_sim \
	/home/elfo/Documents/Aster/rtl/core/aster_picorv32.sv /home/elfo/Documents/Aster/vendor/picorv32/picorv32.v /home/elfo/Documents/Aster/rtl/cache/aster_l1_cache.sv /home/elfo/Documents/Aster/rtl/memory/aster_rom.sv /home/elfo/Documents/Aster/rtl/memory/aster_ram.sv /home/elfo/Documents/Aster/rtl/peripherals/aster_uart.sv /home/elfo/Documents/Aster/rtl/peripherals/aster_perf_counters.sv /home/elfo/Documents/Aster/rtl/core/aster_hart.sv /home/elfo/Documents/Aster/rtl/soc/aster_minimal.sv \
	/home/elfo/Documents/Aster/verification/soc/tb_aster_soc.cpp
make[2]: Entering directory '/home/elfo/Documents/Aster/build/phase5-71e2570/legacy-verified/soc_l11_sync1_wait4_w4_n16/obj'
g++  -I.  -MMD -I/home/elfo/tools/verilator/root/include -I/home/elfo/tools/verilator/root/include/vltstd -DVM_COVERAGE=0 -DVM_SC=0 -DVM_TRACE=0 -DVM_TRACE_FST=0 -DVM_TRACE_VCD=0 -faligned-new -fcf-protection=none -Wno-bool-operation -Wno-overloaded-virtual -Wno-shadow -Wno-sign-compare -Wno-uninitialized -Wno-unused-but-set-parameter -Wno-unused-but-set-variable -Wno-unused-parameter -Wno-unused-variable       -Os -c -o tb_aster_soc.o /home/elfo/Documents/Aster/verification/soc/tb_aster_soc.cpp
g++ -Os  -I.  -MMD -I/home/elfo/tools/verilator/root/include -I/home/elfo/tools/verilator/root/include/vltstd -DVM_COVERAGE=0 -DVM_SC=0 -DVM_TRACE=0 -DVM_TRACE_FST=0 -DVM_TRACE_VCD=0 -faligned-new -fcf-protection=none -Wno-bool-operation -Wno-overloaded-virtual -Wno-shadow -Wno-sign-compare -Wno-uninitialized -Wno-unused-but-set-parameter -Wno-unused-but-set-variable -Wno-unused-parameter -Wno-unused-variable       -c -o verilated.o /home/elfo/tools/verilator/root/include/verilated.cpp
g++ -Os  -I.  -MMD -I/home/elfo/tools/verilator/root/include -I/home/elfo/tools/verilator/root/include/vltstd -DVM_COVERAGE=0 -DVM_SC=0 -DVM_TRACE=0 -DVM_TRACE_FST=0 -DVM_TRACE_VCD=0 -faligned-new -fcf-protection=none -Wno-bool-operation -Wno-overloaded-virtual -Wno-shadow -Wno-sign-compare -Wno-uninitialized -Wno-unused-but-set-parameter -Wno-unused-but-set-variable -Wno-unused-parameter -Wno-unused-variable       -c -o verilated_threads.o /home/elfo/tools/verilator/root/include/verilated_threads.cpp
/usr/bin/python3 /home/elfo/tools/verilator/root/bin/verilator_includer -DVL_INCLUDE_OPT=include Vaster_minimal.cpp Vaster_minimal___024root__DepSet_h32747b0f__0.cpp Vaster_minimal___024root__DepSet_h1d8fc093__0.cpp Vaster_minimal___024root__Slow.cpp Vaster_minimal___024root__DepSet_h32747b0f__0__Slow.cpp Vaster_minimal___024root__DepSet_h1d8fc093__0__Slow.cpp Vaster_minimal__Syms.cpp > Vaster_minimal__ALL.cpp
g++ -Os  -I.  -MMD -I/home/elfo/tools/verilator/root/include -I/home/elfo/tools/verilator/root/include/vltstd -DVM_COVERAGE=0 -DVM_SC=0 -DVM_TRACE=0 -DVM_TRACE_FST=0 -DVM_TRACE_VCD=0 -faligned-new -fcf-protection=none -Wno-bool-operation -Wno-overloaded-virtual -Wno-shadow -Wno-sign-compare -Wno-uninitialized -Wno-unused-but-set-parameter -Wno-unused-but-set-variable -Wno-unused-parameter -Wno-unused-variable       -c -o Vaster_minimal__ALL.o Vaster_minimal__ALL.cpp
echo "" > Vaster_minimal__ALL.verilator_deplist.tmp
Archive ar -rcs Vaster_minimal__ALL.a Vaster_minimal__ALL.o
g++     tb_aster_soc.o verilated.o verilated_threads.o Vaster_minimal__ALL.a    -pthread -lpthread -latomic   -o /home/elfo/Documents/Aster/build/phase5-71e2570/legacy-verified/soc_l11_sync1_wait4_w4_n16/aster_soc_sim
rm Vaster_minimal__ALL.verilator_deplist.tmp
make[2]: Leaving directory '/home/elfo/Documents/Aster/build/phase5-71e2570/legacy-verified/soc_l11_sync1_wait4_w4_n16/obj'
RV32IM PASS
PASS: RV32IM PASS (1 boot(s))
RUNTIME PASS
RUNTIME PASS
PASS: RUNTIME PASS (2 boot(s))
MEMORY MAP PASS
PASS: MEMORY MAP PASS (1 boot(s))
Trap case 0
TRAP ARMED
TRAP ARMED
PASS: TRAP ARMED (2 boot(s))
Trap case 1
TRAP ARMED
TRAP ARMED
PASS: TRAP ARMED (2 boot(s))
Trap case 2
TRAP ARMED
TRAP ARMED
PASS: TRAP ARMED (2 boot(s))
Trap case 3
TRAP ARMED
TRAP ARMED
PASS: TRAP ARMED (2 boot(s))
Trap case 4
TRAP ARMED
TRAP ARMED
PASS: TRAP ARMED (2 boot(s))
Trap case 5
TRAP ARMED
TRAP ARMED
PASS: TRAP ARMED (2 boot(s))
Trap case 6
TRAP ARMED
TRAP ARMED
PASS: TRAP ARMED (2 boot(s))
Trap case 7
TRAP ARMED
TRAP ARMED
PASS: TRAP ARMED (2 boot(s))
Trap case 8
TRAP ARMED
TRAP ARMED
PASS: TRAP ARMED (2 boot(s))
Trap case 9
TRAP ARMED
TRAP ARMED
PASS: TRAP ARMED (2 boot(s))
Trap case 10
TRAP ARMED
TRAP ARMED
PASS: TRAP ARMED (2 boot(s))
Trap case 11
TRAP ARMED
TRAP ARMED
PASS: TRAP ARMED (2 boot(s))
test_board_output_validation_uses_strict_parser (test_asterbench.ResultProvenance.test_board_output_validation_uses_strict_parser) ... ok
test_comparison_contract (test_asterbench.ResultProvenance.test_comparison_contract) ... ok
test_required_provenance (test_asterbench.ResultProvenance.test_required_provenance) ... ok
test_serial_and_typed_record_must_agree (test_asterbench.ResultProvenance.test_serial_and_typed_record_must_agree) ... ok
test_common_corpus (test_asterbench.StrictRecords.test_common_corpus) ... ok
test_bad_options_and_known_references (test_cache_experiments.CacheExperiments.test_bad_options_and_known_references) ... ok
test_missing_experiment_rejected (test_cache_experiments.CacheExperiments.test_missing_experiment_rejected) ... ok
test_pattern_kernels_and_data_addresses_match (test_cache_experiments.CacheExperiments.test_pattern_kernels_and_data_addresses_match) ... ok
test_plan_covers_all_readme_experiments (test_cache_experiments.CacheExperiments.test_plan_covers_all_readme_experiments) ... ok
test_study_audit_rejects_corruption (test_cache_experiments.CacheExperiments.test_study_audit_rejects_corruption) ... ok
test_each_private_region_cannot_overflow_its_stack (test_multicore_layout.MulticoreLayout.test_each_private_region_cannot_overflow_its_stack) ... ok
test_rom_limit (test_multicore_layout.MulticoreLayout.test_rom_limit) ... ok
test_shared_initialized_odd_bytes_have_rom_load_image (test_multicore_layout.MulticoreLayout.test_shared_initialized_odd_bytes_have_rom_load_image) ... ok
test_shared_size_and_no_stack_alias (test_multicore_layout.MulticoreLayout.test_shared_size_and_no_stack_alias) ... ok
test_stack_alignment_and_minimum (test_multicore_layout.MulticoreLayout.test_stack_alignment_and_minimum) ... ok
test_comparison_refuses_different_work (test_parallel.ParallelProvenance.test_comparison_refuses_different_work) ... ok
test_required_fields_and_raw_log_binding (test_parallel.ParallelProvenance.test_required_fields_and_raw_log_binding) ... ok
test_complete_job_stream_and_independent_oracle (test_parallel.ParallelRecords.test_complete_job_stream_and_independent_oracle) ... ok
test_python_cpp_malformed_corpus (test_parallel.ParallelRecords.test_python_cpp_malformed_corpus) ... ok
test_known_corners (test_phase1.ArithmeticReference.test_known_corners) ... ok
test_seed_reproducibility (test_phase1.ArithmeticReference.test_seed_reproducibility) ... ok
test_initialized_byte_segment (test_phase1.FirmwareLayout.test_initialized_byte_segment) ... ok
test_rom_overflow (test_phase1.FirmwareLayout.test_rom_overflow) ... ok
test_stack_reservation (test_phase1.FirmwareLayout.test_stack_reservation) ... ok
test_missing_and_duplicate_modules_parameters_ports (test_pynq_handoff.HandoffSafety.test_missing_and_duplicate_modules_parameters_ports) ... ok
test_multicore_map_must_match_requested_harts (test_pynq_handoff.HandoffSafety.test_multicore_map_must_match_requested_harts) ... ok
test_mutated_exports_fail_closed (test_pynq_handoff.HandoffSafety.test_mutated_exports_fail_closed) ... ok
test_original_active_low_auxiliary_tied_zero_is_rejected (test_pynq_handoff.HandoffSafety.test_original_active_low_auxiliary_tied_zero_is_rejected) ... ok
test_valid_export (test_pynq_handoff.HandoffSafety.test_valid_export) ... ok
test_captured_reports_and_rejected_mutations (test_pynq_results.PhysicalResults.test_captured_reports_and_rejected_mutations) ... ok
test_bad_cli_preflight_never_imports_board_api (test_run_pynq.CollectorChecks.test_bad_cli_preflight_never_imports_board_api) ... ok
test_exact_runtime_and_complete_parallel_streams (test_run_pynq.CollectorChecks.test_exact_runtime_and_complete_parallel_streams) ... ok
test_lifetime_counter_rollover (test_run_pynq.CollectorChecks.test_lifetime_counter_rollover) ... ok

----------------------------------------------------------------------
Ran 33 tests in 5.196s

OK
mkdir -p /home/elfo/Documents/Aster/build/phase5-71e2570/legacy-verified/bench_l11_sync1_wait4_w4_n16
verilator --cc --exe --build --timing --Wall --Wno-fatal \
	-DRISCV_FORMAL --Wno-DECLFILENAME --Wno-GENUNNAMED --Wno-UNUSEDSIGNAL --Wno-BLKSEQ \
	--top-module aster_minimal \
	"-GENABLE_L1=1'b1" "-GSYNC_MEMORY=1'b1" \
	-GMEMORY_WAIT_CYCLES=4 -GL1_LINE_WORDS=4 -GL1_LINE_COUNT=16 \
	--Mdir /home/elfo/Documents/Aster/build/phase5-71e2570/legacy-verified/bench_l11_sync1_wait4_w4_n16/obj \
	-o /home/elfo/Documents/Aster/build/phase5-71e2570/legacy-verified/bench_l11_sync1_wait4_w4_n16/asterbench_sim \
	/home/elfo/Documents/Aster/rtl/core/aster_picorv32.sv /home/elfo/Documents/Aster/vendor/picorv32/picorv32.v /home/elfo/Documents/Aster/rtl/cache/aster_l1_cache.sv \
	/home/elfo/Documents/Aster/rtl/memory/aster_rom.sv /home/elfo/Documents/Aster/rtl/memory/aster_ram.sv \
	/home/elfo/Documents/Aster/rtl/peripherals/aster_uart.sv /home/elfo/Documents/Aster/rtl/peripherals/aster_perf_counters.sv /home/elfo/Documents/Aster/rtl/core/aster_hart.sv /home/elfo/Documents/Aster/rtl/soc/aster_minimal.sv \
	/home/elfo/Documents/Aster/verification/soc/tb_asterbench.cpp
make[2]: Entering directory '/home/elfo/Documents/Aster/build/phase5-71e2570/legacy-verified/bench_l11_sync1_wait4_w4_n16/obj'
g++  -I.  -MMD -I/home/elfo/tools/verilator/root/include -I/home/elfo/tools/verilator/root/include/vltstd -DVM_COVERAGE=0 -DVM_SC=0 -DVM_TRACE=0 -DVM_TRACE_FST=0 -DVM_TRACE_VCD=0 -faligned-new -fcf-protection=none -Wno-bool-operation -Wno-overloaded-virtual -Wno-shadow -Wno-sign-compare -Wno-uninitialized -Wno-unused-but-set-parameter -Wno-unused-but-set-variable -Wno-unused-parameter -Wno-unused-variable       -Os -c -o tb_asterbench.o /home/elfo/Documents/Aster/verification/soc/tb_asterbench.cpp
g++ -Os  -I.  -MMD -I/home/elfo/tools/verilator/root/include -I/home/elfo/tools/verilator/root/include/vltstd -DVM_COVERAGE=0 -DVM_SC=0 -DVM_TRACE=0 -DVM_TRACE_FST=0 -DVM_TRACE_VCD=0 -faligned-new -fcf-protection=none -Wno-bool-operation -Wno-overloaded-virtual -Wno-shadow -Wno-sign-compare -Wno-uninitialized -Wno-unused-but-set-parameter -Wno-unused-but-set-variable -Wno-unused-parameter -Wno-unused-variable       -c -o verilated.o /home/elfo/tools/verilator/root/include/verilated.cpp
g++ -Os  -I.  -MMD -I/home/elfo/tools/verilator/root/include -I/home/elfo/tools/verilator/root/include/vltstd -DVM_COVERAGE=0 -DVM_SC=0 -DVM_TRACE=0 -DVM_TRACE_FST=0 -DVM_TRACE_VCD=0 -faligned-new -fcf-protection=none -Wno-bool-operation -Wno-overloaded-virtual -Wno-shadow -Wno-sign-compare -Wno-uninitialized -Wno-unused-but-set-parameter -Wno-unused-but-set-variable -Wno-unused-parameter -Wno-unused-variable       -c -o verilated_threads.o /home/elfo/tools/verilator/root/include/verilated_threads.cpp
/usr/bin/python3 /home/elfo/tools/verilator/root/bin/verilator_includer -DVL_INCLUDE_OPT=include Vaster_minimal.cpp Vaster_minimal___024root__DepSet_h32747b0f__0.cpp Vaster_minimal___024root__DepSet_h1d8fc093__0.cpp Vaster_minimal___024root__Slow.cpp Vaster_minimal___024root__DepSet_h32747b0f__0__Slow.cpp Vaster_minimal___024root__DepSet_h1d8fc093__0__Slow.cpp Vaster_minimal__Syms.cpp > Vaster_minimal__ALL.cpp
g++ -Os  -I.  -MMD -I/home/elfo/tools/verilator/root/include -I/home/elfo/tools/verilator/root/include/vltstd -DVM_COVERAGE=0 -DVM_SC=0 -DVM_TRACE=0 -DVM_TRACE_FST=0 -DVM_TRACE_VCD=0 -faligned-new -fcf-protection=none -Wno-bool-operation -Wno-overloaded-virtual -Wno-shadow -Wno-sign-compare -Wno-uninitialized -Wno-unused-but-set-parameter -Wno-unused-but-set-variable -Wno-unused-parameter -Wno-unused-variable       -c -o Vaster_minimal__ALL.o Vaster_minimal__ALL.cpp
echo "" > Vaster_minimal__ALL.verilator_deplist.tmp
Archive ar -rcs Vaster_minimal__ALL.a Vaster_minimal__ALL.o
g++     tb_asterbench.o verilated.o verilated_threads.o Vaster_minimal__ALL.a    -pthread -lpthread -latomic   -o /home/elfo/Documents/Aster/build/phase5-71e2570/legacy-verified/bench_l11_sync1_wait4_w4_n16/asterbench_sim
rm Vaster_minimal__ALL.verilator_deplist.tmp
make[2]: Leaving directory '/home/elfo/Documents/Aster/build/phase5-71e2570/legacy-verified/bench_l11_sync1_wait4_w4_n16/obj'
ASTERBENCH,version=2,name=memcpy,bytes=256,repetitions=4,seed=0x13570000,status=PASS,checksum=0xc4be3200,clock_hz=31250000,l1=1,sync_memory=1,line_words=4,line_count=16,memory_wait=4,cycles=0x00000000000023c3,retired=0x0000000000000611,memory_transactions=0x0000000000000910,backing_transactions=0x000000000000014c,cache_accesses=0x0000000000000910,cache_misses=0x0000000000000113,dma_bytes=0x0000000000000000,accelerator_cycles=0x0000000000000000
PASS: strict AsterBench v2 record
make[1]: Leaving directory '/home/elfo/Documents/Aster'
make[1]: Entering directory '/home/elfo/Documents/Aster'
mkdir -p /home/elfo/Documents/Aster/build/phase5-71e2570/legacy-verified/soc_l10_sync0_wait0_w8_n32
verilator --cc --exe --build --timing --Wall --Wno-fatal \
	-DRISCV_FORMAL --Wno-DECLFILENAME --Wno-GENUNNAMED --Wno-UNUSEDSIGNAL --Wno-BLKSEQ --top-module aster_minimal \
	"-GENABLE_L1=1'b0" "-GSYNC_MEMORY=1'b0" \
	-GMEMORY_WAIT_CYCLES=0 -GL1_LINE_WORDS=8 -GL1_LINE_COUNT=32 \
	--Mdir /home/elfo/Documents/Aster/build/phase5-71e2570/legacy-verified/soc_l10_sync0_wait0_w8_n32/obj -o /home/elfo/Documents/Aster/build/phase5-71e2570/legacy-verified/soc_l10_sync0_wait0_w8_n32/aster_soc_sim \
	/home/elfo/Documents/Aster/rtl/core/aster_picorv32.sv /home/elfo/Documents/Aster/vendor/picorv32/picorv32.v /home/elfo/Documents/Aster/rtl/cache/aster_l1_cache.sv /home/elfo/Documents/Aster/rtl/memory/aster_rom.sv /home/elfo/Documents/Aster/rtl/memory/aster_ram.sv /home/elfo/Documents/Aster/rtl/peripherals/aster_uart.sv /home/elfo/Documents/Aster/rtl/peripherals/aster_perf_counters.sv /home/elfo/Documents/Aster/rtl/core/aster_hart.sv /home/elfo/Documents/Aster/rtl/soc/aster_minimal.sv \
	/home/elfo/Documents/Aster/verification/soc/tb_aster_soc.cpp
make[2]: Entering directory '/home/elfo/Documents/Aster/build/phase5-71e2570/legacy-verified/soc_l10_sync0_wait0_w8_n32/obj'
g++  -I.  -MMD -I/home/elfo/tools/verilator/root/include -I/home/elfo/tools/verilator/root/include/vltstd -DVM_COVERAGE=0 -DVM_SC=0 -DVM_TRACE=0 -DVM_TRACE_FST=0 -DVM_TRACE_VCD=0 -faligned-new -fcf-protection=none -Wno-bool-operation -Wno-overloaded-virtual -Wno-shadow -Wno-sign-compare -Wno-uninitialized -Wno-unused-but-set-parameter -Wno-unused-but-set-variable -Wno-unused-parameter -Wno-unused-variable       -Os -c -o tb_aster_soc.o /home/elfo/Documents/Aster/verification/soc/tb_aster_soc.cpp
g++ -Os  -I.  -MMD -I/home/elfo/tools/verilator/root/include -I/home/elfo/tools/verilator/root/include/vltstd -DVM_COVERAGE=0 -DVM_SC=0 -DVM_TRACE=0 -DVM_TRACE_FST=0 -DVM_TRACE_VCD=0 -faligned-new -fcf-protection=none -Wno-bool-operation -Wno-overloaded-virtual -Wno-shadow -Wno-sign-compare -Wno-uninitialized -Wno-unused-but-set-parameter -Wno-unused-but-set-variable -Wno-unused-parameter -Wno-unused-variable       -c -o verilated.o /home/elfo/tools/verilator/root/include/verilated.cpp
g++ -Os  -I.  -MMD -I/home/elfo/tools/verilator/root/include -I/home/elfo/tools/verilator/root/include/vltstd -DVM_COVERAGE=0 -DVM_SC=0 -DVM_TRACE=0 -DVM_TRACE_FST=0 -DVM_TRACE_VCD=0 -faligned-new -fcf-protection=none -Wno-bool-operation -Wno-overloaded-virtual -Wno-shadow -Wno-sign-compare -Wno-uninitialized -Wno-unused-but-set-parameter -Wno-unused-but-set-variable -Wno-unused-parameter -Wno-unused-variable       -c -o verilated_threads.o /home/elfo/tools/verilator/root/include/verilated_threads.cpp
/usr/bin/python3 /home/elfo/tools/verilator/root/bin/verilator_includer -DVL_INCLUDE_OPT=include Vaster_minimal.cpp Vaster_minimal___024root__DepSet_h32747b0f__0.cpp Vaster_minimal___024root__DepSet_h1d8fc093__0.cpp Vaster_minimal___024root__Slow.cpp Vaster_minimal___024root__DepSet_h32747b0f__0__Slow.cpp Vaster_minimal___024root__DepSet_h1d8fc093__0__Slow.cpp Vaster_minimal__Syms.cpp > Vaster_minimal__ALL.cpp
g++ -Os  -I.  -MMD -I/home/elfo/tools/verilator/root/include -I/home/elfo/tools/verilator/root/include/vltstd -DVM_COVERAGE=0 -DVM_SC=0 -DVM_TRACE=0 -DVM_TRACE_FST=0 -DVM_TRACE_VCD=0 -faligned-new -fcf-protection=none -Wno-bool-operation -Wno-overloaded-virtual -Wno-shadow -Wno-sign-compare -Wno-uninitialized -Wno-unused-but-set-parameter -Wno-unused-but-set-variable -Wno-unused-parameter -Wno-unused-variable       -c -o Vaster_minimal__ALL.o Vaster_minimal__ALL.cpp
echo "" > Vaster_minimal__ALL.verilator_deplist.tmp
Archive ar -rcs Vaster_minimal__ALL.a Vaster_minimal__ALL.o
g++     tb_aster_soc.o verilated.o verilated_threads.o Vaster_minimal__ALL.a    -pthread -lpthread -latomic   -o /home/elfo/Documents/Aster/build/phase5-71e2570/legacy-verified/soc_l10_sync0_wait0_w8_n32/aster_soc_sim
rm Vaster_minimal__ALL.verilator_deplist.tmp
make[2]: Leaving directory '/home/elfo/Documents/Aster/build/phase5-71e2570/legacy-verified/soc_l10_sync0_wait0_w8_n32/obj'
RV32IM PASS
PASS: RV32IM PASS (1 boot(s))
RUNTIME PASS
RUNTIME PASS
PASS: RUNTIME PASS (2 boot(s))
MEMORY MAP PASS
PASS: MEMORY MAP PASS (1 boot(s))
Trap case 0
TRAP ARMED
TRAP ARMED
PASS: TRAP ARMED (2 boot(s))
Trap case 1
TRAP ARMED
TRAP ARMED
PASS: TRAP ARMED (2 boot(s))
Trap case 2
TRAP ARMED
TRAP ARMED
PASS: TRAP ARMED (2 boot(s))
Trap case 3
TRAP ARMED
TRAP ARMED
PASS: TRAP ARMED (2 boot(s))
Trap case 4
TRAP ARMED
TRAP ARMED
PASS: TRAP ARMED (2 boot(s))
Trap case 5
TRAP ARMED
TRAP ARMED
PASS: TRAP ARMED (2 boot(s))
Trap case 6
TRAP ARMED
TRAP ARMED
PASS: TRAP ARMED (2 boot(s))
Trap case 7
TRAP ARMED
TRAP ARMED
PASS: TRAP ARMED (2 boot(s))
Trap case 8
TRAP ARMED
TRAP ARMED
PASS: TRAP ARMED (2 boot(s))
Trap case 9
TRAP ARMED
TRAP ARMED
PASS: TRAP ARMED (2 boot(s))
Trap case 10
TRAP ARMED
TRAP ARMED
PASS: TRAP ARMED (2 boot(s))
Trap case 11
TRAP ARMED
TRAP ARMED
PASS: TRAP ARMED (2 boot(s))
test_board_output_validation_uses_strict_parser (test_asterbench.ResultProvenance.test_board_output_validation_uses_strict_parser) ... ok
test_comparison_contract (test_asterbench.ResultProvenance.test_comparison_contract) ... ok
test_required_provenance (test_asterbench.ResultProvenance.test_required_provenance) ... ok
test_serial_and_typed_record_must_agree (test_asterbench.ResultProvenance.test_serial_and_typed_record_must_agree) ... ok
test_common_corpus (test_asterbench.StrictRecords.test_common_corpus) ... ok
test_bad_options_and_known_references (test_cache_experiments.CacheExperiments.test_bad_options_and_known_references) ... ok
test_missing_experiment_rejected (test_cache_experiments.CacheExperiments.test_missing_experiment_rejected) ... ok
test_pattern_kernels_and_data_addresses_match (test_cache_experiments.CacheExperiments.test_pattern_kernels_and_data_addresses_match) ... ok
test_plan_covers_all_readme_experiments (test_cache_experiments.CacheExperiments.test_plan_covers_all_readme_experiments) ... ok
test_study_audit_rejects_corruption (test_cache_experiments.CacheExperiments.test_study_audit_rejects_corruption) ... ok
test_each_private_region_cannot_overflow_its_stack (test_multicore_layout.MulticoreLayout.test_each_private_region_cannot_overflow_its_stack) ... ok
test_rom_limit (test_multicore_layout.MulticoreLayout.test_rom_limit) ... ok
test_shared_initialized_odd_bytes_have_rom_load_image (test_multicore_layout.MulticoreLayout.test_shared_initialized_odd_bytes_have_rom_load_image) ... ok
test_shared_size_and_no_stack_alias (test_multicore_layout.MulticoreLayout.test_shared_size_and_no_stack_alias) ... ok
test_stack_alignment_and_minimum (test_multicore_layout.MulticoreLayout.test_stack_alignment_and_minimum) ... ok
test_comparison_refuses_different_work (test_parallel.ParallelProvenance.test_comparison_refuses_different_work) ... ok
test_required_fields_and_raw_log_binding (test_parallel.ParallelProvenance.test_required_fields_and_raw_log_binding) ... ok
test_complete_job_stream_and_independent_oracle (test_parallel.ParallelRecords.test_complete_job_stream_and_independent_oracle) ... ok
test_python_cpp_malformed_corpus (test_parallel.ParallelRecords.test_python_cpp_malformed_corpus) ... ok
test_known_corners (test_phase1.ArithmeticReference.test_known_corners) ... ok
test_seed_reproducibility (test_phase1.ArithmeticReference.test_seed_reproducibility) ... ok
test_initialized_byte_segment (test_phase1.FirmwareLayout.test_initialized_byte_segment) ... ok
test_rom_overflow (test_phase1.FirmwareLayout.test_rom_overflow) ... ok
test_stack_reservation (test_phase1.FirmwareLayout.test_stack_reservation) ... ok
test_missing_and_duplicate_modules_parameters_ports (test_pynq_handoff.HandoffSafety.test_missing_and_duplicate_modules_parameters_ports) ... ok
test_multicore_map_must_match_requested_harts (test_pynq_handoff.HandoffSafety.test_multicore_map_must_match_requested_harts) ... ok
test_mutated_exports_fail_closed (test_pynq_handoff.HandoffSafety.test_mutated_exports_fail_closed) ... ok
test_original_active_low_auxiliary_tied_zero_is_rejected (test_pynq_handoff.HandoffSafety.test_original_active_low_auxiliary_tied_zero_is_rejected) ... ok
test_valid_export (test_pynq_handoff.HandoffSafety.test_valid_export) ... ok
test_captured_reports_and_rejected_mutations (test_pynq_results.PhysicalResults.test_captured_reports_and_rejected_mutations) ... ok
test_bad_cli_preflight_never_imports_board_api (test_run_pynq.CollectorChecks.test_bad_cli_preflight_never_imports_board_api) ... ok
test_exact_runtime_and_complete_parallel_streams (test_run_pynq.CollectorChecks.test_exact_runtime_and_complete_parallel_streams) ... ok
test_lifetime_counter_rollover (test_run_pynq.CollectorChecks.test_lifetime_counter_rollover) ... ok

----------------------------------------------------------------------
Ran 33 tests in 5.225s

OK
mkdir -p /home/elfo/Documents/Aster/build/phase5-71e2570/legacy-verified/bench_l10_sync0_wait0_w8_n32
verilator --cc --exe --build --timing --Wall --Wno-fatal \
	-DRISCV_FORMAL --Wno-DECLFILENAME --Wno-GENUNNAMED --Wno-UNUSEDSIGNAL --Wno-BLKSEQ \
	--top-module aster_minimal \
	"-GENABLE_L1=1'b0" "-GSYNC_MEMORY=1'b0" \
	-GMEMORY_WAIT_CYCLES=0 -GL1_LINE_WORDS=8 -GL1_LINE_COUNT=32 \
	--Mdir /home/elfo/Documents/Aster/build/phase5-71e2570/legacy-verified/bench_l10_sync0_wait0_w8_n32/obj \
	-o /home/elfo/Documents/Aster/build/phase5-71e2570/legacy-verified/bench_l10_sync0_wait0_w8_n32/asterbench_sim \
	/home/elfo/Documents/Aster/rtl/core/aster_picorv32.sv /home/elfo/Documents/Aster/vendor/picorv32/picorv32.v /home/elfo/Documents/Aster/rtl/cache/aster_l1_cache.sv \
	/home/elfo/Documents/Aster/rtl/memory/aster_rom.sv /home/elfo/Documents/Aster/rtl/memory/aster_ram.sv \
	/home/elfo/Documents/Aster/rtl/peripherals/aster_uart.sv /home/elfo/Documents/Aster/rtl/peripherals/aster_perf_counters.sv /home/elfo/Documents/Aster/rtl/core/aster_hart.sv /home/elfo/Documents/Aster/rtl/soc/aster_minimal.sv \
	/home/elfo/Documents/Aster/verification/soc/tb_asterbench.cpp
make[2]: Entering directory '/home/elfo/Documents/Aster/build/phase5-71e2570/legacy-verified/bench_l10_sync0_wait0_w8_n32/obj'
g++  -I.  -MMD -I/home/elfo/tools/verilator/root/include -I/home/elfo/tools/verilator/root/include/vltstd -DVM_COVERAGE=0 -DVM_SC=0 -DVM_TRACE=0 -DVM_TRACE_FST=0 -DVM_TRACE_VCD=0 -faligned-new -fcf-protection=none -Wno-bool-operation -Wno-overloaded-virtual -Wno-shadow -Wno-sign-compare -Wno-uninitialized -Wno-unused-but-set-parameter -Wno-unused-but-set-variable -Wno-unused-parameter -Wno-unused-variable       -Os -c -o tb_asterbench.o /home/elfo/Documents/Aster/verification/soc/tb_asterbench.cpp
g++ -Os  -I.  -MMD -I/home/elfo/tools/verilator/root/include -I/home/elfo/tools/verilator/root/include/vltstd -DVM_COVERAGE=0 -DVM_SC=0 -DVM_TRACE=0 -DVM_TRACE_FST=0 -DVM_TRACE_VCD=0 -faligned-new -fcf-protection=none -Wno-bool-operation -Wno-overloaded-virtual -Wno-shadow -Wno-sign-compare -Wno-uninitialized -Wno-unused-but-set-parameter -Wno-unused-but-set-variable -Wno-unused-parameter -Wno-unused-variable       -c -o verilated.o /home/elfo/tools/verilator/root/include/verilated.cpp
g++ -Os  -I.  -MMD -I/home/elfo/tools/verilator/root/include -I/home/elfo/tools/verilator/root/include/vltstd -DVM_COVERAGE=0 -DVM_SC=0 -DVM_TRACE=0 -DVM_TRACE_FST=0 -DVM_TRACE_VCD=0 -faligned-new -fcf-protection=none -Wno-bool-operation -Wno-overloaded-virtual -Wno-shadow -Wno-sign-compare -Wno-uninitialized -Wno-unused-but-set-parameter -Wno-unused-but-set-variable -Wno-unused-parameter -Wno-unused-variable       -c -o verilated_threads.o /home/elfo/tools/verilator/root/include/verilated_threads.cpp
/usr/bin/python3 /home/elfo/tools/verilator/root/bin/verilator_includer -DVL_INCLUDE_OPT=include Vaster_minimal.cpp Vaster_minimal___024root__DepSet_h32747b0f__0.cpp Vaster_minimal___024root__DepSet_h1d8fc093__0.cpp Vaster_minimal___024root__Slow.cpp Vaster_minimal___024root__DepSet_h32747b0f__0__Slow.cpp Vaster_minimal___024root__DepSet_h1d8fc093__0__Slow.cpp Vaster_minimal__Syms.cpp > Vaster_minimal__ALL.cpp
g++ -Os  -I.  -MMD -I/home/elfo/tools/verilator/root/include -I/home/elfo/tools/verilator/root/include/vltstd -DVM_COVERAGE=0 -DVM_SC=0 -DVM_TRACE=0 -DVM_TRACE_FST=0 -DVM_TRACE_VCD=0 -faligned-new -fcf-protection=none -Wno-bool-operation -Wno-overloaded-virtual -Wno-shadow -Wno-sign-compare -Wno-uninitialized -Wno-unused-but-set-parameter -Wno-unused-but-set-variable -Wno-unused-parameter -Wno-unused-variable       -c -o Vaster_minimal__ALL.o Vaster_minimal__ALL.cpp
echo "" > Vaster_minimal__ALL.verilator_deplist.tmp
Archive ar -rcs Vaster_minimal__ALL.a Vaster_minimal__ALL.o
g++     tb_asterbench.o verilated.o verilated_threads.o Vaster_minimal__ALL.a    -pthread -lpthread -latomic   -o /home/elfo/Documents/Aster/build/phase5-71e2570/legacy-verified/bench_l10_sync0_wait0_w8_n32/asterbench_sim
rm Vaster_minimal__ALL.verilator_deplist.tmp
make[2]: Leaving directory '/home/elfo/Documents/Aster/build/phase5-71e2570/legacy-verified/bench_l10_sync0_wait0_w8_n32/obj'
ASTERBENCH,version=2,name=memcpy,bytes=256,repetitions=4,seed=0x13570000,status=PASS,checksum=0xc4be3200,clock_hz=31250000,l1=0,sync_memory=0,line_words=8,line_count=32,memory_wait=0,cycles=0x0000000000001d33,retired=0x0000000000000611,memory_transactions=0x0000000000000910,backing_transactions=0x0000000000000910,cache_accesses=0x0000000000000000,cache_misses=0x0000000000000000,dma_bytes=0x0000000000000000,accelerator_cycles=0x0000000000000000
PASS: strict AsterBench v2 record
make[1]: Leaving directory '/home/elfo/Documents/Aster'
make[1]: Entering directory '/home/elfo/Documents/Aster'
mkdir -p /home/elfo/Documents/Aster/build/phase5-71e2570/legacy-verified/soc_l11_sync0_wait0_w8_n32
verilator --cc --exe --build --timing --Wall --Wno-fatal \
	-DRISCV_FORMAL --Wno-DECLFILENAME --Wno-GENUNNAMED --Wno-UNUSEDSIGNAL --Wno-BLKSEQ --top-module aster_minimal \
	"-GENABLE_L1=1'b1" "-GSYNC_MEMORY=1'b0" \
	-GMEMORY_WAIT_CYCLES=0 -GL1_LINE_WORDS=8 -GL1_LINE_COUNT=32 \
	--Mdir /home/elfo/Documents/Aster/build/phase5-71e2570/legacy-verified/soc_l11_sync0_wait0_w8_n32/obj -o /home/elfo/Documents/Aster/build/phase5-71e2570/legacy-verified/soc_l11_sync0_wait0_w8_n32/aster_soc_sim \
	/home/elfo/Documents/Aster/rtl/core/aster_picorv32.sv /home/elfo/Documents/Aster/vendor/picorv32/picorv32.v /home/elfo/Documents/Aster/rtl/cache/aster_l1_cache.sv /home/elfo/Documents/Aster/rtl/memory/aster_rom.sv /home/elfo/Documents/Aster/rtl/memory/aster_ram.sv /home/elfo/Documents/Aster/rtl/peripherals/aster_uart.sv /home/elfo/Documents/Aster/rtl/peripherals/aster_perf_counters.sv /home/elfo/Documents/Aster/rtl/core/aster_hart.sv /home/elfo/Documents/Aster/rtl/soc/aster_minimal.sv \
	/home/elfo/Documents/Aster/verification/soc/tb_aster_soc.cpp
make[2]: Entering directory '/home/elfo/Documents/Aster/build/phase5-71e2570/legacy-verified/soc_l11_sync0_wait0_w8_n32/obj'
g++  -I.  -MMD -I/home/elfo/tools/verilator/root/include -I/home/elfo/tools/verilator/root/include/vltstd -DVM_COVERAGE=0 -DVM_SC=0 -DVM_TRACE=0 -DVM_TRACE_FST=0 -DVM_TRACE_VCD=0 -faligned-new -fcf-protection=none -Wno-bool-operation -Wno-overloaded-virtual -Wno-shadow -Wno-sign-compare -Wno-uninitialized -Wno-unused-but-set-parameter -Wno-unused-but-set-variable -Wno-unused-parameter -Wno-unused-variable       -Os -c -o tb_aster_soc.o /home/elfo/Documents/Aster/verification/soc/tb_aster_soc.cpp
g++ -Os  -I.  -MMD -I/home/elfo/tools/verilator/root/include -I/home/elfo/tools/verilator/root/include/vltstd -DVM_COVERAGE=0 -DVM_SC=0 -DVM_TRACE=0 -DVM_TRACE_FST=0 -DVM_TRACE_VCD=0 -faligned-new -fcf-protection=none -Wno-bool-operation -Wno-overloaded-virtual -Wno-shadow -Wno-sign-compare -Wno-uninitialized -Wno-unused-but-set-parameter -Wno-unused-but-set-variable -Wno-unused-parameter -Wno-unused-variable       -c -o verilated.o /home/elfo/tools/verilator/root/include/verilated.cpp
g++ -Os  -I.  -MMD -I/home/elfo/tools/verilator/root/include -I/home/elfo/tools/verilator/root/include/vltstd -DVM_COVERAGE=0 -DVM_SC=0 -DVM_TRACE=0 -DVM_TRACE_FST=0 -DVM_TRACE_VCD=0 -faligned-new -fcf-protection=none -Wno-bool-operation -Wno-overloaded-virtual -Wno-shadow -Wno-sign-compare -Wno-uninitialized -Wno-unused-but-set-parameter -Wno-unused-but-set-variable -Wno-unused-parameter -Wno-unused-variable       -c -o verilated_threads.o /home/elfo/tools/verilator/root/include/verilated_threads.cpp
/usr/bin/python3 /home/elfo/tools/verilator/root/bin/verilator_includer -DVL_INCLUDE_OPT=include Vaster_minimal.cpp Vaster_minimal___024root__DepSet_h32747b0f__0.cpp Vaster_minimal___024root__DepSet_h1d8fc093__0.cpp Vaster_minimal___024root__Slow.cpp Vaster_minimal___024root__DepSet_h32747b0f__0__Slow.cpp Vaster_minimal___024root__DepSet_h1d8fc093__0__Slow.cpp Vaster_minimal__Syms.cpp > Vaster_minimal__ALL.cpp
g++ -Os  -I.  -MMD -I/home/elfo/tools/verilator/root/include -I/home/elfo/tools/verilator/root/include/vltstd -DVM_COVERAGE=0 -DVM_SC=0 -DVM_TRACE=0 -DVM_TRACE_FST=0 -DVM_TRACE_VCD=0 -faligned-new -fcf-protection=none -Wno-bool-operation -Wno-overloaded-virtual -Wno-shadow -Wno-sign-compare -Wno-uninitialized -Wno-unused-but-set-parameter -Wno-unused-but-set-variable -Wno-unused-parameter -Wno-unused-variable       -c -o Vaster_minimal__ALL.o Vaster_minimal__ALL.cpp
echo "" > Vaster_minimal__ALL.verilator_deplist.tmp
Archive ar -rcs Vaster_minimal__ALL.a Vaster_minimal__ALL.o
g++     tb_aster_soc.o verilated.o verilated_threads.o Vaster_minimal__ALL.a    -pthread -lpthread -latomic   -o /home/elfo/Documents/Aster/build/phase5-71e2570/legacy-verified/soc_l11_sync0_wait0_w8_n32/aster_soc_sim
rm Vaster_minimal__ALL.verilator_deplist.tmp
make[2]: Leaving directory '/home/elfo/Documents/Aster/build/phase5-71e2570/legacy-verified/soc_l11_sync0_wait0_w8_n32/obj'
RV32IM PASS
PASS: RV32IM PASS (1 boot(s))
RUNTIME PASS
RUNTIME PASS
PASS: RUNTIME PASS (2 boot(s))
MEMORY MAP PASS
PASS: MEMORY MAP PASS (1 boot(s))
Trap case 0
TRAP ARMED
TRAP ARMED
PASS: TRAP ARMED (2 boot(s))
Trap case 1
TRAP ARMED
TRAP ARMED
PASS: TRAP ARMED (2 boot(s))
Trap case 2
TRAP ARMED
TRAP ARMED
PASS: TRAP ARMED (2 boot(s))
Trap case 3
TRAP ARMED
TRAP ARMED
PASS: TRAP ARMED (2 boot(s))
Trap case 4
TRAP ARMED
TRAP ARMED
PASS: TRAP ARMED (2 boot(s))
Trap case 5
TRAP ARMED
TRAP ARMED
PASS: TRAP ARMED (2 boot(s))
Trap case 6
TRAP ARMED
TRAP ARMED
PASS: TRAP ARMED (2 boot(s))
Trap case 7
TRAP ARMED
TRAP ARMED
PASS: TRAP ARMED (2 boot(s))
Trap case 8
TRAP ARMED
TRAP ARMED
PASS: TRAP ARMED (2 boot(s))
Trap case 9
TRAP ARMED
TRAP ARMED
PASS: TRAP ARMED (2 boot(s))
Trap case 10
TRAP ARMED
TRAP ARMED
PASS: TRAP ARMED (2 boot(s))
Trap case 11
TRAP ARMED
TRAP ARMED
PASS: TRAP ARMED (2 boot(s))
test_board_output_validation_uses_strict_parser (test_asterbench.ResultProvenance.test_board_output_validation_uses_strict_parser) ... ok
test_comparison_contract (test_asterbench.ResultProvenance.test_comparison_contract) ... ok
test_required_provenance (test_asterbench.ResultProvenance.test_required_provenance) ... ok
test_serial_and_typed_record_must_agree (test_asterbench.ResultProvenance.test_serial_and_typed_record_must_agree) ... ok
test_common_corpus (test_asterbench.StrictRecords.test_common_corpus) ... ok
test_bad_options_and_known_references (test_cache_experiments.CacheExperiments.test_bad_options_and_known_references) ... ok
test_missing_experiment_rejected (test_cache_experiments.CacheExperiments.test_missing_experiment_rejected) ... ok
test_pattern_kernels_and_data_addresses_match (test_cache_experiments.CacheExperiments.test_pattern_kernels_and_data_addresses_match) ... ok
test_plan_covers_all_readme_experiments (test_cache_experiments.CacheExperiments.test_plan_covers_all_readme_experiments) ... ok
test_study_audit_rejects_corruption (test_cache_experiments.CacheExperiments.test_study_audit_rejects_corruption) ... ok
test_each_private_region_cannot_overflow_its_stack (test_multicore_layout.MulticoreLayout.test_each_private_region_cannot_overflow_its_stack) ... ok
test_rom_limit (test_multicore_layout.MulticoreLayout.test_rom_limit) ... ok
test_shared_initialized_odd_bytes_have_rom_load_image (test_multicore_layout.MulticoreLayout.test_shared_initialized_odd_bytes_have_rom_load_image) ... ok
test_shared_size_and_no_stack_alias (test_multicore_layout.MulticoreLayout.test_shared_size_and_no_stack_alias) ... ok
test_stack_alignment_and_minimum (test_multicore_layout.MulticoreLayout.test_stack_alignment_and_minimum) ... ok
test_comparison_refuses_different_work (test_parallel.ParallelProvenance.test_comparison_refuses_different_work) ... ok
test_required_fields_and_raw_log_binding (test_parallel.ParallelProvenance.test_required_fields_and_raw_log_binding) ... ok
test_complete_job_stream_and_independent_oracle (test_parallel.ParallelRecords.test_complete_job_stream_and_independent_oracle) ... ok
test_python_cpp_malformed_corpus (test_parallel.ParallelRecords.test_python_cpp_malformed_corpus) ... ok
test_known_corners (test_phase1.ArithmeticReference.test_known_corners) ... ok
test_seed_reproducibility (test_phase1.ArithmeticReference.test_seed_reproducibility) ... ok
test_initialized_byte_segment (test_phase1.FirmwareLayout.test_initialized_byte_segment) ... ok
test_rom_overflow (test_phase1.FirmwareLayout.test_rom_overflow) ... ok
test_stack_reservation (test_phase1.FirmwareLayout.test_stack_reservation) ... ok
test_missing_and_duplicate_modules_parameters_ports (test_pynq_handoff.HandoffSafety.test_missing_and_duplicate_modules_parameters_ports) ... ok
test_multicore_map_must_match_requested_harts (test_pynq_handoff.HandoffSafety.test_multicore_map_must_match_requested_harts) ... ok
test_mutated_exports_fail_closed (test_pynq_handoff.HandoffSafety.test_mutated_exports_fail_closed) ... ok
test_original_active_low_auxiliary_tied_zero_is_rejected (test_pynq_handoff.HandoffSafety.test_original_active_low_auxiliary_tied_zero_is_rejected) ... ok
test_valid_export (test_pynq_handoff.HandoffSafety.test_valid_export) ... ok
test_captured_reports_and_rejected_mutations (test_pynq_results.PhysicalResults.test_captured_reports_and_rejected_mutations) ... ok
test_bad_cli_preflight_never_imports_board_api (test_run_pynq.CollectorChecks.test_bad_cli_preflight_never_imports_board_api) ... ok
test_exact_runtime_and_complete_parallel_streams (test_run_pynq.CollectorChecks.test_exact_runtime_and_complete_parallel_streams) ... ok
test_lifetime_counter_rollover (test_run_pynq.CollectorChecks.test_lifetime_counter_rollover) ... ok

----------------------------------------------------------------------
Ran 33 tests in 5.190s

OK
mkdir -p /home/elfo/Documents/Aster/build/phase5-71e2570/legacy-verified/bench_l11_sync0_wait0_w8_n32
verilator --cc --exe --build --timing --Wall --Wno-fatal \
	-DRISCV_FORMAL --Wno-DECLFILENAME --Wno-GENUNNAMED --Wno-UNUSEDSIGNAL --Wno-BLKSEQ \
	--top-module aster_minimal \
	"-GENABLE_L1=1'b1" "-GSYNC_MEMORY=1'b0" \
	-GMEMORY_WAIT_CYCLES=0 -GL1_LINE_WORDS=8 -GL1_LINE_COUNT=32 \
	--Mdir /home/elfo/Documents/Aster/build/phase5-71e2570/legacy-verified/bench_l11_sync0_wait0_w8_n32/obj \
	-o /home/elfo/Documents/Aster/build/phase5-71e2570/legacy-verified/bench_l11_sync0_wait0_w8_n32/asterbench_sim \
	/home/elfo/Documents/Aster/rtl/core/aster_picorv32.sv /home/elfo/Documents/Aster/vendor/picorv32/picorv32.v /home/elfo/Documents/Aster/rtl/cache/aster_l1_cache.sv \
	/home/elfo/Documents/Aster/rtl/memory/aster_rom.sv /home/elfo/Documents/Aster/rtl/memory/aster_ram.sv \
	/home/elfo/Documents/Aster/rtl/peripherals/aster_uart.sv /home/elfo/Documents/Aster/rtl/peripherals/aster_perf_counters.sv /home/elfo/Documents/Aster/rtl/core/aster_hart.sv /home/elfo/Documents/Aster/rtl/soc/aster_minimal.sv \
	/home/elfo/Documents/Aster/verification/soc/tb_asterbench.cpp
make[2]: Entering directory '/home/elfo/Documents/Aster/build/phase5-71e2570/legacy-verified/bench_l11_sync0_wait0_w8_n32/obj'
g++  -I.  -MMD -I/home/elfo/tools/verilator/root/include -I/home/elfo/tools/verilator/root/include/vltstd -DVM_COVERAGE=0 -DVM_SC=0 -DVM_TRACE=0 -DVM_TRACE_FST=0 -DVM_TRACE_VCD=0 -faligned-new -fcf-protection=none -Wno-bool-operation -Wno-overloaded-virtual -Wno-shadow -Wno-sign-compare -Wno-uninitialized -Wno-unused-but-set-parameter -Wno-unused-but-set-variable -Wno-unused-parameter -Wno-unused-variable       -Os -c -o tb_asterbench.o /home/elfo/Documents/Aster/verification/soc/tb_asterbench.cpp
g++ -Os  -I.  -MMD -I/home/elfo/tools/verilator/root/include -I/home/elfo/tools/verilator/root/include/vltstd -DVM_COVERAGE=0 -DVM_SC=0 -DVM_TRACE=0 -DVM_TRACE_FST=0 -DVM_TRACE_VCD=0 -faligned-new -fcf-protection=none -Wno-bool-operation -Wno-overloaded-virtual -Wno-shadow -Wno-sign-compare -Wno-uninitialized -Wno-unused-but-set-parameter -Wno-unused-but-set-variable -Wno-unused-parameter -Wno-unused-variable       -c -o verilated.o /home/elfo/tools/verilator/root/include/verilated.cpp
g++ -Os  -I.  -MMD -I/home/elfo/tools/verilator/root/include -I/home/elfo/tools/verilator/root/include/vltstd -DVM_COVERAGE=0 -DVM_SC=0 -DVM_TRACE=0 -DVM_TRACE_FST=0 -DVM_TRACE_VCD=0 -faligned-new -fcf-protection=none -Wno-bool-operation -Wno-overloaded-virtual -Wno-shadow -Wno-sign-compare -Wno-uninitialized -Wno-unused-but-set-parameter -Wno-unused-but-set-variable -Wno-unused-parameter -Wno-unused-variable       -c -o verilated_threads.o /home/elfo/tools/verilator/root/include/verilated_threads.cpp
/usr/bin/python3 /home/elfo/tools/verilator/root/bin/verilator_includer -DVL_INCLUDE_OPT=include Vaster_minimal.cpp Vaster_minimal___024root__DepSet_h32747b0f__0.cpp Vaster_minimal___024root__DepSet_h1d8fc093__0.cpp Vaster_minimal___024root__Slow.cpp Vaster_minimal___024root__DepSet_h32747b0f__0__Slow.cpp Vaster_minimal___024root__DepSet_h1d8fc093__0__Slow.cpp Vaster_minimal__Syms.cpp > Vaster_minimal__ALL.cpp
g++ -Os  -I.  -MMD -I/home/elfo/tools/verilator/root/include -I/home/elfo/tools/verilator/root/include/vltstd -DVM_COVERAGE=0 -DVM_SC=0 -DVM_TRACE=0 -DVM_TRACE_FST=0 -DVM_TRACE_VCD=0 -faligned-new -fcf-protection=none -Wno-bool-operation -Wno-overloaded-virtual -Wno-shadow -Wno-sign-compare -Wno-uninitialized -Wno-unused-but-set-parameter -Wno-unused-but-set-variable -Wno-unused-parameter -Wno-unused-variable       -c -o Vaster_minimal__ALL.o Vaster_minimal__ALL.cpp
echo "" > Vaster_minimal__ALL.verilator_deplist.tmp
Archive ar -rcs Vaster_minimal__ALL.a Vaster_minimal__ALL.o
g++     tb_asterbench.o verilated.o verilated_threads.o Vaster_minimal__ALL.a    -pthread -lpthread -latomic   -o /home/elfo/Documents/Aster/build/phase5-71e2570/legacy-verified/bench_l11_sync0_wait0_w8_n32/asterbench_sim
rm Vaster_minimal__ALL.verilator_deplist.tmp
make[2]: Leaving directory '/home/elfo/Documents/Aster/build/phase5-71e2570/legacy-verified/bench_l11_sync0_wait0_w8_n32/obj'
ASTERBENCH,version=2,name=memcpy,bytes=256,repetitions=4,seed=0x13570000,status=PASS,checksum=0xc4be3200,clock_hz=31250000,l1=1,sync_memory=0,line_words=8,line_count=32,memory_wait=0,cycles=0x0000000000001e85,retired=0x0000000000000611,memory_transactions=0x0000000000000910,backing_transactions=0x0000000000000148,cache_accesses=0x0000000000000910,cache_misses=0x0000000000000109,dma_bytes=0x0000000000000000,accelerator_cycles=0x0000000000000000
PASS: strict AsterBench v2 record
make[1]: Leaving directory '/home/elfo/Documents/Aster'
make[1]: Entering directory '/home/elfo/Documents/Aster'
mkdir -p /home/elfo/Documents/Aster/build/phase5-71e2570/legacy-verified/soc_l10_sync0_wait4_w8_n32
verilator --cc --exe --build --timing --Wall --Wno-fatal \
	-DRISCV_FORMAL --Wno-DECLFILENAME --Wno-GENUNNAMED --Wno-UNUSEDSIGNAL --Wno-BLKSEQ --top-module aster_minimal \
	"-GENABLE_L1=1'b0" "-GSYNC_MEMORY=1'b0" \
	-GMEMORY_WAIT_CYCLES=4 -GL1_LINE_WORDS=8 -GL1_LINE_COUNT=32 \
	--Mdir /home/elfo/Documents/Aster/build/phase5-71e2570/legacy-verified/soc_l10_sync0_wait4_w8_n32/obj -o /home/elfo/Documents/Aster/build/phase5-71e2570/legacy-verified/soc_l10_sync0_wait4_w8_n32/aster_soc_sim \
	/home/elfo/Documents/Aster/rtl/core/aster_picorv32.sv /home/elfo/Documents/Aster/vendor/picorv32/picorv32.v /home/elfo/Documents/Aster/rtl/cache/aster_l1_cache.sv /home/elfo/Documents/Aster/rtl/memory/aster_rom.sv /home/elfo/Documents/Aster/rtl/memory/aster_ram.sv /home/elfo/Documents/Aster/rtl/peripherals/aster_uart.sv /home/elfo/Documents/Aster/rtl/peripherals/aster_perf_counters.sv /home/elfo/Documents/Aster/rtl/core/aster_hart.sv /home/elfo/Documents/Aster/rtl/soc/aster_minimal.sv \
	/home/elfo/Documents/Aster/verification/soc/tb_aster_soc.cpp
make[2]: Entering directory '/home/elfo/Documents/Aster/build/phase5-71e2570/legacy-verified/soc_l10_sync0_wait4_w8_n32/obj'
g++  -I.  -MMD -I/home/elfo/tools/verilator/root/include -I/home/elfo/tools/verilator/root/include/vltstd -DVM_COVERAGE=0 -DVM_SC=0 -DVM_TRACE=0 -DVM_TRACE_FST=0 -DVM_TRACE_VCD=0 -faligned-new -fcf-protection=none -Wno-bool-operation -Wno-overloaded-virtual -Wno-shadow -Wno-sign-compare -Wno-uninitialized -Wno-unused-but-set-parameter -Wno-unused-but-set-variable -Wno-unused-parameter -Wno-unused-variable       -Os -c -o tb_aster_soc.o /home/elfo/Documents/Aster/verification/soc/tb_aster_soc.cpp
g++ -Os  -I.  -MMD -I/home/elfo/tools/verilator/root/include -I/home/elfo/tools/verilator/root/include/vltstd -DVM_COVERAGE=0 -DVM_SC=0 -DVM_TRACE=0 -DVM_TRACE_FST=0 -DVM_TRACE_VCD=0 -faligned-new -fcf-protection=none -Wno-bool-operation -Wno-overloaded-virtual -Wno-shadow -Wno-sign-compare -Wno-uninitialized -Wno-unused-but-set-parameter -Wno-unused-but-set-variable -Wno-unused-parameter -Wno-unused-variable       -c -o verilated.o /home/elfo/tools/verilator/root/include/verilated.cpp
g++ -Os  -I.  -MMD -I/home/elfo/tools/verilator/root/include -I/home/elfo/tools/verilator/root/include/vltstd -DVM_COVERAGE=0 -DVM_SC=0 -DVM_TRACE=0 -DVM_TRACE_FST=0 -DVM_TRACE_VCD=0 -faligned-new -fcf-protection=none -Wno-bool-operation -Wno-overloaded-virtual -Wno-shadow -Wno-sign-compare -Wno-uninitialized -Wno-unused-but-set-parameter -Wno-unused-but-set-variable -Wno-unused-parameter -Wno-unused-variable       -c -o verilated_threads.o /home/elfo/tools/verilator/root/include/verilated_threads.cpp
/usr/bin/python3 /home/elfo/tools/verilator/root/bin/verilator_includer -DVL_INCLUDE_OPT=include Vaster_minimal.cpp Vaster_minimal___024root__DepSet_h32747b0f__0.cpp Vaster_minimal___024root__DepSet_h1d8fc093__0.cpp Vaster_minimal___024root__Slow.cpp Vaster_minimal___024root__DepSet_h32747b0f__0__Slow.cpp Vaster_minimal___024root__DepSet_h1d8fc093__0__Slow.cpp Vaster_minimal__Syms.cpp > Vaster_minimal__ALL.cpp
g++ -Os  -I.  -MMD -I/home/elfo/tools/verilator/root/include -I/home/elfo/tools/verilator/root/include/vltstd -DVM_COVERAGE=0 -DVM_SC=0 -DVM_TRACE=0 -DVM_TRACE_FST=0 -DVM_TRACE_VCD=0 -faligned-new -fcf-protection=none -Wno-bool-operation -Wno-overloaded-virtual -Wno-shadow -Wno-sign-compare -Wno-uninitialized -Wno-unused-but-set-parameter -Wno-unused-but-set-variable -Wno-unused-parameter -Wno-unused-variable       -c -o Vaster_minimal__ALL.o Vaster_minimal__ALL.cpp
echo "" > Vaster_minimal__ALL.verilator_deplist.tmp
Archive ar -rcs Vaster_minimal__ALL.a Vaster_minimal__ALL.o
g++     tb_aster_soc.o verilated.o verilated_threads.o Vaster_minimal__ALL.a    -pthread -lpthread -latomic   -o /home/elfo/Documents/Aster/build/phase5-71e2570/legacy-verified/soc_l10_sync0_wait4_w8_n32/aster_soc_sim
rm Vaster_minimal__ALL.verilator_deplist.tmp
make[2]: Leaving directory '/home/elfo/Documents/Aster/build/phase5-71e2570/legacy-verified/soc_l10_sync0_wait4_w8_n32/obj'
RV32IM PASS
PASS: RV32IM PASS (1 boot(s))
RUNTIME PASS
RUNTIME PASS
PASS: RUNTIME PASS (2 boot(s))
MEMORY MAP PASS
PASS: MEMORY MAP PASS (1 boot(s))
Trap case 0
TRAP ARMED
TRAP ARMED
PASS: TRAP ARMED (2 boot(s))
Trap case 1
TRAP ARMED
TRAP ARMED
PASS: TRAP ARMED (2 boot(s))
Trap case 2
TRAP ARMED
TRAP ARMED
PASS: TRAP ARMED (2 boot(s))
Trap case 3
TRAP ARMED
TRAP ARMED
PASS: TRAP ARMED (2 boot(s))
Trap case 4
TRAP ARMED
TRAP ARMED
PASS: TRAP ARMED (2 boot(s))
Trap case 5
TRAP ARMED
TRAP ARMED
PASS: TRAP ARMED (2 boot(s))
Trap case 6
TRAP ARMED
TRAP ARMED
PASS: TRAP ARMED (2 boot(s))
Trap case 7
TRAP ARMED
TRAP ARMED
PASS: TRAP ARMED (2 boot(s))
Trap case 8
TRAP ARMED
TRAP ARMED
PASS: TRAP ARMED (2 boot(s))
Trap case 9
TRAP ARMED
TRAP ARMED
PASS: TRAP ARMED (2 boot(s))
Trap case 10
TRAP ARMED
TRAP ARMED
PASS: TRAP ARMED (2 boot(s))
Trap case 11
TRAP ARMED
TRAP ARMED
PASS: TRAP ARMED (2 boot(s))
test_board_output_validation_uses_strict_parser (test_asterbench.ResultProvenance.test_board_output_validation_uses_strict_parser) ... ok
test_comparison_contract (test_asterbench.ResultProvenance.test_comparison_contract) ... ok
test_required_provenance (test_asterbench.ResultProvenance.test_required_provenance) ... ok
test_serial_and_typed_record_must_agree (test_asterbench.ResultProvenance.test_serial_and_typed_record_must_agree) ... ok
test_common_corpus (test_asterbench.StrictRecords.test_common_corpus) ... ok
test_bad_options_and_known_references (test_cache_experiments.CacheExperiments.test_bad_options_and_known_references) ... ok
test_missing_experiment_rejected (test_cache_experiments.CacheExperiments.test_missing_experiment_rejected) ... ok
test_pattern_kernels_and_data_addresses_match (test_cache_experiments.CacheExperiments.test_pattern_kernels_and_data_addresses_match) ... ok
test_plan_covers_all_readme_experiments (test_cache_experiments.CacheExperiments.test_plan_covers_all_readme_experiments) ... ok
test_study_audit_rejects_corruption (test_cache_experiments.CacheExperiments.test_study_audit_rejects_corruption) ... ok
test_each_private_region_cannot_overflow_its_stack (test_multicore_layout.MulticoreLayout.test_each_private_region_cannot_overflow_its_stack) ... ok
test_rom_limit (test_multicore_layout.MulticoreLayout.test_rom_limit) ... ok
test_shared_initialized_odd_bytes_have_rom_load_image (test_multicore_layout.MulticoreLayout.test_shared_initialized_odd_bytes_have_rom_load_image) ... ok
test_shared_size_and_no_stack_alias (test_multicore_layout.MulticoreLayout.test_shared_size_and_no_stack_alias) ... ok
test_stack_alignment_and_minimum (test_multicore_layout.MulticoreLayout.test_stack_alignment_and_minimum) ... ok
test_comparison_refuses_different_work (test_parallel.ParallelProvenance.test_comparison_refuses_different_work) ... ok
test_required_fields_and_raw_log_binding (test_parallel.ParallelProvenance.test_required_fields_and_raw_log_binding) ... ok
test_complete_job_stream_and_independent_oracle (test_parallel.ParallelRecords.test_complete_job_stream_and_independent_oracle) ... ok
test_python_cpp_malformed_corpus (test_parallel.ParallelRecords.test_python_cpp_malformed_corpus) ... ok
test_known_corners (test_phase1.ArithmeticReference.test_known_corners) ... ok
test_seed_reproducibility (test_phase1.ArithmeticReference.test_seed_reproducibility) ... ok
test_initialized_byte_segment (test_phase1.FirmwareLayout.test_initialized_byte_segment) ... ok
test_rom_overflow (test_phase1.FirmwareLayout.test_rom_overflow) ... ok
test_stack_reservation (test_phase1.FirmwareLayout.test_stack_reservation) ... ok
test_missing_and_duplicate_modules_parameters_ports (test_pynq_handoff.HandoffSafety.test_missing_and_duplicate_modules_parameters_ports) ... ok
test_multicore_map_must_match_requested_harts (test_pynq_handoff.HandoffSafety.test_multicore_map_must_match_requested_harts) ... ok
test_mutated_exports_fail_closed (test_pynq_handoff.HandoffSafety.test_mutated_exports_fail_closed) ... ok
test_original_active_low_auxiliary_tied_zero_is_rejected (test_pynq_handoff.HandoffSafety.test_original_active_low_auxiliary_tied_zero_is_rejected) ... ok
test_valid_export (test_pynq_handoff.HandoffSafety.test_valid_export) ... ok
test_captured_reports_and_rejected_mutations (test_pynq_results.PhysicalResults.test_captured_reports_and_rejected_mutations) ... ok
test_bad_cli_preflight_never_imports_board_api (test_run_pynq.CollectorChecks.test_bad_cli_preflight_never_imports_board_api) ... ok
test_exact_runtime_and_complete_parallel_streams (test_run_pynq.CollectorChecks.test_exact_runtime_and_complete_parallel_streams) ... ok
test_lifetime_counter_rollover (test_run_pynq.CollectorChecks.test_lifetime_counter_rollover) ... ok

----------------------------------------------------------------------
Ran 33 tests in 5.194s

OK
mkdir -p /home/elfo/Documents/Aster/build/phase5-71e2570/legacy-verified/bench_l10_sync0_wait4_w8_n32
verilator --cc --exe --build --timing --Wall --Wno-fatal \
	-DRISCV_FORMAL --Wno-DECLFILENAME --Wno-GENUNNAMED --Wno-UNUSEDSIGNAL --Wno-BLKSEQ \
	--top-module aster_minimal \
	"-GENABLE_L1=1'b0" "-GSYNC_MEMORY=1'b0" \
	-GMEMORY_WAIT_CYCLES=4 -GL1_LINE_WORDS=8 -GL1_LINE_COUNT=32 \
	--Mdir /home/elfo/Documents/Aster/build/phase5-71e2570/legacy-verified/bench_l10_sync0_wait4_w8_n32/obj \
	-o /home/elfo/Documents/Aster/build/phase5-71e2570/legacy-verified/bench_l10_sync0_wait4_w8_n32/asterbench_sim \
	/home/elfo/Documents/Aster/rtl/core/aster_picorv32.sv /home/elfo/Documents/Aster/vendor/picorv32/picorv32.v /home/elfo/Documents/Aster/rtl/cache/aster_l1_cache.sv \
	/home/elfo/Documents/Aster/rtl/memory/aster_rom.sv /home/elfo/Documents/Aster/rtl/memory/aster_ram.sv \
	/home/elfo/Documents/Aster/rtl/peripherals/aster_uart.sv /home/elfo/Documents/Aster/rtl/peripherals/aster_perf_counters.sv /home/elfo/Documents/Aster/rtl/core/aster_hart.sv /home/elfo/Documents/Aster/rtl/soc/aster_minimal.sv \
	/home/elfo/Documents/Aster/verification/soc/tb_asterbench.cpp
make[2]: Entering directory '/home/elfo/Documents/Aster/build/phase5-71e2570/legacy-verified/bench_l10_sync0_wait4_w8_n32/obj'
g++  -I.  -MMD -I/home/elfo/tools/verilator/root/include -I/home/elfo/tools/verilator/root/include/vltstd -DVM_COVERAGE=0 -DVM_SC=0 -DVM_TRACE=0 -DVM_TRACE_FST=0 -DVM_TRACE_VCD=0 -faligned-new -fcf-protection=none -Wno-bool-operation -Wno-overloaded-virtual -Wno-shadow -Wno-sign-compare -Wno-uninitialized -Wno-unused-but-set-parameter -Wno-unused-but-set-variable -Wno-unused-parameter -Wno-unused-variable       -Os -c -o tb_asterbench.o /home/elfo/Documents/Aster/verification/soc/tb_asterbench.cpp
g++ -Os  -I.  -MMD -I/home/elfo/tools/verilator/root/include -I/home/elfo/tools/verilator/root/include/vltstd -DVM_COVERAGE=0 -DVM_SC=0 -DVM_TRACE=0 -DVM_TRACE_FST=0 -DVM_TRACE_VCD=0 -faligned-new -fcf-protection=none -Wno-bool-operation -Wno-overloaded-virtual -Wno-shadow -Wno-sign-compare -Wno-uninitialized -Wno-unused-but-set-parameter -Wno-unused-but-set-variable -Wno-unused-parameter -Wno-unused-variable       -c -o verilated.o /home/elfo/tools/verilator/root/include/verilated.cpp
g++ -Os  -I.  -MMD -I/home/elfo/tools/verilator/root/include -I/home/elfo/tools/verilator/root/include/vltstd -DVM_COVERAGE=0 -DVM_SC=0 -DVM_TRACE=0 -DVM_TRACE_FST=0 -DVM_TRACE_VCD=0 -faligned-new -fcf-protection=none -Wno-bool-operation -Wno-overloaded-virtual -Wno-shadow -Wno-sign-compare -Wno-uninitialized -Wno-unused-but-set-parameter -Wno-unused-but-set-variable -Wno-unused-parameter -Wno-unused-variable       -c -o verilated_threads.o /home/elfo/tools/verilator/root/include/verilated_threads.cpp
/usr/bin/python3 /home/elfo/tools/verilator/root/bin/verilator_includer -DVL_INCLUDE_OPT=include Vaster_minimal.cpp Vaster_minimal___024root__DepSet_h32747b0f__0.cpp Vaster_minimal___024root__DepSet_h1d8fc093__0.cpp Vaster_minimal___024root__Slow.cpp Vaster_minimal___024root__DepSet_h32747b0f__0__Slow.cpp Vaster_minimal___024root__DepSet_h1d8fc093__0__Slow.cpp Vaster_minimal__Syms.cpp > Vaster_minimal__ALL.cpp
g++ -Os  -I.  -MMD -I/home/elfo/tools/verilator/root/include -I/home/elfo/tools/verilator/root/include/vltstd -DVM_COVERAGE=0 -DVM_SC=0 -DVM_TRACE=0 -DVM_TRACE_FST=0 -DVM_TRACE_VCD=0 -faligned-new -fcf-protection=none -Wno-bool-operation -Wno-overloaded-virtual -Wno-shadow -Wno-sign-compare -Wno-uninitialized -Wno-unused-but-set-parameter -Wno-unused-but-set-variable -Wno-unused-parameter -Wno-unused-variable       -c -o Vaster_minimal__ALL.o Vaster_minimal__ALL.cpp
echo "" > Vaster_minimal__ALL.verilator_deplist.tmp
Archive ar -rcs Vaster_minimal__ALL.a Vaster_minimal__ALL.o
g++     tb_asterbench.o verilated.o verilated_threads.o Vaster_minimal__ALL.a    -pthread -lpthread -latomic   -o /home/elfo/Documents/Aster/build/phase5-71e2570/legacy-verified/bench_l10_sync0_wait4_w8_n32/asterbench_sim
rm Vaster_minimal__ALL.verilator_deplist.tmp
make[2]: Leaving directory '/home/elfo/Documents/Aster/build/phase5-71e2570/legacy-verified/bench_l10_sync0_wait4_w8_n32/obj'
ASTERBENCH,version=2,name=memcpy,bytes=256,repetitions=4,seed=0x13570000,status=PASS,checksum=0xc4be3200,clock_hz=31250000,l1=0,sync_memory=0,line_words=8,line_count=32,memory_wait=4,cycles=0x0000000000003e73,retired=0x0000000000000611,memory_transactions=0x0000000000000910,backing_transactions=0x0000000000000910,cache_accesses=0x0000000000000000,cache_misses=0x0000000000000000,dma_bytes=0x0000000000000000,accelerator_cycles=0x0000000000000000
PASS: strict AsterBench v2 record
make[1]: Leaving directory '/home/elfo/Documents/Aster'
make[1]: Entering directory '/home/elfo/Documents/Aster'
mkdir -p /home/elfo/Documents/Aster/build/phase5-71e2570/legacy-verified/soc_l11_sync0_wait4_w8_n32
verilator --cc --exe --build --timing --Wall --Wno-fatal \
	-DRISCV_FORMAL --Wno-DECLFILENAME --Wno-GENUNNAMED --Wno-UNUSEDSIGNAL --Wno-BLKSEQ --top-module aster_minimal \
	"-GENABLE_L1=1'b1" "-GSYNC_MEMORY=1'b0" \
	-GMEMORY_WAIT_CYCLES=4 -GL1_LINE_WORDS=8 -GL1_LINE_COUNT=32 \
	--Mdir /home/elfo/Documents/Aster/build/phase5-71e2570/legacy-verified/soc_l11_sync0_wait4_w8_n32/obj -o /home/elfo/Documents/Aster/build/phase5-71e2570/legacy-verified/soc_l11_sync0_wait4_w8_n32/aster_soc_sim \
	/home/elfo/Documents/Aster/rtl/core/aster_picorv32.sv /home/elfo/Documents/Aster/vendor/picorv32/picorv32.v /home/elfo/Documents/Aster/rtl/cache/aster_l1_cache.sv /home/elfo/Documents/Aster/rtl/memory/aster_rom.sv /home/elfo/Documents/Aster/rtl/memory/aster_ram.sv /home/elfo/Documents/Aster/rtl/peripherals/aster_uart.sv /home/elfo/Documents/Aster/rtl/peripherals/aster_perf_counters.sv /home/elfo/Documents/Aster/rtl/core/aster_hart.sv /home/elfo/Documents/Aster/rtl/soc/aster_minimal.sv \
	/home/elfo/Documents/Aster/verification/soc/tb_aster_soc.cpp
make[2]: Entering directory '/home/elfo/Documents/Aster/build/phase5-71e2570/legacy-verified/soc_l11_sync0_wait4_w8_n32/obj'
g++  -I.  -MMD -I/home/elfo/tools/verilator/root/include -I/home/elfo/tools/verilator/root/include/vltstd -DVM_COVERAGE=0 -DVM_SC=0 -DVM_TRACE=0 -DVM_TRACE_FST=0 -DVM_TRACE_VCD=0 -faligned-new -fcf-protection=none -Wno-bool-operation -Wno-overloaded-virtual -Wno-shadow -Wno-sign-compare -Wno-uninitialized -Wno-unused-but-set-parameter -Wno-unused-but-set-variable -Wno-unused-parameter -Wno-unused-variable       -Os -c -o tb_aster_soc.o /home/elfo/Documents/Aster/verification/soc/tb_aster_soc.cpp
g++ -Os  -I.  -MMD -I/home/elfo/tools/verilator/root/include -I/home/elfo/tools/verilator/root/include/vltstd -DVM_COVERAGE=0 -DVM_SC=0 -DVM_TRACE=0 -DVM_TRACE_FST=0 -DVM_TRACE_VCD=0 -faligned-new -fcf-protection=none -Wno-bool-operation -Wno-overloaded-virtual -Wno-shadow -Wno-sign-compare -Wno-uninitialized -Wno-unused-but-set-parameter -Wno-unused-but-set-variable -Wno-unused-parameter -Wno-unused-variable       -c -o verilated.o /home/elfo/tools/verilator/root/include/verilated.cpp
g++ -Os  -I.  -MMD -I/home/elfo/tools/verilator/root/include -I/home/elfo/tools/verilator/root/include/vltstd -DVM_COVERAGE=0 -DVM_SC=0 -DVM_TRACE=0 -DVM_TRACE_FST=0 -DVM_TRACE_VCD=0 -faligned-new -fcf-protection=none -Wno-bool-operation -Wno-overloaded-virtual -Wno-shadow -Wno-sign-compare -Wno-uninitialized -Wno-unused-but-set-parameter -Wno-unused-but-set-variable -Wno-unused-parameter -Wno-unused-variable       -c -o verilated_threads.o /home/elfo/tools/verilator/root/include/verilated_threads.cpp
/usr/bin/python3 /home/elfo/tools/verilator/root/bin/verilator_includer -DVL_INCLUDE_OPT=include Vaster_minimal.cpp Vaster_minimal___024root__DepSet_h32747b0f__0.cpp Vaster_minimal___024root__DepSet_h1d8fc093__0.cpp Vaster_minimal___024root__Slow.cpp Vaster_minimal___024root__DepSet_h32747b0f__0__Slow.cpp Vaster_minimal___024root__DepSet_h1d8fc093__0__Slow.cpp Vaster_minimal__Syms.cpp > Vaster_minimal__ALL.cpp
g++ -Os  -I.  -MMD -I/home/elfo/tools/verilator/root/include -I/home/elfo/tools/verilator/root/include/vltstd -DVM_COVERAGE=0 -DVM_SC=0 -DVM_TRACE=0 -DVM_TRACE_FST=0 -DVM_TRACE_VCD=0 -faligned-new -fcf-protection=none -Wno-bool-operation -Wno-overloaded-virtual -Wno-shadow -Wno-sign-compare -Wno-uninitialized -Wno-unused-but-set-parameter -Wno-unused-but-set-variable -Wno-unused-parameter -Wno-unused-variable       -c -o Vaster_minimal__ALL.o Vaster_minimal__ALL.cpp
echo "" > Vaster_minimal__ALL.verilator_deplist.tmp
Archive ar -rcs Vaster_minimal__ALL.a Vaster_minimal__ALL.o
g++     tb_aster_soc.o verilated.o verilated_threads.o Vaster_minimal__ALL.a    -pthread -lpthread -latomic   -o /home/elfo/Documents/Aster/build/phase5-71e2570/legacy-verified/soc_l11_sync0_wait4_w8_n32/aster_soc_sim
rm Vaster_minimal__ALL.verilator_deplist.tmp
make[2]: Leaving directory '/home/elfo/Documents/Aster/build/phase5-71e2570/legacy-verified/soc_l11_sync0_wait4_w8_n32/obj'
RV32IM PASS
PASS: RV32IM PASS (1 boot(s))
RUNTIME PASS
RUNTIME PASS
PASS: RUNTIME PASS (2 boot(s))
MEMORY MAP PASS
PASS: MEMORY MAP PASS (1 boot(s))
Trap case 0
TRAP ARMED
TRAP ARMED
PASS: TRAP ARMED (2 boot(s))
Trap case 1
TRAP ARMED
TRAP ARMED
PASS: TRAP ARMED (2 boot(s))
Trap case 2
TRAP ARMED
TRAP ARMED
PASS: TRAP ARMED (2 boot(s))
Trap case 3
TRAP ARMED
TRAP ARMED
PASS: TRAP ARMED (2 boot(s))
Trap case 4
TRAP ARMED
TRAP ARMED
PASS: TRAP ARMED (2 boot(s))
Trap case 5
TRAP ARMED
TRAP ARMED
PASS: TRAP ARMED (2 boot(s))
Trap case 6
TRAP ARMED
TRAP ARMED
PASS: TRAP ARMED (2 boot(s))
Trap case 7
TRAP ARMED
TRAP ARMED
PASS: TRAP ARMED (2 boot(s))
Trap case 8
TRAP ARMED
TRAP ARMED
PASS: TRAP ARMED (2 boot(s))
Trap case 9
TRAP ARMED
TRAP ARMED
PASS: TRAP ARMED (2 boot(s))
Trap case 10
TRAP ARMED
TRAP ARMED
PASS: TRAP ARMED (2 boot(s))
Trap case 11
TRAP ARMED
TRAP ARMED
PASS: TRAP ARMED (2 boot(s))
test_board_output_validation_uses_strict_parser (test_asterbench.ResultProvenance.test_board_output_validation_uses_strict_parser) ... ok
test_comparison_contract (test_asterbench.ResultProvenance.test_comparison_contract) ... ok
test_required_provenance (test_asterbench.ResultProvenance.test_required_provenance) ... ok
test_serial_and_typed_record_must_agree (test_asterbench.ResultProvenance.test_serial_and_typed_record_must_agree) ... ok
test_common_corpus (test_asterbench.StrictRecords.test_common_corpus) ... ok
test_bad_options_and_known_references (test_cache_experiments.CacheExperiments.test_bad_options_and_known_references) ... ok
test_missing_experiment_rejected (test_cache_experiments.CacheExperiments.test_missing_experiment_rejected) ... ok
test_pattern_kernels_and_data_addresses_match (test_cache_experiments.CacheExperiments.test_pattern_kernels_and_data_addresses_match) ... ok
test_plan_covers_all_readme_experiments (test_cache_experiments.CacheExperiments.test_plan_covers_all_readme_experiments) ... ok
test_study_audit_rejects_corruption (test_cache_experiments.CacheExperiments.test_study_audit_rejects_corruption) ... ok
test_each_private_region_cannot_overflow_its_stack (test_multicore_layout.MulticoreLayout.test_each_private_region_cannot_overflow_its_stack) ... ok
test_rom_limit (test_multicore_layout.MulticoreLayout.test_rom_limit) ... ok
test_shared_initialized_odd_bytes_have_rom_load_image (test_multicore_layout.MulticoreLayout.test_shared_initialized_odd_bytes_have_rom_load_image) ... ok
test_shared_size_and_no_stack_alias (test_multicore_layout.MulticoreLayout.test_shared_size_and_no_stack_alias) ... ok
test_stack_alignment_and_minimum (test_multicore_layout.MulticoreLayout.test_stack_alignment_and_minimum) ... ok
test_comparison_refuses_different_work (test_parallel.ParallelProvenance.test_comparison_refuses_different_work) ... ok
test_required_fields_and_raw_log_binding (test_parallel.ParallelProvenance.test_required_fields_and_raw_log_binding) ... ok
test_complete_job_stream_and_independent_oracle (test_parallel.ParallelRecords.test_complete_job_stream_and_independent_oracle) ... ok
test_python_cpp_malformed_corpus (test_parallel.ParallelRecords.test_python_cpp_malformed_corpus) ... ok
test_known_corners (test_phase1.ArithmeticReference.test_known_corners) ... ok
test_seed_reproducibility (test_phase1.ArithmeticReference.test_seed_reproducibility) ... ok
test_initialized_byte_segment (test_phase1.FirmwareLayout.test_initialized_byte_segment) ... ok
test_rom_overflow (test_phase1.FirmwareLayout.test_rom_overflow) ... ok
test_stack_reservation (test_phase1.FirmwareLayout.test_stack_reservation) ... ok
test_missing_and_duplicate_modules_parameters_ports (test_pynq_handoff.HandoffSafety.test_missing_and_duplicate_modules_parameters_ports) ... ok
test_multicore_map_must_match_requested_harts (test_pynq_handoff.HandoffSafety.test_multicore_map_must_match_requested_harts) ... ok
test_mutated_exports_fail_closed (test_pynq_handoff.HandoffSafety.test_mutated_exports_fail_closed) ... ok
test_original_active_low_auxiliary_tied_zero_is_rejected (test_pynq_handoff.HandoffSafety.test_original_active_low_auxiliary_tied_zero_is_rejected) ... ok
test_valid_export (test_pynq_handoff.HandoffSafety.test_valid_export) ... ok
test_captured_reports_and_rejected_mutations (test_pynq_results.PhysicalResults.test_captured_reports_and_rejected_mutations) ... ok
test_bad_cli_preflight_never_imports_board_api (test_run_pynq.CollectorChecks.test_bad_cli_preflight_never_imports_board_api) ... ok
test_exact_runtime_and_complete_parallel_streams (test_run_pynq.CollectorChecks.test_exact_runtime_and_complete_parallel_streams) ... ok
test_lifetime_counter_rollover (test_run_pynq.CollectorChecks.test_lifetime_counter_rollover) ... ok

----------------------------------------------------------------------
Ran 33 tests in 5.189s

OK
mkdir -p /home/elfo/Documents/Aster/build/phase5-71e2570/legacy-verified/bench_l11_sync0_wait4_w8_n32
verilator --cc --exe --build --timing --Wall --Wno-fatal \
	-DRISCV_FORMAL --Wno-DECLFILENAME --Wno-GENUNNAMED --Wno-UNUSEDSIGNAL --Wno-BLKSEQ \
	--top-module aster_minimal \
	"-GENABLE_L1=1'b1" "-GSYNC_MEMORY=1'b0" \
	-GMEMORY_WAIT_CYCLES=4 -GL1_LINE_WORDS=8 -GL1_LINE_COUNT=32 \
	--Mdir /home/elfo/Documents/Aster/build/phase5-71e2570/legacy-verified/bench_l11_sync0_wait4_w8_n32/obj \
	-o /home/elfo/Documents/Aster/build/phase5-71e2570/legacy-verified/bench_l11_sync0_wait4_w8_n32/asterbench_sim \
	/home/elfo/Documents/Aster/rtl/core/aster_picorv32.sv /home/elfo/Documents/Aster/vendor/picorv32/picorv32.v /home/elfo/Documents/Aster/rtl/cache/aster_l1_cache.sv \
	/home/elfo/Documents/Aster/rtl/memory/aster_rom.sv /home/elfo/Documents/Aster/rtl/memory/aster_ram.sv \
	/home/elfo/Documents/Aster/rtl/peripherals/aster_uart.sv /home/elfo/Documents/Aster/rtl/peripherals/aster_perf_counters.sv /home/elfo/Documents/Aster/rtl/core/aster_hart.sv /home/elfo/Documents/Aster/rtl/soc/aster_minimal.sv \
	/home/elfo/Documents/Aster/verification/soc/tb_asterbench.cpp
make[2]: Entering directory '/home/elfo/Documents/Aster/build/phase5-71e2570/legacy-verified/bench_l11_sync0_wait4_w8_n32/obj'
g++  -I.  -MMD -I/home/elfo/tools/verilator/root/include -I/home/elfo/tools/verilator/root/include/vltstd -DVM_COVERAGE=0 -DVM_SC=0 -DVM_TRACE=0 -DVM_TRACE_FST=0 -DVM_TRACE_VCD=0 -faligned-new -fcf-protection=none -Wno-bool-operation -Wno-overloaded-virtual -Wno-shadow -Wno-sign-compare -Wno-uninitialized -Wno-unused-but-set-parameter -Wno-unused-but-set-variable -Wno-unused-parameter -Wno-unused-variable       -Os -c -o tb_asterbench.o /home/elfo/Documents/Aster/verification/soc/tb_asterbench.cpp
g++ -Os  -I.  -MMD -I/home/elfo/tools/verilator/root/include -I/home/elfo/tools/verilator/root/include/vltstd -DVM_COVERAGE=0 -DVM_SC=0 -DVM_TRACE=0 -DVM_TRACE_FST=0 -DVM_TRACE_VCD=0 -faligned-new -fcf-protection=none -Wno-bool-operation -Wno-overloaded-virtual -Wno-shadow -Wno-sign-compare -Wno-uninitialized -Wno-unused-but-set-parameter -Wno-unused-but-set-variable -Wno-unused-parameter -Wno-unused-variable       -c -o verilated.o /home/elfo/tools/verilator/root/include/verilated.cpp
g++ -Os  -I.  -MMD -I/home/elfo/tools/verilator/root/include -I/home/elfo/tools/verilator/root/include/vltstd -DVM_COVERAGE=0 -DVM_SC=0 -DVM_TRACE=0 -DVM_TRACE_FST=0 -DVM_TRACE_VCD=0 -faligned-new -fcf-protection=none -Wno-bool-operation -Wno-overloaded-virtual -Wno-shadow -Wno-sign-compare -Wno-uninitialized -Wno-unused-but-set-parameter -Wno-unused-but-set-variable -Wno-unused-parameter -Wno-unused-variable       -c -o verilated_threads.o /home/elfo/tools/verilator/root/include/verilated_threads.cpp
/usr/bin/python3 /home/elfo/tools/verilator/root/bin/verilator_includer -DVL_INCLUDE_OPT=include Vaster_minimal.cpp Vaster_minimal___024root__DepSet_h32747b0f__0.cpp Vaster_minimal___024root__DepSet_h1d8fc093__0.cpp Vaster_minimal___024root__Slow.cpp Vaster_minimal___024root__DepSet_h32747b0f__0__Slow.cpp Vaster_minimal___024root__DepSet_h1d8fc093__0__Slow.cpp Vaster_minimal__Syms.cpp > Vaster_minimal__ALL.cpp
g++ -Os  -I.  -MMD -I/home/elfo/tools/verilator/root/include -I/home/elfo/tools/verilator/root/include/vltstd -DVM_COVERAGE=0 -DVM_SC=0 -DVM_TRACE=0 -DVM_TRACE_FST=0 -DVM_TRACE_VCD=0 -faligned-new -fcf-protection=none -Wno-bool-operation -Wno-overloaded-virtual -Wno-shadow -Wno-sign-compare -Wno-uninitialized -Wno-unused-but-set-parameter -Wno-unused-but-set-variable -Wno-unused-parameter -Wno-unused-variable       -c -o Vaster_minimal__ALL.o Vaster_minimal__ALL.cpp
echo "" > Vaster_minimal__ALL.verilator_deplist.tmp
Archive ar -rcs Vaster_minimal__ALL.a Vaster_minimal__ALL.o
g++     tb_asterbench.o verilated.o verilated_threads.o Vaster_minimal__ALL.a    -pthread -lpthread -latomic   -o /home/elfo/Documents/Aster/build/phase5-71e2570/legacy-verified/bench_l11_sync0_wait4_w8_n32/asterbench_sim
rm Vaster_minimal__ALL.verilator_deplist.tmp
make[2]: Leaving directory '/home/elfo/Documents/Aster/build/phase5-71e2570/legacy-verified/bench_l11_sync0_wait4_w8_n32/obj'
ASTERBENCH,version=2,name=memcpy,bytes=256,repetitions=4,seed=0x13570000,status=PASS,checksum=0xc4be3200,clock_hz=31250000,l1=1,sync_memory=0,line_words=8,line_count=32,memory_wait=4,cycles=0x00000000000023a5,retired=0x0000000000000611,memory_transactions=0x0000000000000910,backing_transactions=0x0000000000000148,cache_accesses=0x0000000000000910,cache_misses=0x0000000000000109,dma_bytes=0x0000000000000000,accelerator_cycles=0x0000000000000000
PASS: strict AsterBench v2 record
make[1]: Leaving directory '/home/elfo/Documents/Aster'
make[1]: Entering directory '/home/elfo/Documents/Aster'
mkdir -p /home/elfo/Documents/Aster/build/phase5-71e2570/legacy-verified/soc_l10_sync1_wait1_w8_n32
verilator --cc --exe --build --timing --Wall --Wno-fatal \
	-DRISCV_FORMAL --Wno-DECLFILENAME --Wno-GENUNNAMED --Wno-UNUSEDSIGNAL --Wno-BLKSEQ --top-module aster_minimal \
	"-GENABLE_L1=1'b0" "-GSYNC_MEMORY=1'b1" \
	-GMEMORY_WAIT_CYCLES=1 -GL1_LINE_WORDS=8 -GL1_LINE_COUNT=32 \
	--Mdir /home/elfo/Documents/Aster/build/phase5-71e2570/legacy-verified/soc_l10_sync1_wait1_w8_n32/obj -o /home/elfo/Documents/Aster/build/phase5-71e2570/legacy-verified/soc_l10_sync1_wait1_w8_n32/aster_soc_sim \
	/home/elfo/Documents/Aster/rtl/core/aster_picorv32.sv /home/elfo/Documents/Aster/vendor/picorv32/picorv32.v /home/elfo/Documents/Aster/rtl/cache/aster_l1_cache.sv /home/elfo/Documents/Aster/rtl/memory/aster_rom.sv /home/elfo/Documents/Aster/rtl/memory/aster_ram.sv /home/elfo/Documents/Aster/rtl/peripherals/aster_uart.sv /home/elfo/Documents/Aster/rtl/peripherals/aster_perf_counters.sv /home/elfo/Documents/Aster/rtl/core/aster_hart.sv /home/elfo/Documents/Aster/rtl/soc/aster_minimal.sv \
	/home/elfo/Documents/Aster/verification/soc/tb_aster_soc.cpp
make[2]: Entering directory '/home/elfo/Documents/Aster/build/phase5-71e2570/legacy-verified/soc_l10_sync1_wait1_w8_n32/obj'
g++  -I.  -MMD -I/home/elfo/tools/verilator/root/include -I/home/elfo/tools/verilator/root/include/vltstd -DVM_COVERAGE=0 -DVM_SC=0 -DVM_TRACE=0 -DVM_TRACE_FST=0 -DVM_TRACE_VCD=0 -faligned-new -fcf-protection=none -Wno-bool-operation -Wno-overloaded-virtual -Wno-shadow -Wno-sign-compare -Wno-uninitialized -Wno-unused-but-set-parameter -Wno-unused-but-set-variable -Wno-unused-parameter -Wno-unused-variable       -Os -c -o tb_aster_soc.o /home/elfo/Documents/Aster/verification/soc/tb_aster_soc.cpp
g++ -Os  -I.  -MMD -I/home/elfo/tools/verilator/root/include -I/home/elfo/tools/verilator/root/include/vltstd -DVM_COVERAGE=0 -DVM_SC=0 -DVM_TRACE=0 -DVM_TRACE_FST=0 -DVM_TRACE_VCD=0 -faligned-new -fcf-protection=none -Wno-bool-operation -Wno-overloaded-virtual -Wno-shadow -Wno-sign-compare -Wno-uninitialized -Wno-unused-but-set-parameter -Wno-unused-but-set-variable -Wno-unused-parameter -Wno-unused-variable       -c -o verilated.o /home/elfo/tools/verilator/root/include/verilated.cpp
g++ -Os  -I.  -MMD -I/home/elfo/tools/verilator/root/include -I/home/elfo/tools/verilator/root/include/vltstd -DVM_COVERAGE=0 -DVM_SC=0 -DVM_TRACE=0 -DVM_TRACE_FST=0 -DVM_TRACE_VCD=0 -faligned-new -fcf-protection=none -Wno-bool-operation -Wno-overloaded-virtual -Wno-shadow -Wno-sign-compare -Wno-uninitialized -Wno-unused-but-set-parameter -Wno-unused-but-set-variable -Wno-unused-parameter -Wno-unused-variable       -c -o verilated_threads.o /home/elfo/tools/verilator/root/include/verilated_threads.cpp
/usr/bin/python3 /home/elfo/tools/verilator/root/bin/verilator_includer -DVL_INCLUDE_OPT=include Vaster_minimal.cpp Vaster_minimal___024root__DepSet_h32747b0f__0.cpp Vaster_minimal___024root__DepSet_h1d8fc093__0.cpp Vaster_minimal___024root__Slow.cpp Vaster_minimal___024root__DepSet_h32747b0f__0__Slow.cpp Vaster_minimal___024root__DepSet_h1d8fc093__0__Slow.cpp Vaster_minimal__Syms.cpp > Vaster_minimal__ALL.cpp
g++ -Os  -I.  -MMD -I/home/elfo/tools/verilator/root/include -I/home/elfo/tools/verilator/root/include/vltstd -DVM_COVERAGE=0 -DVM_SC=0 -DVM_TRACE=0 -DVM_TRACE_FST=0 -DVM_TRACE_VCD=0 -faligned-new -fcf-protection=none -Wno-bool-operation -Wno-overloaded-virtual -Wno-shadow -Wno-sign-compare -Wno-uninitialized -Wno-unused-but-set-parameter -Wno-unused-but-set-variable -Wno-unused-parameter -Wno-unused-variable       -c -o Vaster_minimal__ALL.o Vaster_minimal__ALL.cpp
echo "" > Vaster_minimal__ALL.verilator_deplist.tmp
Archive ar -rcs Vaster_minimal__ALL.a Vaster_minimal__ALL.o
g++     tb_aster_soc.o verilated.o verilated_threads.o Vaster_minimal__ALL.a    -pthread -lpthread -latomic   -o /home/elfo/Documents/Aster/build/phase5-71e2570/legacy-verified/soc_l10_sync1_wait1_w8_n32/aster_soc_sim
rm Vaster_minimal__ALL.verilator_deplist.tmp
make[2]: Leaving directory '/home/elfo/Documents/Aster/build/phase5-71e2570/legacy-verified/soc_l10_sync1_wait1_w8_n32/obj'
RV32IM PASS
PASS: RV32IM PASS (1 boot(s))
RUNTIME PASS
RUNTIME PASS
PASS: RUNTIME PASS (2 boot(s))
MEMORY MAP PASS
PASS: MEMORY MAP PASS (1 boot(s))
Trap case 0
TRAP ARMED
TRAP ARMED
PASS: TRAP ARMED (2 boot(s))
Trap case 1
TRAP ARMED
TRAP ARMED
PASS: TRAP ARMED (2 boot(s))
Trap case 2
TRAP ARMED
TRAP ARMED
PASS: TRAP ARMED (2 boot(s))
Trap case 3
TRAP ARMED
TRAP ARMED
PASS: TRAP ARMED (2 boot(s))
Trap case 4
TRAP ARMED
TRAP ARMED
PASS: TRAP ARMED (2 boot(s))
Trap case 5
TRAP ARMED
TRAP ARMED
PASS: TRAP ARMED (2 boot(s))
Trap case 6
TRAP ARMED
TRAP ARMED
PASS: TRAP ARMED (2 boot(s))
Trap case 7
TRAP ARMED
TRAP ARMED
PASS: TRAP ARMED (2 boot(s))
Trap case 8
TRAP ARMED
TRAP ARMED
PASS: TRAP ARMED (2 boot(s))
Trap case 9
TRAP ARMED
TRAP ARMED
PASS: TRAP ARMED (2 boot(s))
Trap case 10
TRAP ARMED
TRAP ARMED
PASS: TRAP ARMED (2 boot(s))
Trap case 11
TRAP ARMED
TRAP ARMED
PASS: TRAP ARMED (2 boot(s))
test_board_output_validation_uses_strict_parser (test_asterbench.ResultProvenance.test_board_output_validation_uses_strict_parser) ... ok
test_comparison_contract (test_asterbench.ResultProvenance.test_comparison_contract) ... ok
test_required_provenance (test_asterbench.ResultProvenance.test_required_provenance) ... ok
test_serial_and_typed_record_must_agree (test_asterbench.ResultProvenance.test_serial_and_typed_record_must_agree) ... ok
test_common_corpus (test_asterbench.StrictRecords.test_common_corpus) ... ok
test_bad_options_and_known_references (test_cache_experiments.CacheExperiments.test_bad_options_and_known_references) ... ok
test_missing_experiment_rejected (test_cache_experiments.CacheExperiments.test_missing_experiment_rejected) ... ok
test_pattern_kernels_and_data_addresses_match (test_cache_experiments.CacheExperiments.test_pattern_kernels_and_data_addresses_match) ... ok
test_plan_covers_all_readme_experiments (test_cache_experiments.CacheExperiments.test_plan_covers_all_readme_experiments) ... ok
test_study_audit_rejects_corruption (test_cache_experiments.CacheExperiments.test_study_audit_rejects_corruption) ... ok
test_each_private_region_cannot_overflow_its_stack (test_multicore_layout.MulticoreLayout.test_each_private_region_cannot_overflow_its_stack) ... ok
test_rom_limit (test_multicore_layout.MulticoreLayout.test_rom_limit) ... ok
test_shared_initialized_odd_bytes_have_rom_load_image (test_multicore_layout.MulticoreLayout.test_shared_initialized_odd_bytes_have_rom_load_image) ... ok
test_shared_size_and_no_stack_alias (test_multicore_layout.MulticoreLayout.test_shared_size_and_no_stack_alias) ... ok
test_stack_alignment_and_minimum (test_multicore_layout.MulticoreLayout.test_stack_alignment_and_minimum) ... ok
test_comparison_refuses_different_work (test_parallel.ParallelProvenance.test_comparison_refuses_different_work) ... ok
test_required_fields_and_raw_log_binding (test_parallel.ParallelProvenance.test_required_fields_and_raw_log_binding) ... ok
test_complete_job_stream_and_independent_oracle (test_parallel.ParallelRecords.test_complete_job_stream_and_independent_oracle) ... ok
test_python_cpp_malformed_corpus (test_parallel.ParallelRecords.test_python_cpp_malformed_corpus) ... ok
test_known_corners (test_phase1.ArithmeticReference.test_known_corners) ... ok
test_seed_reproducibility (test_phase1.ArithmeticReference.test_seed_reproducibility) ... ok
test_initialized_byte_segment (test_phase1.FirmwareLayout.test_initialized_byte_segment) ... ok
test_rom_overflow (test_phase1.FirmwareLayout.test_rom_overflow) ... ok
test_stack_reservation (test_phase1.FirmwareLayout.test_stack_reservation) ... ok
test_missing_and_duplicate_modules_parameters_ports (test_pynq_handoff.HandoffSafety.test_missing_and_duplicate_modules_parameters_ports) ... ok
test_multicore_map_must_match_requested_harts (test_pynq_handoff.HandoffSafety.test_multicore_map_must_match_requested_harts) ... ok
test_mutated_exports_fail_closed (test_pynq_handoff.HandoffSafety.test_mutated_exports_fail_closed) ... ok
test_original_active_low_auxiliary_tied_zero_is_rejected (test_pynq_handoff.HandoffSafety.test_original_active_low_auxiliary_tied_zero_is_rejected) ... ok
test_valid_export (test_pynq_handoff.HandoffSafety.test_valid_export) ... ok
test_captured_reports_and_rejected_mutations (test_pynq_results.PhysicalResults.test_captured_reports_and_rejected_mutations) ... ok
test_bad_cli_preflight_never_imports_board_api (test_run_pynq.CollectorChecks.test_bad_cli_preflight_never_imports_board_api) ... ok
test_exact_runtime_and_complete_parallel_streams (test_run_pynq.CollectorChecks.test_exact_runtime_and_complete_parallel_streams) ... ok
test_lifetime_counter_rollover (test_run_pynq.CollectorChecks.test_lifetime_counter_rollover) ... ok

----------------------------------------------------------------------
Ran 33 tests in 5.186s

OK
mkdir -p /home/elfo/Documents/Aster/build/phase5-71e2570/legacy-verified/bench_l10_sync1_wait1_w8_n32
verilator --cc --exe --build --timing --Wall --Wno-fatal \
	-DRISCV_FORMAL --Wno-DECLFILENAME --Wno-GENUNNAMED --Wno-UNUSEDSIGNAL --Wno-BLKSEQ \
	--top-module aster_minimal \
	"-GENABLE_L1=1'b0" "-GSYNC_MEMORY=1'b1" \
	-GMEMORY_WAIT_CYCLES=1 -GL1_LINE_WORDS=8 -GL1_LINE_COUNT=32 \
	--Mdir /home/elfo/Documents/Aster/build/phase5-71e2570/legacy-verified/bench_l10_sync1_wait1_w8_n32/obj \
	-o /home/elfo/Documents/Aster/build/phase5-71e2570/legacy-verified/bench_l10_sync1_wait1_w8_n32/asterbench_sim \
	/home/elfo/Documents/Aster/rtl/core/aster_picorv32.sv /home/elfo/Documents/Aster/vendor/picorv32/picorv32.v /home/elfo/Documents/Aster/rtl/cache/aster_l1_cache.sv \
	/home/elfo/Documents/Aster/rtl/memory/aster_rom.sv /home/elfo/Documents/Aster/rtl/memory/aster_ram.sv \
	/home/elfo/Documents/Aster/rtl/peripherals/aster_uart.sv /home/elfo/Documents/Aster/rtl/peripherals/aster_perf_counters.sv /home/elfo/Documents/Aster/rtl/core/aster_hart.sv /home/elfo/Documents/Aster/rtl/soc/aster_minimal.sv \
	/home/elfo/Documents/Aster/verification/soc/tb_asterbench.cpp
make[2]: Entering directory '/home/elfo/Documents/Aster/build/phase5-71e2570/legacy-verified/bench_l10_sync1_wait1_w8_n32/obj'
g++  -I.  -MMD -I/home/elfo/tools/verilator/root/include -I/home/elfo/tools/verilator/root/include/vltstd -DVM_COVERAGE=0 -DVM_SC=0 -DVM_TRACE=0 -DVM_TRACE_FST=0 -DVM_TRACE_VCD=0 -faligned-new -fcf-protection=none -Wno-bool-operation -Wno-overloaded-virtual -Wno-shadow -Wno-sign-compare -Wno-uninitialized -Wno-unused-but-set-parameter -Wno-unused-but-set-variable -Wno-unused-parameter -Wno-unused-variable       -Os -c -o tb_asterbench.o /home/elfo/Documents/Aster/verification/soc/tb_asterbench.cpp
g++ -Os  -I.  -MMD -I/home/elfo/tools/verilator/root/include -I/home/elfo/tools/verilator/root/include/vltstd -DVM_COVERAGE=0 -DVM_SC=0 -DVM_TRACE=0 -DVM_TRACE_FST=0 -DVM_TRACE_VCD=0 -faligned-new -fcf-protection=none -Wno-bool-operation -Wno-overloaded-virtual -Wno-shadow -Wno-sign-compare -Wno-uninitialized -Wno-unused-but-set-parameter -Wno-unused-but-set-variable -Wno-unused-parameter -Wno-unused-variable       -c -o verilated.o /home/elfo/tools/verilator/root/include/verilated.cpp
g++ -Os  -I.  -MMD -I/home/elfo/tools/verilator/root/include -I/home/elfo/tools/verilator/root/include/vltstd -DVM_COVERAGE=0 -DVM_SC=0 -DVM_TRACE=0 -DVM_TRACE_FST=0 -DVM_TRACE_VCD=0 -faligned-new -fcf-protection=none -Wno-bool-operation -Wno-overloaded-virtual -Wno-shadow -Wno-sign-compare -Wno-uninitialized -Wno-unused-but-set-parameter -Wno-unused-but-set-variable -Wno-unused-parameter -Wno-unused-variable       -c -o verilated_threads.o /home/elfo/tools/verilator/root/include/verilated_threads.cpp
/usr/bin/python3 /home/elfo/tools/verilator/root/bin/verilator_includer -DVL_INCLUDE_OPT=include Vaster_minimal.cpp Vaster_minimal___024root__DepSet_h32747b0f__0.cpp Vaster_minimal___024root__DepSet_h1d8fc093__0.cpp Vaster_minimal___024root__Slow.cpp Vaster_minimal___024root__DepSet_h32747b0f__0__Slow.cpp Vaster_minimal___024root__DepSet_h1d8fc093__0__Slow.cpp Vaster_minimal__Syms.cpp > Vaster_minimal__ALL.cpp
g++ -Os  -I.  -MMD -I/home/elfo/tools/verilator/root/include -I/home/elfo/tools/verilator/root/include/vltstd -DVM_COVERAGE=0 -DVM_SC=0 -DVM_TRACE=0 -DVM_TRACE_FST=0 -DVM_TRACE_VCD=0 -faligned-new -fcf-protection=none -Wno-bool-operation -Wno-overloaded-virtual -Wno-shadow -Wno-sign-compare -Wno-uninitialized -Wno-unused-but-set-parameter -Wno-unused-but-set-variable -Wno-unused-parameter -Wno-unused-variable       -c -o Vaster_minimal__ALL.o Vaster_minimal__ALL.cpp
echo "" > Vaster_minimal__ALL.verilator_deplist.tmp
Archive ar -rcs Vaster_minimal__ALL.a Vaster_minimal__ALL.o
g++     tb_asterbench.o verilated.o verilated_threads.o Vaster_minimal__ALL.a    -pthread -lpthread -latomic   -o /home/elfo/Documents/Aster/build/phase5-71e2570/legacy-verified/bench_l10_sync1_wait1_w8_n32/asterbench_sim
rm Vaster_minimal__ALL.verilator_deplist.tmp
make[2]: Leaving directory '/home/elfo/Documents/Aster/build/phase5-71e2570/legacy-verified/bench_l10_sync1_wait1_w8_n32/obj'
ASTERBENCH,version=2,name=memcpy,bytes=256,repetitions=4,seed=0x13570000,status=PASS,checksum=0xc4be3200,clock_hz=31250000,l1=0,sync_memory=1,line_words=8,line_count=32,memory_wait=1,cycles=0x0000000000002543,retired=0x0000000000000611,memory_transactions=0x0000000000000910,backing_transactions=0x0000000000000910,cache_accesses=0x0000000000000000,cache_misses=0x0000000000000000,dma_bytes=0x0000000000000000,accelerator_cycles=0x0000000000000000
PASS: strict AsterBench v2 record
make[1]: Leaving directory '/home/elfo/Documents/Aster'
make[1]: Entering directory '/home/elfo/Documents/Aster'
mkdir -p /home/elfo/Documents/Aster/build/phase5-71e2570/legacy-verified/soc_l11_sync1_wait1_w8_n32
verilator --cc --exe --build --timing --Wall --Wno-fatal \
	-DRISCV_FORMAL --Wno-DECLFILENAME --Wno-GENUNNAMED --Wno-UNUSEDSIGNAL --Wno-BLKSEQ --top-module aster_minimal \
	"-GENABLE_L1=1'b1" "-GSYNC_MEMORY=1'b1" \
	-GMEMORY_WAIT_CYCLES=1 -GL1_LINE_WORDS=8 -GL1_LINE_COUNT=32 \
	--Mdir /home/elfo/Documents/Aster/build/phase5-71e2570/legacy-verified/soc_l11_sync1_wait1_w8_n32/obj -o /home/elfo/Documents/Aster/build/phase5-71e2570/legacy-verified/soc_l11_sync1_wait1_w8_n32/aster_soc_sim \
	/home/elfo/Documents/Aster/rtl/core/aster_picorv32.sv /home/elfo/Documents/Aster/vendor/picorv32/picorv32.v /home/elfo/Documents/Aster/rtl/cache/aster_l1_cache.sv /home/elfo/Documents/Aster/rtl/memory/aster_rom.sv /home/elfo/Documents/Aster/rtl/memory/aster_ram.sv /home/elfo/Documents/Aster/rtl/peripherals/aster_uart.sv /home/elfo/Documents/Aster/rtl/peripherals/aster_perf_counters.sv /home/elfo/Documents/Aster/rtl/core/aster_hart.sv /home/elfo/Documents/Aster/rtl/soc/aster_minimal.sv \
	/home/elfo/Documents/Aster/verification/soc/tb_aster_soc.cpp
make[2]: Entering directory '/home/elfo/Documents/Aster/build/phase5-71e2570/legacy-verified/soc_l11_sync1_wait1_w8_n32/obj'
g++  -I.  -MMD -I/home/elfo/tools/verilator/root/include -I/home/elfo/tools/verilator/root/include/vltstd -DVM_COVERAGE=0 -DVM_SC=0 -DVM_TRACE=0 -DVM_TRACE_FST=0 -DVM_TRACE_VCD=0 -faligned-new -fcf-protection=none -Wno-bool-operation -Wno-overloaded-virtual -Wno-shadow -Wno-sign-compare -Wno-uninitialized -Wno-unused-but-set-parameter -Wno-unused-but-set-variable -Wno-unused-parameter -Wno-unused-variable       -Os -c -o tb_aster_soc.o /home/elfo/Documents/Aster/verification/soc/tb_aster_soc.cpp
g++ -Os  -I.  -MMD -I/home/elfo/tools/verilator/root/include -I/home/elfo/tools/verilator/root/include/vltstd -DVM_COVERAGE=0 -DVM_SC=0 -DVM_TRACE=0 -DVM_TRACE_FST=0 -DVM_TRACE_VCD=0 -faligned-new -fcf-protection=none -Wno-bool-operation -Wno-overloaded-virtual -Wno-shadow -Wno-sign-compare -Wno-uninitialized -Wno-unused-but-set-parameter -Wno-unused-but-set-variable -Wno-unused-parameter -Wno-unused-variable       -c -o verilated.o /home/elfo/tools/verilator/root/include/verilated.cpp
g++ -Os  -I.  -MMD -I/home/elfo/tools/verilator/root/include -I/home/elfo/tools/verilator/root/include/vltstd -DVM_COVERAGE=0 -DVM_SC=0 -DVM_TRACE=0 -DVM_TRACE_FST=0 -DVM_TRACE_VCD=0 -faligned-new -fcf-protection=none -Wno-bool-operation -Wno-overloaded-virtual -Wno-shadow -Wno-sign-compare -Wno-uninitialized -Wno-unused-but-set-parameter -Wno-unused-but-set-variable -Wno-unused-parameter -Wno-unused-variable       -c -o verilated_threads.o /home/elfo/tools/verilator/root/include/verilated_threads.cpp
/usr/bin/python3 /home/elfo/tools/verilator/root/bin/verilator_includer -DVL_INCLUDE_OPT=include Vaster_minimal.cpp Vaster_minimal___024root__DepSet_h32747b0f__0.cpp Vaster_minimal___024root__DepSet_h1d8fc093__0.cpp Vaster_minimal___024root__Slow.cpp Vaster_minimal___024root__DepSet_h32747b0f__0__Slow.cpp Vaster_minimal___024root__DepSet_h1d8fc093__0__Slow.cpp Vaster_minimal__Syms.cpp > Vaster_minimal__ALL.cpp
g++ -Os  -I.  -MMD -I/home/elfo/tools/verilator/root/include -I/home/elfo/tools/verilator/root/include/vltstd -DVM_COVERAGE=0 -DVM_SC=0 -DVM_TRACE=0 -DVM_TRACE_FST=0 -DVM_TRACE_VCD=0 -faligned-new -fcf-protection=none -Wno-bool-operation -Wno-overloaded-virtual -Wno-shadow -Wno-sign-compare -Wno-uninitialized -Wno-unused-but-set-parameter -Wno-unused-but-set-variable -Wno-unused-parameter -Wno-unused-variable       -c -o Vaster_minimal__ALL.o Vaster_minimal__ALL.cpp
echo "" > Vaster_minimal__ALL.verilator_deplist.tmp
Archive ar -rcs Vaster_minimal__ALL.a Vaster_minimal__ALL.o
g++     tb_aster_soc.o verilated.o verilated_threads.o Vaster_minimal__ALL.a    -pthread -lpthread -latomic   -o /home/elfo/Documents/Aster/build/phase5-71e2570/legacy-verified/soc_l11_sync1_wait1_w8_n32/aster_soc_sim
rm Vaster_minimal__ALL.verilator_deplist.tmp
make[2]: Leaving directory '/home/elfo/Documents/Aster/build/phase5-71e2570/legacy-verified/soc_l11_sync1_wait1_w8_n32/obj'
RV32IM PASS
PASS: RV32IM PASS (1 boot(s))
RUNTIME PASS
RUNTIME PASS
PASS: RUNTIME PASS (2 boot(s))
MEMORY MAP PASS
PASS: MEMORY MAP PASS (1 boot(s))
Trap case 0
TRAP ARMED
TRAP ARMED
PASS: TRAP ARMED (2 boot(s))
Trap case 1
TRAP ARMED
TRAP ARMED
PASS: TRAP ARMED (2 boot(s))
Trap case 2
TRAP ARMED
TRAP ARMED
PASS: TRAP ARMED (2 boot(s))
Trap case 3
TRAP ARMED
TRAP ARMED
PASS: TRAP ARMED (2 boot(s))
Trap case 4
TRAP ARMED
TRAP ARMED
PASS: TRAP ARMED (2 boot(s))
Trap case 5
TRAP ARMED
TRAP ARMED
PASS: TRAP ARMED (2 boot(s))
Trap case 6
TRAP ARMED
TRAP ARMED
PASS: TRAP ARMED (2 boot(s))
Trap case 7
TRAP ARMED
TRAP ARMED
PASS: TRAP ARMED (2 boot(s))
Trap case 8
TRAP ARMED
TRAP ARMED
PASS: TRAP ARMED (2 boot(s))
Trap case 9
TRAP ARMED
TRAP ARMED
PASS: TRAP ARMED (2 boot(s))
Trap case 10
TRAP ARMED
TRAP ARMED
PASS: TRAP ARMED (2 boot(s))
Trap case 11
TRAP ARMED
TRAP ARMED
PASS: TRAP ARMED (2 boot(s))
test_board_output_validation_uses_strict_parser (test_asterbench.ResultProvenance.test_board_output_validation_uses_strict_parser) ... ok
test_comparison_contract (test_asterbench.ResultProvenance.test_comparison_contract) ... ok
test_required_provenance (test_asterbench.ResultProvenance.test_required_provenance) ... ok
test_serial_and_typed_record_must_agree (test_asterbench.ResultProvenance.test_serial_and_typed_record_must_agree) ... ok
test_common_corpus (test_asterbench.StrictRecords.test_common_corpus) ... ok
test_bad_options_and_known_references (test_cache_experiments.CacheExperiments.test_bad_options_and_known_references) ... ok
test_missing_experiment_rejected (test_cache_experiments.CacheExperiments.test_missing_experiment_rejected) ... ok
test_pattern_kernels_and_data_addresses_match (test_cache_experiments.CacheExperiments.test_pattern_kernels_and_data_addresses_match) ... ok
test_plan_covers_all_readme_experiments (test_cache_experiments.CacheExperiments.test_plan_covers_all_readme_experiments) ... ok
test_study_audit_rejects_corruption (test_cache_experiments.CacheExperiments.test_study_audit_rejects_corruption) ... ok
test_each_private_region_cannot_overflow_its_stack (test_multicore_layout.MulticoreLayout.test_each_private_region_cannot_overflow_its_stack) ... ok
test_rom_limit (test_multicore_layout.MulticoreLayout.test_rom_limit) ... ok
test_shared_initialized_odd_bytes_have_rom_load_image (test_multicore_layout.MulticoreLayout.test_shared_initialized_odd_bytes_have_rom_load_image) ... ok
test_shared_size_and_no_stack_alias (test_multicore_layout.MulticoreLayout.test_shared_size_and_no_stack_alias) ... ok
test_stack_alignment_and_minimum (test_multicore_layout.MulticoreLayout.test_stack_alignment_and_minimum) ... ok
test_comparison_refuses_different_work (test_parallel.ParallelProvenance.test_comparison_refuses_different_work) ... ok
test_required_fields_and_raw_log_binding (test_parallel.ParallelProvenance.test_required_fields_and_raw_log_binding) ... ok
test_complete_job_stream_and_independent_oracle (test_parallel.ParallelRecords.test_complete_job_stream_and_independent_oracle) ... ok
test_python_cpp_malformed_corpus (test_parallel.ParallelRecords.test_python_cpp_malformed_corpus) ... ok
test_known_corners (test_phase1.ArithmeticReference.test_known_corners) ... ok
test_seed_reproducibility (test_phase1.ArithmeticReference.test_seed_reproducibility) ... ok
test_initialized_byte_segment (test_phase1.FirmwareLayout.test_initialized_byte_segment) ... ok
test_rom_overflow (test_phase1.FirmwareLayout.test_rom_overflow) ... ok
test_stack_reservation (test_phase1.FirmwareLayout.test_stack_reservation) ... ok
test_missing_and_duplicate_modules_parameters_ports (test_pynq_handoff.HandoffSafety.test_missing_and_duplicate_modules_parameters_ports) ... ok
test_multicore_map_must_match_requested_harts (test_pynq_handoff.HandoffSafety.test_multicore_map_must_match_requested_harts) ... ok
test_mutated_exports_fail_closed (test_pynq_handoff.HandoffSafety.test_mutated_exports_fail_closed) ... ok
test_original_active_low_auxiliary_tied_zero_is_rejected (test_pynq_handoff.HandoffSafety.test_original_active_low_auxiliary_tied_zero_is_rejected) ... ok
test_valid_export (test_pynq_handoff.HandoffSafety.test_valid_export) ... ok
test_captured_reports_and_rejected_mutations (test_pynq_results.PhysicalResults.test_captured_reports_and_rejected_mutations) ... ok
test_bad_cli_preflight_never_imports_board_api (test_run_pynq.CollectorChecks.test_bad_cli_preflight_never_imports_board_api) ... ok
test_exact_runtime_and_complete_parallel_streams (test_run_pynq.CollectorChecks.test_exact_runtime_and_complete_parallel_streams) ... ok
test_lifetime_counter_rollover (test_run_pynq.CollectorChecks.test_lifetime_counter_rollover) ... ok

----------------------------------------------------------------------
Ran 33 tests in 5.188s

OK
mkdir -p /home/elfo/Documents/Aster/build/phase5-71e2570/legacy-verified/bench_l11_sync1_wait1_w8_n32
verilator --cc --exe --build --timing --Wall --Wno-fatal \
	-DRISCV_FORMAL --Wno-DECLFILENAME --Wno-GENUNNAMED --Wno-UNUSEDSIGNAL --Wno-BLKSEQ \
	--top-module aster_minimal \
	"-GENABLE_L1=1'b1" "-GSYNC_MEMORY=1'b1" \
	-GMEMORY_WAIT_CYCLES=1 -GL1_LINE_WORDS=8 -GL1_LINE_COUNT=32 \
	--Mdir /home/elfo/Documents/Aster/build/phase5-71e2570/legacy-verified/bench_l11_sync1_wait1_w8_n32/obj \
	-o /home/elfo/Documents/Aster/build/phase5-71e2570/legacy-verified/bench_l11_sync1_wait1_w8_n32/asterbench_sim \
	/home/elfo/Documents/Aster/rtl/core/aster_picorv32.sv /home/elfo/Documents/Aster/vendor/picorv32/picorv32.v /home/elfo/Documents/Aster/rtl/cache/aster_l1_cache.sv \
	/home/elfo/Documents/Aster/rtl/memory/aster_rom.sv /home/elfo/Documents/Aster/rtl/memory/aster_ram.sv \
	/home/elfo/Documents/Aster/rtl/peripherals/aster_uart.sv /home/elfo/Documents/Aster/rtl/peripherals/aster_perf_counters.sv /home/elfo/Documents/Aster/rtl/core/aster_hart.sv /home/elfo/Documents/Aster/rtl/soc/aster_minimal.sv \
	/home/elfo/Documents/Aster/verification/soc/tb_asterbench.cpp
make[2]: Entering directory '/home/elfo/Documents/Aster/build/phase5-71e2570/legacy-verified/bench_l11_sync1_wait1_w8_n32/obj'
g++  -I.  -MMD -I/home/elfo/tools/verilator/root/include -I/home/elfo/tools/verilator/root/include/vltstd -DVM_COVERAGE=0 -DVM_SC=0 -DVM_TRACE=0 -DVM_TRACE_FST=0 -DVM_TRACE_VCD=0 -faligned-new -fcf-protection=none -Wno-bool-operation -Wno-overloaded-virtual -Wno-shadow -Wno-sign-compare -Wno-uninitialized -Wno-unused-but-set-parameter -Wno-unused-but-set-variable -Wno-unused-parameter -Wno-unused-variable       -Os -c -o tb_asterbench.o /home/elfo/Documents/Aster/verification/soc/tb_asterbench.cpp
g++ -Os  -I.  -MMD -I/home/elfo/tools/verilator/root/include -I/home/elfo/tools/verilator/root/include/vltstd -DVM_COVERAGE=0 -DVM_SC=0 -DVM_TRACE=0 -DVM_TRACE_FST=0 -DVM_TRACE_VCD=0 -faligned-new -fcf-protection=none -Wno-bool-operation -Wno-overloaded-virtual -Wno-shadow -Wno-sign-compare -Wno-uninitialized -Wno-unused-but-set-parameter -Wno-unused-but-set-variable -Wno-unused-parameter -Wno-unused-variable       -c -o verilated.o /home/elfo/tools/verilator/root/include/verilated.cpp
g++ -Os  -I.  -MMD -I/home/elfo/tools/verilator/root/include -I/home/elfo/tools/verilator/root/include/vltstd -DVM_COVERAGE=0 -DVM_SC=0 -DVM_TRACE=0 -DVM_TRACE_FST=0 -DVM_TRACE_VCD=0 -faligned-new -fcf-protection=none -Wno-bool-operation -Wno-overloaded-virtual -Wno-shadow -Wno-sign-compare -Wno-uninitialized -Wno-unused-but-set-parameter -Wno-unused-but-set-variable -Wno-unused-parameter -Wno-unused-variable       -c -o verilated_threads.o /home/elfo/tools/verilator/root/include/verilated_threads.cpp
/usr/bin/python3 /home/elfo/tools/verilator/root/bin/verilator_includer -DVL_INCLUDE_OPT=include Vaster_minimal.cpp Vaster_minimal___024root__DepSet_h32747b0f__0.cpp Vaster_minimal___024root__DepSet_h1d8fc093__0.cpp Vaster_minimal___024root__Slow.cpp Vaster_minimal___024root__DepSet_h32747b0f__0__Slow.cpp Vaster_minimal___024root__DepSet_h1d8fc093__0__Slow.cpp Vaster_minimal__Syms.cpp > Vaster_minimal__ALL.cpp
g++ -Os  -I.  -MMD -I/home/elfo/tools/verilator/root/include -I/home/elfo/tools/verilator/root/include/vltstd -DVM_COVERAGE=0 -DVM_SC=0 -DVM_TRACE=0 -DVM_TRACE_FST=0 -DVM_TRACE_VCD=0 -faligned-new -fcf-protection=none -Wno-bool-operation -Wno-overloaded-virtual -Wno-shadow -Wno-sign-compare -Wno-uninitialized -Wno-unused-but-set-parameter -Wno-unused-but-set-variable -Wno-unused-parameter -Wno-unused-variable       -c -o Vaster_minimal__ALL.o Vaster_minimal__ALL.cpp
echo "" > Vaster_minimal__ALL.verilator_deplist.tmp
Archive ar -rcs Vaster_minimal__ALL.a Vaster_minimal__ALL.o
g++     tb_asterbench.o verilated.o verilated_threads.o Vaster_minimal__ALL.a    -pthread -lpthread -latomic   -o /home/elfo/Documents/Aster/build/phase5-71e2570/legacy-verified/bench_l11_sync1_wait1_w8_n32/asterbench_sim
rm Vaster_minimal__ALL.verilator_deplist.tmp
make[2]: Leaving directory '/home/elfo/Documents/Aster/build/phase5-71e2570/legacy-verified/bench_l11_sync1_wait1_w8_n32/obj'
ASTERBENCH,version=2,name=memcpy,bytes=256,repetitions=4,seed=0x13570000,status=PASS,checksum=0xc4be3200,clock_hz=31250000,l1=1,sync_memory=1,line_words=8,line_count=32,memory_wait=1,cycles=0x0000000000001fcd,retired=0x0000000000000611,memory_transactions=0x0000000000000910,backing_transactions=0x0000000000000148,cache_accesses=0x0000000000000910,cache_misses=0x0000000000000109,dma_bytes=0x0000000000000000,accelerator_cycles=0x0000000000000000
PASS: strict AsterBench v2 record
make[1]: Leaving directory '/home/elfo/Documents/Aster'
make[1]: Entering directory '/home/elfo/Documents/Aster'
mkdir -p /home/elfo/Documents/Aster/build/phase5-71e2570/legacy-verified/soc_l10_sync1_wait4_w8_n32
verilator --cc --exe --build --timing --Wall --Wno-fatal \
	-DRISCV_FORMAL --Wno-DECLFILENAME --Wno-GENUNNAMED --Wno-UNUSEDSIGNAL --Wno-BLKSEQ --top-module aster_minimal \
	"-GENABLE_L1=1'b0" "-GSYNC_MEMORY=1'b1" \
	-GMEMORY_WAIT_CYCLES=4 -GL1_LINE_WORDS=8 -GL1_LINE_COUNT=32 \
	--Mdir /home/elfo/Documents/Aster/build/phase5-71e2570/legacy-verified/soc_l10_sync1_wait4_w8_n32/obj -o /home/elfo/Documents/Aster/build/phase5-71e2570/legacy-verified/soc_l10_sync1_wait4_w8_n32/aster_soc_sim \
	/home/elfo/Documents/Aster/rtl/core/aster_picorv32.sv /home/elfo/Documents/Aster/vendor/picorv32/picorv32.v /home/elfo/Documents/Aster/rtl/cache/aster_l1_cache.sv /home/elfo/Documents/Aster/rtl/memory/aster_rom.sv /home/elfo/Documents/Aster/rtl/memory/aster_ram.sv /home/elfo/Documents/Aster/rtl/peripherals/aster_uart.sv /home/elfo/Documents/Aster/rtl/peripherals/aster_perf_counters.sv /home/elfo/Documents/Aster/rtl/core/aster_hart.sv /home/elfo/Documents/Aster/rtl/soc/aster_minimal.sv \
	/home/elfo/Documents/Aster/verification/soc/tb_aster_soc.cpp
make[2]: Entering directory '/home/elfo/Documents/Aster/build/phase5-71e2570/legacy-verified/soc_l10_sync1_wait4_w8_n32/obj'
g++  -I.  -MMD -I/home/elfo/tools/verilator/root/include -I/home/elfo/tools/verilator/root/include/vltstd -DVM_COVERAGE=0 -DVM_SC=0 -DVM_TRACE=0 -DVM_TRACE_FST=0 -DVM_TRACE_VCD=0 -faligned-new -fcf-protection=none -Wno-bool-operation -Wno-overloaded-virtual -Wno-shadow -Wno-sign-compare -Wno-uninitialized -Wno-unused-but-set-parameter -Wno-unused-but-set-variable -Wno-unused-parameter -Wno-unused-variable       -Os -c -o tb_aster_soc.o /home/elfo/Documents/Aster/verification/soc/tb_aster_soc.cpp
g++ -Os  -I.  -MMD -I/home/elfo/tools/verilator/root/include -I/home/elfo/tools/verilator/root/include/vltstd -DVM_COVERAGE=0 -DVM_SC=0 -DVM_TRACE=0 -DVM_TRACE_FST=0 -DVM_TRACE_VCD=0 -faligned-new -fcf-protection=none -Wno-bool-operation -Wno-overloaded-virtual -Wno-shadow -Wno-sign-compare -Wno-uninitialized -Wno-unused-but-set-parameter -Wno-unused-but-set-variable -Wno-unused-parameter -Wno-unused-variable       -c -o verilated.o /home/elfo/tools/verilator/root/include/verilated.cpp
g++ -Os  -I.  -MMD -I/home/elfo/tools/verilator/root/include -I/home/elfo/tools/verilator/root/include/vltstd -DVM_COVERAGE=0 -DVM_SC=0 -DVM_TRACE=0 -DVM_TRACE_FST=0 -DVM_TRACE_VCD=0 -faligned-new -fcf-protection=none -Wno-bool-operation -Wno-overloaded-virtual -Wno-shadow -Wno-sign-compare -Wno-uninitialized -Wno-unused-but-set-parameter -Wno-unused-but-set-variable -Wno-unused-parameter -Wno-unused-variable       -c -o verilated_threads.o /home/elfo/tools/verilator/root/include/verilated_threads.cpp
/usr/bin/python3 /home/elfo/tools/verilator/root/bin/verilator_includer -DVL_INCLUDE_OPT=include Vaster_minimal.cpp Vaster_minimal___024root__DepSet_h32747b0f__0.cpp Vaster_minimal___024root__DepSet_h1d8fc093__0.cpp Vaster_minimal___024root__Slow.cpp Vaster_minimal___024root__DepSet_h32747b0f__0__Slow.cpp Vaster_minimal___024root__DepSet_h1d8fc093__0__Slow.cpp Vaster_minimal__Syms.cpp > Vaster_minimal__ALL.cpp
g++ -Os  -I.  -MMD -I/home/elfo/tools/verilator/root/include -I/home/elfo/tools/verilator/root/include/vltstd -DVM_COVERAGE=0 -DVM_SC=0 -DVM_TRACE=0 -DVM_TRACE_FST=0 -DVM_TRACE_VCD=0 -faligned-new -fcf-protection=none -Wno-bool-operation -Wno-overloaded-virtual -Wno-shadow -Wno-sign-compare -Wno-uninitialized -Wno-unused-but-set-parameter -Wno-unused-but-set-variable -Wno-unused-parameter -Wno-unused-variable       -c -o Vaster_minimal__ALL.o Vaster_minimal__ALL.cpp
echo "" > Vaster_minimal__ALL.verilator_deplist.tmp
Archive ar -rcs Vaster_minimal__ALL.a Vaster_minimal__ALL.o
g++     tb_aster_soc.o verilated.o verilated_threads.o Vaster_minimal__ALL.a    -pthread -lpthread -latomic   -o /home/elfo/Documents/Aster/build/phase5-71e2570/legacy-verified/soc_l10_sync1_wait4_w8_n32/aster_soc_sim
rm Vaster_minimal__ALL.verilator_deplist.tmp
make[2]: Leaving directory '/home/elfo/Documents/Aster/build/phase5-71e2570/legacy-verified/soc_l10_sync1_wait4_w8_n32/obj'
RV32IM PASS
PASS: RV32IM PASS (1 boot(s))
RUNTIME PASS
RUNTIME PASS
PASS: RUNTIME PASS (2 boot(s))
MEMORY MAP PASS
PASS: MEMORY MAP PASS (1 boot(s))
Trap case 0
TRAP ARMED
TRAP ARMED
PASS: TRAP ARMED (2 boot(s))
Trap case 1
TRAP ARMED
TRAP ARMED
PASS: TRAP ARMED (2 boot(s))
Trap case 2
TRAP ARMED
TRAP ARMED
PASS: TRAP ARMED (2 boot(s))
Trap case 3
TRAP ARMED
TRAP ARMED
PASS: TRAP ARMED (2 boot(s))
Trap case 4
TRAP ARMED
TRAP ARMED
PASS: TRAP ARMED (2 boot(s))
Trap case 5
TRAP ARMED
TRAP ARMED
PASS: TRAP ARMED (2 boot(s))
Trap case 6
TRAP ARMED
TRAP ARMED
PASS: TRAP ARMED (2 boot(s))
Trap case 7
TRAP ARMED
TRAP ARMED
PASS: TRAP ARMED (2 boot(s))
Trap case 8
TRAP ARMED
TRAP ARMED
PASS: TRAP ARMED (2 boot(s))
Trap case 9
TRAP ARMED
TRAP ARMED
PASS: TRAP ARMED (2 boot(s))
Trap case 10
TRAP ARMED
TRAP ARMED
PASS: TRAP ARMED (2 boot(s))
Trap case 11
TRAP ARMED
TRAP ARMED
PASS: TRAP ARMED (2 boot(s))
test_board_output_validation_uses_strict_parser (test_asterbench.ResultProvenance.test_board_output_validation_uses_strict_parser) ... ok
test_comparison_contract (test_asterbench.ResultProvenance.test_comparison_contract) ... ok
test_required_provenance (test_asterbench.ResultProvenance.test_required_provenance) ... ok
test_serial_and_typed_record_must_agree (test_asterbench.ResultProvenance.test_serial_and_typed_record_must_agree) ... ok
test_common_corpus (test_asterbench.StrictRecords.test_common_corpus) ... ok
test_bad_options_and_known_references (test_cache_experiments.CacheExperiments.test_bad_options_and_known_references) ... ok
test_missing_experiment_rejected (test_cache_experiments.CacheExperiments.test_missing_experiment_rejected) ... ok
test_pattern_kernels_and_data_addresses_match (test_cache_experiments.CacheExperiments.test_pattern_kernels_and_data_addresses_match) ... ok
test_plan_covers_all_readme_experiments (test_cache_experiments.CacheExperiments.test_plan_covers_all_readme_experiments) ... ok
test_study_audit_rejects_corruption (test_cache_experiments.CacheExperiments.test_study_audit_rejects_corruption) ... ok
test_each_private_region_cannot_overflow_its_stack (test_multicore_layout.MulticoreLayout.test_each_private_region_cannot_overflow_its_stack) ... ok
test_rom_limit (test_multicore_layout.MulticoreLayout.test_rom_limit) ... ok
test_shared_initialized_odd_bytes_have_rom_load_image (test_multicore_layout.MulticoreLayout.test_shared_initialized_odd_bytes_have_rom_load_image) ... ok
test_shared_size_and_no_stack_alias (test_multicore_layout.MulticoreLayout.test_shared_size_and_no_stack_alias) ... ok
test_stack_alignment_and_minimum (test_multicore_layout.MulticoreLayout.test_stack_alignment_and_minimum) ... ok
test_comparison_refuses_different_work (test_parallel.ParallelProvenance.test_comparison_refuses_different_work) ... ok
test_required_fields_and_raw_log_binding (test_parallel.ParallelProvenance.test_required_fields_and_raw_log_binding) ... ok
test_complete_job_stream_and_independent_oracle (test_parallel.ParallelRecords.test_complete_job_stream_and_independent_oracle) ... ok
test_python_cpp_malformed_corpus (test_parallel.ParallelRecords.test_python_cpp_malformed_corpus) ... ok
test_known_corners (test_phase1.ArithmeticReference.test_known_corners) ... ok
test_seed_reproducibility (test_phase1.ArithmeticReference.test_seed_reproducibility) ... ok
test_initialized_byte_segment (test_phase1.FirmwareLayout.test_initialized_byte_segment) ... ok
test_rom_overflow (test_phase1.FirmwareLayout.test_rom_overflow) ... ok
test_stack_reservation (test_phase1.FirmwareLayout.test_stack_reservation) ... ok
test_missing_and_duplicate_modules_parameters_ports (test_pynq_handoff.HandoffSafety.test_missing_and_duplicate_modules_parameters_ports) ... ok
test_multicore_map_must_match_requested_harts (test_pynq_handoff.HandoffSafety.test_multicore_map_must_match_requested_harts) ... ok
test_mutated_exports_fail_closed (test_pynq_handoff.HandoffSafety.test_mutated_exports_fail_closed) ... ok
test_original_active_low_auxiliary_tied_zero_is_rejected (test_pynq_handoff.HandoffSafety.test_original_active_low_auxiliary_tied_zero_is_rejected) ... ok
test_valid_export (test_pynq_handoff.HandoffSafety.test_valid_export) ... ok
test_captured_reports_and_rejected_mutations (test_pynq_results.PhysicalResults.test_captured_reports_and_rejected_mutations) ... ok
test_bad_cli_preflight_never_imports_board_api (test_run_pynq.CollectorChecks.test_bad_cli_preflight_never_imports_board_api) ... ok
test_exact_runtime_and_complete_parallel_streams (test_run_pynq.CollectorChecks.test_exact_runtime_and_complete_parallel_streams) ... ok
test_lifetime_counter_rollover (test_run_pynq.CollectorChecks.test_lifetime_counter_rollover) ... ok

----------------------------------------------------------------------
Ran 33 tests in 5.174s

OK
mkdir -p /home/elfo/Documents/Aster/build/phase5-71e2570/legacy-verified/bench_l10_sync1_wait4_w8_n32
verilator --cc --exe --build --timing --Wall --Wno-fatal \
	-DRISCV_FORMAL --Wno-DECLFILENAME --Wno-GENUNNAMED --Wno-UNUSEDSIGNAL --Wno-BLKSEQ \
	--top-module aster_minimal \
	"-GENABLE_L1=1'b0" "-GSYNC_MEMORY=1'b1" \
	-GMEMORY_WAIT_CYCLES=4 -GL1_LINE_WORDS=8 -GL1_LINE_COUNT=32 \
	--Mdir /home/elfo/Documents/Aster/build/phase5-71e2570/legacy-verified/bench_l10_sync1_wait4_w8_n32/obj \
	-o /home/elfo/Documents/Aster/build/phase5-71e2570/legacy-verified/bench_l10_sync1_wait4_w8_n32/asterbench_sim \
	/home/elfo/Documents/Aster/rtl/core/aster_picorv32.sv /home/elfo/Documents/Aster/vendor/picorv32/picorv32.v /home/elfo/Documents/Aster/rtl/cache/aster_l1_cache.sv \
	/home/elfo/Documents/Aster/rtl/memory/aster_rom.sv /home/elfo/Documents/Aster/rtl/memory/aster_ram.sv \
	/home/elfo/Documents/Aster/rtl/peripherals/aster_uart.sv /home/elfo/Documents/Aster/rtl/peripherals/aster_perf_counters.sv /home/elfo/Documents/Aster/rtl/core/aster_hart.sv /home/elfo/Documents/Aster/rtl/soc/aster_minimal.sv \
	/home/elfo/Documents/Aster/verification/soc/tb_asterbench.cpp
make[2]: Entering directory '/home/elfo/Documents/Aster/build/phase5-71e2570/legacy-verified/bench_l10_sync1_wait4_w8_n32/obj'
g++  -I.  -MMD -I/home/elfo/tools/verilator/root/include -I/home/elfo/tools/verilator/root/include/vltstd -DVM_COVERAGE=0 -DVM_SC=0 -DVM_TRACE=0 -DVM_TRACE_FST=0 -DVM_TRACE_VCD=0 -faligned-new -fcf-protection=none -Wno-bool-operation -Wno-overloaded-virtual -Wno-shadow -Wno-sign-compare -Wno-uninitialized -Wno-unused-but-set-parameter -Wno-unused-but-set-variable -Wno-unused-parameter -Wno-unused-variable       -Os -c -o tb_asterbench.o /home/elfo/Documents/Aster/verification/soc/tb_asterbench.cpp
g++ -Os  -I.  -MMD -I/home/elfo/tools/verilator/root/include -I/home/elfo/tools/verilator/root/include/vltstd -DVM_COVERAGE=0 -DVM_SC=0 -DVM_TRACE=0 -DVM_TRACE_FST=0 -DVM_TRACE_VCD=0 -faligned-new -fcf-protection=none -Wno-bool-operation -Wno-overloaded-virtual -Wno-shadow -Wno-sign-compare -Wno-uninitialized -Wno-unused-but-set-parameter -Wno-unused-but-set-variable -Wno-unused-parameter -Wno-unused-variable       -c -o verilated.o /home/elfo/tools/verilator/root/include/verilated.cpp
g++ -Os  -I.  -MMD -I/home/elfo/tools/verilator/root/include -I/home/elfo/tools/verilator/root/include/vltstd -DVM_COVERAGE=0 -DVM_SC=0 -DVM_TRACE=0 -DVM_TRACE_FST=0 -DVM_TRACE_VCD=0 -faligned-new -fcf-protection=none -Wno-bool-operation -Wno-overloaded-virtual -Wno-shadow -Wno-sign-compare -Wno-uninitialized -Wno-unused-but-set-parameter -Wno-unused-but-set-variable -Wno-unused-parameter -Wno-unused-variable       -c -o verilated_threads.o /home/elfo/tools/verilator/root/include/verilated_threads.cpp
/usr/bin/python3 /home/elfo/tools/verilator/root/bin/verilator_includer -DVL_INCLUDE_OPT=include Vaster_minimal.cpp Vaster_minimal___024root__DepSet_h32747b0f__0.cpp Vaster_minimal___024root__DepSet_h1d8fc093__0.cpp Vaster_minimal___024root__Slow.cpp Vaster_minimal___024root__DepSet_h32747b0f__0__Slow.cpp Vaster_minimal___024root__DepSet_h1d8fc093__0__Slow.cpp Vaster_minimal__Syms.cpp > Vaster_minimal__ALL.cpp
g++ -Os  -I.  -MMD -I/home/elfo/tools/verilator/root/include -I/home/elfo/tools/verilator/root/include/vltstd -DVM_COVERAGE=0 -DVM_SC=0 -DVM_TRACE=0 -DVM_TRACE_FST=0 -DVM_TRACE_VCD=0 -faligned-new -fcf-protection=none -Wno-bool-operation -Wno-overloaded-virtual -Wno-shadow -Wno-sign-compare -Wno-uninitialized -Wno-unused-but-set-parameter -Wno-unused-but-set-variable -Wno-unused-parameter -Wno-unused-variable       -c -o Vaster_minimal__ALL.o Vaster_minimal__ALL.cpp
echo "" > Vaster_minimal__ALL.verilator_deplist.tmp
Archive ar -rcs Vaster_minimal__ALL.a Vaster_minimal__ALL.o
g++     tb_asterbench.o verilated.o verilated_threads.o Vaster_minimal__ALL.a    -pthread -lpthread -latomic   -o /home/elfo/Documents/Aster/build/phase5-71e2570/legacy-verified/bench_l10_sync1_wait4_w8_n32/asterbench_sim
rm Vaster_minimal__ALL.verilator_deplist.tmp
make[2]: Leaving directory '/home/elfo/Documents/Aster/build/phase5-71e2570/legacy-verified/bench_l10_sync1_wait4_w8_n32/obj'
ASTERBENCH,version=2,name=memcpy,bytes=256,repetitions=4,seed=0x13570000,status=PASS,checksum=0xc4be3200,clock_hz=31250000,l1=0,sync_memory=1,line_words=8,line_count=32,memory_wait=4,cycles=0x0000000000003e73,retired=0x0000000000000611,memory_transactions=0x0000000000000910,backing_transactions=0x0000000000000910,cache_accesses=0x0000000000000000,cache_misses=0x0000000000000000,dma_bytes=0x0000000000000000,accelerator_cycles=0x0000000000000000
PASS: strict AsterBench v2 record
make[1]: Leaving directory '/home/elfo/Documents/Aster'
make[1]: Entering directory '/home/elfo/Documents/Aster'
mkdir -p /home/elfo/Documents/Aster/build/phase5-71e2570/legacy-verified/soc_l11_sync1_wait4_w8_n32
verilator --cc --exe --build --timing --Wall --Wno-fatal \
	-DRISCV_FORMAL --Wno-DECLFILENAME --Wno-GENUNNAMED --Wno-UNUSEDSIGNAL --Wno-BLKSEQ --top-module aster_minimal \
	"-GENABLE_L1=1'b1" "-GSYNC_MEMORY=1'b1" \
	-GMEMORY_WAIT_CYCLES=4 -GL1_LINE_WORDS=8 -GL1_LINE_COUNT=32 \
	--Mdir /home/elfo/Documents/Aster/build/phase5-71e2570/legacy-verified/soc_l11_sync1_wait4_w8_n32/obj -o /home/elfo/Documents/Aster/build/phase5-71e2570/legacy-verified/soc_l11_sync1_wait4_w8_n32/aster_soc_sim \
	/home/elfo/Documents/Aster/rtl/core/aster_picorv32.sv /home/elfo/Documents/Aster/vendor/picorv32/picorv32.v /home/elfo/Documents/Aster/rtl/cache/aster_l1_cache.sv /home/elfo/Documents/Aster/rtl/memory/aster_rom.sv /home/elfo/Documents/Aster/rtl/memory/aster_ram.sv /home/elfo/Documents/Aster/rtl/peripherals/aster_uart.sv /home/elfo/Documents/Aster/rtl/peripherals/aster_perf_counters.sv /home/elfo/Documents/Aster/rtl/core/aster_hart.sv /home/elfo/Documents/Aster/rtl/soc/aster_minimal.sv \
	/home/elfo/Documents/Aster/verification/soc/tb_aster_soc.cpp
make[2]: Entering directory '/home/elfo/Documents/Aster/build/phase5-71e2570/legacy-verified/soc_l11_sync1_wait4_w8_n32/obj'
g++  -I.  -MMD -I/home/elfo/tools/verilator/root/include -I/home/elfo/tools/verilator/root/include/vltstd -DVM_COVERAGE=0 -DVM_SC=0 -DVM_TRACE=0 -DVM_TRACE_FST=0 -DVM_TRACE_VCD=0 -faligned-new -fcf-protection=none -Wno-bool-operation -Wno-overloaded-virtual -Wno-shadow -Wno-sign-compare -Wno-uninitialized -Wno-unused-but-set-parameter -Wno-unused-but-set-variable -Wno-unused-parameter -Wno-unused-variable       -Os -c -o tb_aster_soc.o /home/elfo/Documents/Aster/verification/soc/tb_aster_soc.cpp
g++ -Os  -I.  -MMD -I/home/elfo/tools/verilator/root/include -I/home/elfo/tools/verilator/root/include/vltstd -DVM_COVERAGE=0 -DVM_SC=0 -DVM_TRACE=0 -DVM_TRACE_FST=0 -DVM_TRACE_VCD=0 -faligned-new -fcf-protection=none -Wno-bool-operation -Wno-overloaded-virtual -Wno-shadow -Wno-sign-compare -Wno-uninitialized -Wno-unused-but-set-parameter -Wno-unused-but-set-variable -Wno-unused-parameter -Wno-unused-variable       -c -o verilated.o /home/elfo/tools/verilator/root/include/verilated.cpp
g++ -Os  -I.  -MMD -I/home/elfo/tools/verilator/root/include -I/home/elfo/tools/verilator/root/include/vltstd -DVM_COVERAGE=0 -DVM_SC=0 -DVM_TRACE=0 -DVM_TRACE_FST=0 -DVM_TRACE_VCD=0 -faligned-new -fcf-protection=none -Wno-bool-operation -Wno-overloaded-virtual -Wno-shadow -Wno-sign-compare -Wno-uninitialized -Wno-unused-but-set-parameter -Wno-unused-but-set-variable -Wno-unused-parameter -Wno-unused-variable       -c -o verilated_threads.o /home/elfo/tools/verilator/root/include/verilated_threads.cpp
/usr/bin/python3 /home/elfo/tools/verilator/root/bin/verilator_includer -DVL_INCLUDE_OPT=include Vaster_minimal.cpp Vaster_minimal___024root__DepSet_h32747b0f__0.cpp Vaster_minimal___024root__DepSet_h1d8fc093__0.cpp Vaster_minimal___024root__Slow.cpp Vaster_minimal___024root__DepSet_h32747b0f__0__Slow.cpp Vaster_minimal___024root__DepSet_h1d8fc093__0__Slow.cpp Vaster_minimal__Syms.cpp > Vaster_minimal__ALL.cpp
g++ -Os  -I.  -MMD -I/home/elfo/tools/verilator/root/include -I/home/elfo/tools/verilator/root/include/vltstd -DVM_COVERAGE=0 -DVM_SC=0 -DVM_TRACE=0 -DVM_TRACE_FST=0 -DVM_TRACE_VCD=0 -faligned-new -fcf-protection=none -Wno-bool-operation -Wno-overloaded-virtual -Wno-shadow -Wno-sign-compare -Wno-uninitialized -Wno-unused-but-set-parameter -Wno-unused-but-set-variable -Wno-unused-parameter -Wno-unused-variable       -c -o Vaster_minimal__ALL.o Vaster_minimal__ALL.cpp
echo "" > Vaster_minimal__ALL.verilator_deplist.tmp
Archive ar -rcs Vaster_minimal__ALL.a Vaster_minimal__ALL.o
g++     tb_aster_soc.o verilated.o verilated_threads.o Vaster_minimal__ALL.a    -pthread -lpthread -latomic   -o /home/elfo/Documents/Aster/build/phase5-71e2570/legacy-verified/soc_l11_sync1_wait4_w8_n32/aster_soc_sim
rm Vaster_minimal__ALL.verilator_deplist.tmp
make[2]: Leaving directory '/home/elfo/Documents/Aster/build/phase5-71e2570/legacy-verified/soc_l11_sync1_wait4_w8_n32/obj'
RV32IM PASS
PASS: RV32IM PASS (1 boot(s))
RUNTIME PASS
RUNTIME PASS
PASS: RUNTIME PASS (2 boot(s))
MEMORY MAP PASS
PASS: MEMORY MAP PASS (1 boot(s))
Trap case 0
TRAP ARMED
TRAP ARMED
PASS: TRAP ARMED (2 boot(s))
Trap case 1
TRAP ARMED
TRAP ARMED
PASS: TRAP ARMED (2 boot(s))
Trap case 2
TRAP ARMED
TRAP ARMED
PASS: TRAP ARMED (2 boot(s))
Trap case 3
TRAP ARMED
TRAP ARMED
PASS: TRAP ARMED (2 boot(s))
Trap case 4
TRAP ARMED
TRAP ARMED
PASS: TRAP ARMED (2 boot(s))
Trap case 5
TRAP ARMED
TRAP ARMED
PASS: TRAP ARMED (2 boot(s))
Trap case 6
TRAP ARMED
TRAP ARMED
PASS: TRAP ARMED (2 boot(s))
Trap case 7
TRAP ARMED
TRAP ARMED
PASS: TRAP ARMED (2 boot(s))
Trap case 8
TRAP ARMED
TRAP ARMED
PASS: TRAP ARMED (2 boot(s))
Trap case 9
TRAP ARMED
TRAP ARMED
PASS: TRAP ARMED (2 boot(s))
Trap case 10
TRAP ARMED
TRAP ARMED
PASS: TRAP ARMED (2 boot(s))
Trap case 11
TRAP ARMED
TRAP ARMED
PASS: TRAP ARMED (2 boot(s))
test_board_output_validation_uses_strict_parser (test_asterbench.ResultProvenance.test_board_output_validation_uses_strict_parser) ... ok
test_comparison_contract (test_asterbench.ResultProvenance.test_comparison_contract) ... ok
test_required_provenance (test_asterbench.ResultProvenance.test_required_provenance) ... ok
test_serial_and_typed_record_must_agree (test_asterbench.ResultProvenance.test_serial_and_typed_record_must_agree) ... ok
test_common_corpus (test_asterbench.StrictRecords.test_common_corpus) ... ok
test_bad_options_and_known_references (test_cache_experiments.CacheExperiments.test_bad_options_and_known_references) ... ok
test_missing_experiment_rejected (test_cache_experiments.CacheExperiments.test_missing_experiment_rejected) ... ok
test_pattern_kernels_and_data_addresses_match (test_cache_experiments.CacheExperiments.test_pattern_kernels_and_data_addresses_match) ... ok
test_plan_covers_all_readme_experiments (test_cache_experiments.CacheExperiments.test_plan_covers_all_readme_experiments) ... ok
test_study_audit_rejects_corruption (test_cache_experiments.CacheExperiments.test_study_audit_rejects_corruption) ... ok
test_each_private_region_cannot_overflow_its_stack (test_multicore_layout.MulticoreLayout.test_each_private_region_cannot_overflow_its_stack) ... ok
test_rom_limit (test_multicore_layout.MulticoreLayout.test_rom_limit) ... ok
test_shared_initialized_odd_bytes_have_rom_load_image (test_multicore_layout.MulticoreLayout.test_shared_initialized_odd_bytes_have_rom_load_image) ... ok
test_shared_size_and_no_stack_alias (test_multicore_layout.MulticoreLayout.test_shared_size_and_no_stack_alias) ... ok
test_stack_alignment_and_minimum (test_multicore_layout.MulticoreLayout.test_stack_alignment_and_minimum) ... ok
test_comparison_refuses_different_work (test_parallel.ParallelProvenance.test_comparison_refuses_different_work) ... ok
test_required_fields_and_raw_log_binding (test_parallel.ParallelProvenance.test_required_fields_and_raw_log_binding) ... ok
test_complete_job_stream_and_independent_oracle (test_parallel.ParallelRecords.test_complete_job_stream_and_independent_oracle) ... ok
test_python_cpp_malformed_corpus (test_parallel.ParallelRecords.test_python_cpp_malformed_corpus) ... ok
test_known_corners (test_phase1.ArithmeticReference.test_known_corners) ... ok
test_seed_reproducibility (test_phase1.ArithmeticReference.test_seed_reproducibility) ... ok
test_initialized_byte_segment (test_phase1.FirmwareLayout.test_initialized_byte_segment) ... ok
test_rom_overflow (test_phase1.FirmwareLayout.test_rom_overflow) ... ok
test_stack_reservation (test_phase1.FirmwareLayout.test_stack_reservation) ... ok
test_missing_and_duplicate_modules_parameters_ports (test_pynq_handoff.HandoffSafety.test_missing_and_duplicate_modules_parameters_ports) ... ok
test_multicore_map_must_match_requested_harts (test_pynq_handoff.HandoffSafety.test_multicore_map_must_match_requested_harts) ... ok
test_mutated_exports_fail_closed (test_pynq_handoff.HandoffSafety.test_mutated_exports_fail_closed) ... ok
test_original_active_low_auxiliary_tied_zero_is_rejected (test_pynq_handoff.HandoffSafety.test_original_active_low_auxiliary_tied_zero_is_rejected) ... ok
test_valid_export (test_pynq_handoff.HandoffSafety.test_valid_export) ... ok
test_captured_reports_and_rejected_mutations (test_pynq_results.PhysicalResults.test_captured_reports_and_rejected_mutations) ... ok
test_bad_cli_preflight_never_imports_board_api (test_run_pynq.CollectorChecks.test_bad_cli_preflight_never_imports_board_api) ... ok
test_exact_runtime_and_complete_parallel_streams (test_run_pynq.CollectorChecks.test_exact_runtime_and_complete_parallel_streams) ... ok
test_lifetime_counter_rollover (test_run_pynq.CollectorChecks.test_lifetime_counter_rollover) ... ok

----------------------------------------------------------------------
Ran 33 tests in 5.202s

OK
mkdir -p /home/elfo/Documents/Aster/build/phase5-71e2570/legacy-verified/bench_l11_sync1_wait4_w8_n32
verilator --cc --exe --build --timing --Wall --Wno-fatal \
	-DRISCV_FORMAL --Wno-DECLFILENAME --Wno-GENUNNAMED --Wno-UNUSEDSIGNAL --Wno-BLKSEQ \
	--top-module aster_minimal \
	"-GENABLE_L1=1'b1" "-GSYNC_MEMORY=1'b1" \
	-GMEMORY_WAIT_CYCLES=4 -GL1_LINE_WORDS=8 -GL1_LINE_COUNT=32 \
	--Mdir /home/elfo/Documents/Aster/build/phase5-71e2570/legacy-verified/bench_l11_sync1_wait4_w8_n32/obj \
	-o /home/elfo/Documents/Aster/build/phase5-71e2570/legacy-verified/bench_l11_sync1_wait4_w8_n32/asterbench_sim \
	/home/elfo/Documents/Aster/rtl/core/aster_picorv32.sv /home/elfo/Documents/Aster/vendor/picorv32/picorv32.v /home/elfo/Documents/Aster/rtl/cache/aster_l1_cache.sv \
	/home/elfo/Documents/Aster/rtl/memory/aster_rom.sv /home/elfo/Documents/Aster/rtl/memory/aster_ram.sv \
	/home/elfo/Documents/Aster/rtl/peripherals/aster_uart.sv /home/elfo/Documents/Aster/rtl/peripherals/aster_perf_counters.sv /home/elfo/Documents/Aster/rtl/core/aster_hart.sv /home/elfo/Documents/Aster/rtl/soc/aster_minimal.sv \
	/home/elfo/Documents/Aster/verification/soc/tb_asterbench.cpp
make[2]: Entering directory '/home/elfo/Documents/Aster/build/phase5-71e2570/legacy-verified/bench_l11_sync1_wait4_w8_n32/obj'
g++  -I.  -MMD -I/home/elfo/tools/verilator/root/include -I/home/elfo/tools/verilator/root/include/vltstd -DVM_COVERAGE=0 -DVM_SC=0 -DVM_TRACE=0 -DVM_TRACE_FST=0 -DVM_TRACE_VCD=0 -faligned-new -fcf-protection=none -Wno-bool-operation -Wno-overloaded-virtual -Wno-shadow -Wno-sign-compare -Wno-uninitialized -Wno-unused-but-set-parameter -Wno-unused-but-set-variable -Wno-unused-parameter -Wno-unused-variable       -Os -c -o tb_asterbench.o /home/elfo/Documents/Aster/verification/soc/tb_asterbench.cpp
g++ -Os  -I.  -MMD -I/home/elfo/tools/verilator/root/include -I/home/elfo/tools/verilator/root/include/vltstd -DVM_COVERAGE=0 -DVM_SC=0 -DVM_TRACE=0 -DVM_TRACE_FST=0 -DVM_TRACE_VCD=0 -faligned-new -fcf-protection=none -Wno-bool-operation -Wno-overloaded-virtual -Wno-shadow -Wno-sign-compare -Wno-uninitialized -Wno-unused-but-set-parameter -Wno-unused-but-set-variable -Wno-unused-parameter -Wno-unused-variable       -c -o verilated.o /home/elfo/tools/verilator/root/include/verilated.cpp
g++ -Os  -I.  -MMD -I/home/elfo/tools/verilator/root/include -I/home/elfo/tools/verilator/root/include/vltstd -DVM_COVERAGE=0 -DVM_SC=0 -DVM_TRACE=0 -DVM_TRACE_FST=0 -DVM_TRACE_VCD=0 -faligned-new -fcf-protection=none -Wno-bool-operation -Wno-overloaded-virtual -Wno-shadow -Wno-sign-compare -Wno-uninitialized -Wno-unused-but-set-parameter -Wno-unused-but-set-variable -Wno-unused-parameter -Wno-unused-variable       -c -o verilated_threads.o /home/elfo/tools/verilator/root/include/verilated_threads.cpp
/usr/bin/python3 /home/elfo/tools/verilator/root/bin/verilator_includer -DVL_INCLUDE_OPT=include Vaster_minimal.cpp Vaster_minimal___024root__DepSet_h32747b0f__0.cpp Vaster_minimal___024root__DepSet_h1d8fc093__0.cpp Vaster_minimal___024root__Slow.cpp Vaster_minimal___024root__DepSet_h32747b0f__0__Slow.cpp Vaster_minimal___024root__DepSet_h1d8fc093__0__Slow.cpp Vaster_minimal__Syms.cpp > Vaster_minimal__ALL.cpp
g++ -Os  -I.  -MMD -I/home/elfo/tools/verilator/root/include -I/home/elfo/tools/verilator/root/include/vltstd -DVM_COVERAGE=0 -DVM_SC=0 -DVM_TRACE=0 -DVM_TRACE_FST=0 -DVM_TRACE_VCD=0 -faligned-new -fcf-protection=none -Wno-bool-operation -Wno-overloaded-virtual -Wno-shadow -Wno-sign-compare -Wno-uninitialized -Wno-unused-but-set-parameter -Wno-unused-but-set-variable -Wno-unused-parameter -Wno-unused-variable       -c -o Vaster_minimal__ALL.o Vaster_minimal__ALL.cpp
echo "" > Vaster_minimal__ALL.verilator_deplist.tmp
Archive ar -rcs Vaster_minimal__ALL.a Vaster_minimal__ALL.o
g++     tb_asterbench.o verilated.o verilated_threads.o Vaster_minimal__ALL.a    -pthread -lpthread -latomic   -o /home/elfo/Documents/Aster/build/phase5-71e2570/legacy-verified/bench_l11_sync1_wait4_w8_n32/asterbench_sim
rm Vaster_minimal__ALL.verilator_deplist.tmp
make[2]: Leaving directory '/home/elfo/Documents/Aster/build/phase5-71e2570/legacy-verified/bench_l11_sync1_wait4_w8_n32/obj'
ASTERBENCH,version=2,name=memcpy,bytes=256,repetitions=4,seed=0x13570000,status=PASS,checksum=0xc4be3200,clock_hz=31250000,l1=1,sync_memory=1,line_words=8,line_count=32,memory_wait=4,cycles=0x00000000000023a5,retired=0x0000000000000611,memory_transactions=0x0000000000000910,backing_transactions=0x0000000000000148,cache_accesses=0x0000000000000910,cache_misses=0x0000000000000109,dma_bytes=0x0000000000000000,accelerator_cycles=0x0000000000000000
PASS: strict AsterBench v2 record
make[1]: Leaving directory '/home/elfo/Documents/Aster'
