Copyright 1986-2022 Xilinx, Inc. All Rights Reserved. Copyright 2022-2025 Advanced Micro Devices, Inc. All Rights Reserved.
---------------------------------------------------------------------------------------------------------------------------------------------
| Tool Version : Vivado v.2025.1 (lin64) Build 6140274 Wed May 21 22:58:25 MDT 2025
| Date         : Tue Oct  6 06:28:02 2026
| Host         : gondor running 64-bit Ubuntu 24.04.5 LTS
| Command      : report_timing_summary -max_paths 10 -file /home/elfo/Documents/Aster/build/timing/fpga/npu2_s2p8/timing_summary.rpt
| Design       : aster_npu2
| Device       : 7z020-clg400
| Speed File   : -1  PRODUCTION 1.12 2019-11-22
| Design State : Routed
---------------------------------------------------------------------------------------------------------------------------------------------

Timing Summary Report

------------------------------------------------------------------------------------------------
| Timer Settings
| --------------
------------------------------------------------------------------------------------------------

  Enable Multi Corner Analysis               :  Yes
  Enable Pessimism Removal                   :  Yes
  Pessimism Removal Resolution               :  Nearest Common Node
  Enable Input Delay Default Clock           :  No
  Enable Preset / Clear Arcs                 :  No
  Disable Flight Delays                      :  No
  Ignore I/O Paths                           :  No
  Timing Early Launch at Borrowing Latches   :  No
  Borrow Time for Max Delay Exceptions       :  Yes
  Merge Timing Exceptions                    :  Yes
  Inter-SLR Compensation                     :  Conservative

  Corner  Analyze    Analyze    
  Name    Max Paths  Min Paths  
  ------  ---------  ---------  
  Slow    Yes        Yes        
  Fast    Yes        Yes        


------------------------------------------------------------------------------------------------
| Report Methodology
| ------------------
------------------------------------------------------------------------------------------------

No report available as report_methodology has not been run prior. Run report_methodology on the current design for the summary of methodology violations.



check_timing report

Table of Contents
-----------------
1. checking no_clock (0)
2. checking constant_clock (0)
3. checking pulse_width_clock (0)
4. checking unconstrained_internal_endpoints (0)
5. checking no_input_delay (118)
6. checking no_output_delay (139)
7. checking multiple_clock (0)
8. checking generated_clocks (0)
9. checking loops (0)
10. checking partial_input_delay (0)
11. checking partial_output_delay (0)
12. checking latch_loops (0)

1. checking no_clock (0)
------------------------
 There are 0 register/latch pins with no clock.


2. checking constant_clock (0)
------------------------------
 There are 0 register/latch pins with constant_clock.


3. checking pulse_width_clock (0)
---------------------------------
 There are 0 register/latch pins which need pulse_width check


4. checking unconstrained_internal_endpoints (0)
------------------------------------------------
 There are 0 pins that are not constrained for maximum delay.

 There are 0 pins that are not constrained for maximum delay due to constant clock.


5. checking no_input_delay (118)
--------------------------------
 There are 118 input ports with no input delay specified. (HIGH)

 There are 0 input ports with no input delay but user has a false path constraint.


6. checking no_output_delay (139)
---------------------------------
 There are 139 ports with no output delay specified. (HIGH)

 There are 0 ports with no output delay but user has a false path constraint

 There are 0 ports with no output delay but with a timing clock defined on it or propagating through it


7. checking multiple_clock (0)
------------------------------
 There are 0 register/latch pins with multiple clocks.


8. checking generated_clocks (0)
--------------------------------
 There are 0 generated clocks that are not connected to a clock source.


9. checking loops (0)
---------------------
 There are 0 combinational loops in the design.


10. checking partial_input_delay (0)
------------------------------------
 There are 0 input ports with partial input delay specified.


11. checking partial_output_delay (0)
-------------------------------------
 There are 0 ports with partial output delay specified.


12. checking latch_loops (0)
----------------------------
 There are 0 combinational latch loops in the design through latch input



------------------------------------------------------------------------------------------------
| Design Timing Summary
| ---------------------
------------------------------------------------------------------------------------------------

    WNS(ns)      TNS(ns)  TNS Failing Endpoints  TNS Total Endpoints      WHS(ns)      THS(ns)  THS Failing Endpoints  THS Total Endpoints     WPWS(ns)     TPWS(ns)  TPWS Failing Endpoints  TPWS Total Endpoints  
    -------      -------  ---------------------  -------------------      -------      -------  ---------------------  -------------------     --------     --------  ----------------------  --------------------  
      0.455        0.000                      0                13110        0.087        0.000                      0                13110        3.750        0.000                       0                  4976  


All user specified timing constraints are met.


------------------------------------------------------------------------------------------------
| Clock Summary
| -------------
------------------------------------------------------------------------------------------------

Clock  Waveform(ns)       Period(ns)      Frequency(MHz)
-----  ------------       ----------      --------------
clk    {0.000 5.000}      10.000          100.000         


------------------------------------------------------------------------------------------------
| Intra Clock Table
| -----------------
------------------------------------------------------------------------------------------------

Clock             WNS(ns)      TNS(ns)  TNS Failing Endpoints  TNS Total Endpoints      WHS(ns)      THS(ns)  THS Failing Endpoints  THS Total Endpoints     WPWS(ns)     TPWS(ns)  TPWS Failing Endpoints  TPWS Total Endpoints  
-----             -------      -------  ---------------------  -------------------      -------      -------  ---------------------  -------------------     --------     --------  ----------------------  --------------------  
clk                 0.455        0.000                      0                13110        0.087        0.000                      0                13110        3.750        0.000                       0                  4976  


------------------------------------------------------------------------------------------------
| Inter Clock Table
| -----------------
------------------------------------------------------------------------------------------------

From Clock    To Clock          WNS(ns)      TNS(ns)  TNS Failing Endpoints  TNS Total Endpoints      WHS(ns)      THS(ns)  THS Failing Endpoints  THS Total Endpoints  
----------    --------          -------      -------  ---------------------  -------------------      -------      -------  ---------------------  -------------------  


------------------------------------------------------------------------------------------------
| Other Path Groups Table
| -----------------------
------------------------------------------------------------------------------------------------

Path Group    From Clock    To Clock          WNS(ns)      TNS(ns)  TNS Failing Endpoints  TNS Total Endpoints      WHS(ns)      THS(ns)  THS Failing Endpoints  THS Total Endpoints  
----------    ----------    --------          -------      -------  ---------------------  -------------------      -------      -------  ---------------------  -------------------  


------------------------------------------------------------------------------------------------
| Timing Details
| --------------
------------------------------------------------------------------------------------------------


---------------------------------------------------------------------------------------------------
From Clock:  clk
  To Clock:  clk

Setup :            0  Failing Endpoints,  Worst Slack        0.455ns,  Total Violation        0.000ns
Hold  :            0  Failing Endpoints,  Worst Slack        0.087ns,  Total Violation        0.000ns
PW    :            0  Failing Endpoints,  Worst Slack        3.750ns,  Total Violation        0.000ns
---------------------------------------------------------------------------------------------------


Max Delay Paths
--------------------------------------------------------------------------------------
Slack (MET) :             0.455ns  (required time - arrival time)
  Source:                 engine/dmk_i_reg[1]/C
                            (rising edge-triggered cell FDRE clocked by clk  {rise@0.000ns fall@5.000ns period=10.000ns})
  Destination:            engine/dk_rem_reg[29]/D
                            (rising edge-triggered cell FDRE clocked by clk  {rise@0.000ns fall@5.000ns period=10.000ns})
  Path Group:             clk
  Path Type:              Setup (Max at Slow Process Corner)
  Requirement:            10.000ns  (clk rise@10.000ns - clk rise@0.000ns)
  Data Path Delay:        9.394ns  (logic 4.408ns (46.924%)  route 4.986ns (53.076%))
  Logic Levels:           18  (CARRY4=13 LUT2=2 LUT4=1 LUT5=1 LUT6=1)
  Clock Path Skew:        -0.049ns (DCD - SCD + CPR)
    Destination Clock Delay (DCD):    0.924ns = ( 10.924 - 10.000 ) 
    Source Clock Delay      (SCD):    0.973ns
    Clock Pessimism Removal (CPR):    0.000ns
  Clock Uncertainty:      0.035ns  ((TSJ^2 + TIJ^2)^1/2 + DJ) / 2 + PE
    Total System Jitter     (TSJ):    0.071ns
    Total Input Jitter      (TIJ):    0.000ns
    Discrete Jitter          (DJ):    0.000ns
    Phase Error              (PE):    0.000ns

    Location             Delay type                Incr(ns)  Path(ns)    Netlist Resource(s)
  -------------------------------------------------------------------    -------------------
                         (clock clk rise edge)        0.000     0.000 r  
                                                      0.000     0.000 r  clk (IN)
                         net (fo=4975, unset)         0.973     0.973    engine/clk
    SLICE_X28Y70         FDRE                                         r  engine/dmk_i_reg[1]/C
  -------------------------------------------------------------------    -------------------
    SLICE_X28Y70         FDRE (Prop_fdre_C_Q)         0.419     1.392 r  engine/dmk_i_reg[1]/Q
                         net (fo=21, routed)          1.125     2.517    engine/dmk_i_reg_n_0_[1]
    SLICE_X36Y70         LUT6 (Prop_lut6_I2_O)        0.297     2.814 r  engine/dk_rem[3]_i_12/O
                         net (fo=1, routed)           0.598     3.412    engine/dk_rem[3]_i_12_n_0
    SLICE_X35Y70         LUT5 (Prop_lut5_I3_O)        0.124     3.536 r  engine/dk_rem[3]_i_9/O
                         net (fo=4, routed)           0.705     4.241    engine/dk_shift__0[0]
    SLICE_X33Y73         LUT4 (Prop_lut4_I2_O)        0.124     4.365 r  engine/dk_q[11]_i_40/O
                         net (fo=1, routed)           0.000     4.365    engine/dk_q[11]_i_40_n_0
    SLICE_X33Y73         CARRY4 (Prop_carry4_S[0]_CO[3])
                                                      0.532     4.897 r  engine/dk_q_reg[11]_i_24/CO[3]
                         net (fo=1, routed)           0.000     4.897    engine/dk_q_reg[11]_i_24_n_0
    SLICE_X33Y74         CARRY4 (Prop_carry4_CI_CO[3])
                                                      0.114     5.011 r  engine/dk_q_reg[11]_i_15/CO[3]
                         net (fo=1, routed)           0.009     5.020    engine/dk_q_reg[11]_i_15_n_0
    SLICE_X33Y75         CARRY4 (Prop_carry4_CI_CO[3])
                                                      0.114     5.134 r  engine/dk_q_reg[11]_i_6/CO[3]
                         net (fo=1, routed)           0.000     5.134    engine/dk_q_reg[11]_i_6_n_0
    SLICE_X33Y76         CARRY4 (Prop_carry4_CI_CO[3])
                                                      0.114     5.248 r  engine/dk_q_reg[11]_i_4/CO[3]
                         net (fo=1, routed)           0.000     5.248    engine/dk_q_reg[11]_i_4_n_0
    SLICE_X33Y77         CARRY4 (Prop_carry4_CI_CO[0])
                                                      0.271     5.519 r  engine/dk_q_reg[11]_i_3/CO[0]
                         net (fo=34, routed)          1.022     6.542    engine/dk_rem225_in
    SLICE_X35Y70         LUT2 (Prop_lut2_I1_O)        0.373     6.915 r  engine/dk_rem[3]_i_3/O
                         net (fo=1, routed)           0.331     7.246    engine/dk_rem1
    SLICE_X34Y71         CARRY4 (Prop_carry4_CYINIT_CO[3])
                                                      0.595     7.841 r  engine/dk_rem_reg[3]_i_2/CO[3]
                         net (fo=1, routed)           0.000     7.841    engine/dk_rem_reg[3]_i_2_n_0
    SLICE_X34Y72         CARRY4 (Prop_carry4_CI_CO[3])
                                                      0.117     7.958 r  engine/dk_rem_reg[7]_i_2/CO[3]
                         net (fo=1, routed)           0.000     7.958    engine/dk_rem_reg[7]_i_2_n_0
    SLICE_X34Y73         CARRY4 (Prop_carry4_CI_CO[3])
                                                      0.117     8.075 r  engine/dk_rem_reg[11]_i_2/CO[3]
                         net (fo=1, routed)           0.000     8.075    engine/dk_rem_reg[11]_i_2_n_0
    SLICE_X34Y74         CARRY4 (Prop_carry4_CI_CO[3])
                                                      0.117     8.192 r  engine/dk_rem_reg[15]_i_2/CO[3]
                         net (fo=1, routed)           0.009     8.201    engine/dk_rem_reg[15]_i_2_n_0
    SLICE_X34Y75         CARRY4 (Prop_carry4_CI_CO[3])
                                                      0.117     8.318 r  engine/dk_rem_reg[19]_i_2/CO[3]
                         net (fo=1, routed)           0.000     8.318    engine/dk_rem_reg[19]_i_2_n_0
    SLICE_X34Y76         CARRY4 (Prop_carry4_CI_CO[3])
                                                      0.117     8.435 r  engine/dk_rem_reg[23]_i_2/CO[3]
                         net (fo=1, routed)           0.000     8.435    engine/dk_rem_reg[23]_i_2_n_0
    SLICE_X34Y77         CARRY4 (Prop_carry4_CI_CO[3])
                                                      0.117     8.552 r  engine/dk_rem_reg[27]_i_2/CO[3]
                         net (fo=1, routed)           0.000     8.552    engine/dk_rem_reg[27]_i_2_n_0
    SLICE_X34Y78         CARRY4 (Prop_carry4_CI_O[1])
                                                      0.323     8.875 r  engine/dk_rem_reg[31]_i_4/O[1]
                         net (fo=1, routed)           0.991     9.866    engine/dk_rem[29]
    SLICE_X45Y72         LUT2 (Prop_lut2_I1_O)        0.306    10.172 r  engine/dk_rem[29]_i_1/O
                         net (fo=1, routed)           0.195    10.367    engine/dk_rem0_out[29]
    SLICE_X44Y72         FDRE                                         r  engine/dk_rem_reg[29]/D
  -------------------------------------------------------------------    -------------------

                         (clock clk rise edge)       10.000    10.000 r  
                                                      0.000    10.000 r  clk (IN)
                         net (fo=4975, unset)         0.924    10.924    engine/clk
    SLICE_X44Y72         FDRE                                         r  engine/dk_rem_reg[29]/C
                         clock pessimism              0.000    10.924    
                         clock uncertainty           -0.035    10.889    
    SLICE_X44Y72         FDRE (Setup_fdre_C_D)       -0.067    10.822    engine/dk_rem_reg[29]
  -------------------------------------------------------------------
                         required time                         10.822    
                         arrival time                         -10.367    
  -------------------------------------------------------------------
                         slack                                  0.455    

Slack (MET) :             0.632ns  (required time - arrival time)
  Source:                 engine/g_left_reg[3]/C
                            (rising edge-triggered cell FDRE clocked by clk  {rise@0.000ns fall@5.000ns period=10.000ns})
  Destination:            engine/ld_words_reg[6]/D
                            (rising edge-triggered cell FDRE clocked by clk  {rise@0.000ns fall@5.000ns period=10.000ns})
  Path Group:             clk
  Path Type:              Setup (Max at Slow Process Corner)
  Requirement:            10.000ns  (clk rise@10.000ns - clk rise@0.000ns)
  Data Path Delay:        9.361ns  (logic 4.189ns (44.748%)  route 5.172ns (55.252%))
  Logic Levels:           13  (CARRY4=7 LUT3=1 LUT4=2 LUT5=2 LUT6=1)
  Clock Path Skew:        -0.049ns (DCD - SCD + CPR)
    Destination Clock Delay (DCD):    0.924ns = ( 10.924 - 10.000 ) 
    Source Clock Delay      (SCD):    0.973ns
    Clock Pessimism Removal (CPR):    0.000ns
  Clock Uncertainty:      0.035ns  ((TSJ^2 + TIJ^2)^1/2 + DJ) / 2 + PE
    Total System Jitter     (TSJ):    0.071ns
    Total Input Jitter      (TIJ):    0.000ns
    Discrete Jitter          (DJ):    0.000ns
    Phase Error              (PE):    0.000ns

    Location             Delay type                Incr(ns)  Path(ns)    Netlist Resource(s)
  -------------------------------------------------------------------    -------------------
                         (clock clk rise edge)        0.000     0.000 r  
                                                      0.000     0.000 r  clk (IN)
                         net (fo=4975, unset)         0.973     0.973    engine/clk
    SLICE_X52Y62         FDRE                                         r  engine/g_left_reg[3]/C
  -------------------------------------------------------------------    -------------------
    SLICE_X52Y62         FDRE (Prop_fdre_C_Q)         0.419     1.392 r  engine/g_left_reg[3]/Q
                         net (fo=11, routed)          0.993     2.385    engine/g_left_reg_n_0_[3]
    SLICE_X52Y60         LUT4 (Prop_lut4_I0_O)        0.296     2.681 r  engine/gp[10]_i_15/O
                         net (fo=1, routed)           0.000     2.681    engine/gp[10]_i_15_n_0
    SLICE_X52Y60         CARRY4 (Prop_carry4_S[1]_CO[3])
                                                      0.550     3.231 r  engine/gp_reg[10]_i_4/CO[3]
                         net (fo=1, routed)           0.000     3.231    engine/gp_reg[10]_i_4_n_0
    SLICE_X52Y61         CARRY4 (Prop_carry4_CI_CO[1])
                                                      0.157     3.388 r  engine/gp_reg[10]_i_3/CO[1]
                         net (fo=55, routed)          0.990     4.378    engine/gp_now1
    SLICE_X51Y55         LUT3 (Prop_lut3_I1_O)        0.329     4.707 f  engine/gp[1]_i_1/O
                         net (fo=4, routed)           0.532     5.240    engine/gp_now[1]
    SLICE_X50Y55         LUT6 (Prop_lut6_I1_O)        0.124     5.364 r  engine/panel_cols[12]_i_12/O
                         net (fo=1, routed)           0.331     5.694    engine/panel_cols[12]_i_12_n_0
    SLICE_X51Y56         CARRY4 (Prop_carry4_DI[1]_CO[3])
                                                      0.507     6.201 r  engine/panel_cols_reg[12]_i_3/CO[3]
                         net (fo=1, routed)           0.000     6.201    engine/panel_cols_reg[12]_i_3_n_0
    SLICE_X51Y57         CARRY4 (Prop_carry4_CI_CO[2])
                                                      0.228     6.429 r  engine/panel_cols_reg[12]_i_2/CO[2]
                         net (fo=42, routed)          0.580     7.010    engine/pcols_now1
    SLICE_X51Y55         LUT5 (Prop_lut5_I3_O)        0.313     7.323 r  engine/panel_cols[3]_i_1/O
                         net (fo=2, routed)           0.344     7.667    engine/pcols_now[3]
    SLICE_X50Y56         CARRY4 (Prop_carry4_DI[3]_CO[3])
                                                      0.396     8.063 r  engine/ld_words_reg[0]_i_13/CO[3]
                         net (fo=1, routed)           0.000     8.063    engine/ld_words_reg[0]_i_13_n_0
    SLICE_X50Y57         CARRY4 (Prop_carry4_CI_CO[3])
                                                      0.117     8.180 r  engine/ld_words_reg[4]_i_10/CO[3]
                         net (fo=1, routed)           0.000     8.180    engine/ld_words_reg[4]_i_10_n_0
    SLICE_X50Y58         CARRY4 (Prop_carry4_CI_O[1])
                                                      0.323     8.503 r  engine/ld_words_reg[8]_i_10/O[1]
                         net (fo=1, routed)           0.578     9.080    engine/ld_words_reg[8]_i_10_n_6
    SLICE_X52Y55         LUT4 (Prop_lut4_I2_O)        0.306     9.386 r  engine/ld_words[6]_i_2/O
                         net (fo=1, routed)           0.824    10.210    engine/ld_words[6]_i_2_n_0
    SLICE_X54Y57         LUT5 (Prop_lut5_I2_O)        0.124    10.334 r  engine/ld_words[6]_i_1/O
                         net (fo=1, routed)           0.000    10.334    engine/ld_words0_out[6]
    SLICE_X54Y57         FDRE                                         r  engine/ld_words_reg[6]/D
  -------------------------------------------------------------------    -------------------

                         (clock clk rise edge)       10.000    10.000 r  
                                                      0.000    10.000 r  clk (IN)
                         net (fo=4975, unset)         0.924    10.924    engine/clk
    SLICE_X54Y57         FDRE                                         r  engine/ld_words_reg[6]/C
                         clock pessimism              0.000    10.924    
                         clock uncertainty           -0.035    10.889    
    SLICE_X54Y57         FDRE (Setup_fdre_C_D)        0.077    10.966    engine/ld_words_reg[6]
  -------------------------------------------------------------------
                         required time                         10.966    
                         arrival time                         -10.334    
  -------------------------------------------------------------------
                         slack                                  0.632    

Slack (MET) :             0.643ns  (required time - arrival time)
  Source:                 engine/g_left_reg[3]/C
                            (rising edge-triggered cell FDRE clocked by clk  {rise@0.000ns fall@5.000ns period=10.000ns})
  Destination:            engine/ld_words_reg[7]/D
                            (rising edge-triggered cell FDRE clocked by clk  {rise@0.000ns fall@5.000ns period=10.000ns})
  Path Group:             clk
  Path Type:              Setup (Max at Slow Process Corner)
  Requirement:            10.000ns  (clk rise@10.000ns - clk rise@0.000ns)
  Data Path Delay:        9.304ns  (logic 4.100ns (44.069%)  route 5.204ns (55.931%))
  Logic Levels:           13  (CARRY4=7 LUT3=1 LUT4=2 LUT5=2 LUT6=1)
  Clock Path Skew:        -0.049ns (DCD - SCD + CPR)
    Destination Clock Delay (DCD):    0.924ns = ( 10.924 - 10.000 ) 
    Source Clock Delay      (SCD):    0.973ns
    Clock Pessimism Removal (CPR):    0.000ns
  Clock Uncertainty:      0.035ns  ((TSJ^2 + TIJ^2)^1/2 + DJ) / 2 + PE
    Total System Jitter     (TSJ):    0.071ns
    Total Input Jitter      (TIJ):    0.000ns
    Discrete Jitter          (DJ):    0.000ns
    Phase Error              (PE):    0.000ns

    Location             Delay type                Incr(ns)  Path(ns)    Netlist Resource(s)
  -------------------------------------------------------------------    -------------------
                         (clock clk rise edge)        0.000     0.000 r  
                                                      0.000     0.000 r  clk (IN)
                         net (fo=4975, unset)         0.973     0.973    engine/clk
    SLICE_X52Y62         FDRE                                         r  engine/g_left_reg[3]/C
  -------------------------------------------------------------------    -------------------
    SLICE_X52Y62         FDRE (Prop_fdre_C_Q)         0.419     1.392 r  engine/g_left_reg[3]/Q
                         net (fo=11, routed)          0.993     2.385    engine/g_left_reg_n_0_[3]
    SLICE_X52Y60         LUT4 (Prop_lut4_I0_O)        0.296     2.681 r  engine/gp[10]_i_15/O
                         net (fo=1, routed)           0.000     2.681    engine/gp[10]_i_15_n_0
    SLICE_X52Y60         CARRY4 (Prop_carry4_S[1]_CO[3])
                                                      0.550     3.231 r  engine/gp_reg[10]_i_4/CO[3]
                         net (fo=1, routed)           0.000     3.231    engine/gp_reg[10]_i_4_n_0
    SLICE_X52Y61         CARRY4 (Prop_carry4_CI_CO[1])
                                                      0.157     3.388 r  engine/gp_reg[10]_i_3/CO[1]
                         net (fo=55, routed)          0.990     4.378    engine/gp_now1
    SLICE_X51Y55         LUT3 (Prop_lut3_I1_O)        0.329     4.707 f  engine/gp[1]_i_1/O
                         net (fo=4, routed)           0.532     5.240    engine/gp_now[1]
    SLICE_X50Y55         LUT6 (Prop_lut6_I1_O)        0.124     5.364 r  engine/panel_cols[12]_i_12/O
                         net (fo=1, routed)           0.331     5.694    engine/panel_cols[12]_i_12_n_0
    SLICE_X51Y56         CARRY4 (Prop_carry4_DI[1]_CO[3])
                                                      0.507     6.201 r  engine/panel_cols_reg[12]_i_3/CO[3]
                         net (fo=1, routed)           0.000     6.201    engine/panel_cols_reg[12]_i_3_n_0
    SLICE_X51Y57         CARRY4 (Prop_carry4_CI_CO[2])
                                                      0.228     6.429 r  engine/panel_cols_reg[12]_i_2/CO[2]
                         net (fo=42, routed)          0.580     7.010    engine/pcols_now1
    SLICE_X51Y55         LUT5 (Prop_lut5_I3_O)        0.313     7.323 r  engine/panel_cols[3]_i_1/O
                         net (fo=2, routed)           0.344     7.667    engine/pcols_now[3]
    SLICE_X50Y56         CARRY4 (Prop_carry4_DI[3]_CO[3])
                                                      0.396     8.063 r  engine/ld_words_reg[0]_i_13/CO[3]
                         net (fo=1, routed)           0.000     8.063    engine/ld_words_reg[0]_i_13_n_0
    SLICE_X50Y57         CARRY4 (Prop_carry4_CI_CO[3])
                                                      0.117     8.180 r  engine/ld_words_reg[4]_i_10/CO[3]
                         net (fo=1, routed)           0.000     8.180    engine/ld_words_reg[4]_i_10_n_0
    SLICE_X50Y58         CARRY4 (Prop_carry4_CI_O[2])
                                                      0.239     8.419 r  engine/ld_words_reg[8]_i_10/O[2]
                         net (fo=1, routed)           0.557     8.976    engine/ld_words_reg[8]_i_10_n_5
    SLICE_X52Y55         LUT4 (Prop_lut4_I2_O)        0.301     9.277 r  engine/ld_words[7]_i_2/O
                         net (fo=1, routed)           0.875    10.153    engine/ld_words[7]_i_2_n_0
    SLICE_X56Y55         LUT5 (Prop_lut5_I2_O)        0.124    10.277 r  engine/ld_words[7]_i_1/O
                         net (fo=1, routed)           0.000    10.277    engine/ld_words0_out[7]
    SLICE_X56Y55         FDRE                                         r  engine/ld_words_reg[7]/D
  -------------------------------------------------------------------    -------------------

                         (clock clk rise edge)       10.000    10.000 r  
                                                      0.000    10.000 r  clk (IN)
                         net (fo=4975, unset)         0.924    10.924    engine/clk
    SLICE_X56Y55         FDRE                                         r  engine/ld_words_reg[7]/C
                         clock pessimism              0.000    10.924    
                         clock uncertainty           -0.035    10.889    
    SLICE_X56Y55         FDRE (Setup_fdre_C_D)        0.031    10.920    engine/ld_words_reg[7]
  -------------------------------------------------------------------
                         required time                         10.920    
                         arrival time                         -10.277    
  -------------------------------------------------------------------
                         slack                                  0.643    

Slack (MET) :             0.643ns  (required time - arrival time)
  Source:                 engine/g_left_reg[3]/C
                            (rising edge-triggered cell FDRE clocked by clk  {rise@0.000ns fall@5.000ns period=10.000ns})
  Destination:            engine/ld_words_reg[5]/D
                            (rising edge-triggered cell FDRE clocked by clk  {rise@0.000ns fall@5.000ns period=10.000ns})
  Path Group:             clk
  Path Type:              Setup (Max at Slow Process Corner)
  Requirement:            10.000ns  (clk rise@10.000ns - clk rise@0.000ns)
  Data Path Delay:        9.305ns  (logic 4.270ns (45.891%)  route 5.035ns (54.109%))
  Logic Levels:           13  (CARRY4=7 LUT3=1 LUT4=2 LUT5=2 LUT6=1)
  Clock Path Skew:        -0.049ns (DCD - SCD + CPR)
    Destination Clock Delay (DCD):    0.924ns = ( 10.924 - 10.000 ) 
    Source Clock Delay      (SCD):    0.973ns
    Clock Pessimism Removal (CPR):    0.000ns
  Clock Uncertainty:      0.035ns  ((TSJ^2 + TIJ^2)^1/2 + DJ) / 2 + PE
    Total System Jitter     (TSJ):    0.071ns
    Total Input Jitter      (TIJ):    0.000ns
    Discrete Jitter          (DJ):    0.000ns
    Phase Error              (PE):    0.000ns

    Location             Delay type                Incr(ns)  Path(ns)    Netlist Resource(s)
  -------------------------------------------------------------------    -------------------
                         (clock clk rise edge)        0.000     0.000 r  
                                                      0.000     0.000 r  clk (IN)
                         net (fo=4975, unset)         0.973     0.973    engine/clk
    SLICE_X52Y62         FDRE                                         r  engine/g_left_reg[3]/C
  -------------------------------------------------------------------    -------------------
    SLICE_X52Y62         FDRE (Prop_fdre_C_Q)         0.419     1.392 r  engine/g_left_reg[3]/Q
                         net (fo=11, routed)          0.993     2.385    engine/g_left_reg_n_0_[3]
    SLICE_X52Y60         LUT4 (Prop_lut4_I0_O)        0.296     2.681 r  engine/gp[10]_i_15/O
                         net (fo=1, routed)           0.000     2.681    engine/gp[10]_i_15_n_0
    SLICE_X52Y60         CARRY4 (Prop_carry4_S[1]_CO[3])
                                                      0.550     3.231 r  engine/gp_reg[10]_i_4/CO[3]
                         net (fo=1, routed)           0.000     3.231    engine/gp_reg[10]_i_4_n_0
    SLICE_X52Y61         CARRY4 (Prop_carry4_CI_CO[1])
                                                      0.157     3.388 r  engine/gp_reg[10]_i_3/CO[1]
                         net (fo=55, routed)          0.990     4.378    engine/gp_now1
    SLICE_X51Y55         LUT3 (Prop_lut3_I1_O)        0.329     4.707 f  engine/gp[1]_i_1/O
                         net (fo=4, routed)           0.532     5.240    engine/gp_now[1]
    SLICE_X50Y55         LUT6 (Prop_lut6_I1_O)        0.124     5.364 r  engine/panel_cols[12]_i_12/O
                         net (fo=1, routed)           0.331     5.694    engine/panel_cols[12]_i_12_n_0
    SLICE_X51Y56         CARRY4 (Prop_carry4_DI[1]_CO[3])
                                                      0.507     6.201 r  engine/panel_cols_reg[12]_i_3/CO[3]
                         net (fo=1, routed)           0.000     6.201    engine/panel_cols_reg[12]_i_3_n_0
    SLICE_X51Y57         CARRY4 (Prop_carry4_CI_CO[2])
                                                      0.228     6.429 r  engine/panel_cols_reg[12]_i_2/CO[2]
                         net (fo=42, routed)          0.580     7.010    engine/pcols_now1
    SLICE_X51Y55         LUT5 (Prop_lut5_I3_O)        0.313     7.323 r  engine/panel_cols[3]_i_1/O
                         net (fo=2, routed)           0.344     7.667    engine/pcols_now[3]
    SLICE_X50Y56         CARRY4 (Prop_carry4_DI[3]_CO[3])
                                                      0.396     8.063 r  engine/ld_words_reg[0]_i_13/CO[3]
                         net (fo=1, routed)           0.000     8.063    engine/ld_words_reg[0]_i_13_n_0
    SLICE_X50Y57         CARRY4 (Prop_carry4_CI_CO[3])
                                                      0.117     8.180 r  engine/ld_words_reg[4]_i_10/CO[3]
                         net (fo=1, routed)           0.000     8.180    engine/ld_words_reg[4]_i_10_n_0
    SLICE_X50Y58         CARRY4 (Prop_carry4_CI_O[0])
                                                      0.219     8.399 r  engine/ld_words_reg[8]_i_10/O[0]
                         net (fo=1, routed)           0.602     9.001    engine/ld_words_reg[8]_i_10_n_7
    SLICE_X53Y57         LUT4 (Prop_lut4_I2_O)        0.289     9.290 r  engine/ld_words[5]_i_2/O
                         net (fo=1, routed)           0.661     9.952    engine/ld_words[5]_i_2_n_0
    SLICE_X55Y57         LUT5 (Prop_lut5_I2_O)        0.326    10.278 r  engine/ld_words[5]_i_1/O
                         net (fo=1, routed)           0.000    10.278    engine/ld_words0_out[5]
    SLICE_X55Y57         FDRE                                         r  engine/ld_words_reg[5]/D
  -------------------------------------------------------------------    -------------------

                         (clock clk rise edge)       10.000    10.000 r  
                                                      0.000    10.000 r  clk (IN)
                         net (fo=4975, unset)         0.924    10.924    engine/clk
    SLICE_X55Y57         FDRE                                         r  engine/ld_words_reg[5]/C
                         clock pessimism              0.000    10.924    
                         clock uncertainty           -0.035    10.889    
    SLICE_X55Y57         FDRE (Setup_fdre_C_D)        0.032    10.921    engine/ld_words_reg[5]
  -------------------------------------------------------------------
                         required time                         10.921    
                         arrival time                         -10.278    
  -------------------------------------------------------------------
                         slack                                  0.643    

Slack (MET) :             0.691ns  (required time - arrival time)
  Source:                 engine/g_left_reg[3]/C
                            (rising edge-triggered cell FDRE clocked by clk  {rise@0.000ns fall@5.000ns period=10.000ns})
  Destination:            engine/ld_words_reg[4]/D
                            (rising edge-triggered cell FDRE clocked by clk  {rise@0.000ns fall@5.000ns period=10.000ns})
  Path Group:             clk
  Path Type:              Setup (Max at Slow Process Corner)
  Requirement:            10.000ns  (clk rise@10.000ns - clk rise@0.000ns)
  Data Path Delay:        9.254ns  (logic 4.261ns (46.047%)  route 4.993ns (53.953%))
  Logic Levels:           12  (CARRY4=6 LUT3=1 LUT4=2 LUT5=2 LUT6=1)
  Clock Path Skew:        -0.049ns (DCD - SCD + CPR)
    Destination Clock Delay (DCD):    0.924ns = ( 10.924 - 10.000 ) 
    Source Clock Delay      (SCD):    0.973ns
    Clock Pessimism Removal (CPR):    0.000ns
  Clock Uncertainty:      0.035ns  ((TSJ^2 + TIJ^2)^1/2 + DJ) / 2 + PE
    Total System Jitter     (TSJ):    0.071ns
    Total Input Jitter      (TIJ):    0.000ns
    Discrete Jitter          (DJ):    0.000ns
    Phase Error              (PE):    0.000ns

    Location             Delay type                Incr(ns)  Path(ns)    Netlist Resource(s)
  -------------------------------------------------------------------    -------------------
                         (clock clk rise edge)        0.000     0.000 r  
                                                      0.000     0.000 r  clk (IN)
                         net (fo=4975, unset)         0.973     0.973    engine/clk
    SLICE_X52Y62         FDRE                                         r  engine/g_left_reg[3]/C
  -------------------------------------------------------------------    -------------------
    SLICE_X52Y62         FDRE (Prop_fdre_C_Q)         0.419     1.392 r  engine/g_left_reg[3]/Q
                         net (fo=11, routed)          0.993     2.385    engine/g_left_reg_n_0_[3]
    SLICE_X52Y60         LUT4 (Prop_lut4_I0_O)        0.296     2.681 r  engine/gp[10]_i_15/O
                         net (fo=1, routed)           0.000     2.681    engine/gp[10]_i_15_n_0
    SLICE_X52Y60         CARRY4 (Prop_carry4_S[1]_CO[3])
                                                      0.550     3.231 r  engine/gp_reg[10]_i_4/CO[3]
                         net (fo=1, routed)           0.000     3.231    engine/gp_reg[10]_i_4_n_0
    SLICE_X52Y61         CARRY4 (Prop_carry4_CI_CO[1])
                                                      0.157     3.388 r  engine/gp_reg[10]_i_3/CO[1]
                         net (fo=55, routed)          0.990     4.378    engine/gp_now1
    SLICE_X51Y55         LUT3 (Prop_lut3_I1_O)        0.329     4.707 f  engine/gp[1]_i_1/O
                         net (fo=4, routed)           0.532     5.240    engine/gp_now[1]
    SLICE_X50Y55         LUT6 (Prop_lut6_I1_O)        0.124     5.364 r  engine/panel_cols[12]_i_12/O
                         net (fo=1, routed)           0.331     5.694    engine/panel_cols[12]_i_12_n_0
    SLICE_X51Y56         CARRY4 (Prop_carry4_DI[1]_CO[3])
                                                      0.507     6.201 r  engine/panel_cols_reg[12]_i_3/CO[3]
                         net (fo=1, routed)           0.000     6.201    engine/panel_cols_reg[12]_i_3_n_0
    SLICE_X51Y57         CARRY4 (Prop_carry4_CI_CO[2])
                                                      0.228     6.429 r  engine/panel_cols_reg[12]_i_2/CO[2]
                         net (fo=42, routed)          0.580     7.010    engine/pcols_now1
    SLICE_X51Y55         LUT5 (Prop_lut5_I3_O)        0.313     7.323 r  engine/panel_cols[3]_i_1/O
                         net (fo=2, routed)           0.344     7.667    engine/pcols_now[3]
    SLICE_X50Y56         CARRY4 (Prop_carry4_DI[3]_CO[3])
                                                      0.396     8.063 r  engine/ld_words_reg[0]_i_13/CO[3]
                         net (fo=1, routed)           0.000     8.063    engine/ld_words_reg[0]_i_13_n_0
    SLICE_X50Y57         CARRY4 (Prop_carry4_CI_O[3])
                                                      0.315     8.378 r  engine/ld_words_reg[4]_i_10/O[3]
                         net (fo=1, routed)           0.543     8.921    engine/ld_words_reg[4]_i_10_n_4
    SLICE_X53Y55         LUT4 (Prop_lut4_I2_O)        0.301     9.222 r  engine/ld_words[4]_i_3/O
                         net (fo=1, routed)           0.679     9.901    engine/ld_words[4]_i_3_n_0
    SLICE_X55Y55         LUT5 (Prop_lut5_I2_O)        0.326    10.227 r  engine/ld_words[4]_i_1/O
                         net (fo=1, routed)           0.000    10.227    engine/ld_words0_out[4]
    SLICE_X55Y55         FDRE                                         r  engine/ld_words_reg[4]/D
  -------------------------------------------------------------------    -------------------

                         (clock clk rise edge)       10.000    10.000 r  
                                                      0.000    10.000 r  clk (IN)
                         net (fo=4975, unset)         0.924    10.924    engine/clk
    SLICE_X55Y55         FDRE                                         r  engine/ld_words_reg[4]/C
                         clock pessimism              0.000    10.924    
                         clock uncertainty           -0.035    10.889    
    SLICE_X55Y55         FDRE (Setup_fdre_C_D)        0.029    10.918    engine/ld_words_reg[4]
  -------------------------------------------------------------------
                         required time                         10.918    
                         arrival time                         -10.227    
  -------------------------------------------------------------------
                         slack                                  0.691    

Slack (MET) :             0.713ns  (required time - arrival time)
  Source:                 engine/g_left_reg[3]/C
                            (rising edge-triggered cell FDRE clocked by clk  {rise@0.000ns fall@5.000ns period=10.000ns})
  Destination:            engine/ld_words_reg[8]/D
                            (rising edge-triggered cell FDRE clocked by clk  {rise@0.000ns fall@5.000ns period=10.000ns})
  Path Group:             clk
  Path Type:              Setup (Max at Slow Process Corner)
  Requirement:            10.000ns  (clk rise@10.000ns - clk rise@0.000ns)
  Data Path Delay:        9.235ns  (logic 4.182ns (45.286%)  route 5.053ns (54.714%))
  Logic Levels:           13  (CARRY4=7 LUT3=1 LUT4=2 LUT5=2 LUT6=1)
  Clock Path Skew:        -0.049ns (DCD - SCD + CPR)
    Destination Clock Delay (DCD):    0.924ns = ( 10.924 - 10.000 ) 
    Source Clock Delay      (SCD):    0.973ns
    Clock Pessimism Removal (CPR):    0.000ns
  Clock Uncertainty:      0.035ns  ((TSJ^2 + TIJ^2)^1/2 + DJ) / 2 + PE
    Total System Jitter     (TSJ):    0.071ns
    Total Input Jitter      (TIJ):    0.000ns
    Discrete Jitter          (DJ):    0.000ns
    Phase Error              (PE):    0.000ns

    Location             Delay type                Incr(ns)  Path(ns)    Netlist Resource(s)
  -------------------------------------------------------------------    -------------------
                         (clock clk rise edge)        0.000     0.000 r  
                                                      0.000     0.000 r  clk (IN)
                         net (fo=4975, unset)         0.973     0.973    engine/clk
    SLICE_X52Y62         FDRE                                         r  engine/g_left_reg[3]/C
  -------------------------------------------------------------------    -------------------
    SLICE_X52Y62         FDRE (Prop_fdre_C_Q)         0.419     1.392 r  engine/g_left_reg[3]/Q
                         net (fo=11, routed)          0.993     2.385    engine/g_left_reg_n_0_[3]
    SLICE_X52Y60         LUT4 (Prop_lut4_I0_O)        0.296     2.681 r  engine/gp[10]_i_15/O
                         net (fo=1, routed)           0.000     2.681    engine/gp[10]_i_15_n_0
    SLICE_X52Y60         CARRY4 (Prop_carry4_S[1]_CO[3])
                                                      0.550     3.231 r  engine/gp_reg[10]_i_4/CO[3]
                         net (fo=1, routed)           0.000     3.231    engine/gp_reg[10]_i_4_n_0
    SLICE_X52Y61         CARRY4 (Prop_carry4_CI_CO[1])
                                                      0.157     3.388 r  engine/gp_reg[10]_i_3/CO[1]
                         net (fo=55, routed)          0.990     4.378    engine/gp_now1
    SLICE_X51Y55         LUT3 (Prop_lut3_I1_O)        0.329     4.707 f  engine/gp[1]_i_1/O
                         net (fo=4, routed)           0.532     5.240    engine/gp_now[1]
    SLICE_X50Y55         LUT6 (Prop_lut6_I1_O)        0.124     5.364 r  engine/panel_cols[12]_i_12/O
                         net (fo=1, routed)           0.331     5.694    engine/panel_cols[12]_i_12_n_0
    SLICE_X51Y56         CARRY4 (Prop_carry4_DI[1]_CO[3])
                                                      0.507     6.201 r  engine/panel_cols_reg[12]_i_3/CO[3]
                         net (fo=1, routed)           0.000     6.201    engine/panel_cols_reg[12]_i_3_n_0
    SLICE_X51Y57         CARRY4 (Prop_carry4_CI_CO[2])
                                                      0.228     6.429 r  engine/panel_cols_reg[12]_i_2/CO[2]
                         net (fo=42, routed)          0.580     7.010    engine/pcols_now1
    SLICE_X51Y55         LUT5 (Prop_lut5_I3_O)        0.313     7.323 r  engine/panel_cols[3]_i_1/O
                         net (fo=2, routed)           0.344     7.667    engine/pcols_now[3]
    SLICE_X50Y56         CARRY4 (Prop_carry4_DI[3]_CO[3])
                                                      0.396     8.063 r  engine/ld_words_reg[0]_i_13/CO[3]
                         net (fo=1, routed)           0.000     8.063    engine/ld_words_reg[0]_i_13_n_0
    SLICE_X50Y57         CARRY4 (Prop_carry4_CI_CO[3])
                                                      0.117     8.180 r  engine/ld_words_reg[4]_i_10/CO[3]
                         net (fo=1, routed)           0.000     8.180    engine/ld_words_reg[4]_i_10_n_0
    SLICE_X50Y58         CARRY4 (Prop_carry4_CI_O[3])
                                                      0.315     8.495 r  engine/ld_words_reg[8]_i_10/O[3]
                         net (fo=1, routed)           0.845     9.340    engine/ld_words_reg[8]_i_10_n_4
    SLICE_X54Y55         LUT4 (Prop_lut4_I2_O)        0.307     9.647 r  engine/ld_words[8]_i_3/O
                         net (fo=1, routed)           0.437    10.084    engine/ld_words[8]_i_3_n_0
    SLICE_X56Y55         LUT5 (Prop_lut5_I2_O)        0.124    10.208 r  engine/ld_words[8]_i_1/O
                         net (fo=1, routed)           0.000    10.208    engine/ld_words0_out[8]
    SLICE_X56Y55         FDRE                                         r  engine/ld_words_reg[8]/D
  -------------------------------------------------------------------    -------------------

                         (clock clk rise edge)       10.000    10.000 r  
                                                      0.000    10.000 r  clk (IN)
                         net (fo=4975, unset)         0.924    10.924    engine/clk
    SLICE_X56Y55         FDRE                                         r  engine/ld_words_reg[8]/C
                         clock pessimism              0.000    10.924    
                         clock uncertainty           -0.035    10.889    
    SLICE_X56Y55         FDRE (Setup_fdre_C_D)        0.032    10.921    engine/ld_words_reg[8]
  -------------------------------------------------------------------
                         required time                         10.921    
                         arrival time                         -10.208    
  -------------------------------------------------------------------
                         slack                                  0.713    

Slack (MET) :             0.787ns  (required time - arrival time)
  Source:                 engine/g_left_reg[3]/C
                            (rising edge-triggered cell FDRE clocked by clk  {rise@0.000ns fall@5.000ns period=10.000ns})
  Destination:            engine/ld_words_reg[10]/D
                            (rising edge-triggered cell FDRE clocked by clk  {rise@0.000ns fall@5.000ns period=10.000ns})
  Path Group:             clk
  Path Type:              Setup (Max at Slow Process Corner)
  Requirement:            10.000ns  (clk rise@10.000ns - clk rise@0.000ns)
  Data Path Delay:        9.160ns  (logic 4.166ns (45.480%)  route 4.994ns (54.520%))
  Logic Levels:           14  (CARRY4=8 LUT3=1 LUT4=2 LUT5=2 LUT6=1)
  Clock Path Skew:        -0.049ns (DCD - SCD + CPR)
    Destination Clock Delay (DCD):    0.924ns = ( 10.924 - 10.000 ) 
    Source Clock Delay      (SCD):    0.973ns
    Clock Pessimism Removal (CPR):    0.000ns
  Clock Uncertainty:      0.035ns  ((TSJ^2 + TIJ^2)^1/2 + DJ) / 2 + PE
    Total System Jitter     (TSJ):    0.071ns
    Total Input Jitter      (TIJ):    0.000ns
    Discrete Jitter          (DJ):    0.000ns
    Phase Error              (PE):    0.000ns

    Location             Delay type                Incr(ns)  Path(ns)    Netlist Resource(s)
  -------------------------------------------------------------------    -------------------
                         (clock clk rise edge)        0.000     0.000 r  
                                                      0.000     0.000 r  clk (IN)
                         net (fo=4975, unset)         0.973     0.973    engine/clk
    SLICE_X52Y62         FDRE                                         r  engine/g_left_reg[3]/C
  -------------------------------------------------------------------    -------------------
    SLICE_X52Y62         FDRE (Prop_fdre_C_Q)         0.419     1.392 r  engine/g_left_reg[3]/Q
                         net (fo=11, routed)          0.993     2.385    engine/g_left_reg_n_0_[3]
    SLICE_X52Y60         LUT4 (Prop_lut4_I0_O)        0.296     2.681 r  engine/gp[10]_i_15/O
                         net (fo=1, routed)           0.000     2.681    engine/gp[10]_i_15_n_0
    SLICE_X52Y60         CARRY4 (Prop_carry4_S[1]_CO[3])
                                                      0.550     3.231 r  engine/gp_reg[10]_i_4/CO[3]
                         net (fo=1, routed)           0.000     3.231    engine/gp_reg[10]_i_4_n_0
    SLICE_X52Y61         CARRY4 (Prop_carry4_CI_CO[1])
                                                      0.157     3.388 r  engine/gp_reg[10]_i_3/CO[1]
                         net (fo=55, routed)          0.990     4.378    engine/gp_now1
    SLICE_X51Y55         LUT3 (Prop_lut3_I1_O)        0.329     4.707 f  engine/gp[1]_i_1/O
                         net (fo=4, routed)           0.532     5.240    engine/gp_now[1]
    SLICE_X50Y55         LUT6 (Prop_lut6_I1_O)        0.124     5.364 r  engine/panel_cols[12]_i_12/O
                         net (fo=1, routed)           0.331     5.694    engine/panel_cols[12]_i_12_n_0
    SLICE_X51Y56         CARRY4 (Prop_carry4_DI[1]_CO[3])
                                                      0.507     6.201 r  engine/panel_cols_reg[12]_i_3/CO[3]
                         net (fo=1, routed)           0.000     6.201    engine/panel_cols_reg[12]_i_3_n_0
    SLICE_X51Y57         CARRY4 (Prop_carry4_CI_CO[2])
                                                      0.228     6.429 r  engine/panel_cols_reg[12]_i_2/CO[2]
                         net (fo=42, routed)          0.580     7.010    engine/pcols_now1
    SLICE_X51Y55         LUT5 (Prop_lut5_I3_O)        0.313     7.323 r  engine/panel_cols[3]_i_1/O
                         net (fo=2, routed)           0.344     7.667    engine/pcols_now[3]
    SLICE_X50Y56         CARRY4 (Prop_carry4_DI[3]_CO[3])
                                                      0.396     8.063 r  engine/ld_words_reg[0]_i_13/CO[3]
                         net (fo=1, routed)           0.000     8.063    engine/ld_words_reg[0]_i_13_n_0
    SLICE_X50Y57         CARRY4 (Prop_carry4_CI_CO[3])
                                                      0.117     8.180 r  engine/ld_words_reg[4]_i_10/CO[3]
                         net (fo=1, routed)           0.000     8.180    engine/ld_words_reg[4]_i_10_n_0
    SLICE_X50Y58         CARRY4 (Prop_carry4_CI_CO[3])
                                                      0.117     8.297 r  engine/ld_words_reg[8]_i_10/CO[3]
                         net (fo=1, routed)           0.000     8.297    engine/ld_words_reg[8]_i_10_n_0
    SLICE_X50Y59         CARRY4 (Prop_carry4_CI_CO[1])
                                                      0.157     8.454 r  engine/ld_words_reg[10]_i_7/CO[1]
                         net (fo=1, routed)           0.411     8.865    engine/ld_words_reg[10]_i_7_n_2
    SLICE_X51Y59         LUT4 (Prop_lut4_I2_O)        0.332     9.197 r  engine/ld_words[10]_i_3/O
                         net (fo=1, routed)           0.812    10.009    engine/ld_words[10]_i_3_n_0
    SLICE_X57Y59         LUT5 (Prop_lut5_I2_O)        0.124    10.133 r  engine/ld_words[10]_i_1/O
                         net (fo=1, routed)           0.000    10.133    engine/ld_words0_out[10]
    SLICE_X57Y59         FDRE                                         r  engine/ld_words_reg[10]/D
  -------------------------------------------------------------------    -------------------

                         (clock clk rise edge)       10.000    10.000 r  
                                                      0.000    10.000 r  clk (IN)
                         net (fo=4975, unset)         0.924    10.924    engine/clk
    SLICE_X57Y59         FDRE                                         r  engine/ld_words_reg[10]/C
                         clock pessimism              0.000    10.924    
                         clock uncertainty           -0.035    10.889    
    SLICE_X57Y59         FDRE (Setup_fdre_C_D)        0.031    10.920    engine/ld_words_reg[10]
  -------------------------------------------------------------------
                         required time                         10.920    
                         arrival time                         -10.133    
  -------------------------------------------------------------------
                         slack                                  0.787    

Slack (MET) :             0.810ns  (required time - arrival time)
  Source:                 engine/wr_sel_reg/C
                            (rising edge-triggered cell FDRE clocked by clk  {rise@0.000ns fall@5.000ns period=10.000ns})
  Destination:            engine/wr_q_data_reg[12]/D
                            (rising edge-triggered cell FDRE clocked by clk  {rise@0.000ns fall@5.000ns period=10.000ns})
  Path Group:             clk
  Path Type:              Setup (Max at Slow Process Corner)
  Requirement:            10.000ns  (clk rise@10.000ns - clk rise@0.000ns)
  Data Path Delay:        9.187ns  (logic 2.728ns (29.696%)  route 6.459ns (70.304%))
  Logic Levels:           9  (CARRY4=2 LUT2=1 LUT3=1 LUT5=2 LUT6=3)
  Clock Path Skew:        -0.049ns (DCD - SCD + CPR)
    Destination Clock Delay (DCD):    0.924ns = ( 10.924 - 10.000 ) 
    Source Clock Delay      (SCD):    0.973ns
    Clock Pessimism Removal (CPR):    0.000ns
  Clock Uncertainty:      0.035ns  ((TSJ^2 + TIJ^2)^1/2 + DJ) / 2 + PE
    Total System Jitter     (TSJ):    0.071ns
    Total Input Jitter      (TIJ):    0.000ns
    Discrete Jitter          (DJ):    0.000ns
    Phase Error              (PE):    0.000ns

    Location             Delay type                Incr(ns)  Path(ns)    Netlist Resource(s)
  -------------------------------------------------------------------    -------------------
                         (clock clk rise edge)        0.000     0.000 r  
                                                      0.000     0.000 r  clk (IN)
                         net (fo=4975, unset)         0.973     0.973    engine/clk
    SLICE_X57Y55         FDRE                                         r  engine/wr_sel_reg/C
  -------------------------------------------------------------------    -------------------
    SLICE_X57Y55         FDRE (Prop_fdre_C_Q)         0.456     1.429 r  engine/wr_sel_reg/Q
                         net (fo=403, routed)         2.131     3.560    engine/wr_sel
    SLICE_X35Y39         LUT5 (Prop_lut5_I1_O)        0.124     3.684 r  engine/wr_q_data[6]_i_10/O
                         net (fo=1, routed)           0.151     3.835    engine/wr_q_data[6]_i_10_n_0
    SLICE_X35Y39         LUT6 (Prop_lut6_I5_O)        0.124     3.959 r  engine/wr_q_data[6]_i_7/O
                         net (fo=1, routed)           0.433     4.392    engine/wr_q_data[6]_i_7_n_0
    SLICE_X35Y39         LUT6 (Prop_lut6_I5_O)        0.124     4.516 r  engine/wr_q_data[6]_i_4/O
                         net (fo=4, routed)           0.837     5.353    engine/wr_q_data[6]_i_4_n_0
    SLICE_X45Y47         LUT3 (Prop_lut3_I2_O)        0.124     5.477 r  engine/wr_q_data[11]_i_21/O
                         net (fo=2, routed)           0.797     6.274    engine/wr_q_data[11]_i_21_n_0
    SLICE_X47Y47         LUT5 (Prop_lut5_I3_O)        0.152     6.426 r  engine/wr_q_data[11]_i_7/O
                         net (fo=2, routed)           0.682     7.108    engine/wr_q_data[11]_i_7_n_0
    SLICE_X46Y48         CARRY4 (Prop_carry4_DI[0]_CO[3])
                                                      0.758     7.866 r  engine/wr_q_data_reg[11]_i_2/CO[3]
                         net (fo=1, routed)           0.000     7.866    engine/wr_q_data_reg[11]_i_2_n_0
    SLICE_X46Y49         CARRY4 (Prop_carry4_CI_O[0])
                                                      0.219     8.085 r  engine/wr_q_data_reg[15]_i_2/O[0]
                         net (fo=1, routed)           1.262     9.347    engine/wr_rowsum[12]
    SLICE_X54Y55         LUT2 (Prop_lut2_I0_O)        0.319     9.666 r  engine/wr_q_data[12]_i_2/O
                         net (fo=1, routed)           0.165     9.832    engine/wr_q_data[12]_i_2_n_0
    SLICE_X54Y55         LUT6 (Prop_lut6_I0_O)        0.328    10.160 r  engine/wr_q_data[12]_i_1/O
                         net (fo=1, routed)           0.000    10.160    engine/wr_q_data[12]_i_1_n_0
    SLICE_X54Y55         FDRE                                         r  engine/wr_q_data_reg[12]/D
  -------------------------------------------------------------------    -------------------

                         (clock clk rise edge)       10.000    10.000 r  
                                                      0.000    10.000 r  clk (IN)
                         net (fo=4975, unset)         0.924    10.924    engine/clk
    SLICE_X54Y55         FDRE                                         r  engine/wr_q_data_reg[12]/C
                         clock pessimism              0.000    10.924    
                         clock uncertainty           -0.035    10.889    
    SLICE_X54Y55         FDRE (Setup_fdre_C_D)        0.081    10.970    engine/wr_q_data_reg[12]
  -------------------------------------------------------------------
                         required time                         10.970    
                         arrival time                         -10.160    
  -------------------------------------------------------------------
                         slack                                  0.810    

Slack (MET) :             0.863ns  (required time - arrival time)
  Source:                 engine/g_left_reg[3]/C
                            (rising edge-triggered cell FDRE clocked by clk  {rise@0.000ns fall@5.000ns period=10.000ns})
  Destination:            engine/ld_words_reg[9]/D
                            (rising edge-triggered cell FDRE clocked by clk  {rise@0.000ns fall@5.000ns period=10.000ns})
  Path Group:             clk
  Path Type:              Setup (Max at Slow Process Corner)
  Requirement:            10.000ns  (clk rise@10.000ns - clk rise@0.000ns)
  Data Path Delay:        9.084ns  (logic 4.191ns (46.136%)  route 4.893ns (53.864%))
  Logic Levels:           14  (CARRY4=8 LUT3=1 LUT4=2 LUT5=2 LUT6=1)
  Clock Path Skew:        -0.049ns (DCD - SCD + CPR)
    Destination Clock Delay (DCD):    0.924ns = ( 10.924 - 10.000 ) 
    Source Clock Delay      (SCD):    0.973ns
    Clock Pessimism Removal (CPR):    0.000ns
  Clock Uncertainty:      0.035ns  ((TSJ^2 + TIJ^2)^1/2 + DJ) / 2 + PE
    Total System Jitter     (TSJ):    0.071ns
    Total Input Jitter      (TIJ):    0.000ns
    Discrete Jitter          (DJ):    0.000ns
    Phase Error              (PE):    0.000ns

    Location             Delay type                Incr(ns)  Path(ns)    Netlist Resource(s)
  -------------------------------------------------------------------    -------------------
                         (clock clk rise edge)        0.000     0.000 r  
                                                      0.000     0.000 r  clk (IN)
                         net (fo=4975, unset)         0.973     0.973    engine/clk
    SLICE_X52Y62         FDRE                                         r  engine/g_left_reg[3]/C
  -------------------------------------------------------------------    -------------------
    SLICE_X52Y62         FDRE (Prop_fdre_C_Q)         0.419     1.392 r  engine/g_left_reg[3]/Q
                         net (fo=11, routed)          0.993     2.385    engine/g_left_reg_n_0_[3]
    SLICE_X52Y60         LUT4 (Prop_lut4_I0_O)        0.296     2.681 r  engine/gp[10]_i_15/O
                         net (fo=1, routed)           0.000     2.681    engine/gp[10]_i_15_n_0
    SLICE_X52Y60         CARRY4 (Prop_carry4_S[1]_CO[3])
                                                      0.550     3.231 r  engine/gp_reg[10]_i_4/CO[3]
                         net (fo=1, routed)           0.000     3.231    engine/gp_reg[10]_i_4_n_0
    SLICE_X52Y61         CARRY4 (Prop_carry4_CI_CO[1])
                                                      0.157     3.388 r  engine/gp_reg[10]_i_3/CO[1]
                         net (fo=55, routed)          0.990     4.378    engine/gp_now1
    SLICE_X51Y55         LUT3 (Prop_lut3_I1_O)        0.329     4.707 f  engine/gp[1]_i_1/O
                         net (fo=4, routed)           0.532     5.240    engine/gp_now[1]
    SLICE_X50Y55         LUT6 (Prop_lut6_I1_O)        0.124     5.364 r  engine/panel_cols[12]_i_12/O
                         net (fo=1, routed)           0.331     5.694    engine/panel_cols[12]_i_12_n_0
    SLICE_X51Y56         CARRY4 (Prop_carry4_DI[1]_CO[3])
                                                      0.507     6.201 r  engine/panel_cols_reg[12]_i_3/CO[3]
                         net (fo=1, routed)           0.000     6.201    engine/panel_cols_reg[12]_i_3_n_0
    SLICE_X51Y57         CARRY4 (Prop_carry4_CI_CO[2])
                                                      0.228     6.429 r  engine/panel_cols_reg[12]_i_2/CO[2]
                         net (fo=42, routed)          0.580     7.010    engine/pcols_now1
    SLICE_X51Y55         LUT5 (Prop_lut5_I3_O)        0.313     7.323 r  engine/panel_cols[3]_i_1/O
                         net (fo=2, routed)           0.344     7.667    engine/pcols_now[3]
    SLICE_X50Y56         CARRY4 (Prop_carry4_DI[3]_CO[3])
                                                      0.396     8.063 r  engine/ld_words_reg[0]_i_13/CO[3]
                         net (fo=1, routed)           0.000     8.063    engine/ld_words_reg[0]_i_13_n_0
    SLICE_X50Y57         CARRY4 (Prop_carry4_CI_CO[3])
                                                      0.117     8.180 r  engine/ld_words_reg[4]_i_10/CO[3]
                         net (fo=1, routed)           0.000     8.180    engine/ld_words_reg[4]_i_10_n_0
    SLICE_X50Y58         CARRY4 (Prop_carry4_CI_CO[3])
                                                      0.117     8.297 r  engine/ld_words_reg[8]_i_10/CO[3]
                         net (fo=1, routed)           0.000     8.297    engine/ld_words_reg[8]_i_10_n_0
    SLICE_X50Y59         CARRY4 (Prop_carry4_CI_O[0])
                                                      0.219     8.516 r  engine/ld_words_reg[10]_i_7/O[0]
                         net (fo=1, routed)           0.312     8.828    engine/ld_words_reg[10]_i_7_n_7
    SLICE_X49Y59         LUT4 (Prop_lut4_I2_O)        0.295     9.123 r  engine/ld_words[9]_i_2/O
                         net (fo=1, routed)           0.810     9.933    engine/ld_words[9]_i_2_n_0
    SLICE_X57Y59         LUT5 (Prop_lut5_I2_O)        0.124    10.057 r  engine/ld_words[9]_i_1/O
                         net (fo=1, routed)           0.000    10.057    engine/ld_words0_out[9]
    SLICE_X57Y59         FDRE                                         r  engine/ld_words_reg[9]/D
  -------------------------------------------------------------------    -------------------

                         (clock clk rise edge)       10.000    10.000 r  
                                                      0.000    10.000 r  clk (IN)
                         net (fo=4975, unset)         0.924    10.924    engine/clk
    SLICE_X57Y59         FDRE                                         r  engine/ld_words_reg[9]/C
                         clock pessimism              0.000    10.924    
                         clock uncertainty           -0.035    10.889    
    SLICE_X57Y59         FDRE (Setup_fdre_C_D)        0.031    10.920    engine/ld_words_reg[9]
  -------------------------------------------------------------------
                         required time                         10.920    
                         arrival time                         -10.057    
  -------------------------------------------------------------------
                         slack                                  0.863    

Slack (MET) :             0.886ns  (required time - arrival time)
  Source:                 engine/g_left_reg[3]/C
                            (rising edge-triggered cell FDRE clocked by clk  {rise@0.000ns fall@5.000ns period=10.000ns})
  Destination:            engine/ld_words_reg[1]/D
                            (rising edge-triggered cell FDRE clocked by clk  {rise@0.000ns fall@5.000ns period=10.000ns})
  Path Group:             clk
  Path Type:              Setup (Max at Slow Process Corner)
  Requirement:            10.000ns  (clk rise@10.000ns - clk rise@0.000ns)
  Data Path Delay:        9.061ns  (logic 3.957ns (43.672%)  route 5.104ns (56.328%))
  Logic Levels:           12  (CARRY4=6 LUT3=1 LUT4=2 LUT5=2 LUT6=1)
  Clock Path Skew:        -0.049ns (DCD - SCD + CPR)
    Destination Clock Delay (DCD):    0.924ns = ( 10.924 - 10.000 ) 
    Source Clock Delay      (SCD):    0.973ns
    Clock Pessimism Removal (CPR):    0.000ns
  Clock Uncertainty:      0.035ns  ((TSJ^2 + TIJ^2)^1/2 + DJ) / 2 + PE
    Total System Jitter     (TSJ):    0.071ns
    Total Input Jitter      (TIJ):    0.000ns
    Discrete Jitter          (DJ):    0.000ns
    Phase Error              (PE):    0.000ns

    Location             Delay type                Incr(ns)  Path(ns)    Netlist Resource(s)
  -------------------------------------------------------------------    -------------------
                         (clock clk rise edge)        0.000     0.000 r  
                                                      0.000     0.000 r  clk (IN)
                         net (fo=4975, unset)         0.973     0.973    engine/clk
    SLICE_X52Y62         FDRE                                         r  engine/g_left_reg[3]/C
  -------------------------------------------------------------------    -------------------
    SLICE_X52Y62         FDRE (Prop_fdre_C_Q)         0.419     1.392 r  engine/g_left_reg[3]/Q
                         net (fo=11, routed)          0.993     2.385    engine/g_left_reg_n_0_[3]
    SLICE_X52Y60         LUT4 (Prop_lut4_I0_O)        0.296     2.681 r  engine/gp[10]_i_15/O
                         net (fo=1, routed)           0.000     2.681    engine/gp[10]_i_15_n_0
    SLICE_X52Y60         CARRY4 (Prop_carry4_S[1]_CO[3])
                                                      0.550     3.231 r  engine/gp_reg[10]_i_4/CO[3]
                         net (fo=1, routed)           0.000     3.231    engine/gp_reg[10]_i_4_n_0
    SLICE_X52Y61         CARRY4 (Prop_carry4_CI_CO[1])
                                                      0.157     3.388 r  engine/gp_reg[10]_i_3/CO[1]
                         net (fo=55, routed)          0.990     4.378    engine/gp_now1
    SLICE_X51Y55         LUT3 (Prop_lut3_I1_O)        0.329     4.707 f  engine/gp[1]_i_1/O
                         net (fo=4, routed)           0.532     5.240    engine/gp_now[1]
    SLICE_X50Y55         LUT6 (Prop_lut6_I1_O)        0.124     5.364 r  engine/panel_cols[12]_i_12/O
                         net (fo=1, routed)           0.331     5.694    engine/panel_cols[12]_i_12_n_0
    SLICE_X51Y56         CARRY4 (Prop_carry4_DI[1]_CO[3])
                                                      0.507     6.201 r  engine/panel_cols_reg[12]_i_3/CO[3]
                         net (fo=1, routed)           0.000     6.201    engine/panel_cols_reg[12]_i_3_n_0
    SLICE_X51Y57         CARRY4 (Prop_carry4_CI_CO[2])
                                                      0.228     6.429 r  engine/panel_cols_reg[12]_i_2/CO[2]
                         net (fo=42, routed)          0.580     7.010    engine/pcols_now1
    SLICE_X51Y55         LUT5 (Prop_lut5_I3_O)        0.313     7.323 r  engine/panel_cols[3]_i_1/O
                         net (fo=2, routed)           0.344     7.667    engine/pcols_now[3]
    SLICE_X50Y56         CARRY4 (Prop_carry4_DI[3]_CO[3])
                                                      0.396     8.063 r  engine/ld_words_reg[0]_i_13/CO[3]
                         net (fo=1, routed)           0.000     8.063    engine/ld_words_reg[0]_i_13_n_0
    SLICE_X50Y57         CARRY4 (Prop_carry4_CI_O[0])
                                                      0.219     8.282 r  engine/ld_words_reg[4]_i_10/O[0]
                         net (fo=1, routed)           0.714     8.996    engine/ld_words_reg[4]_i_10_n_7
    SLICE_X54Y57         LUT4 (Prop_lut4_I2_O)        0.295     9.291 r  engine/ld_words[1]_i_2/O
                         net (fo=1, routed)           0.619     9.910    engine/ld_words[1]_i_2_n_0
    SLICE_X55Y57         LUT5 (Prop_lut5_I2_O)        0.124    10.034 r  engine/ld_words[1]_i_1/O
                         net (fo=1, routed)           0.000    10.034    engine/ld_words0_out[1]
    SLICE_X55Y57         FDRE                                         r  engine/ld_words_reg[1]/D
  -------------------------------------------------------------------    -------------------

                         (clock clk rise edge)       10.000    10.000 r  
                                                      0.000    10.000 r  clk (IN)
                         net (fo=4975, unset)         0.924    10.924    engine/clk
    SLICE_X55Y57         FDRE                                         r  engine/ld_words_reg[1]/C
                         clock pessimism              0.000    10.924    
                         clock uncertainty           -0.035    10.889    
    SLICE_X55Y57         FDRE (Setup_fdre_C_D)        0.031    10.920    engine/ld_words_reg[1]
  -------------------------------------------------------------------
                         required time                         10.920    
                         arrival time                         -10.034    
  -------------------------------------------------------------------
                         slack                                  0.886    





Min Delay Paths
--------------------------------------------------------------------------------------
Slack (MET) :             0.087ns  (arrival time - required time)
  Source:                 engine/c_tile_reg[31]/C
                            (rising edge-triggered cell FDRE clocked by clk  {rise@0.000ns fall@5.000ns period=10.000ns})
  Destination:            engine/bank_addr_reg_0_1_30_31__0/SP/I
                            (rising edge-triggered cell RAMD32 clocked by clk  {rise@0.000ns fall@5.000ns period=10.000ns})
  Path Group:             clk
  Path Type:              Hold (Min at Fast Process Corner)
  Requirement:            0.000ns  (clk rise@0.000ns - clk rise@0.000ns)
  Data Path Delay:        0.252ns  (logic 0.141ns (55.875%)  route 0.111ns (44.125%))
  Logic Levels:           0  
  Clock Path Skew:        0.022ns (DCD - SCD - CPR)
    Destination Clock Delay (DCD):    0.432ns
    Source Clock Delay      (SCD):    0.410ns
    Clock Pessimism Removal (CPR):    -0.000ns

    Location             Delay type                Incr(ns)  Path(ns)    Netlist Resource(s)
  -------------------------------------------------------------------    -------------------
                         (clock clk rise edge)        0.000     0.000 r  
                                                      0.000     0.000 r  clk (IN)
                         net (fo=4975, unset)         0.410     0.410    engine/clk
    SLICE_X45Y70         FDRE                                         r  engine/c_tile_reg[31]/C
  -------------------------------------------------------------------    -------------------
    SLICE_X45Y70         FDRE (Prop_fdre_C_Q)         0.141     0.551 r  engine/c_tile_reg[31]/Q
                         net (fo=3, routed)           0.111     0.662    engine/bank_addr_reg_0_1_30_31__0/D
    SLICE_X46Y69         RAMD32                                       r  engine/bank_addr_reg_0_1_30_31__0/SP/I
  -------------------------------------------------------------------    -------------------

                         (clock clk rise edge)        0.000     0.000 r  
                                                      0.000     0.000 r  clk (IN)
                         net (fo=4975, unset)         0.432     0.432    engine/bank_addr_reg_0_1_30_31__0/WCLK
    SLICE_X46Y69         RAMD32                                       r  engine/bank_addr_reg_0_1_30_31__0/SP/CLK
                         clock pessimism              0.000     0.432    
    SLICE_X46Y69         RAMD32 (Hold_ramd32_CLK_I)
                                                      0.144     0.576    engine/bank_addr_reg_0_1_30_31__0/SP
  -------------------------------------------------------------------
                         required time                         -0.576    
                         arrival time                           0.662    
  -------------------------------------------------------------------
                         slack                                  0.087    

Slack (MET) :             0.091ns  (arrival time - required time)
  Source:                 engine/c_tile_reg[4]/C
                            (rising edge-triggered cell FDRE clocked by clk  {rise@0.000ns fall@5.000ns period=10.000ns})
  Destination:            engine/bank_addr_reg_0_1_0_5/RAMC/I
                            (rising edge-triggered cell RAMD32 clocked by clk  {rise@0.000ns fall@5.000ns period=10.000ns})
  Path Group:             clk
  Path Type:              Hold (Min at Fast Process Corner)
  Requirement:            0.000ns  (clk rise@0.000ns - clk rise@0.000ns)
  Data Path Delay:        0.256ns  (logic 0.141ns (55.015%)  route 0.115ns (44.985%))
  Logic Levels:           0  
  Clock Path Skew:        0.022ns (DCD - SCD - CPR)
    Destination Clock Delay (DCD):    0.432ns
    Source Clock Delay      (SCD):    0.410ns
    Clock Pessimism Removal (CPR):    -0.000ns

    Location             Delay type                Incr(ns)  Path(ns)    Netlist Resource(s)
  -------------------------------------------------------------------    -------------------
                         (clock clk rise edge)        0.000     0.000 r  
                                                      0.000     0.000 r  clk (IN)
                         net (fo=4975, unset)         0.410     0.410    engine/clk
    SLICE_X44Y61         FDRE                                         r  engine/c_tile_reg[4]/C
  -------------------------------------------------------------------    -------------------
    SLICE_X44Y61         FDRE (Prop_fdre_C_Q)         0.141     0.551 r  engine/c_tile_reg[4]/Q
                         net (fo=3, routed)           0.115     0.666    engine/bank_addr_reg_0_1_0_5/DIC0
    SLICE_X46Y62         RAMD32                                       r  engine/bank_addr_reg_0_1_0_5/RAMC/I
  -------------------------------------------------------------------    -------------------

                         (clock clk rise edge)        0.000     0.000 r  
                                                      0.000     0.000 r  clk (IN)
                         net (fo=4975, unset)         0.432     0.432    engine/bank_addr_reg_0_1_0_5/WCLK
    SLICE_X46Y62         RAMD32                                       r  engine/bank_addr_reg_0_1_0_5/RAMC/CLK
                         clock pessimism              0.000     0.432    
    SLICE_X46Y62         RAMD32 (Hold_ramd32_CLK_I)
                                                      0.144     0.576    engine/bank_addr_reg_0_1_0_5/RAMC
  -------------------------------------------------------------------
                         required time                         -0.576    
                         arrival time                           0.666    
  -------------------------------------------------------------------
                         slack                                  0.091    

Slack (MET) :             0.103ns  (arrival time - required time)
  Source:                 engine/c_tile_reg[2]/C
                            (rising edge-triggered cell FDRE clocked by clk  {rise@0.000ns fall@5.000ns period=10.000ns})
  Destination:            engine/bank_addr_reg_0_1_0_5/RAMB/I
                            (rising edge-triggered cell RAMD32 clocked by clk  {rise@0.000ns fall@5.000ns period=10.000ns})
  Path Group:             clk
  Path Type:              Hold (Min at Fast Process Corner)
  Requirement:            0.000ns  (clk rise@0.000ns - clk rise@0.000ns)
  Data Path Delay:        0.271ns  (logic 0.141ns (52.103%)  route 0.130ns (47.897%))
  Logic Levels:           0  
  Clock Path Skew:        0.022ns (DCD - SCD - CPR)
    Destination Clock Delay (DCD):    0.432ns
    Source Clock Delay      (SCD):    0.410ns
    Clock Pessimism Removal (CPR):    -0.000ns

    Location             Delay type                Incr(ns)  Path(ns)    Netlist Resource(s)
  -------------------------------------------------------------------    -------------------
                         (clock clk rise edge)        0.000     0.000 r  
                                                      0.000     0.000 r  clk (IN)
                         net (fo=4975, unset)         0.410     0.410    engine/clk
    SLICE_X49Y62         FDRE                                         r  engine/c_tile_reg[2]/C
  -------------------------------------------------------------------    -------------------
    SLICE_X49Y62         FDRE (Prop_fdre_C_Q)         0.141     0.551 r  engine/c_tile_reg[2]/Q
                         net (fo=2, routed)           0.130     0.681    engine/bank_addr_reg_0_1_0_5/DIB0
    SLICE_X46Y62         RAMD32                                       r  engine/bank_addr_reg_0_1_0_5/RAMB/I
  -------------------------------------------------------------------    -------------------

                         (clock clk rise edge)        0.000     0.000 r  
                                                      0.000     0.000 r  clk (IN)
                         net (fo=4975, unset)         0.432     0.432    engine/bank_addr_reg_0_1_0_5/WCLK
    SLICE_X46Y62         RAMD32                                       r  engine/bank_addr_reg_0_1_0_5/RAMB/CLK
                         clock pessimism              0.000     0.432    
    SLICE_X46Y62         RAMD32 (Hold_ramd32_CLK_I)
                                                      0.146     0.578    engine/bank_addr_reg_0_1_0_5/RAMB
  -------------------------------------------------------------------
                         required time                         -0.578    
                         arrival time                           0.681    
  -------------------------------------------------------------------
                         slack                                  0.103    

Slack (MET) :             0.109ns  (arrival time - required time)
  Source:                 engine/c_tile_reg[3]/C
                            (rising edge-triggered cell FDRE clocked by clk  {rise@0.000ns fall@5.000ns period=10.000ns})
  Destination:            engine/bank_addr_reg_0_1_0_5/RAMB_D1/I
                            (rising edge-triggered cell RAMD32 clocked by clk  {rise@0.000ns fall@5.000ns period=10.000ns})
  Path Group:             clk
  Path Type:              Hold (Min at Fast Process Corner)
  Requirement:            0.000ns  (clk rise@0.000ns - clk rise@0.000ns)
  Data Path Delay:        0.254ns  (logic 0.141ns (55.467%)  route 0.113ns (44.533%))
  Logic Levels:           0  
  Clock Path Skew:        0.022ns (DCD - SCD - CPR)
    Destination Clock Delay (DCD):    0.432ns
    Source Clock Delay      (SCD):    0.410ns
    Clock Pessimism Removal (CPR):    -0.000ns

    Location             Delay type                Incr(ns)  Path(ns)    Netlist Resource(s)
  -------------------------------------------------------------------    -------------------
                         (clock clk rise edge)        0.000     0.000 r  
                                                      0.000     0.000 r  clk (IN)
                         net (fo=4975, unset)         0.410     0.410    engine/clk
    SLICE_X44Y61         FDRE                                         r  engine/c_tile_reg[3]/C
  -------------------------------------------------------------------    -------------------
    SLICE_X44Y61         FDRE (Prop_fdre_C_Q)         0.141     0.551 r  engine/c_tile_reg[3]/Q
                         net (fo=2, routed)           0.113     0.664    engine/bank_addr_reg_0_1_0_5/DIB1
    SLICE_X46Y62         RAMD32                                       r  engine/bank_addr_reg_0_1_0_5/RAMB_D1/I
  -------------------------------------------------------------------    -------------------

                         (clock clk rise edge)        0.000     0.000 r  
                                                      0.000     0.000 r  clk (IN)
                         net (fo=4975, unset)         0.432     0.432    engine/bank_addr_reg_0_1_0_5/WCLK
    SLICE_X46Y62         RAMD32                                       r  engine/bank_addr_reg_0_1_0_5/RAMB_D1/CLK
                         clock pessimism              0.000     0.432    
    SLICE_X46Y62         RAMD32 (Hold_ramd32_CLK_I)
                                                      0.124     0.556    engine/bank_addr_reg_0_1_0_5/RAMB_D1
  -------------------------------------------------------------------
                         required time                         -0.556    
                         arrival time                           0.664    
  -------------------------------------------------------------------
                         slack                                  0.109    

Slack (MET) :             0.114ns  (arrival time - required time)
  Source:                 engine/c_tile_reg[31]/C
                            (rising edge-triggered cell FDRE clocked by clk  {rise@0.000ns fall@5.000ns period=10.000ns})
  Destination:            engine/bank_addr_reg_0_1_30_31__0/DP/I
                            (rising edge-triggered cell RAMD32 clocked by clk  {rise@0.000ns fall@5.000ns period=10.000ns})
  Path Group:             clk
  Path Type:              Hold (Min at Fast Process Corner)
  Requirement:            0.000ns  (clk rise@0.000ns - clk rise@0.000ns)
  Data Path Delay:        0.252ns  (logic 0.141ns (55.875%)  route 0.111ns (44.125%))
  Logic Levels:           0  
  Clock Path Skew:        0.022ns (DCD - SCD - CPR)
    Destination Clock Delay (DCD):    0.432ns
    Source Clock Delay      (SCD):    0.410ns
    Clock Pessimism Removal (CPR):    -0.000ns

    Location             Delay type                Incr(ns)  Path(ns)    Netlist Resource(s)
  -------------------------------------------------------------------    -------------------
                         (clock clk rise edge)        0.000     0.000 r  
                                                      0.000     0.000 r  clk (IN)
                         net (fo=4975, unset)         0.410     0.410    engine/clk
    SLICE_X45Y70         FDRE                                         r  engine/c_tile_reg[31]/C
  -------------------------------------------------------------------    -------------------
    SLICE_X45Y70         FDRE (Prop_fdre_C_Q)         0.141     0.551 r  engine/c_tile_reg[31]/Q
                         net (fo=3, routed)           0.111     0.662    engine/bank_addr_reg_0_1_30_31__0/D
    SLICE_X46Y69         RAMD32                                       r  engine/bank_addr_reg_0_1_30_31__0/DP/I
  -------------------------------------------------------------------    -------------------

                         (clock clk rise edge)        0.000     0.000 r  
                                                      0.000     0.000 r  clk (IN)
                         net (fo=4975, unset)         0.432     0.432    engine/bank_addr_reg_0_1_30_31__0/WCLK
    SLICE_X46Y69         RAMD32                                       r  engine/bank_addr_reg_0_1_30_31__0/DP/CLK
                         clock pessimism              0.000     0.432    
    SLICE_X46Y69         RAMD32 (Hold_ramd32_CLK_I)
                                                      0.117     0.549    engine/bank_addr_reg_0_1_30_31__0/DP
  -------------------------------------------------------------------
                         required time                         -0.549    
                         arrival time                           0.662    
  -------------------------------------------------------------------
                         slack                                  0.114    

Slack (MET) :             0.118ns  (arrival time - required time)
  Source:                 engine/c_tile_reg[30]/C
                            (rising edge-triggered cell FDRE clocked by clk  {rise@0.000ns fall@5.000ns period=10.000ns})
  Destination:            engine/bank_addr_reg_0_1_30_31/DP/I
                            (rising edge-triggered cell RAMD32 clocked by clk  {rise@0.000ns fall@5.000ns period=10.000ns})
  Path Group:             clk
  Path Type:              Hold (Min at Fast Process Corner)
  Requirement:            0.000ns  (clk rise@0.000ns - clk rise@0.000ns)
  Data Path Delay:        0.253ns  (logic 0.141ns (55.648%)  route 0.112ns (44.352%))
  Logic Levels:           0  
  Clock Path Skew:        0.022ns (DCD - SCD - CPR)
    Destination Clock Delay (DCD):    0.432ns
    Source Clock Delay      (SCD):    0.410ns
    Clock Pessimism Removal (CPR):    -0.000ns

    Location             Delay type                Incr(ns)  Path(ns)    Netlist Resource(s)
  -------------------------------------------------------------------    -------------------
                         (clock clk rise edge)        0.000     0.000 r  
                                                      0.000     0.000 r  clk (IN)
                         net (fo=4975, unset)         0.410     0.410    engine/clk
    SLICE_X45Y70         FDRE                                         r  engine/c_tile_reg[30]/C
  -------------------------------------------------------------------    -------------------
    SLICE_X45Y70         FDRE (Prop_fdre_C_Q)         0.141     0.551 r  engine/c_tile_reg[30]/Q
                         net (fo=3, routed)           0.112     0.664    engine/bank_addr_reg_0_1_30_31/D
    SLICE_X46Y69         RAMD32                                       r  engine/bank_addr_reg_0_1_30_31/DP/I
  -------------------------------------------------------------------    -------------------

                         (clock clk rise edge)        0.000     0.000 r  
                                                      0.000     0.000 r  clk (IN)
                         net (fo=4975, unset)         0.432     0.432    engine/bank_addr_reg_0_1_30_31/WCLK
    SLICE_X46Y69         RAMD32                                       r  engine/bank_addr_reg_0_1_30_31/DP/CLK
                         clock pessimism              0.000     0.432    
    SLICE_X46Y69         RAMD32 (Hold_ramd32_CLK_I)
                                                      0.114     0.546    engine/bank_addr_reg_0_1_30_31/DP
  -------------------------------------------------------------------
                         required time                         -0.546    
                         arrival time                           0.664    
  -------------------------------------------------------------------
                         slack                                  0.118    

Slack (MET) :             0.120ns  (arrival time - required time)
  Source:                 engine/c_tile_reg[18]/C
                            (rising edge-triggered cell FDRE clocked by clk  {rise@0.000ns fall@5.000ns period=10.000ns})
  Destination:            engine/bank_addr_reg_0_1_18_23/RAMA/I
                            (rising edge-triggered cell RAMD32 clocked by clk  {rise@0.000ns fall@5.000ns period=10.000ns})
  Path Group:             clk
  Path Type:              Hold (Min at Fast Process Corner)
  Requirement:            0.000ns  (clk rise@0.000ns - clk rise@0.000ns)
  Data Path Delay:        0.288ns  (logic 0.164ns (56.917%)  route 0.124ns (43.083%))
  Logic Levels:           0  
  Clock Path Skew:        0.022ns (DCD - SCD - CPR)
    Destination Clock Delay (DCD):    0.432ns
    Source Clock Delay      (SCD):    0.410ns
    Clock Pessimism Removal (CPR):    -0.000ns

    Location             Delay type                Incr(ns)  Path(ns)    Netlist Resource(s)
  -------------------------------------------------------------------    -------------------
                         (clock clk rise edge)        0.000     0.000 r  
                                                      0.000     0.000 r  clk (IN)
                         net (fo=4975, unset)         0.410     0.410    engine/clk
    SLICE_X42Y66         FDRE                                         r  engine/c_tile_reg[18]/C
  -------------------------------------------------------------------    -------------------
    SLICE_X42Y66         FDRE (Prop_fdre_C_Q)         0.164     0.574 r  engine/c_tile_reg[18]/Q
                         net (fo=2, routed)           0.124     0.698    engine/bank_addr_reg_0_1_18_23/DIA0
    SLICE_X42Y67         RAMD32                                       r  engine/bank_addr_reg_0_1_18_23/RAMA/I
  -------------------------------------------------------------------    -------------------

                         (clock clk rise edge)        0.000     0.000 r  
                                                      0.000     0.000 r  clk (IN)
                         net (fo=4975, unset)         0.432     0.432    engine/bank_addr_reg_0_1_18_23/WCLK
    SLICE_X42Y67         RAMD32                                       r  engine/bank_addr_reg_0_1_18_23/RAMA/CLK
                         clock pessimism              0.000     0.432    
    SLICE_X42Y67         RAMD32 (Hold_ramd32_CLK_I)
                                                      0.147     0.579    engine/bank_addr_reg_0_1_18_23/RAMA
  -------------------------------------------------------------------
                         required time                         -0.579    
                         arrival time                           0.698    
  -------------------------------------------------------------------
                         slack                                  0.120    

Slack (MET) :             0.121ns  (arrival time - required time)
  Source:                 engine/c_tile_reg[5]/C
                            (rising edge-triggered cell FDRE clocked by clk  {rise@0.000ns fall@5.000ns period=10.000ns})
  Destination:            engine/bank_addr_reg_0_1_0_5/RAMC_D1/I
                            (rising edge-triggered cell RAMD32 clocked by clk  {rise@0.000ns fall@5.000ns period=10.000ns})
  Path Group:             clk
  Path Type:              Hold (Min at Fast Process Corner)
  Requirement:            0.000ns  (clk rise@0.000ns - clk rise@0.000ns)
  Data Path Delay:        0.256ns  (logic 0.141ns (55.034%)  route 0.115ns (44.966%))
  Logic Levels:           0  
  Clock Path Skew:        0.022ns (DCD - SCD - CPR)
    Destination Clock Delay (DCD):    0.432ns
    Source Clock Delay      (SCD):    0.410ns
    Clock Pessimism Removal (CPR):    -0.000ns

    Location             Delay type                Incr(ns)  Path(ns)    Netlist Resource(s)
  -------------------------------------------------------------------    -------------------
                         (clock clk rise edge)        0.000     0.000 r  
                                                      0.000     0.000 r  clk (IN)
                         net (fo=4975, unset)         0.410     0.410    engine/clk
    SLICE_X44Y61         FDRE                                         r  engine/c_tile_reg[5]/C
  -------------------------------------------------------------------    -------------------
    SLICE_X44Y61         FDRE (Prop_fdre_C_Q)         0.141     0.551 r  engine/c_tile_reg[5]/Q
                         net (fo=2, routed)           0.115     0.666    engine/bank_addr_reg_0_1_0_5/DIC1
    SLICE_X46Y62         RAMD32                                       r  engine/bank_addr_reg_0_1_0_5/RAMC_D1/I
  -------------------------------------------------------------------    -------------------

                         (clock clk rise edge)        0.000     0.000 r  
                                                      0.000     0.000 r  clk (IN)
                         net (fo=4975, unset)         0.432     0.432    engine/bank_addr_reg_0_1_0_5/WCLK
    SLICE_X46Y62         RAMD32                                       r  engine/bank_addr_reg_0_1_0_5/RAMC_D1/CLK
                         clock pessimism              0.000     0.432    
    SLICE_X46Y62         RAMD32 (Hold_ramd32_CLK_I)
                                                      0.114     0.546    engine/bank_addr_reg_0_1_0_5/RAMC_D1
  -------------------------------------------------------------------
                         required time                         -0.546    
                         arrival time                           0.666    
  -------------------------------------------------------------------
                         slack                                  0.121    

Slack (MET) :             0.121ns  (arrival time - required time)
  Source:                 engine/ld_wbase_reg[1]/C
                            (rising edge-triggered cell FDRE clocked by clk  {rise@0.000ns fall@5.000ns period=10.000ns})
  Destination:            engine/tags_reg[0][wbase]_0_3_0_5/RAMA_D1/I
                            (rising edge-triggered cell RAMD32 clocked by clk  {rise@0.000ns fall@5.000ns period=10.000ns})
  Path Group:             clk
  Path Type:              Hold (Min at Fast Process Corner)
  Requirement:            0.000ns  (clk rise@0.000ns - clk rise@0.000ns)
  Data Path Delay:        0.263ns  (logic 0.141ns (53.626%)  route 0.122ns (46.374%))
  Logic Levels:           0  
  Clock Path Skew:        0.022ns (DCD - SCD - CPR)
    Destination Clock Delay (DCD):    0.432ns
    Source Clock Delay      (SCD):    0.410ns
    Clock Pessimism Removal (CPR):    -0.000ns

    Location             Delay type                Incr(ns)  Path(ns)    Netlist Resource(s)
  -------------------------------------------------------------------    -------------------
                         (clock clk rise edge)        0.000     0.000 r  
                                                      0.000     0.000 r  clk (IN)
                         net (fo=4975, unset)         0.410     0.410    engine/clk
    SLICE_X43Y56         FDRE                                         r  engine/ld_wbase_reg[1]/C
  -------------------------------------------------------------------    -------------------
    SLICE_X43Y56         FDRE (Prop_fdre_C_Q)         0.141     0.551 r  engine/ld_wbase_reg[1]/Q
                         net (fo=2, routed)           0.122     0.673    engine/tags_reg[0][wbase]_0_3_0_5/DIA1
    SLICE_X42Y57         RAMD32                                       r  engine/tags_reg[0][wbase]_0_3_0_5/RAMA_D1/I
  -------------------------------------------------------------------    -------------------

                         (clock clk rise edge)        0.000     0.000 r  
                                                      0.000     0.000 r  clk (IN)
                         net (fo=4975, unset)         0.432     0.432    engine/tags_reg[0][wbase]_0_3_0_5/WCLK
    SLICE_X42Y57         RAMD32                                       r  engine/tags_reg[0][wbase]_0_3_0_5/RAMA_D1/CLK
                         clock pessimism              0.000     0.432    
    SLICE_X42Y57         RAMD32 (Hold_ramd32_CLK_I)
                                                      0.120     0.552    engine/tags_reg[0][wbase]_0_3_0_5/RAMA_D1
  -------------------------------------------------------------------
                         required time                         -0.552    
                         arrival time                           0.673    
  -------------------------------------------------------------------
                         slack                                  0.121    

Slack (MET) :             0.123ns  (arrival time - required time)
  Source:                 engine/c_tile_reg[1]/C
                            (rising edge-triggered cell FDRE clocked by clk  {rise@0.000ns fall@5.000ns period=10.000ns})
  Destination:            engine/bank_addr_reg_0_1_0_5/RAMA_D1/I
                            (rising edge-triggered cell RAMD32 clocked by clk  {rise@0.000ns fall@5.000ns period=10.000ns})
  Path Group:             clk
  Path Type:              Hold (Min at Fast Process Corner)
  Requirement:            0.000ns  (clk rise@0.000ns - clk rise@0.000ns)
  Data Path Delay:        0.264ns  (logic 0.141ns (53.387%)  route 0.123ns (46.613%))
  Logic Levels:           0  
  Clock Path Skew:        0.022ns (DCD - SCD - CPR)
    Destination Clock Delay (DCD):    0.432ns
    Source Clock Delay      (SCD):    0.410ns
    Clock Pessimism Removal (CPR):    -0.000ns

    Location             Delay type                Incr(ns)  Path(ns)    Netlist Resource(s)
  -------------------------------------------------------------------    -------------------
                         (clock clk rise edge)        0.000     0.000 r  
                                                      0.000     0.000 r  clk (IN)
                         net (fo=4975, unset)         0.410     0.410    engine/clk
    SLICE_X47Y61         FDRE                                         r  engine/c_tile_reg[1]/C
  -------------------------------------------------------------------    -------------------
    SLICE_X47Y61         FDRE (Prop_fdre_C_Q)         0.141     0.551 r  engine/c_tile_reg[1]/Q
                         net (fo=2, routed)           0.123     0.674    engine/bank_addr_reg_0_1_0_5/DIA1
    SLICE_X46Y62         RAMD32                                       r  engine/bank_addr_reg_0_1_0_5/RAMA_D1/I
  -------------------------------------------------------------------    -------------------

                         (clock clk rise edge)        0.000     0.000 r  
                                                      0.000     0.000 r  clk (IN)
                         net (fo=4975, unset)         0.432     0.432    engine/bank_addr_reg_0_1_0_5/WCLK
    SLICE_X46Y62         RAMD32                                       r  engine/bank_addr_reg_0_1_0_5/RAMA_D1/CLK
                         clock pessimism              0.000     0.432    
    SLICE_X46Y62         RAMD32 (Hold_ramd32_CLK_I)
                                                      0.120     0.552    engine/bank_addr_reg_0_1_0_5/RAMA_D1
  -------------------------------------------------------------------
                         required time                         -0.552    
                         arrival time                           0.674    
  -------------------------------------------------------------------
                         slack                                  0.123    





Pulse Width Checks
--------------------------------------------------------------------------------------
Clock Name:         clk
Waveform(ns):       { 0.000 5.000 }
Period(ns):         10.000
Sources:            { clk }

Check Type        Corner  Lib Pin             Reference Pin  Required(ns)  Actual(ns)  Slack(ns)  Location      Pin
Min Period        n/a     DSP48E1/CLK         n/a            3.884         10.000      6.116      DSP48_X2Y33   engine/pa_k1_reg/CLK
Min Period        n/a     DSP48E1/CLK         n/a            3.884         10.000      6.116      DSP48_X2Y29   engine/pa_m0_reg/CLK
Min Period        n/a     DSP48E1/CLK         n/a            3.884         10.000      6.116      DSP48_X2Y31   engine/pa_m1_reg/CLK
Min Period        n/a     DSP48E1/CLK         n/a            3.884         10.000      6.116      DSP48_X2Y27   engine/prod_b_reg/CLK
Min Period        n/a     DSP48E1/CLK         n/a            3.884         10.000      6.116      DSP48_X2Y25   engine/prod_c_reg/CLK
Min Period        n/a     RAMB36E1/CLKARDCLK  n/a            2.944         10.000      7.056      RAMB36_X1Y4   engine/a_set[0].a_bank[0].ram/mem_reg_0/CLKARDCLK
Min Period        n/a     RAMB36E1/CLKARDCLK  n/a            2.944         10.000      7.056      RAMB36_X1Y5   engine/a_set[0].a_bank[0].ram/mem_reg_1/CLKARDCLK
Min Period        n/a     RAMB36E1/CLKARDCLK  n/a            2.944         10.000      7.056      RAMB36_X3Y4   engine/a_set[0].a_bank[1].ram/mem_reg_0/CLKARDCLK
Min Period        n/a     RAMB36E1/CLKARDCLK  n/a            2.944         10.000      7.056      RAMB36_X3Y6   engine/a_set[0].a_bank[1].ram/mem_reg_1/CLKARDCLK
Min Period        n/a     RAMB36E1/CLKARDCLK  n/a            2.944         10.000      7.056      RAMB36_X0Y6   engine/a_set[0].a_bank[2].ram/mem_reg_0/CLKARDCLK
Low Pulse Width   Slow    RAMD32/CLK          n/a            1.250         5.000       3.750      SLICE_X46Y62  engine/bank_addr_reg_0_1_0_5/RAMA/CLK
Low Pulse Width   Fast    RAMD32/CLK          n/a            1.250         5.000       3.750      SLICE_X46Y62  engine/bank_addr_reg_0_1_0_5/RAMA/CLK
Low Pulse Width   Slow    RAMD32/CLK          n/a            1.250         5.000       3.750      SLICE_X46Y62  engine/bank_addr_reg_0_1_0_5/RAMA_D1/CLK
Low Pulse Width   Fast    RAMD32/CLK          n/a            1.250         5.000       3.750      SLICE_X46Y62  engine/bank_addr_reg_0_1_0_5/RAMA_D1/CLK
Low Pulse Width   Slow    RAMD32/CLK          n/a            1.250         5.000       3.750      SLICE_X46Y62  engine/bank_addr_reg_0_1_0_5/RAMB/CLK
Low Pulse Width   Fast    RAMD32/CLK          n/a            1.250         5.000       3.750      SLICE_X46Y62  engine/bank_addr_reg_0_1_0_5/RAMB/CLK
Low Pulse Width   Slow    RAMD32/CLK          n/a            1.250         5.000       3.750      SLICE_X46Y62  engine/bank_addr_reg_0_1_0_5/RAMB_D1/CLK
Low Pulse Width   Fast    RAMD32/CLK          n/a            1.250         5.000       3.750      SLICE_X46Y62  engine/bank_addr_reg_0_1_0_5/RAMB_D1/CLK
Low Pulse Width   Slow    RAMD32/CLK          n/a            1.250         5.000       3.750      SLICE_X46Y62  engine/bank_addr_reg_0_1_0_5/RAMC/CLK
Low Pulse Width   Fast    RAMD32/CLK          n/a            1.250         5.000       3.750      SLICE_X46Y62  engine/bank_addr_reg_0_1_0_5/RAMC/CLK
High Pulse Width  Slow    RAMD32/CLK          n/a            1.250         5.000       3.750      SLICE_X46Y62  engine/bank_addr_reg_0_1_0_5/RAMA/CLK
High Pulse Width  Fast    RAMD32/CLK          n/a            1.250         5.000       3.750      SLICE_X46Y62  engine/bank_addr_reg_0_1_0_5/RAMA/CLK
High Pulse Width  Slow    RAMD32/CLK          n/a            1.250         5.000       3.750      SLICE_X46Y62  engine/bank_addr_reg_0_1_0_5/RAMA_D1/CLK
High Pulse Width  Fast    RAMD32/CLK          n/a            1.250         5.000       3.750      SLICE_X46Y62  engine/bank_addr_reg_0_1_0_5/RAMA_D1/CLK
High Pulse Width  Slow    RAMD32/CLK          n/a            1.250         5.000       3.750      SLICE_X46Y62  engine/bank_addr_reg_0_1_0_5/RAMB/CLK
High Pulse Width  Fast    RAMD32/CLK          n/a            1.250         5.000       3.750      SLICE_X46Y62  engine/bank_addr_reg_0_1_0_5/RAMB/CLK
High Pulse Width  Slow    RAMD32/CLK          n/a            1.250         5.000       3.750      SLICE_X46Y62  engine/bank_addr_reg_0_1_0_5/RAMB_D1/CLK
High Pulse Width  Fast    RAMD32/CLK          n/a            1.250         5.000       3.750      SLICE_X46Y62  engine/bank_addr_reg_0_1_0_5/RAMB_D1/CLK
High Pulse Width  Slow    RAMD32/CLK          n/a            1.250         5.000       3.750      SLICE_X46Y62  engine/bank_addr_reg_0_1_0_5/RAMC/CLK
High Pulse Width  Fast    RAMD32/CLK          n/a            1.250         5.000       3.750      SLICE_X46Y62  engine/bank_addr_reg_0_1_0_5/RAMC/CLK



