mkdir -p /tmp/aster-phase8-dma-regressions-5b9c175/build/dma_soc_h1_l10_sync0_wait0_w4_n16
mkdir -p /tmp/aster-phase8-dma-regressions-5b9c175/build/software
verilator --cc --exe --build --timing --Wall -DRISCV_FORMAL --Wno-DECLFILENAME --Wno-GENUNNAMED --Wno-UNUSEDSIGNAL --Wno-BLKSEQ --unroll-count 2048 --unroll-stmts 100000 --assert -DASTER_COHERENCE_ASSERT \
	--top-module aster_coherent_soc -GHART_COUNT=1 "-GENABLE_L1=1'b0" "-GENABLE_DMA=1'b1" \
	"-GSYNC_MEMORY=1'b0" -GMEMORY_WAIT_CYCLES=0 "-GHOST_BOOT=1'b1" \
	-GLINE_WORDS=4 -GLINE_COUNT=16 \
	-CFLAGS '-DASTER_HART_COUNT=1 -DASTER_L1=0 -DASTER_MEMORY_WAIT=0' \
	--Mdir /tmp/aster-phase8-dma-regressions-5b9c175/build/dma_soc_h1_l10_sync0_wait0_w4_n16/obj -o /tmp/aster-phase8-dma-regressions-5b9c175/build/dma_soc_h1_l10_sync0_wait0_w4_n16/aster_dma_soc_sim \
	/tmp/aster-phase8-verified-source-x5U6xF/rtl/core/aster_picorv32.sv /tmp/aster-phase8-verified-source-x5U6xF/vendor/picorv32/picorv32.v /tmp/aster-phase8-verified-source-x5U6xF/rtl/cache/aster_l1_cache.sv /tmp/aster-phase8-verified-source-x5U6xF/rtl/memory/aster_rom.sv /tmp/aster-phase8-verified-source-x5U6xF/rtl/memory/aster_ram.sv /tmp/aster-phase8-verified-source-x5U6xF/rtl/core/aster_pcpi_atomic.sv /tmp/aster-phase8-verified-source-x5U6xF/rtl/core/aster_pcpi_dot8.sv /tmp/aster-phase8-verified-source-x5U6xF/rtl/core/aster_atomic_hart.sv /tmp/aster-phase8-verified-source-x5U6xF/rtl/cache/aster_coherent_cache.sv /tmp/aster-phase8-verified-source-x5U6xF/rtl/interconnect/aster_atomic_fabric.sv /tmp/aster-phase8-verified-source-x5U6xF/rtl/soc/aster_warm_stop.sv /tmp/aster-phase8-verified-source-x5U6xF/rtl/peripherals/aster_uart.sv /tmp/aster-phase8-verified-source-x5U6xF/rtl/peripherals/aster_coherent_perf.sv /tmp/aster-phase8-verified-source-x5U6xF/rtl/dma/aster_dma_engine.sv /tmp/aster-phase8-verified-source-x5U6xF/rtl/interconnect/aster_dma_arbiter.sv /tmp/aster-phase8-verified-source-x5U6xF/rtl/peripherals/aster_dma_perf.sv /tmp/aster-phase8-verified-source-x5U6xF/rtl/peripherals/aster_dot8_perf.sv /tmp/aster-phase8-verified-source-x5U6xF/rtl/soc/aster_coherent_soc.sv /tmp/aster-phase8-verified-source-x5U6xF/verification/soc/tb_aster_dma_soc.cpp
riscv32-unknown-elf-gcc -mabi=ilp32 -nostdlib -nostartfiles -nodefaultlibs -ffreestanding -Wall -Wextra -Werror -O2 -fno-pic -fno-stack-protector -msmall-data-limit=0 -Isoftware/runtime -march=rv32ima -Isoftware/drivers \
	-T software/boot/link_multicore.ld -Wl,-Map,/tmp/aster-phase8-dma-regressions-5b9c175/build/software/dma_runtime.map \
	-o /tmp/aster-phase8-dma-regressions-5b9c175/build/software/dma_runtime.elf software/runtime/start_multicore.S software/drivers/aster_dma.c software/tests/dma_runtime.c
make[2]: warning: jobserver unavailable: using -j1.  Add '+' to parent make rule.
g++  -I.  -MMD -I/home/elfo/tools/verilator/root/include -I/home/elfo/tools/verilator/root/include/vltstd -DVM_COVERAGE=0 -DVM_SC=0 -DVM_TRACE=0 -DVM_TRACE_FST=0 -DVM_TRACE_VCD=0 -faligned-new -fcf-protection=none -Wno-bool-operation -Wno-overloaded-virtual -Wno-shadow -Wno-sign-compare -Wno-uninitialized -Wno-unused-but-set-parameter -Wno-unused-but-set-variable -Wno-unused-parameter -Wno-unused-variable     -DASTER_HART_COUNT=1 -DASTER_L1=0 -DASTER_MEMORY_WAIT=0   -Os -c -o tb_aster_dma_soc.o /tmp/aster-phase8-verified-source-x5U6xF/verification/soc/tb_aster_dma_soc.cpp
riscv32-unknown-elf-objdump -d /tmp/aster-phase8-dma-regressions-5b9c175/build/software/dma_runtime.elf > /tmp/aster-phase8-dma-regressions-5b9c175/build/software/dma_runtime.dis
riscv32-unknown-elf-gcc -mabi=ilp32 -nostdlib -nostartfiles -nodefaultlibs -ffreestanding -Wall -Wextra -Werror -O2 -fno-pic -fno-stack-protector -msmall-data-limit=0 -Isoftware/runtime -march=rv32ima -Isoftware/drivers \
	-T software/boot/link_multicore.ld -Wl,-Map,/tmp/aster-phase8-dma-regressions-5b9c175/build/software/dma_stop_fixture.map \
	-o /tmp/aster-phase8-dma-regressions-5b9c175/build/software/dma_stop_fixture.elf software/runtime/start_multicore.S software/drivers/aster_dma.c software/tests/dma_stop_fixture.c
riscv32-unknown-elf-objdump -d /tmp/aster-phase8-dma-regressions-5b9c175/build/software/dma_stop_fixture.elf > /tmp/aster-phase8-dma-regressions-5b9c175/build/software/dma_stop_fixture.dis
python3 scripts/elf_to_hex.py --rom-bytes 65536 /tmp/aster-phase8-dma-regressions-5b9c175/build/software/dma_runtime.elf /tmp/aster-phase8-dma-regressions-5b9c175/build/software/dma_runtime.hex
python3 scripts/elf_to_hex.py --rom-bytes 65536 /tmp/aster-phase8-dma-regressions-5b9c175/build/software/dma_stop_fixture.elf /tmp/aster-phase8-dma-regressions-5b9c175/build/software/dma_stop_fixture.hex
g++ -Os  -I.  -MMD -I/home/elfo/tools/verilator/root/include -I/home/elfo/tools/verilator/root/include/vltstd -DVM_COVERAGE=0 -DVM_SC=0 -DVM_TRACE=0 -DVM_TRACE_FST=0 -DVM_TRACE_VCD=0 -faligned-new -fcf-protection=none -Wno-bool-operation -Wno-overloaded-virtual -Wno-shadow -Wno-sign-compare -Wno-uninitialized -Wno-unused-but-set-parameter -Wno-unused-but-set-variable -Wno-unused-parameter -Wno-unused-variable     -DASTER_HART_COUNT=1 -DASTER_L1=0 -DASTER_MEMORY_WAIT=0   -c -o verilated.o /home/elfo/tools/verilator/root/include/verilated.cpp
g++ -Os  -I.  -MMD -I/home/elfo/tools/verilator/root/include -I/home/elfo/tools/verilator/root/include/vltstd -DVM_COVERAGE=0 -DVM_SC=0 -DVM_TRACE=0 -DVM_TRACE_FST=0 -DVM_TRACE_VCD=0 -faligned-new -fcf-protection=none -Wno-bool-operation -Wno-overloaded-virtual -Wno-shadow -Wno-sign-compare -Wno-uninitialized -Wno-unused-but-set-parameter -Wno-unused-but-set-variable -Wno-unused-parameter -Wno-unused-variable     -DASTER_HART_COUNT=1 -DASTER_L1=0 -DASTER_MEMORY_WAIT=0   -c -o verilated_threads.o /home/elfo/tools/verilator/root/include/verilated_threads.cpp
/usr/bin/python3 /home/elfo/tools/verilator/root/bin/verilator_includer -DVL_INCLUDE_OPT=include Vaster_coherent_soc.cpp Vaster_coherent_soc___024root__DepSet_hc6677697__0.cpp Vaster_coherent_soc___024root__DepSet_h9074b246__0.cpp Vaster_coherent_soc__ConstPool_0.cpp Vaster_coherent_soc___024root__Slow.cpp Vaster_coherent_soc___024root__DepSet_hc6677697__0__Slow.cpp Vaster_coherent_soc___024root__DepSet_h9074b246__0__Slow.cpp Vaster_coherent_soc__Syms.cpp > Vaster_coherent_soc__ALL.cpp
g++ -Os  -I.  -MMD -I/home/elfo/tools/verilator/root/include -I/home/elfo/tools/verilator/root/include/vltstd -DVM_COVERAGE=0 -DVM_SC=0 -DVM_TRACE=0 -DVM_TRACE_FST=0 -DVM_TRACE_VCD=0 -faligned-new -fcf-protection=none -Wno-bool-operation -Wno-overloaded-virtual -Wno-shadow -Wno-sign-compare -Wno-uninitialized -Wno-unused-but-set-parameter -Wno-unused-but-set-variable -Wno-unused-parameter -Wno-unused-variable     -DASTER_HART_COUNT=1 -DASTER_L1=0 -DASTER_MEMORY_WAIT=0   -c -o Vaster_coherent_soc__ALL.o Vaster_coherent_soc__ALL.cpp
echo "" > Vaster_coherent_soc__ALL.verilator_deplist.tmp
Archive ar -rcs Vaster_coherent_soc__ALL.a Vaster_coherent_soc__ALL.o
g++     tb_aster_dma_soc.o verilated.o verilated_threads.o Vaster_coherent_soc__ALL.a    -pthread -lpthread -latomic   -o /tmp/aster-phase8-dma-regressions-5b9c175/build/dma_soc_h1_l10_sync0_wait0_w4_n16/aster_dma_soc_sim
rm Vaster_coherent_soc__ALL.verilator_deplist.tmp
PASS: real DMA runtime harts=1 cache=0 wait=0 cycles=121010407 bytes=53121 jobs=3 directed=320 selective=0 retired=11260346,0; full RAM, same-value LR/SC, peer publication, driver errors/abort, exact counters
PASS: real DMA runtime harts=1 cache=0 wait=0 cycles=121010407 bytes=53121 jobs=3 directed=320 selective=0 retired=11260346,0; full RAM, same-value LR/SC, peer publication, driver errors/abort, exact counters
PASS: real DMA warm stop point=0 full acknowledged RAM retained; no destructive reset
PASS: real DMA warm stop point=1 full acknowledged RAM retained; no destructive reset
PASS: real DMA warm stop point=2 full acknowledged RAM retained; no destructive reset
PASS: real DMA warm stop point=3 full acknowledged RAM retained; no destructive reset
PASS: real DMA warm stop point=4 full acknowledged RAM retained; no destructive reset
PASS: real DMA runtime harts=1 cache=0 wait=0 cycles=121010408 bytes=53121 jobs=3 directed=320 selective=0 retired=11260346,0; full RAM, same-value LR/SC, peer publication, driver errors/abort, exact counters
PASS: DMA SoC closeout stops=8 CPU stores=2286993 DMA stores=132302 reads=132307 writes=132302 reservation-clears=18
mkdir -p /tmp/aster-phase8-dma-regressions-5b9c175/build/dma_soc_h1_l10_sync0_wait7_w4_n16
verilator --cc --exe --build --timing --Wall -DRISCV_FORMAL --Wno-DECLFILENAME --Wno-GENUNNAMED --Wno-UNUSEDSIGNAL --Wno-BLKSEQ --unroll-count 2048 --unroll-stmts 100000 --assert -DASTER_COHERENCE_ASSERT \
	--top-module aster_coherent_soc -GHART_COUNT=1 "-GENABLE_L1=1'b0" "-GENABLE_DMA=1'b1" \
	"-GSYNC_MEMORY=1'b0" -GMEMORY_WAIT_CYCLES=7 "-GHOST_BOOT=1'b1" \
	-GLINE_WORDS=4 -GLINE_COUNT=16 \
	-CFLAGS '-DASTER_HART_COUNT=1 -DASTER_L1=0 -DASTER_MEMORY_WAIT=7' \
	--Mdir /tmp/aster-phase8-dma-regressions-5b9c175/build/dma_soc_h1_l10_sync0_wait7_w4_n16/obj -o /tmp/aster-phase8-dma-regressions-5b9c175/build/dma_soc_h1_l10_sync0_wait7_w4_n16/aster_dma_soc_sim \
	/tmp/aster-phase8-verified-source-x5U6xF/rtl/core/aster_picorv32.sv /tmp/aster-phase8-verified-source-x5U6xF/vendor/picorv32/picorv32.v /tmp/aster-phase8-verified-source-x5U6xF/rtl/cache/aster_l1_cache.sv /tmp/aster-phase8-verified-source-x5U6xF/rtl/memory/aster_rom.sv /tmp/aster-phase8-verified-source-x5U6xF/rtl/memory/aster_ram.sv /tmp/aster-phase8-verified-source-x5U6xF/rtl/core/aster_pcpi_atomic.sv /tmp/aster-phase8-verified-source-x5U6xF/rtl/core/aster_pcpi_dot8.sv /tmp/aster-phase8-verified-source-x5U6xF/rtl/core/aster_atomic_hart.sv /tmp/aster-phase8-verified-source-x5U6xF/rtl/cache/aster_coherent_cache.sv /tmp/aster-phase8-verified-source-x5U6xF/rtl/interconnect/aster_atomic_fabric.sv /tmp/aster-phase8-verified-source-x5U6xF/rtl/soc/aster_warm_stop.sv /tmp/aster-phase8-verified-source-x5U6xF/rtl/peripherals/aster_uart.sv /tmp/aster-phase8-verified-source-x5U6xF/rtl/peripherals/aster_coherent_perf.sv /tmp/aster-phase8-verified-source-x5U6xF/rtl/dma/aster_dma_engine.sv /tmp/aster-phase8-verified-source-x5U6xF/rtl/interconnect/aster_dma_arbiter.sv /tmp/aster-phase8-verified-source-x5U6xF/rtl/peripherals/aster_dma_perf.sv /tmp/aster-phase8-verified-source-x5U6xF/rtl/peripherals/aster_dot8_perf.sv /tmp/aster-phase8-verified-source-x5U6xF/rtl/soc/aster_coherent_soc.sv /tmp/aster-phase8-verified-source-x5U6xF/verification/soc/tb_aster_dma_soc.cpp
make[2]: warning: jobserver unavailable: using -j1.  Add '+' to parent make rule.
g++  -I.  -MMD -I/home/elfo/tools/verilator/root/include -I/home/elfo/tools/verilator/root/include/vltstd -DVM_COVERAGE=0 -DVM_SC=0 -DVM_TRACE=0 -DVM_TRACE_FST=0 -DVM_TRACE_VCD=0 -faligned-new -fcf-protection=none -Wno-bool-operation -Wno-overloaded-virtual -Wno-shadow -Wno-sign-compare -Wno-uninitialized -Wno-unused-but-set-parameter -Wno-unused-but-set-variable -Wno-unused-parameter -Wno-unused-variable     -DASTER_HART_COUNT=1 -DASTER_L1=0 -DASTER_MEMORY_WAIT=7   -Os -c -o tb_aster_dma_soc.o /tmp/aster-phase8-verified-source-x5U6xF/verification/soc/tb_aster_dma_soc.cpp
g++ -Os  -I.  -MMD -I/home/elfo/tools/verilator/root/include -I/home/elfo/tools/verilator/root/include/vltstd -DVM_COVERAGE=0 -DVM_SC=0 -DVM_TRACE=0 -DVM_TRACE_FST=0 -DVM_TRACE_VCD=0 -faligned-new -fcf-protection=none -Wno-bool-operation -Wno-overloaded-virtual -Wno-shadow -Wno-sign-compare -Wno-uninitialized -Wno-unused-but-set-parameter -Wno-unused-but-set-variable -Wno-unused-parameter -Wno-unused-variable     -DASTER_HART_COUNT=1 -DASTER_L1=0 -DASTER_MEMORY_WAIT=7   -c -o verilated.o /home/elfo/tools/verilator/root/include/verilated.cpp
g++ -Os  -I.  -MMD -I/home/elfo/tools/verilator/root/include -I/home/elfo/tools/verilator/root/include/vltstd -DVM_COVERAGE=0 -DVM_SC=0 -DVM_TRACE=0 -DVM_TRACE_FST=0 -DVM_TRACE_VCD=0 -faligned-new -fcf-protection=none -Wno-bool-operation -Wno-overloaded-virtual -Wno-shadow -Wno-sign-compare -Wno-uninitialized -Wno-unused-but-set-parameter -Wno-unused-but-set-variable -Wno-unused-parameter -Wno-unused-variable     -DASTER_HART_COUNT=1 -DASTER_L1=0 -DASTER_MEMORY_WAIT=7   -c -o verilated_threads.o /home/elfo/tools/verilator/root/include/verilated_threads.cpp
/usr/bin/python3 /home/elfo/tools/verilator/root/bin/verilator_includer -DVL_INCLUDE_OPT=include Vaster_coherent_soc.cpp Vaster_coherent_soc___024root__DepSet_hc6677697__0.cpp Vaster_coherent_soc___024root__DepSet_h9074b246__0.cpp Vaster_coherent_soc__ConstPool_0.cpp Vaster_coherent_soc___024root__Slow.cpp Vaster_coherent_soc___024root__DepSet_hc6677697__0__Slow.cpp Vaster_coherent_soc___024root__DepSet_h9074b246__0__Slow.cpp Vaster_coherent_soc__Syms.cpp > Vaster_coherent_soc__ALL.cpp
g++ -Os  -I.  -MMD -I/home/elfo/tools/verilator/root/include -I/home/elfo/tools/verilator/root/include/vltstd -DVM_COVERAGE=0 -DVM_SC=0 -DVM_TRACE=0 -DVM_TRACE_FST=0 -DVM_TRACE_VCD=0 -faligned-new -fcf-protection=none -Wno-bool-operation -Wno-overloaded-virtual -Wno-shadow -Wno-sign-compare -Wno-uninitialized -Wno-unused-but-set-parameter -Wno-unused-but-set-variable -Wno-unused-parameter -Wno-unused-variable     -DASTER_HART_COUNT=1 -DASTER_L1=0 -DASTER_MEMORY_WAIT=7   -c -o Vaster_coherent_soc__ALL.o Vaster_coherent_soc__ALL.cpp
echo "" > Vaster_coherent_soc__ALL.verilator_deplist.tmp
Archive ar -rcs Vaster_coherent_soc__ALL.a Vaster_coherent_soc__ALL.o
g++     tb_aster_dma_soc.o verilated.o verilated_threads.o Vaster_coherent_soc__ALL.a    -pthread -lpthread -latomic   -o /tmp/aster-phase8-dma-regressions-5b9c175/build/dma_soc_h1_l10_sync0_wait7_w4_n16/aster_dma_soc_sim
rm Vaster_coherent_soc__ALL.verilator_deplist.tmp
PASS: real DMA runtime harts=1 cache=0 wait=7 cycles=215947411 bytes=53121 jobs=3 directed=320 selective=0 retired=11260346,0; full RAM, same-value LR/SC, peer publication, driver errors/abort, exact counters
PASS: real DMA runtime harts=1 cache=0 wait=7 cycles=215947410 bytes=53121 jobs=3 directed=320 selective=0 retired=11260346,0; full RAM, same-value LR/SC, peer publication, driver errors/abort, exact counters
PASS: real DMA warm stop point=0 full acknowledged RAM retained; no destructive reset
PASS: real DMA warm stop point=1 full acknowledged RAM retained; no destructive reset
PASS: real DMA warm stop point=2 full acknowledged RAM retained; no destructive reset
PASS: real DMA warm stop point=3 full acknowledged RAM retained; no destructive reset
PASS: real DMA warm stop point=4 full acknowledged RAM retained; no destructive reset
PASS: real DMA runtime harts=1 cache=0 wait=7 cycles=215947411 bytes=53121 jobs=3 directed=320 selective=0 retired=11260346,0; full RAM, same-value LR/SC, peer publication, driver errors/abort, exact counters
PASS: DMA SoC closeout stops=8 CPU stores=2286993 DMA stores=132302 reads=132307 writes=132302 reservation-clears=18
mkdir -p /tmp/aster-phase8-dma-regressions-5b9c175/build/dma_soc_h1_l10_sync1_wait1_w4_n16
verilator --cc --exe --build --timing --Wall -DRISCV_FORMAL --Wno-DECLFILENAME --Wno-GENUNNAMED --Wno-UNUSEDSIGNAL --Wno-BLKSEQ --unroll-count 2048 --unroll-stmts 100000 --assert -DASTER_COHERENCE_ASSERT \
	--top-module aster_coherent_soc -GHART_COUNT=1 "-GENABLE_L1=1'b0" "-GENABLE_DMA=1'b1" \
	"-GSYNC_MEMORY=1'b1" -GMEMORY_WAIT_CYCLES=1 "-GHOST_BOOT=1'b1" \
	-GLINE_WORDS=4 -GLINE_COUNT=16 \
	-CFLAGS '-DASTER_HART_COUNT=1 -DASTER_L1=0 -DASTER_MEMORY_WAIT=1' \
	--Mdir /tmp/aster-phase8-dma-regressions-5b9c175/build/dma_soc_h1_l10_sync1_wait1_w4_n16/obj -o /tmp/aster-phase8-dma-regressions-5b9c175/build/dma_soc_h1_l10_sync1_wait1_w4_n16/aster_dma_soc_sim \
	/tmp/aster-phase8-verified-source-x5U6xF/rtl/core/aster_picorv32.sv /tmp/aster-phase8-verified-source-x5U6xF/vendor/picorv32/picorv32.v /tmp/aster-phase8-verified-source-x5U6xF/rtl/cache/aster_l1_cache.sv /tmp/aster-phase8-verified-source-x5U6xF/rtl/memory/aster_rom.sv /tmp/aster-phase8-verified-source-x5U6xF/rtl/memory/aster_ram.sv /tmp/aster-phase8-verified-source-x5U6xF/rtl/core/aster_pcpi_atomic.sv /tmp/aster-phase8-verified-source-x5U6xF/rtl/core/aster_pcpi_dot8.sv /tmp/aster-phase8-verified-source-x5U6xF/rtl/core/aster_atomic_hart.sv /tmp/aster-phase8-verified-source-x5U6xF/rtl/cache/aster_coherent_cache.sv /tmp/aster-phase8-verified-source-x5U6xF/rtl/interconnect/aster_atomic_fabric.sv /tmp/aster-phase8-verified-source-x5U6xF/rtl/soc/aster_warm_stop.sv /tmp/aster-phase8-verified-source-x5U6xF/rtl/peripherals/aster_uart.sv /tmp/aster-phase8-verified-source-x5U6xF/rtl/peripherals/aster_coherent_perf.sv /tmp/aster-phase8-verified-source-x5U6xF/rtl/dma/aster_dma_engine.sv /tmp/aster-phase8-verified-source-x5U6xF/rtl/interconnect/aster_dma_arbiter.sv /tmp/aster-phase8-verified-source-x5U6xF/rtl/peripherals/aster_dma_perf.sv /tmp/aster-phase8-verified-source-x5U6xF/rtl/peripherals/aster_dot8_perf.sv /tmp/aster-phase8-verified-source-x5U6xF/rtl/soc/aster_coherent_soc.sv /tmp/aster-phase8-verified-source-x5U6xF/verification/soc/tb_aster_dma_soc.cpp
make[2]: warning: jobserver unavailable: using -j1.  Add '+' to parent make rule.
g++  -I.  -MMD -I/home/elfo/tools/verilator/root/include -I/home/elfo/tools/verilator/root/include/vltstd -DVM_COVERAGE=0 -DVM_SC=0 -DVM_TRACE=0 -DVM_TRACE_FST=0 -DVM_TRACE_VCD=0 -faligned-new -fcf-protection=none -Wno-bool-operation -Wno-overloaded-virtual -Wno-shadow -Wno-sign-compare -Wno-uninitialized -Wno-unused-but-set-parameter -Wno-unused-but-set-variable -Wno-unused-parameter -Wno-unused-variable     -DASTER_HART_COUNT=1 -DASTER_L1=0 -DASTER_MEMORY_WAIT=1   -Os -c -o tb_aster_dma_soc.o /tmp/aster-phase8-verified-source-x5U6xF/verification/soc/tb_aster_dma_soc.cpp
g++ -Os  -I.  -MMD -I/home/elfo/tools/verilator/root/include -I/home/elfo/tools/verilator/root/include/vltstd -DVM_COVERAGE=0 -DVM_SC=0 -DVM_TRACE=0 -DVM_TRACE_FST=0 -DVM_TRACE_VCD=0 -faligned-new -fcf-protection=none -Wno-bool-operation -Wno-overloaded-virtual -Wno-shadow -Wno-sign-compare -Wno-uninitialized -Wno-unused-but-set-parameter -Wno-unused-but-set-variable -Wno-unused-parameter -Wno-unused-variable     -DASTER_HART_COUNT=1 -DASTER_L1=0 -DASTER_MEMORY_WAIT=1   -c -o verilated.o /home/elfo/tools/verilator/root/include/verilated.cpp
g++ -Os  -I.  -MMD -I/home/elfo/tools/verilator/root/include -I/home/elfo/tools/verilator/root/include/vltstd -DVM_COVERAGE=0 -DVM_SC=0 -DVM_TRACE=0 -DVM_TRACE_FST=0 -DVM_TRACE_VCD=0 -faligned-new -fcf-protection=none -Wno-bool-operation -Wno-overloaded-virtual -Wno-shadow -Wno-sign-compare -Wno-uninitialized -Wno-unused-but-set-parameter -Wno-unused-but-set-variable -Wno-unused-parameter -Wno-unused-variable     -DASTER_HART_COUNT=1 -DASTER_L1=0 -DASTER_MEMORY_WAIT=1   -c -o verilated_threads.o /home/elfo/tools/verilator/root/include/verilated_threads.cpp
/usr/bin/python3 /home/elfo/tools/verilator/root/bin/verilator_includer -DVL_INCLUDE_OPT=include Vaster_coherent_soc.cpp Vaster_coherent_soc___024root__DepSet_hc6677697__0.cpp Vaster_coherent_soc___024root__DepSet_h9074b246__0.cpp Vaster_coherent_soc__ConstPool_0.cpp Vaster_coherent_soc___024root__Slow.cpp Vaster_coherent_soc___024root__DepSet_hc6677697__0__Slow.cpp Vaster_coherent_soc___024root__DepSet_h9074b246__0__Slow.cpp Vaster_coherent_soc__Syms.cpp > Vaster_coherent_soc__ALL.cpp
g++ -Os  -I.  -MMD -I/home/elfo/tools/verilator/root/include -I/home/elfo/tools/verilator/root/include/vltstd -DVM_COVERAGE=0 -DVM_SC=0 -DVM_TRACE=0 -DVM_TRACE_FST=0 -DVM_TRACE_VCD=0 -faligned-new -fcf-protection=none -Wno-bool-operation -Wno-overloaded-virtual -Wno-shadow -Wno-sign-compare -Wno-uninitialized -Wno-unused-but-set-parameter -Wno-unused-but-set-variable -Wno-unused-parameter -Wno-unused-variable     -DASTER_HART_COUNT=1 -DASTER_L1=0 -DASTER_MEMORY_WAIT=1   -c -o Vaster_coherent_soc__ALL.o Vaster_coherent_soc__ALL.cpp
echo "" > Vaster_coherent_soc__ALL.verilator_deplist.tmp
Archive ar -rcs Vaster_coherent_soc__ALL.a Vaster_coherent_soc__ALL.o
g++     tb_aster_dma_soc.o verilated.o verilated_threads.o Vaster_coherent_soc__ALL.a    -pthread -lpthread -latomic   -o /tmp/aster-phase8-dma-regressions-5b9c175/build/dma_soc_h1_l10_sync1_wait1_w4_n16/aster_dma_soc_sim
rm Vaster_coherent_soc__ALL.verilator_deplist.tmp
PASS: real DMA runtime harts=1 cache=0 wait=1 cycles=134572836 bytes=53121 jobs=3 directed=320 selective=0 retired=11260346,0; full RAM, same-value LR/SC, peer publication, driver errors/abort, exact counters
PASS: real DMA runtime harts=1 cache=0 wait=1 cycles=134572836 bytes=53121 jobs=3 directed=320 selective=0 retired=11260346,0; full RAM, same-value LR/SC, peer publication, driver errors/abort, exact counters
PASS: real DMA warm stop point=0 full acknowledged RAM retained; no destructive reset
PASS: real DMA warm stop point=1 full acknowledged RAM retained; no destructive reset
PASS: real DMA warm stop point=2 full acknowledged RAM retained; no destructive reset
PASS: real DMA warm stop point=3 full acknowledged RAM retained; no destructive reset
PASS: real DMA warm stop point=4 full acknowledged RAM retained; no destructive reset
PASS: real DMA runtime harts=1 cache=0 wait=1 cycles=134572836 bytes=53121 jobs=3 directed=320 selective=0 retired=11260346,0; full RAM, same-value LR/SC, peer publication, driver errors/abort, exact counters
PASS: DMA SoC closeout stops=8 CPU stores=2286993 DMA stores=132302 reads=132307 writes=132302 reservation-clears=18
mkdir -p /tmp/aster-phase8-dma-regressions-5b9c175/build/dma_soc_h1_l10_sync1_wait7_w4_n16
verilator --cc --exe --build --timing --Wall -DRISCV_FORMAL --Wno-DECLFILENAME --Wno-GENUNNAMED --Wno-UNUSEDSIGNAL --Wno-BLKSEQ --unroll-count 2048 --unroll-stmts 100000 --assert -DASTER_COHERENCE_ASSERT \
	--top-module aster_coherent_soc -GHART_COUNT=1 "-GENABLE_L1=1'b0" "-GENABLE_DMA=1'b1" \
	"-GSYNC_MEMORY=1'b1" -GMEMORY_WAIT_CYCLES=7 "-GHOST_BOOT=1'b1" \
	-GLINE_WORDS=4 -GLINE_COUNT=16 \
	-CFLAGS '-DASTER_HART_COUNT=1 -DASTER_L1=0 -DASTER_MEMORY_WAIT=7' \
	--Mdir /tmp/aster-phase8-dma-regressions-5b9c175/build/dma_soc_h1_l10_sync1_wait7_w4_n16/obj -o /tmp/aster-phase8-dma-regressions-5b9c175/build/dma_soc_h1_l10_sync1_wait7_w4_n16/aster_dma_soc_sim \
	/tmp/aster-phase8-verified-source-x5U6xF/rtl/core/aster_picorv32.sv /tmp/aster-phase8-verified-source-x5U6xF/vendor/picorv32/picorv32.v /tmp/aster-phase8-verified-source-x5U6xF/rtl/cache/aster_l1_cache.sv /tmp/aster-phase8-verified-source-x5U6xF/rtl/memory/aster_rom.sv /tmp/aster-phase8-verified-source-x5U6xF/rtl/memory/aster_ram.sv /tmp/aster-phase8-verified-source-x5U6xF/rtl/core/aster_pcpi_atomic.sv /tmp/aster-phase8-verified-source-x5U6xF/rtl/core/aster_pcpi_dot8.sv /tmp/aster-phase8-verified-source-x5U6xF/rtl/core/aster_atomic_hart.sv /tmp/aster-phase8-verified-source-x5U6xF/rtl/cache/aster_coherent_cache.sv /tmp/aster-phase8-verified-source-x5U6xF/rtl/interconnect/aster_atomic_fabric.sv /tmp/aster-phase8-verified-source-x5U6xF/rtl/soc/aster_warm_stop.sv /tmp/aster-phase8-verified-source-x5U6xF/rtl/peripherals/aster_uart.sv /tmp/aster-phase8-verified-source-x5U6xF/rtl/peripherals/aster_coherent_perf.sv /tmp/aster-phase8-verified-source-x5U6xF/rtl/dma/aster_dma_engine.sv /tmp/aster-phase8-verified-source-x5U6xF/rtl/interconnect/aster_dma_arbiter.sv /tmp/aster-phase8-verified-source-x5U6xF/rtl/peripherals/aster_dma_perf.sv /tmp/aster-phase8-verified-source-x5U6xF/rtl/peripherals/aster_dot8_perf.sv /tmp/aster-phase8-verified-source-x5U6xF/rtl/soc/aster_coherent_soc.sv /tmp/aster-phase8-verified-source-x5U6xF/verification/soc/tb_aster_dma_soc.cpp
make[2]: warning: jobserver unavailable: using -j1.  Add '+' to parent make rule.
g++  -I.  -MMD -I/home/elfo/tools/verilator/root/include -I/home/elfo/tools/verilator/root/include/vltstd -DVM_COVERAGE=0 -DVM_SC=0 -DVM_TRACE=0 -DVM_TRACE_FST=0 -DVM_TRACE_VCD=0 -faligned-new -fcf-protection=none -Wno-bool-operation -Wno-overloaded-virtual -Wno-shadow -Wno-sign-compare -Wno-uninitialized -Wno-unused-but-set-parameter -Wno-unused-but-set-variable -Wno-unused-parameter -Wno-unused-variable     -DASTER_HART_COUNT=1 -DASTER_L1=0 -DASTER_MEMORY_WAIT=7   -Os -c -o tb_aster_dma_soc.o /tmp/aster-phase8-verified-source-x5U6xF/verification/soc/tb_aster_dma_soc.cpp
g++ -Os  -I.  -MMD -I/home/elfo/tools/verilator/root/include -I/home/elfo/tools/verilator/root/include/vltstd -DVM_COVERAGE=0 -DVM_SC=0 -DVM_TRACE=0 -DVM_TRACE_FST=0 -DVM_TRACE_VCD=0 -faligned-new -fcf-protection=none -Wno-bool-operation -Wno-overloaded-virtual -Wno-shadow -Wno-sign-compare -Wno-uninitialized -Wno-unused-but-set-parameter -Wno-unused-but-set-variable -Wno-unused-parameter -Wno-unused-variable     -DASTER_HART_COUNT=1 -DASTER_L1=0 -DASTER_MEMORY_WAIT=7   -c -o verilated.o /home/elfo/tools/verilator/root/include/verilated.cpp
g++ -Os  -I.  -MMD -I/home/elfo/tools/verilator/root/include -I/home/elfo/tools/verilator/root/include/vltstd -DVM_COVERAGE=0 -DVM_SC=0 -DVM_TRACE=0 -DVM_TRACE_FST=0 -DVM_TRACE_VCD=0 -faligned-new -fcf-protection=none -Wno-bool-operation -Wno-overloaded-virtual -Wno-shadow -Wno-sign-compare -Wno-uninitialized -Wno-unused-but-set-parameter -Wno-unused-but-set-variable -Wno-unused-parameter -Wno-unused-variable     -DASTER_HART_COUNT=1 -DASTER_L1=0 -DASTER_MEMORY_WAIT=7   -c -o verilated_threads.o /home/elfo/tools/verilator/root/include/verilated_threads.cpp
/usr/bin/python3 /home/elfo/tools/verilator/root/bin/verilator_includer -DVL_INCLUDE_OPT=include Vaster_coherent_soc.cpp Vaster_coherent_soc___024root__DepSet_hc6677697__0.cpp Vaster_coherent_soc___024root__DepSet_h9074b246__0.cpp Vaster_coherent_soc__ConstPool_0.cpp Vaster_coherent_soc___024root__Slow.cpp Vaster_coherent_soc___024root__DepSet_hc6677697__0__Slow.cpp Vaster_coherent_soc___024root__DepSet_h9074b246__0__Slow.cpp Vaster_coherent_soc__Syms.cpp > Vaster_coherent_soc__ALL.cpp
g++ -Os  -I.  -MMD -I/home/elfo/tools/verilator/root/include -I/home/elfo/tools/verilator/root/include/vltstd -DVM_COVERAGE=0 -DVM_SC=0 -DVM_TRACE=0 -DVM_TRACE_FST=0 -DVM_TRACE_VCD=0 -faligned-new -fcf-protection=none -Wno-bool-operation -Wno-overloaded-virtual -Wno-shadow -Wno-sign-compare -Wno-uninitialized -Wno-unused-but-set-parameter -Wno-unused-but-set-variable -Wno-unused-parameter -Wno-unused-variable     -DASTER_HART_COUNT=1 -DASTER_L1=0 -DASTER_MEMORY_WAIT=7   -c -o Vaster_coherent_soc__ALL.o Vaster_coherent_soc__ALL.cpp
echo "" > Vaster_coherent_soc__ALL.verilator_deplist.tmp
Archive ar -rcs Vaster_coherent_soc__ALL.a Vaster_coherent_soc__ALL.o
g++     tb_aster_dma_soc.o verilated.o verilated_threads.o Vaster_coherent_soc__ALL.a    -pthread -lpthread -latomic   -o /tmp/aster-phase8-dma-regressions-5b9c175/build/dma_soc_h1_l10_sync1_wait7_w4_n16/aster_dma_soc_sim
rm Vaster_coherent_soc__ALL.verilator_deplist.tmp
PASS: real DMA runtime harts=1 cache=0 wait=7 cycles=215947411 bytes=53121 jobs=3 directed=320 selective=0 retired=11260346,0; full RAM, same-value LR/SC, peer publication, driver errors/abort, exact counters
PASS: real DMA runtime harts=1 cache=0 wait=7 cycles=215947410 bytes=53121 jobs=3 directed=320 selective=0 retired=11260346,0; full RAM, same-value LR/SC, peer publication, driver errors/abort, exact counters
PASS: real DMA warm stop point=0 full acknowledged RAM retained; no destructive reset
PASS: real DMA warm stop point=1 full acknowledged RAM retained; no destructive reset
PASS: real DMA warm stop point=2 full acknowledged RAM retained; no destructive reset
PASS: real DMA warm stop point=3 full acknowledged RAM retained; no destructive reset
PASS: real DMA warm stop point=4 full acknowledged RAM retained; no destructive reset
PASS: real DMA runtime harts=1 cache=0 wait=7 cycles=215947411 bytes=53121 jobs=3 directed=320 selective=0 retired=11260346,0; full RAM, same-value LR/SC, peer publication, driver errors/abort, exact counters
PASS: DMA SoC closeout stops=8 CPU stores=2286993 DMA stores=132302 reads=132307 writes=132302 reservation-clears=18
mkdir -p /tmp/aster-phase8-dma-regressions-5b9c175/build/dma_soc_h1_l11_sync0_wait0_w4_n16
verilator --cc --exe --build --timing --Wall -DRISCV_FORMAL --Wno-DECLFILENAME --Wno-GENUNNAMED --Wno-UNUSEDSIGNAL --Wno-BLKSEQ --unroll-count 2048 --unroll-stmts 100000 --assert -DASTER_COHERENCE_ASSERT \
	--top-module aster_coherent_soc -GHART_COUNT=1 "-GENABLE_L1=1'b1" "-GENABLE_DMA=1'b1" \
	"-GSYNC_MEMORY=1'b0" -GMEMORY_WAIT_CYCLES=0 "-GHOST_BOOT=1'b1" \
	-GLINE_WORDS=4 -GLINE_COUNT=16 \
	-CFLAGS '-DASTER_HART_COUNT=1 -DASTER_L1=1 -DASTER_MEMORY_WAIT=0' \
	--Mdir /tmp/aster-phase8-dma-regressions-5b9c175/build/dma_soc_h1_l11_sync0_wait0_w4_n16/obj -o /tmp/aster-phase8-dma-regressions-5b9c175/build/dma_soc_h1_l11_sync0_wait0_w4_n16/aster_dma_soc_sim \
	/tmp/aster-phase8-verified-source-x5U6xF/rtl/core/aster_picorv32.sv /tmp/aster-phase8-verified-source-x5U6xF/vendor/picorv32/picorv32.v /tmp/aster-phase8-verified-source-x5U6xF/rtl/cache/aster_l1_cache.sv /tmp/aster-phase8-verified-source-x5U6xF/rtl/memory/aster_rom.sv /tmp/aster-phase8-verified-source-x5U6xF/rtl/memory/aster_ram.sv /tmp/aster-phase8-verified-source-x5U6xF/rtl/core/aster_pcpi_atomic.sv /tmp/aster-phase8-verified-source-x5U6xF/rtl/core/aster_pcpi_dot8.sv /tmp/aster-phase8-verified-source-x5U6xF/rtl/core/aster_atomic_hart.sv /tmp/aster-phase8-verified-source-x5U6xF/rtl/cache/aster_coherent_cache.sv /tmp/aster-phase8-verified-source-x5U6xF/rtl/interconnect/aster_atomic_fabric.sv /tmp/aster-phase8-verified-source-x5U6xF/rtl/soc/aster_warm_stop.sv /tmp/aster-phase8-verified-source-x5U6xF/rtl/peripherals/aster_uart.sv /tmp/aster-phase8-verified-source-x5U6xF/rtl/peripherals/aster_coherent_perf.sv /tmp/aster-phase8-verified-source-x5U6xF/rtl/dma/aster_dma_engine.sv /tmp/aster-phase8-verified-source-x5U6xF/rtl/interconnect/aster_dma_arbiter.sv /tmp/aster-phase8-verified-source-x5U6xF/rtl/peripherals/aster_dma_perf.sv /tmp/aster-phase8-verified-source-x5U6xF/rtl/peripherals/aster_dot8_perf.sv /tmp/aster-phase8-verified-source-x5U6xF/rtl/soc/aster_coherent_soc.sv /tmp/aster-phase8-verified-source-x5U6xF/verification/soc/tb_aster_dma_soc.cpp
make[2]: warning: jobserver unavailable: using -j1.  Add '+' to parent make rule.
g++  -I.  -MMD -I/home/elfo/tools/verilator/root/include -I/home/elfo/tools/verilator/root/include/vltstd -DVM_COVERAGE=0 -DVM_SC=0 -DVM_TRACE=0 -DVM_TRACE_FST=0 -DVM_TRACE_VCD=0 -faligned-new -fcf-protection=none -Wno-bool-operation -Wno-overloaded-virtual -Wno-shadow -Wno-sign-compare -Wno-uninitialized -Wno-unused-but-set-parameter -Wno-unused-but-set-variable -Wno-unused-parameter -Wno-unused-variable     -DASTER_HART_COUNT=1 -DASTER_L1=1 -DASTER_MEMORY_WAIT=0   -Os -c -o tb_aster_dma_soc.o /tmp/aster-phase8-verified-source-x5U6xF/verification/soc/tb_aster_dma_soc.cpp
g++ -Os  -I.  -MMD -I/home/elfo/tools/verilator/root/include -I/home/elfo/tools/verilator/root/include/vltstd -DVM_COVERAGE=0 -DVM_SC=0 -DVM_TRACE=0 -DVM_TRACE_FST=0 -DVM_TRACE_VCD=0 -faligned-new -fcf-protection=none -Wno-bool-operation -Wno-overloaded-virtual -Wno-shadow -Wno-sign-compare -Wno-uninitialized -Wno-unused-but-set-parameter -Wno-unused-but-set-variable -Wno-unused-parameter -Wno-unused-variable     -DASTER_HART_COUNT=1 -DASTER_L1=1 -DASTER_MEMORY_WAIT=0   -c -o verilated.o /home/elfo/tools/verilator/root/include/verilated.cpp
g++ -Os  -I.  -MMD -I/home/elfo/tools/verilator/root/include -I/home/elfo/tools/verilator/root/include/vltstd -DVM_COVERAGE=0 -DVM_SC=0 -DVM_TRACE=0 -DVM_TRACE_FST=0 -DVM_TRACE_VCD=0 -faligned-new -fcf-protection=none -Wno-bool-operation -Wno-overloaded-virtual -Wno-shadow -Wno-sign-compare -Wno-uninitialized -Wno-unused-but-set-parameter -Wno-unused-but-set-variable -Wno-unused-parameter -Wno-unused-variable     -DASTER_HART_COUNT=1 -DASTER_L1=1 -DASTER_MEMORY_WAIT=0   -c -o verilated_threads.o /home/elfo/tools/verilator/root/include/verilated_threads.cpp
/usr/bin/python3 /home/elfo/tools/verilator/root/bin/verilator_includer -DVL_INCLUDE_OPT=include Vaster_coherent_soc.cpp Vaster_coherent_soc___024root__DepSet_hc6677697__0.cpp Vaster_coherent_soc___024root__DepSet_h9074b246__0.cpp Vaster_coherent_soc__ConstPool_0.cpp Vaster_coherent_soc___024root__Slow.cpp Vaster_coherent_soc___024root__DepSet_hc6677697__0__Slow.cpp Vaster_coherent_soc___024root__DepSet_h9074b246__0__Slow.cpp Vaster_coherent_soc__Syms.cpp > Vaster_coherent_soc__ALL.cpp
g++ -Os  -I.  -MMD -I/home/elfo/tools/verilator/root/include -I/home/elfo/tools/verilator/root/include/vltstd -DVM_COVERAGE=0 -DVM_SC=0 -DVM_TRACE=0 -DVM_TRACE_FST=0 -DVM_TRACE_VCD=0 -faligned-new -fcf-protection=none -Wno-bool-operation -Wno-overloaded-virtual -Wno-shadow -Wno-sign-compare -Wno-uninitialized -Wno-unused-but-set-parameter -Wno-unused-but-set-variable -Wno-unused-parameter -Wno-unused-variable     -DASTER_HART_COUNT=1 -DASTER_L1=1 -DASTER_MEMORY_WAIT=0   -c -o Vaster_coherent_soc__ALL.o Vaster_coherent_soc__ALL.cpp
echo "" > Vaster_coherent_soc__ALL.verilator_deplist.tmp
Archive ar -rcs Vaster_coherent_soc__ALL.a Vaster_coherent_soc__ALL.o
g++     tb_aster_dma_soc.o verilated.o verilated_threads.o Vaster_coherent_soc__ALL.a    -pthread -lpthread -latomic   -o /tmp/aster-phase8-dma-regressions-5b9c175/build/dma_soc_h1_l11_sync0_wait0_w4_n16/aster_dma_soc_sim
rm Vaster_coherent_soc__ALL.verilator_deplist.tmp
PASS: real DMA runtime harts=1 cache=1 wait=0 cycles=54189624 bytes=53138 jobs=3 directed=320 selective=0 retired=11251745,0; full RAM, same-value LR/SC, peer publication, driver errors/abort, exact counters
PASS: real DMA runtime harts=1 cache=1 wait=0 cycles=54189626 bytes=53138 jobs=3 directed=320 selective=0 retired=11251745,0; full RAM, same-value LR/SC, peer publication, driver errors/abort, exact counters
PASS: real DMA warm stop point=0 full acknowledged RAM retained; no destructive reset
PASS: real DMA warm stop point=1 full acknowledged RAM retained; no destructive reset
PASS: real DMA warm stop point=2 full acknowledged RAM retained; no destructive reset
PASS: real DMA warm stop point=3 full acknowledged RAM retained; no destructive reset
PASS: real DMA warm stop point=4 full acknowledged RAM retained; no destructive reset
PASS: real DMA runtime harts=1 cache=1 wait=0 cycles=54189625 bytes=53138 jobs=3 directed=320 selective=0 retired=11251745,0; full RAM, same-value LR/SC, peer publication, driver errors/abort, exact counters
PASS: DMA SoC closeout stops=8 CPU stores=2286993 DMA stores=132353 reads=132358 writes=132353 reservation-clears=18
mkdir -p /tmp/aster-phase8-dma-regressions-5b9c175/build/dma_soc_h1_l11_sync0_wait7_w4_n16
verilator --cc --exe --build --timing --Wall -DRISCV_FORMAL --Wno-DECLFILENAME --Wno-GENUNNAMED --Wno-UNUSEDSIGNAL --Wno-BLKSEQ --unroll-count 2048 --unroll-stmts 100000 --assert -DASTER_COHERENCE_ASSERT \
	--top-module aster_coherent_soc -GHART_COUNT=1 "-GENABLE_L1=1'b1" "-GENABLE_DMA=1'b1" \
	"-GSYNC_MEMORY=1'b0" -GMEMORY_WAIT_CYCLES=7 "-GHOST_BOOT=1'b1" \
	-GLINE_WORDS=4 -GLINE_COUNT=16 \
	-CFLAGS '-DASTER_HART_COUNT=1 -DASTER_L1=1 -DASTER_MEMORY_WAIT=7' \
	--Mdir /tmp/aster-phase8-dma-regressions-5b9c175/build/dma_soc_h1_l11_sync0_wait7_w4_n16/obj -o /tmp/aster-phase8-dma-regressions-5b9c175/build/dma_soc_h1_l11_sync0_wait7_w4_n16/aster_dma_soc_sim \
	/tmp/aster-phase8-verified-source-x5U6xF/rtl/core/aster_picorv32.sv /tmp/aster-phase8-verified-source-x5U6xF/vendor/picorv32/picorv32.v /tmp/aster-phase8-verified-source-x5U6xF/rtl/cache/aster_l1_cache.sv /tmp/aster-phase8-verified-source-x5U6xF/rtl/memory/aster_rom.sv /tmp/aster-phase8-verified-source-x5U6xF/rtl/memory/aster_ram.sv /tmp/aster-phase8-verified-source-x5U6xF/rtl/core/aster_pcpi_atomic.sv /tmp/aster-phase8-verified-source-x5U6xF/rtl/core/aster_pcpi_dot8.sv /tmp/aster-phase8-verified-source-x5U6xF/rtl/core/aster_atomic_hart.sv /tmp/aster-phase8-verified-source-x5U6xF/rtl/cache/aster_coherent_cache.sv /tmp/aster-phase8-verified-source-x5U6xF/rtl/interconnect/aster_atomic_fabric.sv /tmp/aster-phase8-verified-source-x5U6xF/rtl/soc/aster_warm_stop.sv /tmp/aster-phase8-verified-source-x5U6xF/rtl/peripherals/aster_uart.sv /tmp/aster-phase8-verified-source-x5U6xF/rtl/peripherals/aster_coherent_perf.sv /tmp/aster-phase8-verified-source-x5U6xF/rtl/dma/aster_dma_engine.sv /tmp/aster-phase8-verified-source-x5U6xF/rtl/interconnect/aster_dma_arbiter.sv /tmp/aster-phase8-verified-source-x5U6xF/rtl/peripherals/aster_dma_perf.sv /tmp/aster-phase8-verified-source-x5U6xF/rtl/peripherals/aster_dot8_perf.sv /tmp/aster-phase8-verified-source-x5U6xF/rtl/soc/aster_coherent_soc.sv /tmp/aster-phase8-verified-source-x5U6xF/verification/soc/tb_aster_dma_soc.cpp
make[2]: warning: jobserver unavailable: using -j1.  Add '+' to parent make rule.
g++  -I.  -MMD -I/home/elfo/tools/verilator/root/include -I/home/elfo/tools/verilator/root/include/vltstd -DVM_COVERAGE=0 -DVM_SC=0 -DVM_TRACE=0 -DVM_TRACE_FST=0 -DVM_TRACE_VCD=0 -faligned-new -fcf-protection=none -Wno-bool-operation -Wno-overloaded-virtual -Wno-shadow -Wno-sign-compare -Wno-uninitialized -Wno-unused-but-set-parameter -Wno-unused-but-set-variable -Wno-unused-parameter -Wno-unused-variable     -DASTER_HART_COUNT=1 -DASTER_L1=1 -DASTER_MEMORY_WAIT=7   -Os -c -o tb_aster_dma_soc.o /tmp/aster-phase8-verified-source-x5U6xF/verification/soc/tb_aster_dma_soc.cpp
g++ -Os  -I.  -MMD -I/home/elfo/tools/verilator/root/include -I/home/elfo/tools/verilator/root/include/vltstd -DVM_COVERAGE=0 -DVM_SC=0 -DVM_TRACE=0 -DVM_TRACE_FST=0 -DVM_TRACE_VCD=0 -faligned-new -fcf-protection=none -Wno-bool-operation -Wno-overloaded-virtual -Wno-shadow -Wno-sign-compare -Wno-uninitialized -Wno-unused-but-set-parameter -Wno-unused-but-set-variable -Wno-unused-parameter -Wno-unused-variable     -DASTER_HART_COUNT=1 -DASTER_L1=1 -DASTER_MEMORY_WAIT=7   -c -o verilated.o /home/elfo/tools/verilator/root/include/verilated.cpp
g++ -Os  -I.  -MMD -I/home/elfo/tools/verilator/root/include -I/home/elfo/tools/verilator/root/include/vltstd -DVM_COVERAGE=0 -DVM_SC=0 -DVM_TRACE=0 -DVM_TRACE_FST=0 -DVM_TRACE_VCD=0 -faligned-new -fcf-protection=none -Wno-bool-operation -Wno-overloaded-virtual -Wno-shadow -Wno-sign-compare -Wno-uninitialized -Wno-unused-but-set-parameter -Wno-unused-but-set-variable -Wno-unused-parameter -Wno-unused-variable     -DASTER_HART_COUNT=1 -DASTER_L1=1 -DASTER_MEMORY_WAIT=7   -c -o verilated_threads.o /home/elfo/tools/verilator/root/include/verilated_threads.cpp
/usr/bin/python3 /home/elfo/tools/verilator/root/bin/verilator_includer -DVL_INCLUDE_OPT=include Vaster_coherent_soc.cpp Vaster_coherent_soc___024root__DepSet_hc6677697__0.cpp Vaster_coherent_soc___024root__DepSet_h9074b246__0.cpp Vaster_coherent_soc__ConstPool_0.cpp Vaster_coherent_soc___024root__Slow.cpp Vaster_coherent_soc___024root__DepSet_hc6677697__0__Slow.cpp Vaster_coherent_soc___024root__DepSet_h9074b246__0__Slow.cpp Vaster_coherent_soc__Syms.cpp > Vaster_coherent_soc__ALL.cpp
g++ -Os  -I.  -MMD -I/home/elfo/tools/verilator/root/include -I/home/elfo/tools/verilator/root/include/vltstd -DVM_COVERAGE=0 -DVM_SC=0 -DVM_TRACE=0 -DVM_TRACE_FST=0 -DVM_TRACE_VCD=0 -faligned-new -fcf-protection=none -Wno-bool-operation -Wno-overloaded-virtual -Wno-shadow -Wno-sign-compare -Wno-uninitialized -Wno-unused-but-set-parameter -Wno-unused-but-set-variable -Wno-unused-parameter -Wno-unused-variable     -DASTER_HART_COUNT=1 -DASTER_L1=1 -DASTER_MEMORY_WAIT=7   -c -o Vaster_coherent_soc__ALL.o Vaster_coherent_soc__ALL.cpp
echo "" > Vaster_coherent_soc__ALL.verilator_deplist.tmp
Archive ar -rcs Vaster_coherent_soc__ALL.a Vaster_coherent_soc__ALL.o
g++     tb_aster_dma_soc.o verilated.o verilated_threads.o Vaster_coherent_soc__ALL.a    -pthread -lpthread -latomic   -o /tmp/aster-phase8-dma-regressions-5b9c175/build/dma_soc_h1_l11_sync0_wait7_w4_n16/aster_dma_soc_sim
rm Vaster_coherent_soc__ALL.verilator_deplist.tmp
PASS: real DMA runtime harts=1 cache=1 wait=7 cycles=59983180 bytes=53130 jobs=3 directed=320 selective=0 retired=11261557,0; full RAM, same-value LR/SC, peer publication, driver errors/abort, exact counters
PASS: real DMA runtime harts=1 cache=1 wait=7 cycles=59983180 bytes=53130 jobs=3 directed=320 selective=0 retired=11261557,0; full RAM, same-value LR/SC, peer publication, driver errors/abort, exact counters
PASS: real DMA warm stop point=0 full acknowledged RAM retained; no destructive reset
PASS: real DMA warm stop point=1 full acknowledged RAM retained; no destructive reset
PASS: real DMA warm stop point=2 full acknowledged RAM retained; no destructive reset
PASS: real DMA warm stop point=3 full acknowledged RAM retained; no destructive reset
PASS: real DMA warm stop point=4 full acknowledged RAM retained; no destructive reset
PASS: real DMA runtime harts=1 cache=1 wait=7 cycles=59983180 bytes=53130 jobs=3 directed=320 selective=0 retired=11261557,0; full RAM, same-value LR/SC, peer publication, driver errors/abort, exact counters
PASS: DMA SoC closeout stops=8 CPU stores=2286993 DMA stores=132329 reads=132334 writes=132329 reservation-clears=18
mkdir -p /tmp/aster-phase8-dma-regressions-5b9c175/build/dma_soc_h1_l11_sync1_wait1_w4_n16
verilator --cc --exe --build --timing --Wall -DRISCV_FORMAL --Wno-DECLFILENAME --Wno-GENUNNAMED --Wno-UNUSEDSIGNAL --Wno-BLKSEQ --unroll-count 2048 --unroll-stmts 100000 --assert -DASTER_COHERENCE_ASSERT \
	--top-module aster_coherent_soc -GHART_COUNT=1 "-GENABLE_L1=1'b1" "-GENABLE_DMA=1'b1" \
	"-GSYNC_MEMORY=1'b1" -GMEMORY_WAIT_CYCLES=1 "-GHOST_BOOT=1'b1" \
	-GLINE_WORDS=4 -GLINE_COUNT=16 \
	-CFLAGS '-DASTER_HART_COUNT=1 -DASTER_L1=1 -DASTER_MEMORY_WAIT=1' \
	--Mdir /tmp/aster-phase8-dma-regressions-5b9c175/build/dma_soc_h1_l11_sync1_wait1_w4_n16/obj -o /tmp/aster-phase8-dma-regressions-5b9c175/build/dma_soc_h1_l11_sync1_wait1_w4_n16/aster_dma_soc_sim \
	/tmp/aster-phase8-verified-source-x5U6xF/rtl/core/aster_picorv32.sv /tmp/aster-phase8-verified-source-x5U6xF/vendor/picorv32/picorv32.v /tmp/aster-phase8-verified-source-x5U6xF/rtl/cache/aster_l1_cache.sv /tmp/aster-phase8-verified-source-x5U6xF/rtl/memory/aster_rom.sv /tmp/aster-phase8-verified-source-x5U6xF/rtl/memory/aster_ram.sv /tmp/aster-phase8-verified-source-x5U6xF/rtl/core/aster_pcpi_atomic.sv /tmp/aster-phase8-verified-source-x5U6xF/rtl/core/aster_pcpi_dot8.sv /tmp/aster-phase8-verified-source-x5U6xF/rtl/core/aster_atomic_hart.sv /tmp/aster-phase8-verified-source-x5U6xF/rtl/cache/aster_coherent_cache.sv /tmp/aster-phase8-verified-source-x5U6xF/rtl/interconnect/aster_atomic_fabric.sv /tmp/aster-phase8-verified-source-x5U6xF/rtl/soc/aster_warm_stop.sv /tmp/aster-phase8-verified-source-x5U6xF/rtl/peripherals/aster_uart.sv /tmp/aster-phase8-verified-source-x5U6xF/rtl/peripherals/aster_coherent_perf.sv /tmp/aster-phase8-verified-source-x5U6xF/rtl/dma/aster_dma_engine.sv /tmp/aster-phase8-verified-source-x5U6xF/rtl/interconnect/aster_dma_arbiter.sv /tmp/aster-phase8-verified-source-x5U6xF/rtl/peripherals/aster_dma_perf.sv /tmp/aster-phase8-verified-source-x5U6xF/rtl/peripherals/aster_dot8_perf.sv /tmp/aster-phase8-verified-source-x5U6xF/rtl/soc/aster_coherent_soc.sv /tmp/aster-phase8-verified-source-x5U6xF/verification/soc/tb_aster_dma_soc.cpp
make[2]: warning: jobserver unavailable: using -j1.  Add '+' to parent make rule.
g++  -I.  -MMD -I/home/elfo/tools/verilator/root/include -I/home/elfo/tools/verilator/root/include/vltstd -DVM_COVERAGE=0 -DVM_SC=0 -DVM_TRACE=0 -DVM_TRACE_FST=0 -DVM_TRACE_VCD=0 -faligned-new -fcf-protection=none -Wno-bool-operation -Wno-overloaded-virtual -Wno-shadow -Wno-sign-compare -Wno-uninitialized -Wno-unused-but-set-parameter -Wno-unused-but-set-variable -Wno-unused-parameter -Wno-unused-variable     -DASTER_HART_COUNT=1 -DASTER_L1=1 -DASTER_MEMORY_WAIT=1   -Os -c -o tb_aster_dma_soc.o /tmp/aster-phase8-verified-source-x5U6xF/verification/soc/tb_aster_dma_soc.cpp
g++ -Os  -I.  -MMD -I/home/elfo/tools/verilator/root/include -I/home/elfo/tools/verilator/root/include/vltstd -DVM_COVERAGE=0 -DVM_SC=0 -DVM_TRACE=0 -DVM_TRACE_FST=0 -DVM_TRACE_VCD=0 -faligned-new -fcf-protection=none -Wno-bool-operation -Wno-overloaded-virtual -Wno-shadow -Wno-sign-compare -Wno-uninitialized -Wno-unused-but-set-parameter -Wno-unused-but-set-variable -Wno-unused-parameter -Wno-unused-variable     -DASTER_HART_COUNT=1 -DASTER_L1=1 -DASTER_MEMORY_WAIT=1   -c -o verilated.o /home/elfo/tools/verilator/root/include/verilated.cpp
g++ -Os  -I.  -MMD -I/home/elfo/tools/verilator/root/include -I/home/elfo/tools/verilator/root/include/vltstd -DVM_COVERAGE=0 -DVM_SC=0 -DVM_TRACE=0 -DVM_TRACE_FST=0 -DVM_TRACE_VCD=0 -faligned-new -fcf-protection=none -Wno-bool-operation -Wno-overloaded-virtual -Wno-shadow -Wno-sign-compare -Wno-uninitialized -Wno-unused-but-set-parameter -Wno-unused-but-set-variable -Wno-unused-parameter -Wno-unused-variable     -DASTER_HART_COUNT=1 -DASTER_L1=1 -DASTER_MEMORY_WAIT=1   -c -o verilated_threads.o /home/elfo/tools/verilator/root/include/verilated_threads.cpp
/usr/bin/python3 /home/elfo/tools/verilator/root/bin/verilator_includer -DVL_INCLUDE_OPT=include Vaster_coherent_soc.cpp Vaster_coherent_soc___024root__DepSet_hc6677697__0.cpp Vaster_coherent_soc___024root__DepSet_h9074b246__0.cpp Vaster_coherent_soc__ConstPool_0.cpp Vaster_coherent_soc___024root__Slow.cpp Vaster_coherent_soc___024root__DepSet_hc6677697__0__Slow.cpp Vaster_coherent_soc___024root__DepSet_h9074b246__0__Slow.cpp Vaster_coherent_soc__Syms.cpp > Vaster_coherent_soc__ALL.cpp
g++ -Os  -I.  -MMD -I/home/elfo/tools/verilator/root/include -I/home/elfo/tools/verilator/root/include/vltstd -DVM_COVERAGE=0 -DVM_SC=0 -DVM_TRACE=0 -DVM_TRACE_FST=0 -DVM_TRACE_VCD=0 -faligned-new -fcf-protection=none -Wno-bool-operation -Wno-overloaded-virtual -Wno-shadow -Wno-sign-compare -Wno-uninitialized -Wno-unused-but-set-parameter -Wno-unused-but-set-variable -Wno-unused-parameter -Wno-unused-variable     -DASTER_HART_COUNT=1 -DASTER_L1=1 -DASTER_MEMORY_WAIT=1   -c -o Vaster_coherent_soc__ALL.o Vaster_coherent_soc__ALL.cpp
echo "" > Vaster_coherent_soc__ALL.verilator_deplist.tmp
Archive ar -rcs Vaster_coherent_soc__ALL.a Vaster_coherent_soc__ALL.o
g++     tb_aster_dma_soc.o verilated.o verilated_threads.o Vaster_coherent_soc__ALL.a    -pthread -lpthread -latomic   -o /tmp/aster-phase8-dma-regressions-5b9c175/build/dma_soc_h1_l11_sync1_wait1_w4_n16/aster_dma_soc_sim
rm Vaster_coherent_soc__ALL.verilator_deplist.tmp
PASS: real DMA runtime harts=1 cache=1 wait=1 cycles=54997882 bytes=53137 jobs=3 directed=320 selective=0 retired=11251739,0; full RAM, same-value LR/SC, peer publication, driver errors/abort, exact counters
PASS: real DMA runtime harts=1 cache=1 wait=1 cycles=54997882 bytes=53137 jobs=3 directed=320 selective=0 retired=11251739,0; full RAM, same-value LR/SC, peer publication, driver errors/abort, exact counters
PASS: real DMA warm stop point=0 full acknowledged RAM retained; no destructive reset
PASS: real DMA warm stop point=1 full acknowledged RAM retained; no destructive reset
PASS: real DMA warm stop point=2 full acknowledged RAM retained; no destructive reset
PASS: real DMA warm stop point=3 full acknowledged RAM retained; no destructive reset
PASS: real DMA warm stop point=4 full acknowledged RAM retained; no destructive reset
PASS: real DMA runtime harts=1 cache=1 wait=1 cycles=54997886 bytes=53137 jobs=3 directed=320 selective=0 retired=11251739,0; full RAM, same-value LR/SC, peer publication, driver errors/abort, exact counters
PASS: DMA SoC closeout stops=8 CPU stores=2286993 DMA stores=132350 reads=132352 writes=132350 reservation-clears=18
mkdir -p /tmp/aster-phase8-dma-regressions-5b9c175/build/dma_soc_h1_l11_sync1_wait7_w4_n16
verilator --cc --exe --build --timing --Wall -DRISCV_FORMAL --Wno-DECLFILENAME --Wno-GENUNNAMED --Wno-UNUSEDSIGNAL --Wno-BLKSEQ --unroll-count 2048 --unroll-stmts 100000 --assert -DASTER_COHERENCE_ASSERT \
	--top-module aster_coherent_soc -GHART_COUNT=1 "-GENABLE_L1=1'b1" "-GENABLE_DMA=1'b1" \
	"-GSYNC_MEMORY=1'b1" -GMEMORY_WAIT_CYCLES=7 "-GHOST_BOOT=1'b1" \
	-GLINE_WORDS=4 -GLINE_COUNT=16 \
	-CFLAGS '-DASTER_HART_COUNT=1 -DASTER_L1=1 -DASTER_MEMORY_WAIT=7' \
	--Mdir /tmp/aster-phase8-dma-regressions-5b9c175/build/dma_soc_h1_l11_sync1_wait7_w4_n16/obj -o /tmp/aster-phase8-dma-regressions-5b9c175/build/dma_soc_h1_l11_sync1_wait7_w4_n16/aster_dma_soc_sim \
	/tmp/aster-phase8-verified-source-x5U6xF/rtl/core/aster_picorv32.sv /tmp/aster-phase8-verified-source-x5U6xF/vendor/picorv32/picorv32.v /tmp/aster-phase8-verified-source-x5U6xF/rtl/cache/aster_l1_cache.sv /tmp/aster-phase8-verified-source-x5U6xF/rtl/memory/aster_rom.sv /tmp/aster-phase8-verified-source-x5U6xF/rtl/memory/aster_ram.sv /tmp/aster-phase8-verified-source-x5U6xF/rtl/core/aster_pcpi_atomic.sv /tmp/aster-phase8-verified-source-x5U6xF/rtl/core/aster_pcpi_dot8.sv /tmp/aster-phase8-verified-source-x5U6xF/rtl/core/aster_atomic_hart.sv /tmp/aster-phase8-verified-source-x5U6xF/rtl/cache/aster_coherent_cache.sv /tmp/aster-phase8-verified-source-x5U6xF/rtl/interconnect/aster_atomic_fabric.sv /tmp/aster-phase8-verified-source-x5U6xF/rtl/soc/aster_warm_stop.sv /tmp/aster-phase8-verified-source-x5U6xF/rtl/peripherals/aster_uart.sv /tmp/aster-phase8-verified-source-x5U6xF/rtl/peripherals/aster_coherent_perf.sv /tmp/aster-phase8-verified-source-x5U6xF/rtl/dma/aster_dma_engine.sv /tmp/aster-phase8-verified-source-x5U6xF/rtl/interconnect/aster_dma_arbiter.sv /tmp/aster-phase8-verified-source-x5U6xF/rtl/peripherals/aster_dma_perf.sv /tmp/aster-phase8-verified-source-x5U6xF/rtl/peripherals/aster_dot8_perf.sv /tmp/aster-phase8-verified-source-x5U6xF/rtl/soc/aster_coherent_soc.sv /tmp/aster-phase8-verified-source-x5U6xF/verification/soc/tb_aster_dma_soc.cpp
make[2]: warning: jobserver unavailable: using -j1.  Add '+' to parent make rule.
g++  -I.  -MMD -I/home/elfo/tools/verilator/root/include -I/home/elfo/tools/verilator/root/include/vltstd -DVM_COVERAGE=0 -DVM_SC=0 -DVM_TRACE=0 -DVM_TRACE_FST=0 -DVM_TRACE_VCD=0 -faligned-new -fcf-protection=none -Wno-bool-operation -Wno-overloaded-virtual -Wno-shadow -Wno-sign-compare -Wno-uninitialized -Wno-unused-but-set-parameter -Wno-unused-but-set-variable -Wno-unused-parameter -Wno-unused-variable     -DASTER_HART_COUNT=1 -DASTER_L1=1 -DASTER_MEMORY_WAIT=7   -Os -c -o tb_aster_dma_soc.o /tmp/aster-phase8-verified-source-x5U6xF/verification/soc/tb_aster_dma_soc.cpp
g++ -Os  -I.  -MMD -I/home/elfo/tools/verilator/root/include -I/home/elfo/tools/verilator/root/include/vltstd -DVM_COVERAGE=0 -DVM_SC=0 -DVM_TRACE=0 -DVM_TRACE_FST=0 -DVM_TRACE_VCD=0 -faligned-new -fcf-protection=none -Wno-bool-operation -Wno-overloaded-virtual -Wno-shadow -Wno-sign-compare -Wno-uninitialized -Wno-unused-but-set-parameter -Wno-unused-but-set-variable -Wno-unused-parameter -Wno-unused-variable     -DASTER_HART_COUNT=1 -DASTER_L1=1 -DASTER_MEMORY_WAIT=7   -c -o verilated.o /home/elfo/tools/verilator/root/include/verilated.cpp
g++ -Os  -I.  -MMD -I/home/elfo/tools/verilator/root/include -I/home/elfo/tools/verilator/root/include/vltstd -DVM_COVERAGE=0 -DVM_SC=0 -DVM_TRACE=0 -DVM_TRACE_FST=0 -DVM_TRACE_VCD=0 -faligned-new -fcf-protection=none -Wno-bool-operation -Wno-overloaded-virtual -Wno-shadow -Wno-sign-compare -Wno-uninitialized -Wno-unused-but-set-parameter -Wno-unused-but-set-variable -Wno-unused-parameter -Wno-unused-variable     -DASTER_HART_COUNT=1 -DASTER_L1=1 -DASTER_MEMORY_WAIT=7   -c -o verilated_threads.o /home/elfo/tools/verilator/root/include/verilated_threads.cpp
/usr/bin/python3 /home/elfo/tools/verilator/root/bin/verilator_includer -DVL_INCLUDE_OPT=include Vaster_coherent_soc.cpp Vaster_coherent_soc___024root__DepSet_hc6677697__0.cpp Vaster_coherent_soc___024root__DepSet_h9074b246__0.cpp Vaster_coherent_soc__ConstPool_0.cpp Vaster_coherent_soc___024root__Slow.cpp Vaster_coherent_soc___024root__DepSet_hc6677697__0__Slow.cpp Vaster_coherent_soc___024root__DepSet_h9074b246__0__Slow.cpp Vaster_coherent_soc__Syms.cpp > Vaster_coherent_soc__ALL.cpp
g++ -Os  -I.  -MMD -I/home/elfo/tools/verilator/root/include -I/home/elfo/tools/verilator/root/include/vltstd -DVM_COVERAGE=0 -DVM_SC=0 -DVM_TRACE=0 -DVM_TRACE_FST=0 -DVM_TRACE_VCD=0 -faligned-new -fcf-protection=none -Wno-bool-operation -Wno-overloaded-virtual -Wno-shadow -Wno-sign-compare -Wno-uninitialized -Wno-unused-but-set-parameter -Wno-unused-but-set-variable -Wno-unused-parameter -Wno-unused-variable     -DASTER_HART_COUNT=1 -DASTER_L1=1 -DASTER_MEMORY_WAIT=7   -c -o Vaster_coherent_soc__ALL.o Vaster_coherent_soc__ALL.cpp
echo "" > Vaster_coherent_soc__ALL.verilator_deplist.tmp
Archive ar -rcs Vaster_coherent_soc__ALL.a Vaster_coherent_soc__ALL.o
g++     tb_aster_dma_soc.o verilated.o verilated_threads.o Vaster_coherent_soc__ALL.a    -pthread -lpthread -latomic   -o /tmp/aster-phase8-dma-regressions-5b9c175/build/dma_soc_h1_l11_sync1_wait7_w4_n16/aster_dma_soc_sim
rm Vaster_coherent_soc__ALL.verilator_deplist.tmp
PASS: real DMA runtime harts=1 cache=1 wait=7 cycles=59983180 bytes=53130 jobs=3 directed=320 selective=0 retired=11261557,0; full RAM, same-value LR/SC, peer publication, driver errors/abort, exact counters
PASS: real DMA runtime harts=1 cache=1 wait=7 cycles=59983180 bytes=53130 jobs=3 directed=320 selective=0 retired=11261557,0; full RAM, same-value LR/SC, peer publication, driver errors/abort, exact counters
PASS: real DMA warm stop point=0 full acknowledged RAM retained; no destructive reset
PASS: real DMA warm stop point=1 full acknowledged RAM retained; no destructive reset
PASS: real DMA warm stop point=2 full acknowledged RAM retained; no destructive reset
PASS: real DMA warm stop point=3 full acknowledged RAM retained; no destructive reset
PASS: real DMA warm stop point=4 full acknowledged RAM retained; no destructive reset
PASS: real DMA runtime harts=1 cache=1 wait=7 cycles=59983180 bytes=53130 jobs=3 directed=320 selective=0 retired=11261557,0; full RAM, same-value LR/SC, peer publication, driver errors/abort, exact counters
PASS: DMA SoC closeout stops=8 CPU stores=2286993 DMA stores=132329 reads=132334 writes=132329 reservation-clears=18
mkdir -p /tmp/aster-phase8-dma-regressions-5b9c175/build/dma_soc_h2_l10_sync0_wait0_w4_n16
verilator --cc --exe --build --timing --Wall -DRISCV_FORMAL --Wno-DECLFILENAME --Wno-GENUNNAMED --Wno-UNUSEDSIGNAL --Wno-BLKSEQ --unroll-count 2048 --unroll-stmts 100000 --assert -DASTER_COHERENCE_ASSERT \
	--top-module aster_coherent_soc -GHART_COUNT=2 "-GENABLE_L1=1'b0" "-GENABLE_DMA=1'b1" \
	"-GSYNC_MEMORY=1'b0" -GMEMORY_WAIT_CYCLES=0 "-GHOST_BOOT=1'b1" \
	-GLINE_WORDS=4 -GLINE_COUNT=16 \
	-CFLAGS '-DASTER_HART_COUNT=2 -DASTER_L1=0 -DASTER_MEMORY_WAIT=0' \
	--Mdir /tmp/aster-phase8-dma-regressions-5b9c175/build/dma_soc_h2_l10_sync0_wait0_w4_n16/obj -o /tmp/aster-phase8-dma-regressions-5b9c175/build/dma_soc_h2_l10_sync0_wait0_w4_n16/aster_dma_soc_sim \
	/tmp/aster-phase8-verified-source-x5U6xF/rtl/core/aster_picorv32.sv /tmp/aster-phase8-verified-source-x5U6xF/vendor/picorv32/picorv32.v /tmp/aster-phase8-verified-source-x5U6xF/rtl/cache/aster_l1_cache.sv /tmp/aster-phase8-verified-source-x5U6xF/rtl/memory/aster_rom.sv /tmp/aster-phase8-verified-source-x5U6xF/rtl/memory/aster_ram.sv /tmp/aster-phase8-verified-source-x5U6xF/rtl/core/aster_pcpi_atomic.sv /tmp/aster-phase8-verified-source-x5U6xF/rtl/core/aster_pcpi_dot8.sv /tmp/aster-phase8-verified-source-x5U6xF/rtl/core/aster_atomic_hart.sv /tmp/aster-phase8-verified-source-x5U6xF/rtl/cache/aster_coherent_cache.sv /tmp/aster-phase8-verified-source-x5U6xF/rtl/interconnect/aster_atomic_fabric.sv /tmp/aster-phase8-verified-source-x5U6xF/rtl/soc/aster_warm_stop.sv /tmp/aster-phase8-verified-source-x5U6xF/rtl/peripherals/aster_uart.sv /tmp/aster-phase8-verified-source-x5U6xF/rtl/peripherals/aster_coherent_perf.sv /tmp/aster-phase8-verified-source-x5U6xF/rtl/dma/aster_dma_engine.sv /tmp/aster-phase8-verified-source-x5U6xF/rtl/interconnect/aster_dma_arbiter.sv /tmp/aster-phase8-verified-source-x5U6xF/rtl/peripherals/aster_dma_perf.sv /tmp/aster-phase8-verified-source-x5U6xF/rtl/peripherals/aster_dot8_perf.sv /tmp/aster-phase8-verified-source-x5U6xF/rtl/soc/aster_coherent_soc.sv /tmp/aster-phase8-verified-source-x5U6xF/verification/soc/tb_aster_dma_soc.cpp
make[2]: warning: jobserver unavailable: using -j1.  Add '+' to parent make rule.
g++  -I.  -MMD -I/home/elfo/tools/verilator/root/include -I/home/elfo/tools/verilator/root/include/vltstd -DVM_COVERAGE=0 -DVM_SC=0 -DVM_TRACE=0 -DVM_TRACE_FST=0 -DVM_TRACE_VCD=0 -faligned-new -fcf-protection=none -Wno-bool-operation -Wno-overloaded-virtual -Wno-shadow -Wno-sign-compare -Wno-uninitialized -Wno-unused-but-set-parameter -Wno-unused-but-set-variable -Wno-unused-parameter -Wno-unused-variable     -DASTER_HART_COUNT=2 -DASTER_L1=0 -DASTER_MEMORY_WAIT=0   -Os -c -o tb_aster_dma_soc.o /tmp/aster-phase8-verified-source-x5U6xF/verification/soc/tb_aster_dma_soc.cpp
g++ -Os  -I.  -MMD -I/home/elfo/tools/verilator/root/include -I/home/elfo/tools/verilator/root/include/vltstd -DVM_COVERAGE=0 -DVM_SC=0 -DVM_TRACE=0 -DVM_TRACE_FST=0 -DVM_TRACE_VCD=0 -faligned-new -fcf-protection=none -Wno-bool-operation -Wno-overloaded-virtual -Wno-shadow -Wno-sign-compare -Wno-uninitialized -Wno-unused-but-set-parameter -Wno-unused-but-set-variable -Wno-unused-parameter -Wno-unused-variable     -DASTER_HART_COUNT=2 -DASTER_L1=0 -DASTER_MEMORY_WAIT=0   -c -o verilated.o /home/elfo/tools/verilator/root/include/verilated.cpp
g++ -Os  -I.  -MMD -I/home/elfo/tools/verilator/root/include -I/home/elfo/tools/verilator/root/include/vltstd -DVM_COVERAGE=0 -DVM_SC=0 -DVM_TRACE=0 -DVM_TRACE_FST=0 -DVM_TRACE_VCD=0 -faligned-new -fcf-protection=none -Wno-bool-operation -Wno-overloaded-virtual -Wno-shadow -Wno-sign-compare -Wno-uninitialized -Wno-unused-but-set-parameter -Wno-unused-but-set-variable -Wno-unused-parameter -Wno-unused-variable     -DASTER_HART_COUNT=2 -DASTER_L1=0 -DASTER_MEMORY_WAIT=0   -c -o verilated_threads.o /home/elfo/tools/verilator/root/include/verilated_threads.cpp
/usr/bin/python3 /home/elfo/tools/verilator/root/bin/verilator_includer -DVL_INCLUDE_OPT=include Vaster_coherent_soc.cpp Vaster_coherent_soc___024root__DepSet_hc6677697__0.cpp Vaster_coherent_soc___024root__DepSet_h9074b246__0.cpp Vaster_coherent_soc_aster_atomic_hart__pi1__DepSet_h7d6270d0__0.cpp Vaster_coherent_soc__ConstPool_0.cpp Vaster_coherent_soc___024root__Slow.cpp Vaster_coherent_soc___024root__DepSet_hc6677697__0__Slow.cpp Vaster_coherent_soc___024root__DepSet_h9074b246__0__Slow.cpp Vaster_coherent_soc_aster_atomic_hart__pi1__Slow.cpp Vaster_coherent_soc_aster_atomic_hart__pi1__DepSet_h7d6270d0__0__Slow.cpp Vaster_coherent_soc_aster_atomic_hart__pi1__DepSet_h3577b40b__0__Slow.cpp Vaster_coherent_soc__Syms.cpp > Vaster_coherent_soc__ALL.cpp
g++ -Os  -I.  -MMD -I/home/elfo/tools/verilator/root/include -I/home/elfo/tools/verilator/root/include/vltstd -DVM_COVERAGE=0 -DVM_SC=0 -DVM_TRACE=0 -DVM_TRACE_FST=0 -DVM_TRACE_VCD=0 -faligned-new -fcf-protection=none -Wno-bool-operation -Wno-overloaded-virtual -Wno-shadow -Wno-sign-compare -Wno-uninitialized -Wno-unused-but-set-parameter -Wno-unused-but-set-variable -Wno-unused-parameter -Wno-unused-variable     -DASTER_HART_COUNT=2 -DASTER_L1=0 -DASTER_MEMORY_WAIT=0   -c -o Vaster_coherent_soc__ALL.o Vaster_coherent_soc__ALL.cpp
echo "" > Vaster_coherent_soc__ALL.verilator_deplist.tmp
Archive ar -rcs Vaster_coherent_soc__ALL.a Vaster_coherent_soc__ALL.o
g++     tb_aster_dma_soc.o verilated.o verilated_threads.o Vaster_coherent_soc__ALL.a    -pthread -lpthread -latomic   -o /tmp/aster-phase8-dma-regressions-5b9c175/build/dma_soc_h2_l10_sync0_wait0_w4_n16/aster_dma_soc_sim
rm Vaster_coherent_soc__ALL.verilator_deplist.tmp
PASS: real DMA runtime harts=2 cache=0 wait=0 cycles=127008987 bytes=61313 jobs=3 directed=320 selective=8 retired=11612341,200085; full RAM, same-value LR/SC, peer publication, driver errors/abort, exact counters
PASS: real DMA runtime harts=2 cache=0 wait=0 cycles=127008988 bytes=61313 jobs=3 directed=320 selective=8 retired=11612341,200085; full RAM, same-value LR/SC, peer publication, driver errors/abort, exact counters
PASS: real DMA warm stop point=0 full acknowledged RAM retained; no destructive reset
PASS: real DMA warm stop point=1 full acknowledged RAM retained; no destructive reset
PASS: real DMA warm stop point=2 full acknowledged RAM retained; no destructive reset
PASS: real DMA warm stop point=3 full acknowledged RAM retained; no destructive reset
PASS: real DMA warm stop point=4 full acknowledged RAM retained; no destructive reset
PASS: real DMA selective/global escalation point=0 transient STOP latched, separate flushes, complete retained RAM
PASS: real DMA selective/global escalation point=1 transient STOP latched, separate flushes, complete retained RAM
PASS: real DMA selective/global escalation point=2 transient STOP latched, separate flushes, complete retained RAM
PASS: real DMA selective/global escalation point=3 transient STOP latched, separate flushes, complete retained RAM
PASS: real DMA runtime harts=2 cache=0 wait=0 cycles=127008986 bytes=61313 jobs=3 directed=320 selective=8 retired=11612341,200085; full RAM, same-value LR/SC, peer publication, driver errors/abort, exact counters
PASS: DMA SoC closeout stops=12 CPU stores=2384437 DMA stores=156970 reads=156979 writes=156970 reservation-clears=18
mkdir -p /tmp/aster-phase8-dma-regressions-5b9c175/build/dma_soc_h2_l10_sync0_wait7_w4_n16
verilator --cc --exe --build --timing --Wall -DRISCV_FORMAL --Wno-DECLFILENAME --Wno-GENUNNAMED --Wno-UNUSEDSIGNAL --Wno-BLKSEQ --unroll-count 2048 --unroll-stmts 100000 --assert -DASTER_COHERENCE_ASSERT \
	--top-module aster_coherent_soc -GHART_COUNT=2 "-GENABLE_L1=1'b0" "-GENABLE_DMA=1'b1" \
	"-GSYNC_MEMORY=1'b0" -GMEMORY_WAIT_CYCLES=7 "-GHOST_BOOT=1'b1" \
	-GLINE_WORDS=4 -GLINE_COUNT=16 \
	-CFLAGS '-DASTER_HART_COUNT=2 -DASTER_L1=0 -DASTER_MEMORY_WAIT=7' \
	--Mdir /tmp/aster-phase8-dma-regressions-5b9c175/build/dma_soc_h2_l10_sync0_wait7_w4_n16/obj -o /tmp/aster-phase8-dma-regressions-5b9c175/build/dma_soc_h2_l10_sync0_wait7_w4_n16/aster_dma_soc_sim \
	/tmp/aster-phase8-verified-source-x5U6xF/rtl/core/aster_picorv32.sv /tmp/aster-phase8-verified-source-x5U6xF/vendor/picorv32/picorv32.v /tmp/aster-phase8-verified-source-x5U6xF/rtl/cache/aster_l1_cache.sv /tmp/aster-phase8-verified-source-x5U6xF/rtl/memory/aster_rom.sv /tmp/aster-phase8-verified-source-x5U6xF/rtl/memory/aster_ram.sv /tmp/aster-phase8-verified-source-x5U6xF/rtl/core/aster_pcpi_atomic.sv /tmp/aster-phase8-verified-source-x5U6xF/rtl/core/aster_pcpi_dot8.sv /tmp/aster-phase8-verified-source-x5U6xF/rtl/core/aster_atomic_hart.sv /tmp/aster-phase8-verified-source-x5U6xF/rtl/cache/aster_coherent_cache.sv /tmp/aster-phase8-verified-source-x5U6xF/rtl/interconnect/aster_atomic_fabric.sv /tmp/aster-phase8-verified-source-x5U6xF/rtl/soc/aster_warm_stop.sv /tmp/aster-phase8-verified-source-x5U6xF/rtl/peripherals/aster_uart.sv /tmp/aster-phase8-verified-source-x5U6xF/rtl/peripherals/aster_coherent_perf.sv /tmp/aster-phase8-verified-source-x5U6xF/rtl/dma/aster_dma_engine.sv /tmp/aster-phase8-verified-source-x5U6xF/rtl/interconnect/aster_dma_arbiter.sv /tmp/aster-phase8-verified-source-x5U6xF/rtl/peripherals/aster_dma_perf.sv /tmp/aster-phase8-verified-source-x5U6xF/rtl/peripherals/aster_dot8_perf.sv /tmp/aster-phase8-verified-source-x5U6xF/rtl/soc/aster_coherent_soc.sv /tmp/aster-phase8-verified-source-x5U6xF/verification/soc/tb_aster_dma_soc.cpp
make[2]: warning: jobserver unavailable: using -j1.  Add '+' to parent make rule.
g++  -I.  -MMD -I/home/elfo/tools/verilator/root/include -I/home/elfo/tools/verilator/root/include/vltstd -DVM_COVERAGE=0 -DVM_SC=0 -DVM_TRACE=0 -DVM_TRACE_FST=0 -DVM_TRACE_VCD=0 -faligned-new -fcf-protection=none -Wno-bool-operation -Wno-overloaded-virtual -Wno-shadow -Wno-sign-compare -Wno-uninitialized -Wno-unused-but-set-parameter -Wno-unused-but-set-variable -Wno-unused-parameter -Wno-unused-variable     -DASTER_HART_COUNT=2 -DASTER_L1=0 -DASTER_MEMORY_WAIT=7   -Os -c -o tb_aster_dma_soc.o /tmp/aster-phase8-verified-source-x5U6xF/verification/soc/tb_aster_dma_soc.cpp
g++ -Os  -I.  -MMD -I/home/elfo/tools/verilator/root/include -I/home/elfo/tools/verilator/root/include/vltstd -DVM_COVERAGE=0 -DVM_SC=0 -DVM_TRACE=0 -DVM_TRACE_FST=0 -DVM_TRACE_VCD=0 -faligned-new -fcf-protection=none -Wno-bool-operation -Wno-overloaded-virtual -Wno-shadow -Wno-sign-compare -Wno-uninitialized -Wno-unused-but-set-parameter -Wno-unused-but-set-variable -Wno-unused-parameter -Wno-unused-variable     -DASTER_HART_COUNT=2 -DASTER_L1=0 -DASTER_MEMORY_WAIT=7   -c -o verilated.o /home/elfo/tools/verilator/root/include/verilated.cpp
g++ -Os  -I.  -MMD -I/home/elfo/tools/verilator/root/include -I/home/elfo/tools/verilator/root/include/vltstd -DVM_COVERAGE=0 -DVM_SC=0 -DVM_TRACE=0 -DVM_TRACE_FST=0 -DVM_TRACE_VCD=0 -faligned-new -fcf-protection=none -Wno-bool-operation -Wno-overloaded-virtual -Wno-shadow -Wno-sign-compare -Wno-uninitialized -Wno-unused-but-set-parameter -Wno-unused-but-set-variable -Wno-unused-parameter -Wno-unused-variable     -DASTER_HART_COUNT=2 -DASTER_L1=0 -DASTER_MEMORY_WAIT=7   -c -o verilated_threads.o /home/elfo/tools/verilator/root/include/verilated_threads.cpp
/usr/bin/python3 /home/elfo/tools/verilator/root/bin/verilator_includer -DVL_INCLUDE_OPT=include Vaster_coherent_soc.cpp Vaster_coherent_soc___024root__DepSet_hc6677697__0.cpp Vaster_coherent_soc___024root__DepSet_h9074b246__0.cpp Vaster_coherent_soc_aster_atomic_hart__pi1__DepSet_h7d6270d0__0.cpp Vaster_coherent_soc__ConstPool_0.cpp Vaster_coherent_soc___024root__Slow.cpp Vaster_coherent_soc___024root__DepSet_hc6677697__0__Slow.cpp Vaster_coherent_soc___024root__DepSet_h9074b246__0__Slow.cpp Vaster_coherent_soc_aster_atomic_hart__pi1__Slow.cpp Vaster_coherent_soc_aster_atomic_hart__pi1__DepSet_h7d6270d0__0__Slow.cpp Vaster_coherent_soc_aster_atomic_hart__pi1__DepSet_h3577b40b__0__Slow.cpp Vaster_coherent_soc__Syms.cpp > Vaster_coherent_soc__ALL.cpp
g++ -Os  -I.  -MMD -I/home/elfo/tools/verilator/root/include -I/home/elfo/tools/verilator/root/include/vltstd -DVM_COVERAGE=0 -DVM_SC=0 -DVM_TRACE=0 -DVM_TRACE_FST=0 -DVM_TRACE_VCD=0 -faligned-new -fcf-protection=none -Wno-bool-operation -Wno-overloaded-virtual -Wno-shadow -Wno-sign-compare -Wno-uninitialized -Wno-unused-but-set-parameter -Wno-unused-but-set-variable -Wno-unused-parameter -Wno-unused-variable     -DASTER_HART_COUNT=2 -DASTER_L1=0 -DASTER_MEMORY_WAIT=7   -c -o Vaster_coherent_soc__ALL.o Vaster_coherent_soc__ALL.cpp
echo "" > Vaster_coherent_soc__ALL.verilator_deplist.tmp
Archive ar -rcs Vaster_coherent_soc__ALL.a Vaster_coherent_soc__ALL.o
g++     tb_aster_dma_soc.o verilated.o verilated_threads.o Vaster_coherent_soc__ALL.a    -pthread -lpthread -latomic   -o /tmp/aster-phase8-dma-regressions-5b9c175/build/dma_soc_h2_l10_sync0_wait7_w4_n16/aster_dma_soc_sim
rm Vaster_coherent_soc__ALL.verilator_deplist.tmp
PASS: real DMA runtime harts=2 cache=0 wait=7 cycles=226748297 bytes=61313 jobs=3 directed=320 selective=8 retired=11612345,200085; full RAM, same-value LR/SC, peer publication, driver errors/abort, exact counters
PASS: real DMA runtime harts=2 cache=0 wait=7 cycles=226748299 bytes=61313 jobs=3 directed=320 selective=8 retired=11612345,200085; full RAM, same-value LR/SC, peer publication, driver errors/abort, exact counters
PASS: real DMA warm stop point=0 full acknowledged RAM retained; no destructive reset
PASS: real DMA warm stop point=1 full acknowledged RAM retained; no destructive reset
PASS: real DMA warm stop point=2 full acknowledged RAM retained; no destructive reset
PASS: real DMA warm stop point=3 full acknowledged RAM retained; no destructive reset
PASS: real DMA warm stop point=4 full acknowledged RAM retained; no destructive reset
PASS: real DMA selective/global escalation point=0 transient STOP latched, separate flushes, complete retained RAM
PASS: real DMA selective/global escalation point=1 transient STOP latched, separate flushes, complete retained RAM
PASS: real DMA selective/global escalation point=2 transient STOP latched, separate flushes, complete retained RAM
PASS: real DMA selective/global escalation point=3 transient STOP latched, separate flushes, complete retained RAM
PASS: real DMA runtime harts=2 cache=0 wait=7 cycles=226748297 bytes=61313 jobs=3 directed=320 selective=8 retired=11612345,200085; full RAM, same-value LR/SC, peer publication, driver errors/abort, exact counters
PASS: DMA SoC closeout stops=12 CPU stores=2384437 DMA stores=156970 reads=156979 writes=156970 reservation-clears=18
mkdir -p /tmp/aster-phase8-dma-regressions-5b9c175/build/dma_soc_h2_l10_sync1_wait1_w4_n16
verilator --cc --exe --build --timing --Wall -DRISCV_FORMAL --Wno-DECLFILENAME --Wno-GENUNNAMED --Wno-UNUSEDSIGNAL --Wno-BLKSEQ --unroll-count 2048 --unroll-stmts 100000 --assert -DASTER_COHERENCE_ASSERT \
	--top-module aster_coherent_soc -GHART_COUNT=2 "-GENABLE_L1=1'b0" "-GENABLE_DMA=1'b1" \
	"-GSYNC_MEMORY=1'b1" -GMEMORY_WAIT_CYCLES=1 "-GHOST_BOOT=1'b1" \
	-GLINE_WORDS=4 -GLINE_COUNT=16 \
	-CFLAGS '-DASTER_HART_COUNT=2 -DASTER_L1=0 -DASTER_MEMORY_WAIT=1' \
	--Mdir /tmp/aster-phase8-dma-regressions-5b9c175/build/dma_soc_h2_l10_sync1_wait1_w4_n16/obj -o /tmp/aster-phase8-dma-regressions-5b9c175/build/dma_soc_h2_l10_sync1_wait1_w4_n16/aster_dma_soc_sim \
	/tmp/aster-phase8-verified-source-x5U6xF/rtl/core/aster_picorv32.sv /tmp/aster-phase8-verified-source-x5U6xF/vendor/picorv32/picorv32.v /tmp/aster-phase8-verified-source-x5U6xF/rtl/cache/aster_l1_cache.sv /tmp/aster-phase8-verified-source-x5U6xF/rtl/memory/aster_rom.sv /tmp/aster-phase8-verified-source-x5U6xF/rtl/memory/aster_ram.sv /tmp/aster-phase8-verified-source-x5U6xF/rtl/core/aster_pcpi_atomic.sv /tmp/aster-phase8-verified-source-x5U6xF/rtl/core/aster_pcpi_dot8.sv /tmp/aster-phase8-verified-source-x5U6xF/rtl/core/aster_atomic_hart.sv /tmp/aster-phase8-verified-source-x5U6xF/rtl/cache/aster_coherent_cache.sv /tmp/aster-phase8-verified-source-x5U6xF/rtl/interconnect/aster_atomic_fabric.sv /tmp/aster-phase8-verified-source-x5U6xF/rtl/soc/aster_warm_stop.sv /tmp/aster-phase8-verified-source-x5U6xF/rtl/peripherals/aster_uart.sv /tmp/aster-phase8-verified-source-x5U6xF/rtl/peripherals/aster_coherent_perf.sv /tmp/aster-phase8-verified-source-x5U6xF/rtl/dma/aster_dma_engine.sv /tmp/aster-phase8-verified-source-x5U6xF/rtl/interconnect/aster_dma_arbiter.sv /tmp/aster-phase8-verified-source-x5U6xF/rtl/peripherals/aster_dma_perf.sv /tmp/aster-phase8-verified-source-x5U6xF/rtl/peripherals/aster_dot8_perf.sv /tmp/aster-phase8-verified-source-x5U6xF/rtl/soc/aster_coherent_soc.sv /tmp/aster-phase8-verified-source-x5U6xF/verification/soc/tb_aster_dma_soc.cpp
make[2]: warning: jobserver unavailable: using -j1.  Add '+' to parent make rule.
g++  -I.  -MMD -I/home/elfo/tools/verilator/root/include -I/home/elfo/tools/verilator/root/include/vltstd -DVM_COVERAGE=0 -DVM_SC=0 -DVM_TRACE=0 -DVM_TRACE_FST=0 -DVM_TRACE_VCD=0 -faligned-new -fcf-protection=none -Wno-bool-operation -Wno-overloaded-virtual -Wno-shadow -Wno-sign-compare -Wno-uninitialized -Wno-unused-but-set-parameter -Wno-unused-but-set-variable -Wno-unused-parameter -Wno-unused-variable     -DASTER_HART_COUNT=2 -DASTER_L1=0 -DASTER_MEMORY_WAIT=1   -Os -c -o tb_aster_dma_soc.o /tmp/aster-phase8-verified-source-x5U6xF/verification/soc/tb_aster_dma_soc.cpp
g++ -Os  -I.  -MMD -I/home/elfo/tools/verilator/root/include -I/home/elfo/tools/verilator/root/include/vltstd -DVM_COVERAGE=0 -DVM_SC=0 -DVM_TRACE=0 -DVM_TRACE_FST=0 -DVM_TRACE_VCD=0 -faligned-new -fcf-protection=none -Wno-bool-operation -Wno-overloaded-virtual -Wno-shadow -Wno-sign-compare -Wno-uninitialized -Wno-unused-but-set-parameter -Wno-unused-but-set-variable -Wno-unused-parameter -Wno-unused-variable     -DASTER_HART_COUNT=2 -DASTER_L1=0 -DASTER_MEMORY_WAIT=1   -c -o verilated.o /home/elfo/tools/verilator/root/include/verilated.cpp
g++ -Os  -I.  -MMD -I/home/elfo/tools/verilator/root/include -I/home/elfo/tools/verilator/root/include/vltstd -DVM_COVERAGE=0 -DVM_SC=0 -DVM_TRACE=0 -DVM_TRACE_FST=0 -DVM_TRACE_VCD=0 -faligned-new -fcf-protection=none -Wno-bool-operation -Wno-overloaded-virtual -Wno-shadow -Wno-sign-compare -Wno-uninitialized -Wno-unused-but-set-parameter -Wno-unused-but-set-variable -Wno-unused-parameter -Wno-unused-variable     -DASTER_HART_COUNT=2 -DASTER_L1=0 -DASTER_MEMORY_WAIT=1   -c -o verilated_threads.o /home/elfo/tools/verilator/root/include/verilated_threads.cpp
/usr/bin/python3 /home/elfo/tools/verilator/root/bin/verilator_includer -DVL_INCLUDE_OPT=include Vaster_coherent_soc.cpp Vaster_coherent_soc___024root__DepSet_hc6677697__0.cpp Vaster_coherent_soc___024root__DepSet_h9074b246__0.cpp Vaster_coherent_soc_aster_atomic_hart__pi1__DepSet_h7d6270d0__0.cpp Vaster_coherent_soc__ConstPool_0.cpp Vaster_coherent_soc___024root__Slow.cpp Vaster_coherent_soc___024root__DepSet_hc6677697__0__Slow.cpp Vaster_coherent_soc___024root__DepSet_h9074b246__0__Slow.cpp Vaster_coherent_soc_aster_atomic_hart__pi1__Slow.cpp Vaster_coherent_soc_aster_atomic_hart__pi1__DepSet_h7d6270d0__0__Slow.cpp Vaster_coherent_soc_aster_atomic_hart__pi1__DepSet_h3577b40b__0__Slow.cpp Vaster_coherent_soc__Syms.cpp > Vaster_coherent_soc__ALL.cpp
g++ -Os  -I.  -MMD -I/home/elfo/tools/verilator/root/include -I/home/elfo/tools/verilator/root/include/vltstd -DVM_COVERAGE=0 -DVM_SC=0 -DVM_TRACE=0 -DVM_TRACE_FST=0 -DVM_TRACE_VCD=0 -faligned-new -fcf-protection=none -Wno-bool-operation -Wno-overloaded-virtual -Wno-shadow -Wno-sign-compare -Wno-uninitialized -Wno-unused-but-set-parameter -Wno-unused-but-set-variable -Wno-unused-parameter -Wno-unused-variable     -DASTER_HART_COUNT=2 -DASTER_L1=0 -DASTER_MEMORY_WAIT=1   -c -o Vaster_coherent_soc__ALL.o Vaster_coherent_soc__ALL.cpp
echo "" > Vaster_coherent_soc__ALL.verilator_deplist.tmp
Archive ar -rcs Vaster_coherent_soc__ALL.a Vaster_coherent_soc__ALL.o
g++     tb_aster_dma_soc.o verilated.o verilated_threads.o Vaster_coherent_soc__ALL.a    -pthread -lpthread -latomic   -o /tmp/aster-phase8-dma-regressions-5b9c175/build/dma_soc_h2_l10_sync1_wait1_w4_n16/aster_dma_soc_sim
rm Vaster_coherent_soc__ALL.verilator_deplist.tmp
PASS: real DMA runtime harts=2 cache=0 wait=1 cycles=141257454 bytes=61313 jobs=3 directed=320 selective=8 retired=11612341,200084; full RAM, same-value LR/SC, peer publication, driver errors/abort, exact counters
PASS: real DMA runtime harts=2 cache=0 wait=1 cycles=141257454 bytes=61313 jobs=3 directed=320 selective=8 retired=11612341,200084; full RAM, same-value LR/SC, peer publication, driver errors/abort, exact counters
PASS: real DMA warm stop point=0 full acknowledged RAM retained; no destructive reset
PASS: real DMA warm stop point=1 full acknowledged RAM retained; no destructive reset
PASS: real DMA warm stop point=2 full acknowledged RAM retained; no destructive reset
PASS: real DMA warm stop point=3 full acknowledged RAM retained; no destructive reset
PASS: real DMA warm stop point=4 full acknowledged RAM retained; no destructive reset
PASS: real DMA selective/global escalation point=0 transient STOP latched, separate flushes, complete retained RAM
PASS: real DMA selective/global escalation point=1 transient STOP latched, separate flushes, complete retained RAM
PASS: real DMA selective/global escalation point=2 transient STOP latched, separate flushes, complete retained RAM
PASS: real DMA selective/global escalation point=3 transient STOP latched, separate flushes, complete retained RAM
PASS: real DMA runtime harts=2 cache=0 wait=1 cycles=141257454 bytes=61313 jobs=3 directed=320 selective=8 retired=11612341,200084; full RAM, same-value LR/SC, peer publication, driver errors/abort, exact counters
PASS: DMA SoC closeout stops=12 CPU stores=2384437 DMA stores=156970 reads=156979 writes=156970 reservation-clears=18
mkdir -p /tmp/aster-phase8-dma-regressions-5b9c175/build/dma_soc_h2_l10_sync1_wait7_w4_n16
verilator --cc --exe --build --timing --Wall -DRISCV_FORMAL --Wno-DECLFILENAME --Wno-GENUNNAMED --Wno-UNUSEDSIGNAL --Wno-BLKSEQ --unroll-count 2048 --unroll-stmts 100000 --assert -DASTER_COHERENCE_ASSERT \
	--top-module aster_coherent_soc -GHART_COUNT=2 "-GENABLE_L1=1'b0" "-GENABLE_DMA=1'b1" \
	"-GSYNC_MEMORY=1'b1" -GMEMORY_WAIT_CYCLES=7 "-GHOST_BOOT=1'b1" \
	-GLINE_WORDS=4 -GLINE_COUNT=16 \
	-CFLAGS '-DASTER_HART_COUNT=2 -DASTER_L1=0 -DASTER_MEMORY_WAIT=7' \
	--Mdir /tmp/aster-phase8-dma-regressions-5b9c175/build/dma_soc_h2_l10_sync1_wait7_w4_n16/obj -o /tmp/aster-phase8-dma-regressions-5b9c175/build/dma_soc_h2_l10_sync1_wait7_w4_n16/aster_dma_soc_sim \
	/tmp/aster-phase8-verified-source-x5U6xF/rtl/core/aster_picorv32.sv /tmp/aster-phase8-verified-source-x5U6xF/vendor/picorv32/picorv32.v /tmp/aster-phase8-verified-source-x5U6xF/rtl/cache/aster_l1_cache.sv /tmp/aster-phase8-verified-source-x5U6xF/rtl/memory/aster_rom.sv /tmp/aster-phase8-verified-source-x5U6xF/rtl/memory/aster_ram.sv /tmp/aster-phase8-verified-source-x5U6xF/rtl/core/aster_pcpi_atomic.sv /tmp/aster-phase8-verified-source-x5U6xF/rtl/core/aster_pcpi_dot8.sv /tmp/aster-phase8-verified-source-x5U6xF/rtl/core/aster_atomic_hart.sv /tmp/aster-phase8-verified-source-x5U6xF/rtl/cache/aster_coherent_cache.sv /tmp/aster-phase8-verified-source-x5U6xF/rtl/interconnect/aster_atomic_fabric.sv /tmp/aster-phase8-verified-source-x5U6xF/rtl/soc/aster_warm_stop.sv /tmp/aster-phase8-verified-source-x5U6xF/rtl/peripherals/aster_uart.sv /tmp/aster-phase8-verified-source-x5U6xF/rtl/peripherals/aster_coherent_perf.sv /tmp/aster-phase8-verified-source-x5U6xF/rtl/dma/aster_dma_engine.sv /tmp/aster-phase8-verified-source-x5U6xF/rtl/interconnect/aster_dma_arbiter.sv /tmp/aster-phase8-verified-source-x5U6xF/rtl/peripherals/aster_dma_perf.sv /tmp/aster-phase8-verified-source-x5U6xF/rtl/peripherals/aster_dot8_perf.sv /tmp/aster-phase8-verified-source-x5U6xF/rtl/soc/aster_coherent_soc.sv /tmp/aster-phase8-verified-source-x5U6xF/verification/soc/tb_aster_dma_soc.cpp
make[2]: warning: jobserver unavailable: using -j1.  Add '+' to parent make rule.
g++  -I.  -MMD -I/home/elfo/tools/verilator/root/include -I/home/elfo/tools/verilator/root/include/vltstd -DVM_COVERAGE=0 -DVM_SC=0 -DVM_TRACE=0 -DVM_TRACE_FST=0 -DVM_TRACE_VCD=0 -faligned-new -fcf-protection=none -Wno-bool-operation -Wno-overloaded-virtual -Wno-shadow -Wno-sign-compare -Wno-uninitialized -Wno-unused-but-set-parameter -Wno-unused-but-set-variable -Wno-unused-parameter -Wno-unused-variable     -DASTER_HART_COUNT=2 -DASTER_L1=0 -DASTER_MEMORY_WAIT=7   -Os -c -o tb_aster_dma_soc.o /tmp/aster-phase8-verified-source-x5U6xF/verification/soc/tb_aster_dma_soc.cpp
g++ -Os  -I.  -MMD -I/home/elfo/tools/verilator/root/include -I/home/elfo/tools/verilator/root/include/vltstd -DVM_COVERAGE=0 -DVM_SC=0 -DVM_TRACE=0 -DVM_TRACE_FST=0 -DVM_TRACE_VCD=0 -faligned-new -fcf-protection=none -Wno-bool-operation -Wno-overloaded-virtual -Wno-shadow -Wno-sign-compare -Wno-uninitialized -Wno-unused-but-set-parameter -Wno-unused-but-set-variable -Wno-unused-parameter -Wno-unused-variable     -DASTER_HART_COUNT=2 -DASTER_L1=0 -DASTER_MEMORY_WAIT=7   -c -o verilated.o /home/elfo/tools/verilator/root/include/verilated.cpp
g++ -Os  -I.  -MMD -I/home/elfo/tools/verilator/root/include -I/home/elfo/tools/verilator/root/include/vltstd -DVM_COVERAGE=0 -DVM_SC=0 -DVM_TRACE=0 -DVM_TRACE_FST=0 -DVM_TRACE_VCD=0 -faligned-new -fcf-protection=none -Wno-bool-operation -Wno-overloaded-virtual -Wno-shadow -Wno-sign-compare -Wno-uninitialized -Wno-unused-but-set-parameter -Wno-unused-but-set-variable -Wno-unused-parameter -Wno-unused-variable     -DASTER_HART_COUNT=2 -DASTER_L1=0 -DASTER_MEMORY_WAIT=7   -c -o verilated_threads.o /home/elfo/tools/verilator/root/include/verilated_threads.cpp
/usr/bin/python3 /home/elfo/tools/verilator/root/bin/verilator_includer -DVL_INCLUDE_OPT=include Vaster_coherent_soc.cpp Vaster_coherent_soc___024root__DepSet_hc6677697__0.cpp Vaster_coherent_soc___024root__DepSet_h9074b246__0.cpp Vaster_coherent_soc_aster_atomic_hart__pi1__DepSet_h7d6270d0__0.cpp Vaster_coherent_soc__ConstPool_0.cpp Vaster_coherent_soc___024root__Slow.cpp Vaster_coherent_soc___024root__DepSet_hc6677697__0__Slow.cpp Vaster_coherent_soc___024root__DepSet_h9074b246__0__Slow.cpp Vaster_coherent_soc_aster_atomic_hart__pi1__Slow.cpp Vaster_coherent_soc_aster_atomic_hart__pi1__DepSet_h7d6270d0__0__Slow.cpp Vaster_coherent_soc_aster_atomic_hart__pi1__DepSet_h3577b40b__0__Slow.cpp Vaster_coherent_soc__Syms.cpp > Vaster_coherent_soc__ALL.cpp
g++ -Os  -I.  -MMD -I/home/elfo/tools/verilator/root/include -I/home/elfo/tools/verilator/root/include/vltstd -DVM_COVERAGE=0 -DVM_SC=0 -DVM_TRACE=0 -DVM_TRACE_FST=0 -DVM_TRACE_VCD=0 -faligned-new -fcf-protection=none -Wno-bool-operation -Wno-overloaded-virtual -Wno-shadow -Wno-sign-compare -Wno-uninitialized -Wno-unused-but-set-parameter -Wno-unused-but-set-variable -Wno-unused-parameter -Wno-unused-variable     -DASTER_HART_COUNT=2 -DASTER_L1=0 -DASTER_MEMORY_WAIT=7   -c -o Vaster_coherent_soc__ALL.o Vaster_coherent_soc__ALL.cpp
echo "" > Vaster_coherent_soc__ALL.verilator_deplist.tmp
Archive ar -rcs Vaster_coherent_soc__ALL.a Vaster_coherent_soc__ALL.o
g++     tb_aster_dma_soc.o verilated.o verilated_threads.o Vaster_coherent_soc__ALL.a    -pthread -lpthread -latomic   -o /tmp/aster-phase8-dma-regressions-5b9c175/build/dma_soc_h2_l10_sync1_wait7_w4_n16/aster_dma_soc_sim
rm Vaster_coherent_soc__ALL.verilator_deplist.tmp
PASS: real DMA runtime harts=2 cache=0 wait=7 cycles=226748297 bytes=61313 jobs=3 directed=320 selective=8 retired=11612345,200085; full RAM, same-value LR/SC, peer publication, driver errors/abort, exact counters
PASS: real DMA runtime harts=2 cache=0 wait=7 cycles=226748299 bytes=61313 jobs=3 directed=320 selective=8 retired=11612345,200085; full RAM, same-value LR/SC, peer publication, driver errors/abort, exact counters
PASS: real DMA warm stop point=0 full acknowledged RAM retained; no destructive reset
PASS: real DMA warm stop point=1 full acknowledged RAM retained; no destructive reset
PASS: real DMA warm stop point=2 full acknowledged RAM retained; no destructive reset
PASS: real DMA warm stop point=3 full acknowledged RAM retained; no destructive reset
PASS: real DMA warm stop point=4 full acknowledged RAM retained; no destructive reset
PASS: real DMA selective/global escalation point=0 transient STOP latched, separate flushes, complete retained RAM
PASS: real DMA selective/global escalation point=1 transient STOP latched, separate flushes, complete retained RAM
PASS: real DMA selective/global escalation point=2 transient STOP latched, separate flushes, complete retained RAM
PASS: real DMA selective/global escalation point=3 transient STOP latched, separate flushes, complete retained RAM
PASS: real DMA runtime harts=2 cache=0 wait=7 cycles=226748297 bytes=61313 jobs=3 directed=320 selective=8 retired=11612345,200085; full RAM, same-value LR/SC, peer publication, driver errors/abort, exact counters
PASS: DMA SoC closeout stops=12 CPU stores=2384437 DMA stores=156970 reads=156979 writes=156970 reservation-clears=18
mkdir -p /tmp/aster-phase8-dma-regressions-5b9c175/build/dma_soc_h2_l11_sync0_wait0_w4_n16
verilator --cc --exe --build --timing --Wall -DRISCV_FORMAL --Wno-DECLFILENAME --Wno-GENUNNAMED --Wno-UNUSEDSIGNAL --Wno-BLKSEQ --unroll-count 2048 --unroll-stmts 100000 --assert -DASTER_COHERENCE_ASSERT \
	--top-module aster_coherent_soc -GHART_COUNT=2 "-GENABLE_L1=1'b1" "-GENABLE_DMA=1'b1" \
	"-GSYNC_MEMORY=1'b0" -GMEMORY_WAIT_CYCLES=0 "-GHOST_BOOT=1'b1" \
	-GLINE_WORDS=4 -GLINE_COUNT=16 \
	-CFLAGS '-DASTER_HART_COUNT=2 -DASTER_L1=1 -DASTER_MEMORY_WAIT=0' \
	--Mdir /tmp/aster-phase8-dma-regressions-5b9c175/build/dma_soc_h2_l11_sync0_wait0_w4_n16/obj -o /tmp/aster-phase8-dma-regressions-5b9c175/build/dma_soc_h2_l11_sync0_wait0_w4_n16/aster_dma_soc_sim \
	/tmp/aster-phase8-verified-source-x5U6xF/rtl/core/aster_picorv32.sv /tmp/aster-phase8-verified-source-x5U6xF/vendor/picorv32/picorv32.v /tmp/aster-phase8-verified-source-x5U6xF/rtl/cache/aster_l1_cache.sv /tmp/aster-phase8-verified-source-x5U6xF/rtl/memory/aster_rom.sv /tmp/aster-phase8-verified-source-x5U6xF/rtl/memory/aster_ram.sv /tmp/aster-phase8-verified-source-x5U6xF/rtl/core/aster_pcpi_atomic.sv /tmp/aster-phase8-verified-source-x5U6xF/rtl/core/aster_pcpi_dot8.sv /tmp/aster-phase8-verified-source-x5U6xF/rtl/core/aster_atomic_hart.sv /tmp/aster-phase8-verified-source-x5U6xF/rtl/cache/aster_coherent_cache.sv /tmp/aster-phase8-verified-source-x5U6xF/rtl/interconnect/aster_atomic_fabric.sv /tmp/aster-phase8-verified-source-x5U6xF/rtl/soc/aster_warm_stop.sv /tmp/aster-phase8-verified-source-x5U6xF/rtl/peripherals/aster_uart.sv /tmp/aster-phase8-verified-source-x5U6xF/rtl/peripherals/aster_coherent_perf.sv /tmp/aster-phase8-verified-source-x5U6xF/rtl/dma/aster_dma_engine.sv /tmp/aster-phase8-verified-source-x5U6xF/rtl/interconnect/aster_dma_arbiter.sv /tmp/aster-phase8-verified-source-x5U6xF/rtl/peripherals/aster_dma_perf.sv /tmp/aster-phase8-verified-source-x5U6xF/rtl/peripherals/aster_dot8_perf.sv /tmp/aster-phase8-verified-source-x5U6xF/rtl/soc/aster_coherent_soc.sv /tmp/aster-phase8-verified-source-x5U6xF/verification/soc/tb_aster_dma_soc.cpp
make[2]: warning: jobserver unavailable: using -j1.  Add '+' to parent make rule.
g++  -I.  -MMD -I/home/elfo/tools/verilator/root/include -I/home/elfo/tools/verilator/root/include/vltstd -DVM_COVERAGE=0 -DVM_SC=0 -DVM_TRACE=0 -DVM_TRACE_FST=0 -DVM_TRACE_VCD=0 -faligned-new -fcf-protection=none -Wno-bool-operation -Wno-overloaded-virtual -Wno-shadow -Wno-sign-compare -Wno-uninitialized -Wno-unused-but-set-parameter -Wno-unused-but-set-variable -Wno-unused-parameter -Wno-unused-variable     -DASTER_HART_COUNT=2 -DASTER_L1=1 -DASTER_MEMORY_WAIT=0   -Os -c -o tb_aster_dma_soc.o /tmp/aster-phase8-verified-source-x5U6xF/verification/soc/tb_aster_dma_soc.cpp
g++ -Os  -I.  -MMD -I/home/elfo/tools/verilator/root/include -I/home/elfo/tools/verilator/root/include/vltstd -DVM_COVERAGE=0 -DVM_SC=0 -DVM_TRACE=0 -DVM_TRACE_FST=0 -DVM_TRACE_VCD=0 -faligned-new -fcf-protection=none -Wno-bool-operation -Wno-overloaded-virtual -Wno-shadow -Wno-sign-compare -Wno-uninitialized -Wno-unused-but-set-parameter -Wno-unused-but-set-variable -Wno-unused-parameter -Wno-unused-variable     -DASTER_HART_COUNT=2 -DASTER_L1=1 -DASTER_MEMORY_WAIT=0   -c -o verilated.o /home/elfo/tools/verilator/root/include/verilated.cpp
g++ -Os  -I.  -MMD -I/home/elfo/tools/verilator/root/include -I/home/elfo/tools/verilator/root/include/vltstd -DVM_COVERAGE=0 -DVM_SC=0 -DVM_TRACE=0 -DVM_TRACE_FST=0 -DVM_TRACE_VCD=0 -faligned-new -fcf-protection=none -Wno-bool-operation -Wno-overloaded-virtual -Wno-shadow -Wno-sign-compare -Wno-uninitialized -Wno-unused-but-set-parameter -Wno-unused-but-set-variable -Wno-unused-parameter -Wno-unused-variable     -DASTER_HART_COUNT=2 -DASTER_L1=1 -DASTER_MEMORY_WAIT=0   -c -o verilated_threads.o /home/elfo/tools/verilator/root/include/verilated_threads.cpp
/usr/bin/python3 /home/elfo/tools/verilator/root/bin/verilator_includer -DVL_INCLUDE_OPT=include Vaster_coherent_soc.cpp Vaster_coherent_soc___024root__DepSet_hc6677697__0.cpp Vaster_coherent_soc___024root__DepSet_h9074b246__0.cpp Vaster_coherent_soc_aster_atomic_hart__pi1__DepSet_h7d6270d0__0.cpp Vaster_coherent_soc__ConstPool_0.cpp Vaster_coherent_soc___024root__Slow.cpp Vaster_coherent_soc___024root__DepSet_hc6677697__0__Slow.cpp Vaster_coherent_soc___024root__DepSet_h9074b246__0__Slow.cpp Vaster_coherent_soc_aster_atomic_hart__pi1__Slow.cpp Vaster_coherent_soc_aster_atomic_hart__pi1__DepSet_h7d6270d0__0__Slow.cpp Vaster_coherent_soc_aster_atomic_hart__pi1__DepSet_h3577b40b__0__Slow.cpp Vaster_coherent_soc__Syms.cpp > Vaster_coherent_soc__ALL.cpp
g++ -Os  -I.  -MMD -I/home/elfo/tools/verilator/root/include -I/home/elfo/tools/verilator/root/include/vltstd -DVM_COVERAGE=0 -DVM_SC=0 -DVM_TRACE=0 -DVM_TRACE_FST=0 -DVM_TRACE_VCD=0 -faligned-new -fcf-protection=none -Wno-bool-operation -Wno-overloaded-virtual -Wno-shadow -Wno-sign-compare -Wno-uninitialized -Wno-unused-but-set-parameter -Wno-unused-but-set-variable -Wno-unused-parameter -Wno-unused-variable     -DASTER_HART_COUNT=2 -DASTER_L1=1 -DASTER_MEMORY_WAIT=0   -c -o Vaster_coherent_soc__ALL.o Vaster_coherent_soc__ALL.cpp
echo "" > Vaster_coherent_soc__ALL.verilator_deplist.tmp
Archive ar -rcs Vaster_coherent_soc__ALL.a Vaster_coherent_soc__ALL.o
g++     tb_aster_dma_soc.o verilated.o verilated_threads.o Vaster_coherent_soc__ALL.a    -pthread -lpthread -latomic   -o /tmp/aster-phase8-dma-regressions-5b9c175/build/dma_soc_h2_l11_sync0_wait0_w4_n16/aster_dma_soc_sim
rm Vaster_coherent_soc__ALL.verilator_deplist.tmp
PASS: real DMA runtime harts=2 cache=1 wait=0 cycles=56109385 bytes=61330 jobs=3 directed=320 selective=8 retired=11608874,184090; full RAM, same-value LR/SC, peer publication, driver errors/abort, exact counters
PASS: real DMA runtime harts=2 cache=1 wait=0 cycles=56109384 bytes=61330 jobs=3 directed=320 selective=8 retired=11608874,184090; full RAM, same-value LR/SC, peer publication, driver errors/abort, exact counters
PASS: real DMA warm stop point=0 full acknowledged RAM retained; no destructive reset
PASS: real DMA warm stop point=1 full acknowledged RAM retained; no destructive reset
PASS: real DMA warm stop point=2 full acknowledged RAM retained; no destructive reset
PASS: real DMA warm stop point=3 full acknowledged RAM retained; no destructive reset
PASS: real DMA warm stop point=4 full acknowledged RAM retained; no destructive reset
PASS: real DMA selective/global escalation point=0 transient STOP latched, separate flushes, complete retained RAM
PASS: real DMA selective/global escalation point=1 transient STOP latched, separate flushes, complete retained RAM
PASS: real DMA selective/global escalation point=2 transient STOP latched, separate flushes, complete retained RAM
PASS: real DMA selective/global escalation point=3 transient STOP latched, separate flushes, complete retained RAM
PASS: real DMA runtime harts=2 cache=1 wait=0 cycles=56109384 bytes=61330 jobs=3 directed=320 selective=8 retired=11608874,184090; full RAM, same-value LR/SC, peer publication, driver errors/abort, exact counters
PASS: DMA SoC closeout stops=12 CPU stores=2377696 DMA stores=157017 reads=157022 writes=157017 reservation-clears=18
mkdir -p /tmp/aster-phase8-dma-regressions-5b9c175/build/dma_soc_h2_l11_sync0_wait7_w4_n16
verilator --cc --exe --build --timing --Wall -DRISCV_FORMAL --Wno-DECLFILENAME --Wno-GENUNNAMED --Wno-UNUSEDSIGNAL --Wno-BLKSEQ --unroll-count 2048 --unroll-stmts 100000 --assert -DASTER_COHERENCE_ASSERT \
	--top-module aster_coherent_soc -GHART_COUNT=2 "-GENABLE_L1=1'b1" "-GENABLE_DMA=1'b1" \
	"-GSYNC_MEMORY=1'b0" -GMEMORY_WAIT_CYCLES=7 "-GHOST_BOOT=1'b1" \
	-GLINE_WORDS=4 -GLINE_COUNT=16 \
	-CFLAGS '-DASTER_HART_COUNT=2 -DASTER_L1=1 -DASTER_MEMORY_WAIT=7' \
	--Mdir /tmp/aster-phase8-dma-regressions-5b9c175/build/dma_soc_h2_l11_sync0_wait7_w4_n16/obj -o /tmp/aster-phase8-dma-regressions-5b9c175/build/dma_soc_h2_l11_sync0_wait7_w4_n16/aster_dma_soc_sim \
	/tmp/aster-phase8-verified-source-x5U6xF/rtl/core/aster_picorv32.sv /tmp/aster-phase8-verified-source-x5U6xF/vendor/picorv32/picorv32.v /tmp/aster-phase8-verified-source-x5U6xF/rtl/cache/aster_l1_cache.sv /tmp/aster-phase8-verified-source-x5U6xF/rtl/memory/aster_rom.sv /tmp/aster-phase8-verified-source-x5U6xF/rtl/memory/aster_ram.sv /tmp/aster-phase8-verified-source-x5U6xF/rtl/core/aster_pcpi_atomic.sv /tmp/aster-phase8-verified-source-x5U6xF/rtl/core/aster_pcpi_dot8.sv /tmp/aster-phase8-verified-source-x5U6xF/rtl/core/aster_atomic_hart.sv /tmp/aster-phase8-verified-source-x5U6xF/rtl/cache/aster_coherent_cache.sv /tmp/aster-phase8-verified-source-x5U6xF/rtl/interconnect/aster_atomic_fabric.sv /tmp/aster-phase8-verified-source-x5U6xF/rtl/soc/aster_warm_stop.sv /tmp/aster-phase8-verified-source-x5U6xF/rtl/peripherals/aster_uart.sv /tmp/aster-phase8-verified-source-x5U6xF/rtl/peripherals/aster_coherent_perf.sv /tmp/aster-phase8-verified-source-x5U6xF/rtl/dma/aster_dma_engine.sv /tmp/aster-phase8-verified-source-x5U6xF/rtl/interconnect/aster_dma_arbiter.sv /tmp/aster-phase8-verified-source-x5U6xF/rtl/peripherals/aster_dma_perf.sv /tmp/aster-phase8-verified-source-x5U6xF/rtl/peripherals/aster_dot8_perf.sv /tmp/aster-phase8-verified-source-x5U6xF/rtl/soc/aster_coherent_soc.sv /tmp/aster-phase8-verified-source-x5U6xF/verification/soc/tb_aster_dma_soc.cpp
make[2]: warning: jobserver unavailable: using -j1.  Add '+' to parent make rule.
g++  -I.  -MMD -I/home/elfo/tools/verilator/root/include -I/home/elfo/tools/verilator/root/include/vltstd -DVM_COVERAGE=0 -DVM_SC=0 -DVM_TRACE=0 -DVM_TRACE_FST=0 -DVM_TRACE_VCD=0 -faligned-new -fcf-protection=none -Wno-bool-operation -Wno-overloaded-virtual -Wno-shadow -Wno-sign-compare -Wno-uninitialized -Wno-unused-but-set-parameter -Wno-unused-but-set-variable -Wno-unused-parameter -Wno-unused-variable     -DASTER_HART_COUNT=2 -DASTER_L1=1 -DASTER_MEMORY_WAIT=7   -Os -c -o tb_aster_dma_soc.o /tmp/aster-phase8-verified-source-x5U6xF/verification/soc/tb_aster_dma_soc.cpp
g++ -Os  -I.  -MMD -I/home/elfo/tools/verilator/root/include -I/home/elfo/tools/verilator/root/include/vltstd -DVM_COVERAGE=0 -DVM_SC=0 -DVM_TRACE=0 -DVM_TRACE_FST=0 -DVM_TRACE_VCD=0 -faligned-new -fcf-protection=none -Wno-bool-operation -Wno-overloaded-virtual -Wno-shadow -Wno-sign-compare -Wno-uninitialized -Wno-unused-but-set-parameter -Wno-unused-but-set-variable -Wno-unused-parameter -Wno-unused-variable     -DASTER_HART_COUNT=2 -DASTER_L1=1 -DASTER_MEMORY_WAIT=7   -c -o verilated.o /home/elfo/tools/verilator/root/include/verilated.cpp
g++ -Os  -I.  -MMD -I/home/elfo/tools/verilator/root/include -I/home/elfo/tools/verilator/root/include/vltstd -DVM_COVERAGE=0 -DVM_SC=0 -DVM_TRACE=0 -DVM_TRACE_FST=0 -DVM_TRACE_VCD=0 -faligned-new -fcf-protection=none -Wno-bool-operation -Wno-overloaded-virtual -Wno-shadow -Wno-sign-compare -Wno-uninitialized -Wno-unused-but-set-parameter -Wno-unused-but-set-variable -Wno-unused-parameter -Wno-unused-variable     -DASTER_HART_COUNT=2 -DASTER_L1=1 -DASTER_MEMORY_WAIT=7   -c -o verilated_threads.o /home/elfo/tools/verilator/root/include/verilated_threads.cpp
/usr/bin/python3 /home/elfo/tools/verilator/root/bin/verilator_includer -DVL_INCLUDE_OPT=include Vaster_coherent_soc.cpp Vaster_coherent_soc___024root__DepSet_hc6677697__0.cpp Vaster_coherent_soc___024root__DepSet_h9074b246__0.cpp Vaster_coherent_soc_aster_atomic_hart__pi1__DepSet_h7d6270d0__0.cpp Vaster_coherent_soc__ConstPool_0.cpp Vaster_coherent_soc___024root__Slow.cpp Vaster_coherent_soc___024root__DepSet_hc6677697__0__Slow.cpp Vaster_coherent_soc___024root__DepSet_h9074b246__0__Slow.cpp Vaster_coherent_soc_aster_atomic_hart__pi1__Slow.cpp Vaster_coherent_soc_aster_atomic_hart__pi1__DepSet_h7d6270d0__0__Slow.cpp Vaster_coherent_soc_aster_atomic_hart__pi1__DepSet_h3577b40b__0__Slow.cpp Vaster_coherent_soc__Syms.cpp > Vaster_coherent_soc__ALL.cpp
g++ -Os  -I.  -MMD -I/home/elfo/tools/verilator/root/include -I/home/elfo/tools/verilator/root/include/vltstd -DVM_COVERAGE=0 -DVM_SC=0 -DVM_TRACE=0 -DVM_TRACE_FST=0 -DVM_TRACE_VCD=0 -faligned-new -fcf-protection=none -Wno-bool-operation -Wno-overloaded-virtual -Wno-shadow -Wno-sign-compare -Wno-uninitialized -Wno-unused-but-set-parameter -Wno-unused-but-set-variable -Wno-unused-parameter -Wno-unused-variable     -DASTER_HART_COUNT=2 -DASTER_L1=1 -DASTER_MEMORY_WAIT=7   -c -o Vaster_coherent_soc__ALL.o Vaster_coherent_soc__ALL.cpp
echo "" > Vaster_coherent_soc__ALL.verilator_deplist.tmp
Archive ar -rcs Vaster_coherent_soc__ALL.a Vaster_coherent_soc__ALL.o
g++     tb_aster_dma_soc.o verilated.o verilated_threads.o Vaster_coherent_soc__ALL.a    -pthread -lpthread -latomic   -o /tmp/aster-phase8-dma-regressions-5b9c175/build/dma_soc_h2_l11_sync0_wait7_w4_n16/aster_dma_soc_sim
rm Vaster_coherent_soc__ALL.verilator_deplist.tmp
PASS: real DMA runtime harts=2 cache=1 wait=7 cycles=62228736 bytes=61322 jobs=3 directed=320 selective=8 retired=11624395,186229; full RAM, same-value LR/SC, peer publication, driver errors/abort, exact counters
PASS: real DMA runtime harts=2 cache=1 wait=7 cycles=62228736 bytes=61322 jobs=3 directed=320 selective=8 retired=11624395,186229; full RAM, same-value LR/SC, peer publication, driver errors/abort, exact counters
PASS: real DMA warm stop point=0 full acknowledged RAM retained; no destructive reset
PASS: real DMA warm stop point=1 full acknowledged RAM retained; no destructive reset
PASS: real DMA warm stop point=2 full acknowledged RAM retained; no destructive reset
PASS: real DMA warm stop point=3 full acknowledged RAM retained; no destructive reset
PASS: real DMA warm stop point=4 full acknowledged RAM retained; no destructive reset
PASS: real DMA selective/global escalation point=0 transient STOP latched, separate flushes, complete retained RAM
PASS: real DMA selective/global escalation point=1 transient STOP latched, separate flushes, complete retained RAM
PASS: real DMA selective/global escalation point=2 transient STOP latched, separate flushes, complete retained RAM
PASS: real DMA selective/global escalation point=3 transient STOP latched, separate flushes, complete retained RAM
PASS: real DMA runtime harts=2 cache=1 wait=7 cycles=62228737 bytes=61322 jobs=3 directed=320 selective=8 retired=11624395,186229; full RAM, same-value LR/SC, peer publication, driver errors/abort, exact counters
PASS: DMA SoC closeout stops=12 CPU stores=2377654 DMA stores=156989 reads=156998 writes=156989 reservation-clears=18
mkdir -p /tmp/aster-phase8-dma-regressions-5b9c175/build/dma_soc_h2_l11_sync1_wait1_w4_n16
verilator --cc --exe --build --timing --Wall -DRISCV_FORMAL --Wno-DECLFILENAME --Wno-GENUNNAMED --Wno-UNUSEDSIGNAL --Wno-BLKSEQ --unroll-count 2048 --unroll-stmts 100000 --assert -DASTER_COHERENCE_ASSERT \
	--top-module aster_coherent_soc -GHART_COUNT=2 "-GENABLE_L1=1'b1" "-GENABLE_DMA=1'b1" \
	"-GSYNC_MEMORY=1'b1" -GMEMORY_WAIT_CYCLES=1 "-GHOST_BOOT=1'b1" \
	-GLINE_WORDS=4 -GLINE_COUNT=16 \
	-CFLAGS '-DASTER_HART_COUNT=2 -DASTER_L1=1 -DASTER_MEMORY_WAIT=1' \
	--Mdir /tmp/aster-phase8-dma-regressions-5b9c175/build/dma_soc_h2_l11_sync1_wait1_w4_n16/obj -o /tmp/aster-phase8-dma-regressions-5b9c175/build/dma_soc_h2_l11_sync1_wait1_w4_n16/aster_dma_soc_sim \
	/tmp/aster-phase8-verified-source-x5U6xF/rtl/core/aster_picorv32.sv /tmp/aster-phase8-verified-source-x5U6xF/vendor/picorv32/picorv32.v /tmp/aster-phase8-verified-source-x5U6xF/rtl/cache/aster_l1_cache.sv /tmp/aster-phase8-verified-source-x5U6xF/rtl/memory/aster_rom.sv /tmp/aster-phase8-verified-source-x5U6xF/rtl/memory/aster_ram.sv /tmp/aster-phase8-verified-source-x5U6xF/rtl/core/aster_pcpi_atomic.sv /tmp/aster-phase8-verified-source-x5U6xF/rtl/core/aster_pcpi_dot8.sv /tmp/aster-phase8-verified-source-x5U6xF/rtl/core/aster_atomic_hart.sv /tmp/aster-phase8-verified-source-x5U6xF/rtl/cache/aster_coherent_cache.sv /tmp/aster-phase8-verified-source-x5U6xF/rtl/interconnect/aster_atomic_fabric.sv /tmp/aster-phase8-verified-source-x5U6xF/rtl/soc/aster_warm_stop.sv /tmp/aster-phase8-verified-source-x5U6xF/rtl/peripherals/aster_uart.sv /tmp/aster-phase8-verified-source-x5U6xF/rtl/peripherals/aster_coherent_perf.sv /tmp/aster-phase8-verified-source-x5U6xF/rtl/dma/aster_dma_engine.sv /tmp/aster-phase8-verified-source-x5U6xF/rtl/interconnect/aster_dma_arbiter.sv /tmp/aster-phase8-verified-source-x5U6xF/rtl/peripherals/aster_dma_perf.sv /tmp/aster-phase8-verified-source-x5U6xF/rtl/peripherals/aster_dot8_perf.sv /tmp/aster-phase8-verified-source-x5U6xF/rtl/soc/aster_coherent_soc.sv /tmp/aster-phase8-verified-source-x5U6xF/verification/soc/tb_aster_dma_soc.cpp
make[2]: warning: jobserver unavailable: using -j1.  Add '+' to parent make rule.
g++  -I.  -MMD -I/home/elfo/tools/verilator/root/include -I/home/elfo/tools/verilator/root/include/vltstd -DVM_COVERAGE=0 -DVM_SC=0 -DVM_TRACE=0 -DVM_TRACE_FST=0 -DVM_TRACE_VCD=0 -faligned-new -fcf-protection=none -Wno-bool-operation -Wno-overloaded-virtual -Wno-shadow -Wno-sign-compare -Wno-uninitialized -Wno-unused-but-set-parameter -Wno-unused-but-set-variable -Wno-unused-parameter -Wno-unused-variable     -DASTER_HART_COUNT=2 -DASTER_L1=1 -DASTER_MEMORY_WAIT=1   -Os -c -o tb_aster_dma_soc.o /tmp/aster-phase8-verified-source-x5U6xF/verification/soc/tb_aster_dma_soc.cpp
g++ -Os  -I.  -MMD -I/home/elfo/tools/verilator/root/include -I/home/elfo/tools/verilator/root/include/vltstd -DVM_COVERAGE=0 -DVM_SC=0 -DVM_TRACE=0 -DVM_TRACE_FST=0 -DVM_TRACE_VCD=0 -faligned-new -fcf-protection=none -Wno-bool-operation -Wno-overloaded-virtual -Wno-shadow -Wno-sign-compare -Wno-uninitialized -Wno-unused-but-set-parameter -Wno-unused-but-set-variable -Wno-unused-parameter -Wno-unused-variable     -DASTER_HART_COUNT=2 -DASTER_L1=1 -DASTER_MEMORY_WAIT=1   -c -o verilated.o /home/elfo/tools/verilator/root/include/verilated.cpp
g++ -Os  -I.  -MMD -I/home/elfo/tools/verilator/root/include -I/home/elfo/tools/verilator/root/include/vltstd -DVM_COVERAGE=0 -DVM_SC=0 -DVM_TRACE=0 -DVM_TRACE_FST=0 -DVM_TRACE_VCD=0 -faligned-new -fcf-protection=none -Wno-bool-operation -Wno-overloaded-virtual -Wno-shadow -Wno-sign-compare -Wno-uninitialized -Wno-unused-but-set-parameter -Wno-unused-but-set-variable -Wno-unused-parameter -Wno-unused-variable     -DASTER_HART_COUNT=2 -DASTER_L1=1 -DASTER_MEMORY_WAIT=1   -c -o verilated_threads.o /home/elfo/tools/verilator/root/include/verilated_threads.cpp
/usr/bin/python3 /home/elfo/tools/verilator/root/bin/verilator_includer -DVL_INCLUDE_OPT=include Vaster_coherent_soc.cpp Vaster_coherent_soc___024root__DepSet_hc6677697__0.cpp Vaster_coherent_soc___024root__DepSet_h9074b246__0.cpp Vaster_coherent_soc_aster_atomic_hart__pi1__DepSet_h7d6270d0__0.cpp Vaster_coherent_soc__ConstPool_0.cpp Vaster_coherent_soc___024root__Slow.cpp Vaster_coherent_soc___024root__DepSet_hc6677697__0__Slow.cpp Vaster_coherent_soc___024root__DepSet_h9074b246__0__Slow.cpp Vaster_coherent_soc_aster_atomic_hart__pi1__Slow.cpp Vaster_coherent_soc_aster_atomic_hart__pi1__DepSet_h7d6270d0__0__Slow.cpp Vaster_coherent_soc_aster_atomic_hart__pi1__DepSet_h3577b40b__0__Slow.cpp Vaster_coherent_soc__Syms.cpp > Vaster_coherent_soc__ALL.cpp
g++ -Os  -I.  -MMD -I/home/elfo/tools/verilator/root/include -I/home/elfo/tools/verilator/root/include/vltstd -DVM_COVERAGE=0 -DVM_SC=0 -DVM_TRACE=0 -DVM_TRACE_FST=0 -DVM_TRACE_VCD=0 -faligned-new -fcf-protection=none -Wno-bool-operation -Wno-overloaded-virtual -Wno-shadow -Wno-sign-compare -Wno-uninitialized -Wno-unused-but-set-parameter -Wno-unused-but-set-variable -Wno-unused-parameter -Wno-unused-variable     -DASTER_HART_COUNT=2 -DASTER_L1=1 -DASTER_MEMORY_WAIT=1   -c -o Vaster_coherent_soc__ALL.o Vaster_coherent_soc__ALL.cpp
echo "" > Vaster_coherent_soc__ALL.verilator_deplist.tmp
Archive ar -rcs Vaster_coherent_soc__ALL.a Vaster_coherent_soc__ALL.o
g++     tb_aster_dma_soc.o verilated.o verilated_threads.o Vaster_coherent_soc__ALL.a    -pthread -lpthread -latomic   -o /tmp/aster-phase8-dma-regressions-5b9c175/build/dma_soc_h2_l11_sync1_wait1_w4_n16/aster_dma_soc_sim
rm Vaster_coherent_soc__ALL.verilator_deplist.tmp
PASS: real DMA runtime harts=2 cache=1 wait=1 cycles=56972121 bytes=61329 jobs=3 directed=320 selective=8 retired=11610131,184330; full RAM, same-value LR/SC, peer publication, driver errors/abort, exact counters
PASS: real DMA runtime harts=2 cache=1 wait=1 cycles=56972121 bytes=61329 jobs=3 directed=320 selective=8 retired=11610131,184330; full RAM, same-value LR/SC, peer publication, driver errors/abort, exact counters
PASS: real DMA warm stop point=0 full acknowledged RAM retained; no destructive reset
PASS: real DMA warm stop point=1 full acknowledged RAM retained; no destructive reset
PASS: real DMA warm stop point=2 full acknowledged RAM retained; no destructive reset
PASS: real DMA warm stop point=3 full acknowledged RAM retained; no destructive reset
PASS: real DMA warm stop point=4 full acknowledged RAM retained; no destructive reset
PASS: real DMA selective/global escalation point=0 transient STOP latched, separate flushes, complete retained RAM
PASS: real DMA selective/global escalation point=1 transient STOP latched, separate flushes, complete retained RAM
PASS: real DMA selective/global escalation point=2 transient STOP latched, separate flushes, complete retained RAM
PASS: real DMA selective/global escalation point=3 transient STOP latched, separate flushes, complete retained RAM
PASS: real DMA runtime harts=2 cache=1 wait=1 cycles=56972120 bytes=61329 jobs=3 directed=320 selective=8 retired=11610131,184330; full RAM, same-value LR/SC, peer publication, driver errors/abort, exact counters
PASS: DMA SoC closeout stops=12 CPU stores=2377669 DMA stores=157014 reads=157016 writes=157014 reservation-clears=18
mkdir -p /tmp/aster-phase8-dma-regressions-5b9c175/build/dma_soc_h2_l11_sync1_wait7_w4_n16
verilator --cc --exe --build --timing --Wall -DRISCV_FORMAL --Wno-DECLFILENAME --Wno-GENUNNAMED --Wno-UNUSEDSIGNAL --Wno-BLKSEQ --unroll-count 2048 --unroll-stmts 100000 --assert -DASTER_COHERENCE_ASSERT \
	--top-module aster_coherent_soc -GHART_COUNT=2 "-GENABLE_L1=1'b1" "-GENABLE_DMA=1'b1" \
	"-GSYNC_MEMORY=1'b1" -GMEMORY_WAIT_CYCLES=7 "-GHOST_BOOT=1'b1" \
	-GLINE_WORDS=4 -GLINE_COUNT=16 \
	-CFLAGS '-DASTER_HART_COUNT=2 -DASTER_L1=1 -DASTER_MEMORY_WAIT=7' \
	--Mdir /tmp/aster-phase8-dma-regressions-5b9c175/build/dma_soc_h2_l11_sync1_wait7_w4_n16/obj -o /tmp/aster-phase8-dma-regressions-5b9c175/build/dma_soc_h2_l11_sync1_wait7_w4_n16/aster_dma_soc_sim \
	/tmp/aster-phase8-verified-source-x5U6xF/rtl/core/aster_picorv32.sv /tmp/aster-phase8-verified-source-x5U6xF/vendor/picorv32/picorv32.v /tmp/aster-phase8-verified-source-x5U6xF/rtl/cache/aster_l1_cache.sv /tmp/aster-phase8-verified-source-x5U6xF/rtl/memory/aster_rom.sv /tmp/aster-phase8-verified-source-x5U6xF/rtl/memory/aster_ram.sv /tmp/aster-phase8-verified-source-x5U6xF/rtl/core/aster_pcpi_atomic.sv /tmp/aster-phase8-verified-source-x5U6xF/rtl/core/aster_pcpi_dot8.sv /tmp/aster-phase8-verified-source-x5U6xF/rtl/core/aster_atomic_hart.sv /tmp/aster-phase8-verified-source-x5U6xF/rtl/cache/aster_coherent_cache.sv /tmp/aster-phase8-verified-source-x5U6xF/rtl/interconnect/aster_atomic_fabric.sv /tmp/aster-phase8-verified-source-x5U6xF/rtl/soc/aster_warm_stop.sv /tmp/aster-phase8-verified-source-x5U6xF/rtl/peripherals/aster_uart.sv /tmp/aster-phase8-verified-source-x5U6xF/rtl/peripherals/aster_coherent_perf.sv /tmp/aster-phase8-verified-source-x5U6xF/rtl/dma/aster_dma_engine.sv /tmp/aster-phase8-verified-source-x5U6xF/rtl/interconnect/aster_dma_arbiter.sv /tmp/aster-phase8-verified-source-x5U6xF/rtl/peripherals/aster_dma_perf.sv /tmp/aster-phase8-verified-source-x5U6xF/rtl/peripherals/aster_dot8_perf.sv /tmp/aster-phase8-verified-source-x5U6xF/rtl/soc/aster_coherent_soc.sv /tmp/aster-phase8-verified-source-x5U6xF/verification/soc/tb_aster_dma_soc.cpp
make[2]: warning: jobserver unavailable: using -j1.  Add '+' to parent make rule.
g++  -I.  -MMD -I/home/elfo/tools/verilator/root/include -I/home/elfo/tools/verilator/root/include/vltstd -DVM_COVERAGE=0 -DVM_SC=0 -DVM_TRACE=0 -DVM_TRACE_FST=0 -DVM_TRACE_VCD=0 -faligned-new -fcf-protection=none -Wno-bool-operation -Wno-overloaded-virtual -Wno-shadow -Wno-sign-compare -Wno-uninitialized -Wno-unused-but-set-parameter -Wno-unused-but-set-variable -Wno-unused-parameter -Wno-unused-variable     -DASTER_HART_COUNT=2 -DASTER_L1=1 -DASTER_MEMORY_WAIT=7   -Os -c -o tb_aster_dma_soc.o /tmp/aster-phase8-verified-source-x5U6xF/verification/soc/tb_aster_dma_soc.cpp
g++ -Os  -I.  -MMD -I/home/elfo/tools/verilator/root/include -I/home/elfo/tools/verilator/root/include/vltstd -DVM_COVERAGE=0 -DVM_SC=0 -DVM_TRACE=0 -DVM_TRACE_FST=0 -DVM_TRACE_VCD=0 -faligned-new -fcf-protection=none -Wno-bool-operation -Wno-overloaded-virtual -Wno-shadow -Wno-sign-compare -Wno-uninitialized -Wno-unused-but-set-parameter -Wno-unused-but-set-variable -Wno-unused-parameter -Wno-unused-variable     -DASTER_HART_COUNT=2 -DASTER_L1=1 -DASTER_MEMORY_WAIT=7   -c -o verilated.o /home/elfo/tools/verilator/root/include/verilated.cpp
g++ -Os  -I.  -MMD -I/home/elfo/tools/verilator/root/include -I/home/elfo/tools/verilator/root/include/vltstd -DVM_COVERAGE=0 -DVM_SC=0 -DVM_TRACE=0 -DVM_TRACE_FST=0 -DVM_TRACE_VCD=0 -faligned-new -fcf-protection=none -Wno-bool-operation -Wno-overloaded-virtual -Wno-shadow -Wno-sign-compare -Wno-uninitialized -Wno-unused-but-set-parameter -Wno-unused-but-set-variable -Wno-unused-parameter -Wno-unused-variable     -DASTER_HART_COUNT=2 -DASTER_L1=1 -DASTER_MEMORY_WAIT=7   -c -o verilated_threads.o /home/elfo/tools/verilator/root/include/verilated_threads.cpp
/usr/bin/python3 /home/elfo/tools/verilator/root/bin/verilator_includer -DVL_INCLUDE_OPT=include Vaster_coherent_soc.cpp Vaster_coherent_soc___024root__DepSet_hc6677697__0.cpp Vaster_coherent_soc___024root__DepSet_h9074b246__0.cpp Vaster_coherent_soc_aster_atomic_hart__pi1__DepSet_h7d6270d0__0.cpp Vaster_coherent_soc__ConstPool_0.cpp Vaster_coherent_soc___024root__Slow.cpp Vaster_coherent_soc___024root__DepSet_hc6677697__0__Slow.cpp Vaster_coherent_soc___024root__DepSet_h9074b246__0__Slow.cpp Vaster_coherent_soc_aster_atomic_hart__pi1__Slow.cpp Vaster_coherent_soc_aster_atomic_hart__pi1__DepSet_h7d6270d0__0__Slow.cpp Vaster_coherent_soc_aster_atomic_hart__pi1__DepSet_h3577b40b__0__Slow.cpp Vaster_coherent_soc__Syms.cpp > Vaster_coherent_soc__ALL.cpp
g++ -Os  -I.  -MMD -I/home/elfo/tools/verilator/root/include -I/home/elfo/tools/verilator/root/include/vltstd -DVM_COVERAGE=0 -DVM_SC=0 -DVM_TRACE=0 -DVM_TRACE_FST=0 -DVM_TRACE_VCD=0 -faligned-new -fcf-protection=none -Wno-bool-operation -Wno-overloaded-virtual -Wno-shadow -Wno-sign-compare -Wno-uninitialized -Wno-unused-but-set-parameter -Wno-unused-but-set-variable -Wno-unused-parameter -Wno-unused-variable     -DASTER_HART_COUNT=2 -DASTER_L1=1 -DASTER_MEMORY_WAIT=7   -c -o Vaster_coherent_soc__ALL.o Vaster_coherent_soc__ALL.cpp
echo "" > Vaster_coherent_soc__ALL.verilator_deplist.tmp
Archive ar -rcs Vaster_coherent_soc__ALL.a Vaster_coherent_soc__ALL.o
g++     tb_aster_dma_soc.o verilated.o verilated_threads.o Vaster_coherent_soc__ALL.a    -pthread -lpthread -latomic   -o /tmp/aster-phase8-dma-regressions-5b9c175/build/dma_soc_h2_l11_sync1_wait7_w4_n16/aster_dma_soc_sim
rm Vaster_coherent_soc__ALL.verilator_deplist.tmp
PASS: real DMA runtime harts=2 cache=1 wait=7 cycles=62228736 bytes=61322 jobs=3 directed=320 selective=8 retired=11624395,186229; full RAM, same-value LR/SC, peer publication, driver errors/abort, exact counters
PASS: real DMA runtime harts=2 cache=1 wait=7 cycles=62228736 bytes=61322 jobs=3 directed=320 selective=8 retired=11624395,186229; full RAM, same-value LR/SC, peer publication, driver errors/abort, exact counters
PASS: real DMA warm stop point=0 full acknowledged RAM retained; no destructive reset
PASS: real DMA warm stop point=1 full acknowledged RAM retained; no destructive reset
PASS: real DMA warm stop point=2 full acknowledged RAM retained; no destructive reset
PASS: real DMA warm stop point=3 full acknowledged RAM retained; no destructive reset
PASS: real DMA warm stop point=4 full acknowledged RAM retained; no destructive reset
PASS: real DMA selective/global escalation point=0 transient STOP latched, separate flushes, complete retained RAM
PASS: real DMA selective/global escalation point=1 transient STOP latched, separate flushes, complete retained RAM
PASS: real DMA selective/global escalation point=2 transient STOP latched, separate flushes, complete retained RAM
PASS: real DMA selective/global escalation point=3 transient STOP latched, separate flushes, complete retained RAM
PASS: real DMA runtime harts=2 cache=1 wait=7 cycles=62228737 bytes=61322 jobs=3 directed=320 selective=8 retired=11624395,186229; full RAM, same-value LR/SC, peer publication, driver errors/abort, exact counters
PASS: DMA SoC closeout stops=12 CPU stores=2377654 DMA stores=156989 reads=156998 writes=156989 reservation-clears=18
