Copyright 1986-2022 Xilinx, Inc. All Rights Reserved. Copyright 2022-2025 Advanced Micro Devices, Inc. All Rights Reserved.
---------------------------------------------------------------------------------------------------------------------------------------------
| Tool Version : Vivado v.2025.1 (lin64) Build 6140274 Wed May 21 22:58:25 MDT 2025
| Date         : Thu Oct  1 23:38:37 2026
| Host         : gondor running 64-bit Ubuntu 24.04.5 LTS
| Command      : report_timing_summary -max_paths 10 -file /home/elfo/Documents/Aster/build/timing/fpga/aster/timing_summary.rpt
| Design       : timing_aster
| Device       : 7z020-clg400
| Speed File   : -1  PRODUCTION 1.12 2019-11-22
| Design State : Routed
---------------------------------------------------------------------------------------------------------------------------------------------

Timing Summary Report

------------------------------------------------------------------------------------------------
| Timer Settings
| --------------
------------------------------------------------------------------------------------------------

  Enable Multi Corner Analysis               :  Yes
  Enable Pessimism Removal                   :  Yes
  Pessimism Removal Resolution               :  Nearest Common Node
  Enable Input Delay Default Clock           :  No
  Enable Preset / Clear Arcs                 :  No
  Disable Flight Delays                      :  No
  Ignore I/O Paths                           :  No
  Timing Early Launch at Borrowing Latches   :  No
  Borrow Time for Max Delay Exceptions       :  Yes
  Merge Timing Exceptions                    :  Yes
  Inter-SLR Compensation                     :  Conservative

  Corner  Analyze    Analyze    
  Name    Max Paths  Min Paths  
  ------  ---------  ---------  
  Slow    Yes        Yes        
  Fast    Yes        Yes        


------------------------------------------------------------------------------------------------
| Report Methodology
| ------------------
------------------------------------------------------------------------------------------------

No report available as report_methodology has not been run prior. Run report_methodology on the current design for the summary of methodology violations.



check_timing report

Table of Contents
-----------------
1. checking no_clock (0)
2. checking constant_clock (0)
3. checking pulse_width_clock (0)
4. checking unconstrained_internal_endpoints (0)
5. checking no_input_delay (71)
6. checking no_output_delay (102)
7. checking multiple_clock (0)
8. checking generated_clocks (0)
9. checking loops (0)
10. checking partial_input_delay (0)
11. checking partial_output_delay (0)
12. checking latch_loops (0)

1. checking no_clock (0)
------------------------
 There are 0 register/latch pins with no clock.


2. checking constant_clock (0)
------------------------------
 There are 0 register/latch pins with constant_clock.


3. checking pulse_width_clock (0)
---------------------------------
 There are 0 register/latch pins which need pulse_width check


4. checking unconstrained_internal_endpoints (0)
------------------------------------------------
 There are 0 pins that are not constrained for maximum delay.

 There are 0 pins that are not constrained for maximum delay due to constant clock.


5. checking no_input_delay (71)
-------------------------------
 There are 71 input ports with no input delay specified. (HIGH)

 There are 0 input ports with no input delay but user has a false path constraint.


6. checking no_output_delay (102)
---------------------------------
 There are 102 ports with no output delay specified. (HIGH)

 There are 0 ports with no output delay but user has a false path constraint

 There are 0 ports with no output delay but with a timing clock defined on it or propagating through it


7. checking multiple_clock (0)
------------------------------
 There are 0 register/latch pins with multiple clocks.


8. checking generated_clocks (0)
--------------------------------
 There are 0 generated clocks that are not connected to a clock source.


9. checking loops (0)
---------------------
 There are 0 combinational loops in the design.


10. checking partial_input_delay (0)
------------------------------------
 There are 0 input ports with partial input delay specified.


11. checking partial_output_delay (0)
-------------------------------------
 There are 0 ports with partial output delay specified.


12. checking latch_loops (0)
----------------------------
 There are 0 combinational latch loops in the design through latch input



------------------------------------------------------------------------------------------------
| Design Timing Summary
| ---------------------
------------------------------------------------------------------------------------------------

    WNS(ns)      TNS(ns)  TNS Failing Endpoints  TNS Total Endpoints      WHS(ns)      THS(ns)  THS Failing Endpoints  THS Total Endpoints     WPWS(ns)     TPWS(ns)  TPWS Failing Endpoints  TPWS Total Endpoints  
    -------      -------  ---------------------  -------------------      -------      -------  ---------------------  -------------------     --------     --------  ----------------------  --------------------  
      0.958        0.000                      0                 2834        0.095        0.000                      0                 2834        3.750        0.000                       0                   948  


All user specified timing constraints are met.


------------------------------------------------------------------------------------------------
| Clock Summary
| -------------
------------------------------------------------------------------------------------------------

Clock  Waveform(ns)       Period(ns)      Frequency(MHz)
-----  ------------       ----------      --------------
clk    {0.000 5.000}      10.000          100.000         


------------------------------------------------------------------------------------------------
| Intra Clock Table
| -----------------
------------------------------------------------------------------------------------------------

Clock             WNS(ns)      TNS(ns)  TNS Failing Endpoints  TNS Total Endpoints      WHS(ns)      THS(ns)  THS Failing Endpoints  THS Total Endpoints     WPWS(ns)     TPWS(ns)  TPWS Failing Endpoints  TPWS Total Endpoints  
-----             -------      -------  ---------------------  -------------------      -------      -------  ---------------------  -------------------     --------     --------  ----------------------  --------------------  
clk                 0.958        0.000                      0                 2834        0.095        0.000                      0                 2834        3.750        0.000                       0                   948  


------------------------------------------------------------------------------------------------
| Inter Clock Table
| -----------------
------------------------------------------------------------------------------------------------

From Clock    To Clock          WNS(ns)      TNS(ns)  TNS Failing Endpoints  TNS Total Endpoints      WHS(ns)      THS(ns)  THS Failing Endpoints  THS Total Endpoints  
----------    --------          -------      -------  ---------------------  -------------------      -------      -------  ---------------------  -------------------  


------------------------------------------------------------------------------------------------
| Other Path Groups Table
| -----------------------
------------------------------------------------------------------------------------------------

Path Group    From Clock    To Clock          WNS(ns)      TNS(ns)  TNS Failing Endpoints  TNS Total Endpoints      WHS(ns)      THS(ns)  THS Failing Endpoints  THS Total Endpoints  
----------    ----------    --------          -------      -------  ---------------------  -------------------      -------      -------  ---------------------  -------------------  


------------------------------------------------------------------------------------------------
| Timing Details
| --------------
------------------------------------------------------------------------------------------------


---------------------------------------------------------------------------------------------------
From Clock:  clk
  To Clock:  clk

Setup :            0  Failing Endpoints,  Worst Slack        0.958ns,  Total Violation        0.000ns
Hold  :            0  Failing Endpoints,  Worst Slack        0.095ns,  Total Violation        0.000ns
PW    :            0  Failing Endpoints,  Worst Slack        3.750ns,  Total Violation        0.000ns
---------------------------------------------------------------------------------------------------


Max Delay Paths
--------------------------------------------------------------------------------------
Slack (MET) :             0.958ns  (required time - arrival time)
  Source:                 core/fsel2_reg[0]/C
                            (rising edge-triggered cell FDSE clocked by clk  {rise@0.000ns fall@5.000ns period=10.000ns})
  Destination:            core/m1_reg[result][0]/D
                            (rising edge-triggered cell FDRE clocked by clk  {rise@0.000ns fall@5.000ns period=10.000ns})
  Path Group:             clk
  Path Type:              Setup (Max at Slow Process Corner)
  Requirement:            10.000ns  (clk rise@10.000ns - clk rise@0.000ns)
  Data Path Delay:        8.987ns  (logic 2.067ns (23.000%)  route 6.920ns (77.000%))
  Logic Levels:           8  (CARRY4=1 LUT2=1 LUT3=1 LUT4=1 LUT5=2 LUT6=2)
  Clock Path Skew:        -0.049ns (DCD - SCD + CPR)
    Destination Clock Delay (DCD):    0.924ns = ( 10.924 - 10.000 ) 
    Source Clock Delay      (SCD):    0.973ns
    Clock Pessimism Removal (CPR):    0.000ns
  Clock Uncertainty:      0.035ns  ((TSJ^2 + TIJ^2)^1/2 + DJ) / 2 + PE
    Total System Jitter     (TSJ):    0.071ns
    Total Input Jitter      (TIJ):    0.000ns
    Discrete Jitter          (DJ):    0.000ns
    Phase Error              (PE):    0.000ns

    Location             Delay type                Incr(ns)  Path(ns)    Netlist Resource(s)
  -------------------------------------------------------------------    -------------------
                         (clock clk rise edge)        0.000     0.000 r  
                                                      0.000     0.000 r  clk (IN)
                         net (fo=947, unset)          0.973     0.973    core/clk
    SLICE_X57Y48         FDSE                                         r  core/fsel2_reg[0]/C
  -------------------------------------------------------------------    -------------------
    SLICE_X57Y48         FDSE (Prop_fdse_C_Q)         0.456     1.429 r  core/fsel2_reg[0]/Q
                         net (fo=32, routed)          1.859     3.288    core/fetch/m1_reg[rs2v][31]_2[0]
    SLICE_X27Y50         LUT4 (Prop_lut4_I1_O)        0.124     3.412 r  core/fetch/d_req_wdata[25]_INST_0_i_3/O
                         net (fo=1, routed)           0.407     3.819    core/fetch/d_req_wdata[25]_INST_0_i_3_n_0
    SLICE_X27Y50         LUT5 (Prop_lut5_I4_O)        0.124     3.943 r  core/fetch/d_req_wdata[25]_INST_0_i_1/O
                         net (fo=15, routed)          1.256     5.199    core/fetch_n_188
    SLICE_X36Y61         LUT3 (Prop_lut3_I2_O)        0.117     5.316 r  core/m1[result][25]_i_15/O
                         net (fo=2, routed)           0.622     5.938    core/p_0_in2_in__0[25]
    SLICE_X33Y60         LUT6 (Prop_lut6_I5_O)        0.348     6.286 r  core/m1[result][0]_i_19/O
                         net (fo=2, routed)           0.510     6.796    core/m1[result][0]_i_19_n_0
    SLICE_X33Y59         CARRY4 (Prop_carry4_DI[0]_CO[3])
                                                      0.526     7.322 r  core/m1_reg[result][0]_i_12/CO[3]
                         net (fo=1, routed)           1.116     8.437    core/p_11_in
    SLICE_X44Y57         LUT2 (Prop_lut2_I1_O)        0.124     8.561 r  core/m1[result][0]_i_6/O
                         net (fo=1, routed)           0.707     9.268    core/m1[result][0]_i_6_n_0
    SLICE_X44Y54         LUT6 (Prop_lut6_I1_O)        0.124     9.392 r  core/m1[result][0]_i_2/O
                         net (fo=1, routed)           0.444     9.836    core/m1[result][0]_i_2_n_0
    SLICE_X44Y54         LUT5 (Prop_lut5_I0_O)        0.124     9.960 r  core/m1[result][0]_i_1/O
                         net (fo=1, routed)           0.000     9.960    core/result_return[0]
    SLICE_X44Y54         FDRE                                         r  core/m1_reg[result][0]/D
  -------------------------------------------------------------------    -------------------

                         (clock clk rise edge)       10.000    10.000 r  
                                                      0.000    10.000 r  clk (IN)
                         net (fo=947, unset)          0.924    10.924    core/clk
    SLICE_X44Y54         FDRE                                         r  core/m1_reg[result][0]/C
                         clock pessimism              0.000    10.924    
                         clock uncertainty           -0.035    10.889    
    SLICE_X44Y54         FDRE (Setup_fdre_C_D)        0.029    10.918    core/m1_reg[result][0]
  -------------------------------------------------------------------
                         required time                         10.918    
                         arrival time                          -9.960    
  -------------------------------------------------------------------
                         slack                                  0.958    

Slack (MET) :             0.982ns  (required time - arrival time)
  Source:                 core/fsel1_reg[0]/C
                            (rising edge-triggered cell FDSE clocked by clk  {rise@0.000ns fall@5.000ns period=10.000ns})
  Destination:            core/fetch/e_pending_reg_inv/D
                            (rising edge-triggered cell FDSE clocked by clk  {rise@0.000ns fall@5.000ns period=10.000ns})
  Path Group:             clk
  Path Type:              Setup (Max at Slow Process Corner)
  Requirement:            10.000ns  (clk rise@10.000ns - clk rise@0.000ns)
  Data Path Delay:        8.903ns  (logic 2.204ns (24.757%)  route 6.699ns (75.243%))
  Logic Levels:           9  (CARRY4=2 LUT2=1 LUT4=1 LUT5=1 LUT6=4)
  Clock Path Skew:        -0.049ns (DCD - SCD + CPR)
    Destination Clock Delay (DCD):    0.924ns = ( 10.924 - 10.000 ) 
    Source Clock Delay      (SCD):    0.973ns
    Clock Pessimism Removal (CPR):    0.000ns
  Clock Uncertainty:      0.035ns  ((TSJ^2 + TIJ^2)^1/2 + DJ) / 2 + PE
    Total System Jitter     (TSJ):    0.071ns
    Total Input Jitter      (TIJ):    0.000ns
    Discrete Jitter          (DJ):    0.000ns
    Phase Error              (PE):    0.000ns

    Location             Delay type                Incr(ns)  Path(ns)    Netlist Resource(s)
  -------------------------------------------------------------------    -------------------
                         (clock clk rise edge)        0.000     0.000 r  
                                                      0.000     0.000 r  clk (IN)
                         net (fo=947, unset)          0.973     0.973    core/clk
    SLICE_X54Y47         FDSE                                         r  core/fsel1_reg[0]/C
  -------------------------------------------------------------------    -------------------
    SLICE_X54Y47         FDSE (Prop_fdse_C_Q)         0.518     1.491 r  core/fsel1_reg[0]/Q
                         net (fo=32, routed)          1.681     3.172    core/fetch/m1_reg[rs1v][31][0]
    SLICE_X28Y49         LUT4 (Prop_lut4_I1_O)        0.124     3.296 r  core/fetch/d_req_addr[20]_INST_0_i_10/O
                         net (fo=1, routed)           0.566     3.863    core/fetch/d_req_addr[20]_INST_0_i_10_n_0
    SLICE_X32Y49         LUT5 (Prop_lut5_I4_O)        0.124     3.987 r  core/fetch/d_req_addr[20]_INST_0_i_2/O
                         net (fo=30, routed)          1.386     5.373    core/fetch/fsel1_reg[1]_23
    SLICE_X41Y50         LUT6 (Prop_lut6_I0_O)        0.124     5.497 r  core/fetch/m1[writes_rd]_i_70/O
                         net (fo=1, routed)           0.000     5.497    core/fetch/m1[writes_rd]_i_70_n_0
    SLICE_X41Y50         CARRY4 (Prop_carry4_S[3]_CO[3])
                                                      0.401     5.898 r  core/fetch/m1_reg[writes_rd]_i_33/CO[3]
                         net (fo=1, routed)           0.000     5.898    core/fetch/m1_reg[writes_rd]_i_33_n_0
    SLICE_X41Y51         CARRY4 (Prop_carry4_CI_CO[2])
                                                      0.228     6.126 r  core/fetch/m1_reg[writes_rd]_i_9/CO[2]
                         net (fo=1, routed)           0.743     6.869    core/fetch/m1_reg[writes_rd]_i_9_n_1
    SLICE_X39Y52         LUT6 (Prop_lut6_I3_O)        0.313     7.182 r  core/fetch/m1[writes_rd]_i_5/O
                         net (fo=1, routed)           0.756     7.938    core/fetch/m1[writes_rd]_i_5_n_0
    SLICE_X50Y53         LUT6 (Prop_lut6_I3_O)        0.124     8.062 r  core/fetch/m1[writes_rd]_i_3/O
                         net (fo=6, routed)           0.311     8.374    core/fetch/e_taken
    SLICE_X50Y53         LUT6 (Prop_lut6_I4_O)        0.124     8.498 f  core/fetch/squash_i_1/O
                         net (fo=2, routed)           0.686     9.183    core/fetch/e_flush
    SLICE_X54Y55         LUT2 (Prop_lut2_I0_O)        0.124     9.307 r  core/fetch/e_pending_inv_i_1/O
                         net (fo=1, routed)           0.568     9.876    core/fetch/e_pending
    SLICE_X54Y55         FDSE                                         r  core/fetch/e_pending_reg_inv/D
  -------------------------------------------------------------------    -------------------

                         (clock clk rise edge)       10.000    10.000 r  
                                                      0.000    10.000 r  clk (IN)
                         net (fo=947, unset)          0.924    10.924    core/fetch/clk
    SLICE_X54Y55         FDSE                                         r  core/fetch/e_pending_reg_inv/C
                         clock pessimism              0.000    10.924    
                         clock uncertainty           -0.035    10.889    
    SLICE_X54Y55         FDSE (Setup_fdse_C_D)       -0.031    10.858    core/fetch/e_pending_reg_inv
  -------------------------------------------------------------------
                         required time                         10.858    
                         arrival time                          -9.876    
  -------------------------------------------------------------------
                         slack                                  0.982    

Slack (MET) :             1.349ns  (required time - arrival time)
  Source:                 core/fsel2_reg[2]/C
                            (rising edge-triggered cell FDRE clocked by clk  {rise@0.000ns fall@5.000ns period=10.000ns})
  Destination:            core/m1_reg[result][27]/D
                            (rising edge-triggered cell FDRE clocked by clk  {rise@0.000ns fall@5.000ns period=10.000ns})
  Path Group:             clk
  Path Type:              Setup (Max at Slow Process Corner)
  Requirement:            10.000ns  (clk rise@10.000ns - clk rise@0.000ns)
  Data Path Delay:        8.596ns  (logic 3.210ns (37.343%)  route 5.386ns (62.657%))
  Logic Levels:           14  (CARRY4=7 LUT2=1 LUT3=1 LUT4=1 LUT5=2 LUT6=2)
  Clock Path Skew:        -0.049ns (DCD - SCD + CPR)
    Destination Clock Delay (DCD):    0.924ns = ( 10.924 - 10.000 ) 
    Source Clock Delay      (SCD):    0.973ns
    Clock Pessimism Removal (CPR):    0.000ns
  Clock Uncertainty:      0.035ns  ((TSJ^2 + TIJ^2)^1/2 + DJ) / 2 + PE
    Total System Jitter     (TSJ):    0.071ns
    Total Input Jitter      (TIJ):    0.000ns
    Discrete Jitter          (DJ):    0.000ns
    Phase Error              (PE):    0.000ns

    Location             Delay type                Incr(ns)  Path(ns)    Netlist Resource(s)
  -------------------------------------------------------------------    -------------------
                         (clock clk rise edge)        0.000     0.000 r  
                                                      0.000     0.000 r  clk (IN)
                         net (fo=947, unset)          0.973     0.973    core/clk
    SLICE_X58Y49         FDRE                                         r  core/fsel2_reg[2]/C
  -------------------------------------------------------------------    -------------------
    SLICE_X58Y49         FDRE (Prop_fdre_C_Q)         0.518     1.491 r  core/fsel2_reg[2]/Q
                         net (fo=38, routed)          1.329     2.820    core/fetch/m1_reg[rs2v][31]_2[2]
    SLICE_X45Y48         LUT5 (Prop_lut5_I2_O)        0.124     2.944 r  core/fetch/d_req_wdata[0]_INST_0/O
                         net (fo=18, routed)          0.896     3.840    core/fsel2_reg[1]_7
    SLICE_X45Y55         LUT3 (Prop_lut3_I2_O)        0.150     3.990 r  core/m1[result][28]_i_9/O
                         net (fo=13, routed)          0.678     4.668    core/p_0_in2_in[0]
    SLICE_X36Y55         LUT2 (Prop_lut2_I1_O)        0.326     4.994 r  core/m1[result][1]_i_13/O
                         net (fo=1, routed)           0.000     4.994    core/m1[result][1]_i_13_n_0
    SLICE_X36Y55         CARRY4 (Prop_carry4_S[0]_CO[3])
                                                      0.513     5.507 r  core/m1_reg[result][1]_i_4/CO[3]
                         net (fo=1, routed)           0.000     5.507    core/m1_reg[result][1]_i_4_n_0
    SLICE_X36Y56         CARRY4 (Prop_carry4_CI_CO[3])
                                                      0.117     5.624 r  core/m1_reg[result][7]_i_15/CO[3]
                         net (fo=1, routed)           0.000     5.624    core/m1_reg[result][7]_i_15_n_0
    SLICE_X36Y57         CARRY4 (Prop_carry4_CI_CO[3])
                                                      0.117     5.741 r  core/m1_reg[result][11]_i_19/CO[3]
                         net (fo=1, routed)           0.000     5.741    core/m1_reg[result][11]_i_19_n_0
    SLICE_X36Y58         CARRY4 (Prop_carry4_CI_CO[3])
                                                      0.117     5.858 r  core/m1_reg[result][15]_i_26/CO[3]
                         net (fo=1, routed)           0.000     5.858    core/m1_reg[result][15]_i_26_n_0
    SLICE_X36Y59         CARRY4 (Prop_carry4_CI_CO[3])
                                                      0.117     5.975 r  core/m1_reg[result][19]_i_24/CO[3]
                         net (fo=1, routed)           0.000     5.975    core/m1_reg[result][19]_i_24_n_0
    SLICE_X36Y60         CARRY4 (Prop_carry4_CI_CO[3])
                                                      0.117     6.092 r  core/m1_reg[result][23]_i_21/CO[3]
                         net (fo=1, routed)           0.000     6.092    core/m1_reg[result][23]_i_21_n_0
    SLICE_X36Y61         CARRY4 (Prop_carry4_CI_O[3])
                                                      0.315     6.407 r  core/m1_reg[result][27]_i_18/O[3]
                         net (fo=1, routed)           0.581     6.989    core/m1_reg[result][27]_i_18_n_4
    SLICE_X38Y65         LUT4 (Prop_lut4_I2_O)        0.307     7.296 r  core/m1[result][27]_i_14/O
                         net (fo=1, routed)           0.593     7.889    core/m1[result][27]_i_14_n_0
    SLICE_X44Y63         LUT5 (Prop_lut5_I4_O)        0.124     8.013 r  core/m1[result][27]_i_9/O
                         net (fo=1, routed)           0.642     8.655    core/m1[result][27]_i_9_n_0
    SLICE_X34Y62         LUT6 (Prop_lut6_I0_O)        0.124     8.779 r  core/m1[result][27]_i_5/O
                         net (fo=1, routed)           0.666     9.445    core/m1[result][27]_i_5_n_0
    SLICE_X31Y61         LUT6 (Prop_lut6_I4_O)        0.124     9.569 r  core/m1[result][27]_i_1/O
                         net (fo=1, routed)           0.000     9.569    core/result_return[27]
    SLICE_X31Y61         FDRE                                         r  core/m1_reg[result][27]/D
  -------------------------------------------------------------------    -------------------

                         (clock clk rise edge)       10.000    10.000 r  
                                                      0.000    10.000 r  clk (IN)
                         net (fo=947, unset)          0.924    10.924    core/clk
    SLICE_X31Y61         FDRE                                         r  core/m1_reg[result][27]/C
                         clock pessimism              0.000    10.924    
                         clock uncertainty           -0.035    10.889    
    SLICE_X31Y61         FDRE (Setup_fdre_C_D)        0.029    10.918    core/m1_reg[result][27]
  -------------------------------------------------------------------
                         required time                         10.918    
                         arrival time                          -9.569    
  -------------------------------------------------------------------
                         slack                                  1.349    

Slack (MET) :             1.574ns  (required time - arrival time)
  Source:                 core/fsel2_reg[2]/C
                            (rising edge-triggered cell FDRE clocked by clk  {rise@0.000ns fall@5.000ns period=10.000ns})
  Destination:            core/m1_reg[result][28]/D
                            (rising edge-triggered cell FDRE clocked by clk  {rise@0.000ns fall@5.000ns period=10.000ns})
  Path Group:             clk
  Path Type:              Setup (Max at Slow Process Corner)
  Requirement:            10.000ns  (clk rise@10.000ns - clk rise@0.000ns)
  Data Path Delay:        8.371ns  (logic 3.219ns (38.453%)  route 5.152ns (61.547%))
  Logic Levels:           15  (CARRY4=8 LUT2=1 LUT3=1 LUT4=1 LUT5=2 LUT6=2)
  Clock Path Skew:        -0.049ns (DCD - SCD + CPR)
    Destination Clock Delay (DCD):    0.924ns = ( 10.924 - 10.000 ) 
    Source Clock Delay      (SCD):    0.973ns
    Clock Pessimism Removal (CPR):    0.000ns
  Clock Uncertainty:      0.035ns  ((TSJ^2 + TIJ^2)^1/2 + DJ) / 2 + PE
    Total System Jitter     (TSJ):    0.071ns
    Total Input Jitter      (TIJ):    0.000ns
    Discrete Jitter          (DJ):    0.000ns
    Phase Error              (PE):    0.000ns

    Location             Delay type                Incr(ns)  Path(ns)    Netlist Resource(s)
  -------------------------------------------------------------------    -------------------
                         (clock clk rise edge)        0.000     0.000 r  
                                                      0.000     0.000 r  clk (IN)
                         net (fo=947, unset)          0.973     0.973    core/clk
    SLICE_X58Y49         FDRE                                         r  core/fsel2_reg[2]/C
  -------------------------------------------------------------------    -------------------
    SLICE_X58Y49         FDRE (Prop_fdre_C_Q)         0.518     1.491 r  core/fsel2_reg[2]/Q
                         net (fo=38, routed)          1.329     2.820    core/fetch/m1_reg[rs2v][31]_2[2]
    SLICE_X45Y48         LUT5 (Prop_lut5_I2_O)        0.124     2.944 r  core/fetch/d_req_wdata[0]_INST_0/O
                         net (fo=18, routed)          0.896     3.840    core/fsel2_reg[1]_7
    SLICE_X45Y55         LUT3 (Prop_lut3_I2_O)        0.150     3.990 r  core/m1[result][28]_i_9/O
                         net (fo=13, routed)          0.678     4.668    core/p_0_in2_in[0]
    SLICE_X36Y55         LUT2 (Prop_lut2_I1_O)        0.326     4.994 r  core/m1[result][1]_i_13/O
                         net (fo=1, routed)           0.000     4.994    core/m1[result][1]_i_13_n_0
    SLICE_X36Y55         CARRY4 (Prop_carry4_S[0]_CO[3])
                                                      0.513     5.507 r  core/m1_reg[result][1]_i_4/CO[3]
                         net (fo=1, routed)           0.000     5.507    core/m1_reg[result][1]_i_4_n_0
    SLICE_X36Y56         CARRY4 (Prop_carry4_CI_CO[3])
                                                      0.117     5.624 r  core/m1_reg[result][7]_i_15/CO[3]
                         net (fo=1, routed)           0.000     5.624    core/m1_reg[result][7]_i_15_n_0
    SLICE_X36Y57         CARRY4 (Prop_carry4_CI_CO[3])
                                                      0.117     5.741 r  core/m1_reg[result][11]_i_19/CO[3]
                         net (fo=1, routed)           0.000     5.741    core/m1_reg[result][11]_i_19_n_0
    SLICE_X36Y58         CARRY4 (Prop_carry4_CI_CO[3])
                                                      0.117     5.858 r  core/m1_reg[result][15]_i_26/CO[3]
                         net (fo=1, routed)           0.000     5.858    core/m1_reg[result][15]_i_26_n_0
    SLICE_X36Y59         CARRY4 (Prop_carry4_CI_CO[3])
                                                      0.117     5.975 r  core/m1_reg[result][19]_i_24/CO[3]
                         net (fo=1, routed)           0.000     5.975    core/m1_reg[result][19]_i_24_n_0
    SLICE_X36Y60         CARRY4 (Prop_carry4_CI_CO[3])
                                                      0.117     6.092 r  core/m1_reg[result][23]_i_21/CO[3]
                         net (fo=1, routed)           0.000     6.092    core/m1_reg[result][23]_i_21_n_0
    SLICE_X36Y61         CARRY4 (Prop_carry4_CI_CO[3])
                                                      0.117     6.209 r  core/m1_reg[result][27]_i_18/CO[3]
                         net (fo=1, routed)           0.000     6.209    core/m1_reg[result][27]_i_18_n_0
    SLICE_X36Y62         CARRY4 (Prop_carry4_CI_O[0])
                                                      0.219     6.428 r  core/m1_reg[result][31]_i_18/O[0]
                         net (fo=1, routed)           0.439     6.868    core/m1_reg[result][31]_i_18_n_7
    SLICE_X37Y64         LUT4 (Prop_lut4_I2_O)        0.295     7.163 r  core/m1[result][28]_i_19/O
                         net (fo=1, routed)           0.600     7.762    core/m1[result][28]_i_19_n_0
    SLICE_X44Y63         LUT5 (Prop_lut5_I4_O)        0.124     7.886 r  core/m1[result][28]_i_11/O
                         net (fo=1, routed)           0.510     8.396    core/m1[result][28]_i_11_n_0
    SLICE_X34Y63         LUT6 (Prop_lut6_I0_O)        0.124     8.520 r  core/m1[result][28]_i_6/O
                         net (fo=1, routed)           0.700     9.220    core/m1[result][28]_i_6_n_0
    SLICE_X31Y63         LUT6 (Prop_lut6_I4_O)        0.124     9.344 r  core/m1[result][28]_i_1/O
                         net (fo=1, routed)           0.000     9.344    core/result_return[28]
    SLICE_X31Y63         FDRE                                         r  core/m1_reg[result][28]/D
  -------------------------------------------------------------------    -------------------

                         (clock clk rise edge)       10.000    10.000 r  
                                                      0.000    10.000 r  clk (IN)
                         net (fo=947, unset)          0.924    10.924    core/clk
    SLICE_X31Y63         FDRE                                         r  core/m1_reg[result][28]/C
                         clock pessimism              0.000    10.924    
                         clock uncertainty           -0.035    10.889    
    SLICE_X31Y63         FDRE (Setup_fdre_C_D)        0.029    10.918    core/m1_reg[result][28]
  -------------------------------------------------------------------
                         required time                         10.918    
                         arrival time                          -9.344    
  -------------------------------------------------------------------
                         slack                                  1.574    

Slack (MET) :             1.616ns  (required time - arrival time)
  Source:                 core/fsel2_reg[2]/C
                            (rising edge-triggered cell FDRE clocked by clk  {rise@0.000ns fall@5.000ns period=10.000ns})
  Destination:            core/m1_reg[result][26]/D
                            (rising edge-triggered cell FDRE clocked by clk  {rise@0.000ns fall@5.000ns period=10.000ns})
  Path Group:             clk
  Path Type:              Setup (Max at Slow Process Corner)
  Requirement:            10.000ns  (clk rise@10.000ns - clk rise@0.000ns)
  Data Path Delay:        8.329ns  (logic 3.128ns (37.556%)  route 5.201ns (62.444%))
  Logic Levels:           14  (CARRY4=7 LUT2=1 LUT3=1 LUT4=1 LUT5=2 LUT6=2)
  Clock Path Skew:        -0.049ns (DCD - SCD + CPR)
    Destination Clock Delay (DCD):    0.924ns = ( 10.924 - 10.000 ) 
    Source Clock Delay      (SCD):    0.973ns
    Clock Pessimism Removal (CPR):    0.000ns
  Clock Uncertainty:      0.035ns  ((TSJ^2 + TIJ^2)^1/2 + DJ) / 2 + PE
    Total System Jitter     (TSJ):    0.071ns
    Total Input Jitter      (TIJ):    0.000ns
    Discrete Jitter          (DJ):    0.000ns
    Phase Error              (PE):    0.000ns

    Location             Delay type                Incr(ns)  Path(ns)    Netlist Resource(s)
  -------------------------------------------------------------------    -------------------
                         (clock clk rise edge)        0.000     0.000 r  
                                                      0.000     0.000 r  clk (IN)
                         net (fo=947, unset)          0.973     0.973    core/clk
    SLICE_X58Y49         FDRE                                         r  core/fsel2_reg[2]/C
  -------------------------------------------------------------------    -------------------
    SLICE_X58Y49         FDRE (Prop_fdre_C_Q)         0.518     1.491 r  core/fsel2_reg[2]/Q
                         net (fo=38, routed)          1.329     2.820    core/fetch/m1_reg[rs2v][31]_2[2]
    SLICE_X45Y48         LUT5 (Prop_lut5_I2_O)        0.124     2.944 r  core/fetch/d_req_wdata[0]_INST_0/O
                         net (fo=18, routed)          0.896     3.840    core/fsel2_reg[1]_7
    SLICE_X45Y55         LUT3 (Prop_lut3_I2_O)        0.150     3.990 r  core/m1[result][28]_i_9/O
                         net (fo=13, routed)          0.678     4.668    core/p_0_in2_in[0]
    SLICE_X36Y55         LUT2 (Prop_lut2_I1_O)        0.326     4.994 r  core/m1[result][1]_i_13/O
                         net (fo=1, routed)           0.000     4.994    core/m1[result][1]_i_13_n_0
    SLICE_X36Y55         CARRY4 (Prop_carry4_S[0]_CO[3])
                                                      0.513     5.507 r  core/m1_reg[result][1]_i_4/CO[3]
                         net (fo=1, routed)           0.000     5.507    core/m1_reg[result][1]_i_4_n_0
    SLICE_X36Y56         CARRY4 (Prop_carry4_CI_CO[3])
                                                      0.117     5.624 r  core/m1_reg[result][7]_i_15/CO[3]
                         net (fo=1, routed)           0.000     5.624    core/m1_reg[result][7]_i_15_n_0
    SLICE_X36Y57         CARRY4 (Prop_carry4_CI_CO[3])
                                                      0.117     5.741 r  core/m1_reg[result][11]_i_19/CO[3]
                         net (fo=1, routed)           0.000     5.741    core/m1_reg[result][11]_i_19_n_0
    SLICE_X36Y58         CARRY4 (Prop_carry4_CI_CO[3])
                                                      0.117     5.858 r  core/m1_reg[result][15]_i_26/CO[3]
                         net (fo=1, routed)           0.000     5.858    core/m1_reg[result][15]_i_26_n_0
    SLICE_X36Y59         CARRY4 (Prop_carry4_CI_CO[3])
                                                      0.117     5.975 r  core/m1_reg[result][19]_i_24/CO[3]
                         net (fo=1, routed)           0.000     5.975    core/m1_reg[result][19]_i_24_n_0
    SLICE_X36Y60         CARRY4 (Prop_carry4_CI_CO[3])
                                                      0.117     6.092 r  core/m1_reg[result][23]_i_21/CO[3]
                         net (fo=1, routed)           0.000     6.092    core/m1_reg[result][23]_i_21_n_0
    SLICE_X36Y61         CARRY4 (Prop_carry4_CI_O[2])
                                                      0.239     6.331 r  core/m1_reg[result][27]_i_18/O[2]
                         net (fo=1, routed)           0.499     6.830    core/m1_reg[result][27]_i_18_n_5
    SLICE_X39Y65         LUT4 (Prop_lut4_I2_O)        0.301     7.131 r  core/m1[result][26]_i_13/O
                         net (fo=1, routed)           0.568     7.700    core/m1[result][26]_i_13_n_0
    SLICE_X45Y64         LUT5 (Prop_lut5_I4_O)        0.124     7.824 r  core/m1[result][26]_i_9/O
                         net (fo=1, routed)           0.765     8.588    core/m1[result][26]_i_9_n_0
    SLICE_X33Y63         LUT6 (Prop_lut6_I0_O)        0.124     8.712 r  core/m1[result][26]_i_4/O
                         net (fo=1, routed)           0.466     9.178    core/m1[result][26]_i_4_n_0
    SLICE_X33Y62         LUT6 (Prop_lut6_I2_O)        0.124     9.302 r  core/m1[result][26]_i_1/O
                         net (fo=1, routed)           0.000     9.302    core/result_return[26]
    SLICE_X33Y62         FDRE                                         r  core/m1_reg[result][26]/D
  -------------------------------------------------------------------    -------------------

                         (clock clk rise edge)       10.000    10.000 r  
                                                      0.000    10.000 r  clk (IN)
                         net (fo=947, unset)          0.924    10.924    core/clk
    SLICE_X33Y62         FDRE                                         r  core/m1_reg[result][26]/C
                         clock pessimism              0.000    10.924    
                         clock uncertainty           -0.035    10.889    
    SLICE_X33Y62         FDRE (Setup_fdre_C_D)        0.029    10.918    core/m1_reg[result][26]
  -------------------------------------------------------------------
                         required time                         10.918    
                         arrival time                          -9.302    
  -------------------------------------------------------------------
                         slack                                  1.616    

Slack (MET) :             1.632ns  (required time - arrival time)
  Source:                 core/fsel1_reg[0]/C
                            (rising edge-triggered cell FDSE clocked by clk  {rise@0.000ns fall@5.000ns period=10.000ns})
  Destination:            core/squash_reg/D
                            (rising edge-triggered cell FDRE clocked by clk  {rise@0.000ns fall@5.000ns period=10.000ns})
  Path Group:             clk
  Path Type:              Setup (Max at Slow Process Corner)
  Requirement:            10.000ns  (clk rise@10.000ns - clk rise@0.000ns)
  Data Path Delay:        8.239ns  (logic 2.080ns (25.245%)  route 6.159ns (74.755%))
  Logic Levels:           8  (CARRY4=2 LUT4=1 LUT5=1 LUT6=4)
  Clock Path Skew:        -0.049ns (DCD - SCD + CPR)
    Destination Clock Delay (DCD):    0.924ns = ( 10.924 - 10.000 ) 
    Source Clock Delay      (SCD):    0.973ns
    Clock Pessimism Removal (CPR):    0.000ns
  Clock Uncertainty:      0.035ns  ((TSJ^2 + TIJ^2)^1/2 + DJ) / 2 + PE
    Total System Jitter     (TSJ):    0.071ns
    Total Input Jitter      (TIJ):    0.000ns
    Discrete Jitter          (DJ):    0.000ns
    Phase Error              (PE):    0.000ns

    Location             Delay type                Incr(ns)  Path(ns)    Netlist Resource(s)
  -------------------------------------------------------------------    -------------------
                         (clock clk rise edge)        0.000     0.000 r  
                                                      0.000     0.000 r  clk (IN)
                         net (fo=947, unset)          0.973     0.973    core/clk
    SLICE_X54Y47         FDSE                                         r  core/fsel1_reg[0]/C
  -------------------------------------------------------------------    -------------------
    SLICE_X54Y47         FDSE (Prop_fdse_C_Q)         0.518     1.491 r  core/fsel1_reg[0]/Q
                         net (fo=32, routed)          1.681     3.172    core/fetch/m1_reg[rs1v][31][0]
    SLICE_X28Y49         LUT4 (Prop_lut4_I1_O)        0.124     3.296 r  core/fetch/d_req_addr[20]_INST_0_i_10/O
                         net (fo=1, routed)           0.566     3.863    core/fetch/d_req_addr[20]_INST_0_i_10_n_0
    SLICE_X32Y49         LUT5 (Prop_lut5_I4_O)        0.124     3.987 r  core/fetch/d_req_addr[20]_INST_0_i_2/O
                         net (fo=30, routed)          1.386     5.373    core/fetch/fsel1_reg[1]_23
    SLICE_X41Y50         LUT6 (Prop_lut6_I0_O)        0.124     5.497 r  core/fetch/m1[writes_rd]_i_70/O
                         net (fo=1, routed)           0.000     5.497    core/fetch/m1[writes_rd]_i_70_n_0
    SLICE_X41Y50         CARRY4 (Prop_carry4_S[3]_CO[3])
                                                      0.401     5.898 r  core/fetch/m1_reg[writes_rd]_i_33/CO[3]
                         net (fo=1, routed)           0.000     5.898    core/fetch/m1_reg[writes_rd]_i_33_n_0
    SLICE_X41Y51         CARRY4 (Prop_carry4_CI_CO[2])
                                                      0.228     6.126 r  core/fetch/m1_reg[writes_rd]_i_9/CO[2]
                         net (fo=1, routed)           0.743     6.869    core/fetch/m1_reg[writes_rd]_i_9_n_1
    SLICE_X39Y52         LUT6 (Prop_lut6_I3_O)        0.313     7.182 r  core/fetch/m1[writes_rd]_i_5/O
                         net (fo=1, routed)           0.756     7.938    core/fetch/m1[writes_rd]_i_5_n_0
    SLICE_X50Y53         LUT6 (Prop_lut6_I3_O)        0.124     8.062 r  core/fetch/m1[writes_rd]_i_3/O
                         net (fo=6, routed)           0.311     8.374    core/fetch/e_taken
    SLICE_X50Y53         LUT6 (Prop_lut6_I4_O)        0.124     8.498 r  core/fetch/squash_i_1/O
                         net (fo=2, routed)           0.715     9.212    core/e_flush
    SLICE_X54Y55         FDRE                                         r  core/squash_reg/D
  -------------------------------------------------------------------    -------------------

                         (clock clk rise edge)       10.000    10.000 r  
                                                      0.000    10.000 r  clk (IN)
                         net (fo=947, unset)          0.924    10.924    core/clk
    SLICE_X54Y55         FDRE                                         r  core/squash_reg/C
                         clock pessimism              0.000    10.924    
                         clock uncertainty           -0.035    10.889    
    SLICE_X54Y55         FDRE (Setup_fdre_C_D)       -0.045    10.844    core/squash_reg
  -------------------------------------------------------------------
                         required time                         10.844    
                         arrival time                          -9.212    
  -------------------------------------------------------------------
                         slack                                  1.632    

Slack (MET) :             1.665ns  (required time - arrival time)
  Source:                 core/fsel2_reg[2]/C
                            (rising edge-triggered cell FDRE clocked by clk  {rise@0.000ns fall@5.000ns period=10.000ns})
  Destination:            core/m1_reg[result][30]/D
                            (rising edge-triggered cell FDRE clocked by clk  {rise@0.000ns fall@5.000ns period=10.000ns})
  Path Group:             clk
  Path Type:              Setup (Max at Slow Process Corner)
  Requirement:            10.000ns  (clk rise@10.000ns - clk rise@0.000ns)
  Data Path Delay:        8.282ns  (logic 3.245ns (39.180%)  route 5.037ns (60.820%))
  Logic Levels:           15  (CARRY4=8 LUT2=1 LUT3=1 LUT4=1 LUT5=2 LUT6=2)
  Clock Path Skew:        -0.049ns (DCD - SCD + CPR)
    Destination Clock Delay (DCD):    0.924ns = ( 10.924 - 10.000 ) 
    Source Clock Delay      (SCD):    0.973ns
    Clock Pessimism Removal (CPR):    0.000ns
  Clock Uncertainty:      0.035ns  ((TSJ^2 + TIJ^2)^1/2 + DJ) / 2 + PE
    Total System Jitter     (TSJ):    0.071ns
    Total Input Jitter      (TIJ):    0.000ns
    Discrete Jitter          (DJ):    0.000ns
    Phase Error              (PE):    0.000ns

    Location             Delay type                Incr(ns)  Path(ns)    Netlist Resource(s)
  -------------------------------------------------------------------    -------------------
                         (clock clk rise edge)        0.000     0.000 r  
                                                      0.000     0.000 r  clk (IN)
                         net (fo=947, unset)          0.973     0.973    core/clk
    SLICE_X58Y49         FDRE                                         r  core/fsel2_reg[2]/C
  -------------------------------------------------------------------    -------------------
    SLICE_X58Y49         FDRE (Prop_fdre_C_Q)         0.518     1.491 r  core/fsel2_reg[2]/Q
                         net (fo=38, routed)          1.329     2.820    core/fetch/m1_reg[rs2v][31]_2[2]
    SLICE_X45Y48         LUT5 (Prop_lut5_I2_O)        0.124     2.944 r  core/fetch/d_req_wdata[0]_INST_0/O
                         net (fo=18, routed)          0.896     3.840    core/fsel2_reg[1]_7
    SLICE_X45Y55         LUT3 (Prop_lut3_I2_O)        0.150     3.990 r  core/m1[result][28]_i_9/O
                         net (fo=13, routed)          0.678     4.668    core/p_0_in2_in[0]
    SLICE_X36Y55         LUT2 (Prop_lut2_I1_O)        0.326     4.994 r  core/m1[result][1]_i_13/O
                         net (fo=1, routed)           0.000     4.994    core/m1[result][1]_i_13_n_0
    SLICE_X36Y55         CARRY4 (Prop_carry4_S[0]_CO[3])
                                                      0.513     5.507 r  core/m1_reg[result][1]_i_4/CO[3]
                         net (fo=1, routed)           0.000     5.507    core/m1_reg[result][1]_i_4_n_0
    SLICE_X36Y56         CARRY4 (Prop_carry4_CI_CO[3])
                                                      0.117     5.624 r  core/m1_reg[result][7]_i_15/CO[3]
                         net (fo=1, routed)           0.000     5.624    core/m1_reg[result][7]_i_15_n_0
    SLICE_X36Y57         CARRY4 (Prop_carry4_CI_CO[3])
                                                      0.117     5.741 r  core/m1_reg[result][11]_i_19/CO[3]
                         net (fo=1, routed)           0.000     5.741    core/m1_reg[result][11]_i_19_n_0
    SLICE_X36Y58         CARRY4 (Prop_carry4_CI_CO[3])
                                                      0.117     5.858 r  core/m1_reg[result][15]_i_26/CO[3]
                         net (fo=1, routed)           0.000     5.858    core/m1_reg[result][15]_i_26_n_0
    SLICE_X36Y59         CARRY4 (Prop_carry4_CI_CO[3])
                                                      0.117     5.975 r  core/m1_reg[result][19]_i_24/CO[3]
                         net (fo=1, routed)           0.000     5.975    core/m1_reg[result][19]_i_24_n_0
    SLICE_X36Y60         CARRY4 (Prop_carry4_CI_CO[3])
                                                      0.117     6.092 r  core/m1_reg[result][23]_i_21/CO[3]
                         net (fo=1, routed)           0.000     6.092    core/m1_reg[result][23]_i_21_n_0
    SLICE_X36Y61         CARRY4 (Prop_carry4_CI_CO[3])
                                                      0.117     6.209 r  core/m1_reg[result][27]_i_18/CO[3]
                         net (fo=1, routed)           0.000     6.209    core/m1_reg[result][27]_i_18_n_0
    SLICE_X36Y62         CARRY4 (Prop_carry4_CI_O[2])
                                                      0.239     6.448 r  core/m1_reg[result][31]_i_18/O[2]
                         net (fo=1, routed)           0.575     7.023    core/m1_reg[result][31]_i_18_n_5
    SLICE_X39Y64         LUT4 (Prop_lut4_I2_O)        0.301     7.324 r  core/m1[result][30]_i_27/O
                         net (fo=1, routed)           0.450     7.775    core/m1[result][30]_i_27_n_0
    SLICE_X44Y64         LUT5 (Prop_lut5_I4_O)        0.124     7.899 r  core/m1[result][30]_i_20/O
                         net (fo=1, routed)           0.644     8.543    core/m1[result][30]_i_20_n_0
    SLICE_X35Y63         LUT6 (Prop_lut6_I5_O)        0.124     8.667 r  core/m1[result][30]_i_6/O
                         net (fo=1, routed)           0.464     9.131    core/m1[result][30]_i_6_n_0
    SLICE_X33Y61         LUT6 (Prop_lut6_I5_O)        0.124     9.255 r  core/m1[result][30]_i_1/O
                         net (fo=1, routed)           0.000     9.255    core/result_return[30]
    SLICE_X33Y61         FDRE                                         r  core/m1_reg[result][30]/D
  -------------------------------------------------------------------    -------------------

                         (clock clk rise edge)       10.000    10.000 r  
                                                      0.000    10.000 r  clk (IN)
                         net (fo=947, unset)          0.924    10.924    core/clk
    SLICE_X33Y61         FDRE                                         r  core/m1_reg[result][30]/C
                         clock pessimism              0.000    10.924    
                         clock uncertainty           -0.035    10.889    
    SLICE_X33Y61         FDRE (Setup_fdre_C_D)        0.031    10.920    core/m1_reg[result][30]
  -------------------------------------------------------------------
                         required time                         10.920    
                         arrival time                          -9.255    
  -------------------------------------------------------------------
                         slack                                  1.665    

Slack (MET) :             1.738ns  (required time - arrival time)
  Source:                 core/fsel2_reg[2]/C
                            (rising edge-triggered cell FDRE clocked by clk  {rise@0.000ns fall@5.000ns period=10.000ns})
  Destination:            core/m1_reg[result][16]/D
                            (rising edge-triggered cell FDRE clocked by clk  {rise@0.000ns fall@5.000ns period=10.000ns})
  Path Group:             clk
  Path Type:              Setup (Max at Slow Process Corner)
  Requirement:            10.000ns  (clk rise@10.000ns - clk rise@0.000ns)
  Data Path Delay:        8.207ns  (logic 2.868ns (34.945%)  route 5.339ns (65.055%))
  Logic Levels:           12  (CARRY4=5 LUT2=1 LUT3=1 LUT4=1 LUT5=2 LUT6=2)
  Clock Path Skew:        -0.049ns (DCD - SCD + CPR)
    Destination Clock Delay (DCD):    0.924ns = ( 10.924 - 10.000 ) 
    Source Clock Delay      (SCD):    0.973ns
    Clock Pessimism Removal (CPR):    0.000ns
  Clock Uncertainty:      0.035ns  ((TSJ^2 + TIJ^2)^1/2 + DJ) / 2 + PE
    Total System Jitter     (TSJ):    0.071ns
    Total Input Jitter      (TIJ):    0.000ns
    Discrete Jitter          (DJ):    0.000ns
    Phase Error              (PE):    0.000ns

    Location             Delay type                Incr(ns)  Path(ns)    Netlist Resource(s)
  -------------------------------------------------------------------    -------------------
                         (clock clk rise edge)        0.000     0.000 r  
                                                      0.000     0.000 r  clk (IN)
                         net (fo=947, unset)          0.973     0.973    core/clk
    SLICE_X58Y49         FDRE                                         r  core/fsel2_reg[2]/C
  -------------------------------------------------------------------    -------------------
    SLICE_X58Y49         FDRE (Prop_fdre_C_Q)         0.518     1.491 r  core/fsel2_reg[2]/Q
                         net (fo=38, routed)          1.329     2.820    core/fetch/m1_reg[rs2v][31]_2[2]
    SLICE_X45Y48         LUT5 (Prop_lut5_I2_O)        0.124     2.944 r  core/fetch/d_req_wdata[0]_INST_0/O
                         net (fo=18, routed)          0.896     3.840    core/fsel2_reg[1]_7
    SLICE_X45Y55         LUT3 (Prop_lut3_I2_O)        0.150     3.990 r  core/m1[result][28]_i_9/O
                         net (fo=13, routed)          0.678     4.668    core/p_0_in2_in[0]
    SLICE_X36Y55         LUT2 (Prop_lut2_I1_O)        0.326     4.994 r  core/m1[result][1]_i_13/O
                         net (fo=1, routed)           0.000     4.994    core/m1[result][1]_i_13_n_0
    SLICE_X36Y55         CARRY4 (Prop_carry4_S[0]_CO[3])
                                                      0.513     5.507 r  core/m1_reg[result][1]_i_4/CO[3]
                         net (fo=1, routed)           0.000     5.507    core/m1_reg[result][1]_i_4_n_0
    SLICE_X36Y56         CARRY4 (Prop_carry4_CI_CO[3])
                                                      0.117     5.624 r  core/m1_reg[result][7]_i_15/CO[3]
                         net (fo=1, routed)           0.000     5.624    core/m1_reg[result][7]_i_15_n_0
    SLICE_X36Y57         CARRY4 (Prop_carry4_CI_CO[3])
                                                      0.117     5.741 r  core/m1_reg[result][11]_i_19/CO[3]
                         net (fo=1, routed)           0.000     5.741    core/m1_reg[result][11]_i_19_n_0
    SLICE_X36Y58         CARRY4 (Prop_carry4_CI_CO[3])
                                                      0.117     5.858 r  core/m1_reg[result][15]_i_26/CO[3]
                         net (fo=1, routed)           0.000     5.858    core/m1_reg[result][15]_i_26_n_0
    SLICE_X36Y59         CARRY4 (Prop_carry4_CI_O[0])
                                                      0.219     6.077 r  core/m1_reg[result][19]_i_24/O[0]
                         net (fo=1, routed)           0.578     6.655    core/m1_reg[result][19]_i_24_n_7
    SLICE_X41Y59         LUT4 (Prop_lut4_I2_O)        0.295     6.950 r  core/m1[result][16]_i_14/O
                         net (fo=1, routed)           0.471     7.421    core/m1[result][16]_i_14_n_0
    SLICE_X44Y59         LUT5 (Prop_lut5_I4_O)        0.124     7.545 r  core/m1[result][16]_i_8/O
                         net (fo=1, routed)           0.900     8.445    core/m1[result][16]_i_8_n_0
    SLICE_X31Y60         LUT6 (Prop_lut6_I0_O)        0.124     8.569 r  core/m1[result][16]_i_4/O
                         net (fo=1, routed)           0.488     9.056    core/m1[result][16]_i_4_n_0
    SLICE_X31Y58         LUT6 (Prop_lut6_I2_O)        0.124     9.180 r  core/m1[result][16]_i_1/O
                         net (fo=1, routed)           0.000     9.180    core/result_return[16]
    SLICE_X31Y58         FDRE                                         r  core/m1_reg[result][16]/D
  -------------------------------------------------------------------    -------------------

                         (clock clk rise edge)       10.000    10.000 r  
                                                      0.000    10.000 r  clk (IN)
                         net (fo=947, unset)          0.924    10.924    core/clk
    SLICE_X31Y58         FDRE                                         r  core/m1_reg[result][16]/C
                         clock pessimism              0.000    10.924    
                         clock uncertainty           -0.035    10.889    
    SLICE_X31Y58         FDRE (Setup_fdre_C_D)        0.029    10.918    core/m1_reg[result][16]
  -------------------------------------------------------------------
                         required time                         10.918    
                         arrival time                          -9.180    
  -------------------------------------------------------------------
                         slack                                  1.738    

Slack (MET) :             1.745ns  (required time - arrival time)
  Source:                 core/fsel2_reg[2]/C
                            (rising edge-triggered cell FDRE clocked by clk  {rise@0.000ns fall@5.000ns period=10.000ns})
  Destination:            core/m1_reg[result][14]/D
                            (rising edge-triggered cell FDRE clocked by clk  {rise@0.000ns fall@5.000ns period=10.000ns})
  Path Group:             clk
  Path Type:              Setup (Max at Slow Process Corner)
  Requirement:            10.000ns  (clk rise@10.000ns - clk rise@0.000ns)
  Data Path Delay:        8.200ns  (logic 2.777ns (33.865%)  route 5.423ns (66.135%))
  Logic Levels:           11  (CARRY4=4 LUT2=1 LUT3=1 LUT4=1 LUT5=2 LUT6=2)
  Clock Path Skew:        -0.049ns (DCD - SCD + CPR)
    Destination Clock Delay (DCD):    0.924ns = ( 10.924 - 10.000 ) 
    Source Clock Delay      (SCD):    0.973ns
    Clock Pessimism Removal (CPR):    0.000ns
  Clock Uncertainty:      0.035ns  ((TSJ^2 + TIJ^2)^1/2 + DJ) / 2 + PE
    Total System Jitter     (TSJ):    0.071ns
    Total Input Jitter      (TIJ):    0.000ns
    Discrete Jitter          (DJ):    0.000ns
    Phase Error              (PE):    0.000ns

    Location             Delay type                Incr(ns)  Path(ns)    Netlist Resource(s)
  -------------------------------------------------------------------    -------------------
                         (clock clk rise edge)        0.000     0.000 r  
                                                      0.000     0.000 r  clk (IN)
                         net (fo=947, unset)          0.973     0.973    core/clk
    SLICE_X58Y49         FDRE                                         r  core/fsel2_reg[2]/C
  -------------------------------------------------------------------    -------------------
    SLICE_X58Y49         FDRE (Prop_fdre_C_Q)         0.518     1.491 r  core/fsel2_reg[2]/Q
                         net (fo=38, routed)          1.329     2.820    core/fetch/m1_reg[rs2v][31]_2[2]
    SLICE_X45Y48         LUT5 (Prop_lut5_I2_O)        0.124     2.944 r  core/fetch/d_req_wdata[0]_INST_0/O
                         net (fo=18, routed)          0.896     3.840    core/fsel2_reg[1]_7
    SLICE_X45Y55         LUT3 (Prop_lut3_I2_O)        0.150     3.990 r  core/m1[result][28]_i_9/O
                         net (fo=13, routed)          0.678     4.668    core/p_0_in2_in[0]
    SLICE_X36Y55         LUT2 (Prop_lut2_I1_O)        0.326     4.994 r  core/m1[result][1]_i_13/O
                         net (fo=1, routed)           0.000     4.994    core/m1[result][1]_i_13_n_0
    SLICE_X36Y55         CARRY4 (Prop_carry4_S[0]_CO[3])
                                                      0.513     5.507 r  core/m1_reg[result][1]_i_4/CO[3]
                         net (fo=1, routed)           0.000     5.507    core/m1_reg[result][1]_i_4_n_0
    SLICE_X36Y56         CARRY4 (Prop_carry4_CI_CO[3])
                                                      0.117     5.624 r  core/m1_reg[result][7]_i_15/CO[3]
                         net (fo=1, routed)           0.000     5.624    core/m1_reg[result][7]_i_15_n_0
    SLICE_X36Y57         CARRY4 (Prop_carry4_CI_CO[3])
                                                      0.117     5.741 r  core/m1_reg[result][11]_i_19/CO[3]
                         net (fo=1, routed)           0.000     5.741    core/m1_reg[result][11]_i_19_n_0
    SLICE_X36Y58         CARRY4 (Prop_carry4_CI_O[2])
                                                      0.239     5.980 r  core/m1_reg[result][15]_i_26/O[2]
                         net (fo=1, routed)           0.560     6.540    core/m1_reg[result][15]_i_26_n_5
    SLICE_X41Y60         LUT4 (Prop_lut4_I2_O)        0.301     6.841 r  core/m1[result][14]_i_12/O
                         net (fo=1, routed)           0.462     7.303    core/m1[result][14]_i_12_n_0
    SLICE_X48Y60         LUT5 (Prop_lut5_I4_O)        0.124     7.427 r  core/m1[result][14]_i_8/O
                         net (fo=1, routed)           1.056     8.483    core/m1[result][14]_i_8_n_0
    SLICE_X31Y58         LUT6 (Prop_lut6_I0_O)        0.124     8.607 r  core/m1[result][14]_i_4/O
                         net (fo=1, routed)           0.443     9.049    core/m1[result][14]_i_4_n_0
    SLICE_X29Y56         LUT6 (Prop_lut6_I2_O)        0.124     9.173 r  core/m1[result][14]_i_1/O
                         net (fo=1, routed)           0.000     9.173    core/result_return[14]
    SLICE_X29Y56         FDRE                                         r  core/m1_reg[result][14]/D
  -------------------------------------------------------------------    -------------------

                         (clock clk rise edge)       10.000    10.000 r  
                                                      0.000    10.000 r  clk (IN)
                         net (fo=947, unset)          0.924    10.924    core/clk
    SLICE_X29Y56         FDRE                                         r  core/m1_reg[result][14]/C
                         clock pessimism              0.000    10.924    
                         clock uncertainty           -0.035    10.889    
    SLICE_X29Y56         FDRE (Setup_fdre_C_D)        0.029    10.918    core/m1_reg[result][14]
  -------------------------------------------------------------------
                         required time                         10.918    
                         arrival time                          -9.173    
  -------------------------------------------------------------------
                         slack                                  1.745    

Slack (MET) :             1.750ns  (required time - arrival time)
  Source:                 core/fsel2_reg[2]/C
                            (rising edge-triggered cell FDRE clocked by clk  {rise@0.000ns fall@5.000ns period=10.000ns})
  Destination:            core/m1_reg[result][25]/D
                            (rising edge-triggered cell FDRE clocked by clk  {rise@0.000ns fall@5.000ns period=10.000ns})
  Path Group:             clk
  Path Type:              Setup (Max at Slow Process Corner)
  Requirement:            10.000ns  (clk rise@10.000ns - clk rise@0.000ns)
  Data Path Delay:        8.243ns  (logic 3.217ns (39.025%)  route 5.026ns (60.975%))
  Logic Levels:           14  (CARRY4=7 LUT2=1 LUT3=1 LUT4=2 LUT5=2 LUT6=1)
  Clock Path Skew:        -0.049ns (DCD - SCD + CPR)
    Destination Clock Delay (DCD):    0.924ns = ( 10.924 - 10.000 ) 
    Source Clock Delay      (SCD):    0.973ns
    Clock Pessimism Removal (CPR):    0.000ns
  Clock Uncertainty:      0.035ns  ((TSJ^2 + TIJ^2)^1/2 + DJ) / 2 + PE
    Total System Jitter     (TSJ):    0.071ns
    Total Input Jitter      (TIJ):    0.000ns
    Discrete Jitter          (DJ):    0.000ns
    Phase Error              (PE):    0.000ns

    Location             Delay type                Incr(ns)  Path(ns)    Netlist Resource(s)
  -------------------------------------------------------------------    -------------------
                         (clock clk rise edge)        0.000     0.000 r  
                                                      0.000     0.000 r  clk (IN)
                         net (fo=947, unset)          0.973     0.973    core/clk
    SLICE_X58Y49         FDRE                                         r  core/fsel2_reg[2]/C
  -------------------------------------------------------------------    -------------------
    SLICE_X58Y49         FDRE (Prop_fdre_C_Q)         0.518     1.491 r  core/fsel2_reg[2]/Q
                         net (fo=38, routed)          1.329     2.820    core/fetch/m1_reg[rs2v][31]_2[2]
    SLICE_X45Y48         LUT5 (Prop_lut5_I2_O)        0.124     2.944 r  core/fetch/d_req_wdata[0]_INST_0/O
                         net (fo=18, routed)          0.896     3.840    core/fsel2_reg[1]_7
    SLICE_X45Y55         LUT3 (Prop_lut3_I2_O)        0.150     3.990 r  core/m1[result][28]_i_9/O
                         net (fo=13, routed)          0.678     4.668    core/p_0_in2_in[0]
    SLICE_X36Y55         LUT2 (Prop_lut2_I1_O)        0.326     4.994 r  core/m1[result][1]_i_13/O
                         net (fo=1, routed)           0.000     4.994    core/m1[result][1]_i_13_n_0
    SLICE_X36Y55         CARRY4 (Prop_carry4_S[0]_CO[3])
                                                      0.513     5.507 r  core/m1_reg[result][1]_i_4/CO[3]
                         net (fo=1, routed)           0.000     5.507    core/m1_reg[result][1]_i_4_n_0
    SLICE_X36Y56         CARRY4 (Prop_carry4_CI_CO[3])
                                                      0.117     5.624 r  core/m1_reg[result][7]_i_15/CO[3]
                         net (fo=1, routed)           0.000     5.624    core/m1_reg[result][7]_i_15_n_0
    SLICE_X36Y57         CARRY4 (Prop_carry4_CI_CO[3])
                                                      0.117     5.741 r  core/m1_reg[result][11]_i_19/CO[3]
                         net (fo=1, routed)           0.000     5.741    core/m1_reg[result][11]_i_19_n_0
    SLICE_X36Y58         CARRY4 (Prop_carry4_CI_CO[3])
                                                      0.117     5.858 r  core/m1_reg[result][15]_i_26/CO[3]
                         net (fo=1, routed)           0.000     5.858    core/m1_reg[result][15]_i_26_n_0
    SLICE_X36Y59         CARRY4 (Prop_carry4_CI_CO[3])
                                                      0.117     5.975 r  core/m1_reg[result][19]_i_24/CO[3]
                         net (fo=1, routed)           0.000     5.975    core/m1_reg[result][19]_i_24_n_0
    SLICE_X36Y60         CARRY4 (Prop_carry4_CI_CO[3])
                                                      0.117     6.092 r  core/m1_reg[result][23]_i_21/CO[3]
                         net (fo=1, routed)           0.000     6.092    core/m1_reg[result][23]_i_21_n_0
    SLICE_X36Y61         CARRY4 (Prop_carry4_CI_O[1])
                                                      0.323     6.415 r  core/m1_reg[result][27]_i_18/O[1]
                         net (fo=1, routed)           0.433     6.848    core/m1_reg[result][27]_i_18_n_6
    SLICE_X37Y64         LUT4 (Prop_lut4_I2_O)        0.306     7.154 r  core/m1[result][25]_i_13/O
                         net (fo=1, routed)           0.627     7.781    core/m1[result][25]_i_13_n_0
    SLICE_X45Y64         LUT5 (Prop_lut5_I4_O)        0.124     7.905 r  core/m1[result][25]_i_7/O
                         net (fo=1, routed)           0.662     8.567    core/m1[result][25]_i_7_n_0
    SLICE_X33Y63         LUT6 (Prop_lut6_I0_O)        0.124     8.691 r  core/m1[result][25]_i_4/O
                         net (fo=1, routed)           0.401     9.092    core/m1[result][25]_i_4_n_0
    SLICE_X30Y63         LUT4 (Prop_lut4_I2_O)        0.124     9.216 r  core/m1[result][25]_i_1/O
                         net (fo=1, routed)           0.000     9.216    core/result_return[25]
    SLICE_X30Y63         FDRE                                         r  core/m1_reg[result][25]/D
  -------------------------------------------------------------------    -------------------

                         (clock clk rise edge)       10.000    10.000 r  
                                                      0.000    10.000 r  clk (IN)
                         net (fo=947, unset)          0.924    10.924    core/clk
    SLICE_X30Y63         FDRE                                         r  core/m1_reg[result][25]/C
                         clock pessimism              0.000    10.924    
                         clock uncertainty           -0.035    10.889    
    SLICE_X30Y63         FDRE (Setup_fdre_C_D)        0.077    10.966    core/m1_reg[result][25]
  -------------------------------------------------------------------
                         required time                         10.966    
                         arrival time                          -9.216    
  -------------------------------------------------------------------
                         slack                                  1.750    





Min Delay Paths
--------------------------------------------------------------------------------------
Slack (MET) :             0.095ns  (arrival time - required time)
  Source:                 core/fetch/rsp_pc_reg[20]/C
                            (rising edge-triggered cell FDRE clocked by clk  {rise@0.000ns fall@5.000ns period=10.000ns})
  Destination:            core/fetch/buf_pc_reg_0_3_18_23/RAMA/I
                            (rising edge-triggered cell RAMD32 clocked by clk  {rise@0.000ns fall@5.000ns period=10.000ns})
  Path Group:             clk
  Path Type:              Hold (Min at Fast Process Corner)
  Requirement:            0.000ns  (clk rise@0.000ns - clk rise@0.000ns)
  Data Path Delay:        0.263ns  (logic 0.141ns (53.584%)  route 0.122ns (46.416%))
  Logic Levels:           0  
  Clock Path Skew:        0.022ns (DCD - SCD - CPR)
    Destination Clock Delay (DCD):    0.432ns
    Source Clock Delay      (SCD):    0.410ns
    Clock Pessimism Removal (CPR):    -0.000ns

    Location             Delay type                Incr(ns)  Path(ns)    Netlist Resource(s)
  -------------------------------------------------------------------    -------------------
                         (clock clk rise edge)        0.000     0.000 r  
                                                      0.000     0.000 r  clk (IN)
                         net (fo=947, unset)          0.410     0.410    core/fetch/clk
    SLICE_X51Y63         FDRE                                         r  core/fetch/rsp_pc_reg[20]/C
  -------------------------------------------------------------------    -------------------
    SLICE_X51Y63         FDRE (Prop_fdre_C_Q)         0.141     0.551 r  core/fetch/rsp_pc_reg[20]/Q
                         net (fo=4, routed)           0.122     0.673    core/fetch/buf_pc_reg_0_3_18_23/DIA0
    SLICE_X50Y64         RAMD32                                       r  core/fetch/buf_pc_reg_0_3_18_23/RAMA/I
  -------------------------------------------------------------------    -------------------

                         (clock clk rise edge)        0.000     0.000 r  
                                                      0.000     0.000 r  clk (IN)
                         net (fo=947, unset)          0.432     0.432    core/fetch/buf_pc_reg_0_3_18_23/WCLK
    SLICE_X50Y64         RAMD32                                       r  core/fetch/buf_pc_reg_0_3_18_23/RAMA/CLK
                         clock pessimism              0.000     0.432    
    SLICE_X50Y64         RAMD32 (Hold_ramd32_CLK_I)
                                                      0.147     0.579    core/fetch/buf_pc_reg_0_3_18_23/RAMA
  -------------------------------------------------------------------
                         required time                         -0.579    
                         arrival time                           0.673    
  -------------------------------------------------------------------
                         slack                                  0.095    

Slack (MET) :             0.106ns  (arrival time - required time)
  Source:                 core/w_reg[result][18]/C
                            (rising edge-triggered cell FDRE clocked by clk  {rise@0.000ns fall@5.000ns period=10.000ns})
  Destination:            core/rf_reg_r1_0_31_18_23/RAMA/I
                            (rising edge-triggered cell RAMD32 clocked by clk  {rise@0.000ns fall@5.000ns period=10.000ns})
  Path Group:             clk
  Path Type:              Hold (Min at Fast Process Corner)
  Requirement:            0.000ns  (clk rise@0.000ns - clk rise@0.000ns)
  Data Path Delay:        0.274ns  (logic 0.141ns (51.415%)  route 0.133ns (48.585%))
  Logic Levels:           0  
  Clock Path Skew:        0.022ns (DCD - SCD - CPR)
    Destination Clock Delay (DCD):    0.432ns
    Source Clock Delay      (SCD):    0.410ns
    Clock Pessimism Removal (CPR):    -0.000ns

    Location             Delay type                Incr(ns)  Path(ns)    Netlist Resource(s)
  -------------------------------------------------------------------    -------------------
                         (clock clk rise edge)        0.000     0.000 r  
                                                      0.000     0.000 r  clk (IN)
                         net (fo=947, unset)          0.410     0.410    core/clk
    SLICE_X31Y46         FDRE                                         r  core/w_reg[result][18]/C
  -------------------------------------------------------------------    -------------------
    SLICE_X31Y46         FDRE (Prop_fdre_C_Q)         0.141     0.551 r  core/w_reg[result][18]/Q
                         net (fo=6, routed)           0.133     0.684    core/rf_reg_r1_0_31_18_23/DIA0
    SLICE_X30Y47         RAMD32                                       r  core/rf_reg_r1_0_31_18_23/RAMA/I
  -------------------------------------------------------------------    -------------------

                         (clock clk rise edge)        0.000     0.000 r  
                                                      0.000     0.000 r  clk (IN)
                         net (fo=947, unset)          0.432     0.432    core/rf_reg_r1_0_31_18_23/WCLK
    SLICE_X30Y47         RAMD32                                       r  core/rf_reg_r1_0_31_18_23/RAMA/CLK
                         clock pessimism              0.000     0.432    
    SLICE_X30Y47         RAMD32 (Hold_ramd32_CLK_I)
                                                      0.147     0.579    core/rf_reg_r1_0_31_18_23/RAMA
  -------------------------------------------------------------------
                         required time                         -0.579    
                         arrival time                           0.684    
  -------------------------------------------------------------------
                         slack                                  0.106    

Slack (MET) :             0.107ns  (arrival time - required time)
  Source:                 core/fetch/rsp_pc_reg[14]/C
                            (rising edge-triggered cell FDRE clocked by clk  {rise@0.000ns fall@5.000ns period=10.000ns})
  Destination:            core/fetch/buf_pc_reg_0_3_12_17/RAMA/I
                            (rising edge-triggered cell RAMD32 clocked by clk  {rise@0.000ns fall@5.000ns period=10.000ns})
  Path Group:             clk
  Path Type:              Hold (Min at Fast Process Corner)
  Requirement:            0.000ns  (clk rise@0.000ns - clk rise@0.000ns)
  Data Path Delay:        0.275ns  (logic 0.141ns (51.210%)  route 0.134ns (48.790%))
  Logic Levels:           0  
  Clock Path Skew:        0.022ns (DCD - SCD - CPR)
    Destination Clock Delay (DCD):    0.432ns
    Source Clock Delay      (SCD):    0.410ns
    Clock Pessimism Removal (CPR):    -0.000ns

    Location             Delay type                Incr(ns)  Path(ns)    Netlist Resource(s)
  -------------------------------------------------------------------    -------------------
                         (clock clk rise edge)        0.000     0.000 r  
                                                      0.000     0.000 r  clk (IN)
                         net (fo=947, unset)          0.410     0.410    core/fetch/clk
    SLICE_X51Y62         FDRE                                         r  core/fetch/rsp_pc_reg[14]/C
  -------------------------------------------------------------------    -------------------
    SLICE_X51Y62         FDRE (Prop_fdre_C_Q)         0.141     0.551 r  core/fetch/rsp_pc_reg[14]/Q
                         net (fo=4, routed)           0.134     0.685    core/fetch/buf_pc_reg_0_3_12_17/DIA0
    SLICE_X50Y63         RAMD32                                       r  core/fetch/buf_pc_reg_0_3_12_17/RAMA/I
  -------------------------------------------------------------------    -------------------

                         (clock clk rise edge)        0.000     0.000 r  
                                                      0.000     0.000 r  clk (IN)
                         net (fo=947, unset)          0.432     0.432    core/fetch/buf_pc_reg_0_3_12_17/WCLK
    SLICE_X50Y63         RAMD32                                       r  core/fetch/buf_pc_reg_0_3_12_17/RAMA/CLK
                         clock pessimism              0.000     0.432    
    SLICE_X50Y63         RAMD32 (Hold_ramd32_CLK_I)
                                                      0.147     0.579    core/fetch/buf_pc_reg_0_3_12_17/RAMA
  -------------------------------------------------------------------
                         required time                         -0.579    
                         arrival time                           0.685    
  -------------------------------------------------------------------
                         slack                                  0.107    

Slack (MET) :             0.114ns  (arrival time - required time)
  Source:                 core/fetch/rsp_pc_reg[4]/C
                            (rising edge-triggered cell FDRE clocked by clk  {rise@0.000ns fall@5.000ns period=10.000ns})
  Destination:            core/fetch/buf_pc_reg_0_3_0_5/RAMB/I
                            (rising edge-triggered cell RAMD32 clocked by clk  {rise@0.000ns fall@5.000ns period=10.000ns})
  Path Group:             clk
  Path Type:              Hold (Min at Fast Process Corner)
  Requirement:            0.000ns  (clk rise@0.000ns - clk rise@0.000ns)
  Data Path Delay:        0.281ns  (logic 0.141ns (50.089%)  route 0.140ns (49.911%))
  Logic Levels:           0  
  Clock Path Skew:        0.022ns (DCD - SCD - CPR)
    Destination Clock Delay (DCD):    0.432ns
    Source Clock Delay      (SCD):    0.410ns
    Clock Pessimism Removal (CPR):    -0.000ns

    Location             Delay type                Incr(ns)  Path(ns)    Netlist Resource(s)
  -------------------------------------------------------------------    -------------------
                         (clock clk rise edge)        0.000     0.000 r  
                                                      0.000     0.000 r  clk (IN)
                         net (fo=947, unset)          0.410     0.410    core/fetch/clk
    SLICE_X51Y60         FDRE                                         r  core/fetch/rsp_pc_reg[4]/C
  -------------------------------------------------------------------    -------------------
    SLICE_X51Y60         FDRE (Prop_fdre_C_Q)         0.141     0.551 r  core/fetch/rsp_pc_reg[4]/Q
                         net (fo=3, routed)           0.140     0.692    core/fetch/buf_pc_reg_0_3_0_5/DIB0
    SLICE_X50Y60         RAMD32                                       r  core/fetch/buf_pc_reg_0_3_0_5/RAMB/I
  -------------------------------------------------------------------    -------------------

                         (clock clk rise edge)        0.000     0.000 r  
                                                      0.000     0.000 r  clk (IN)
                         net (fo=947, unset)          0.432     0.432    core/fetch/buf_pc_reg_0_3_0_5/WCLK
    SLICE_X50Y60         RAMD32                                       r  core/fetch/buf_pc_reg_0_3_0_5/RAMB/CLK
                         clock pessimism              0.000     0.432    
    SLICE_X50Y60         RAMD32 (Hold_ramd32_CLK_I)
                                                      0.146     0.578    core/fetch/buf_pc_reg_0_3_0_5/RAMB
  -------------------------------------------------------------------
                         required time                         -0.578    
                         arrival time                           0.692    
  -------------------------------------------------------------------
                         slack                                  0.114    

Slack (MET) :             0.121ns  (arrival time - required time)
  Source:                 core/w_reg[result][18]/C
                            (rising edge-triggered cell FDRE clocked by clk  {rise@0.000ns fall@5.000ns period=10.000ns})
  Destination:            core/rf_reg_r2_0_31_18_23/RAMA/I
                            (rising edge-triggered cell RAMD32 clocked by clk  {rise@0.000ns fall@5.000ns period=10.000ns})
  Path Group:             clk
  Path Type:              Hold (Min at Fast Process Corner)
  Requirement:            0.000ns  (clk rise@0.000ns - clk rise@0.000ns)
  Data Path Delay:        0.290ns  (logic 0.141ns (48.692%)  route 0.149ns (51.308%))
  Logic Levels:           0  
  Clock Path Skew:        0.022ns (DCD - SCD - CPR)
    Destination Clock Delay (DCD):    0.432ns
    Source Clock Delay      (SCD):    0.410ns
    Clock Pessimism Removal (CPR):    -0.000ns

    Location             Delay type                Incr(ns)  Path(ns)    Netlist Resource(s)
  -------------------------------------------------------------------    -------------------
                         (clock clk rise edge)        0.000     0.000 r  
                                                      0.000     0.000 r  clk (IN)
                         net (fo=947, unset)          0.410     0.410    core/clk
    SLICE_X31Y46         FDRE                                         r  core/w_reg[result][18]/C
  -------------------------------------------------------------------    -------------------
    SLICE_X31Y46         FDRE (Prop_fdre_C_Q)         0.141     0.551 r  core/w_reg[result][18]/Q
                         net (fo=6, routed)           0.149     0.700    core/rf_reg_r2_0_31_18_23/DIA0
    SLICE_X30Y48         RAMD32                                       r  core/rf_reg_r2_0_31_18_23/RAMA/I
  -------------------------------------------------------------------    -------------------

                         (clock clk rise edge)        0.000     0.000 r  
                                                      0.000     0.000 r  clk (IN)
                         net (fo=947, unset)          0.432     0.432    core/rf_reg_r2_0_31_18_23/WCLK
    SLICE_X30Y48         RAMD32                                       r  core/rf_reg_r2_0_31_18_23/RAMA/CLK
                         clock pessimism              0.000     0.432    
    SLICE_X30Y48         RAMD32 (Hold_ramd32_CLK_I)
                                                      0.147     0.579    core/rf_reg_r2_0_31_18_23/RAMA
  -------------------------------------------------------------------
                         required time                         -0.579    
                         arrival time                           0.700    
  -------------------------------------------------------------------
                         slack                                  0.121    

Slack (MET) :             0.122ns  (arrival time - required time)
  Source:                 core/d_pc_reg[10]/C
                            (rising edge-triggered cell FDRE clocked by clk  {rise@0.000ns fall@5.000ns period=10.000ns})
  Destination:            core/e_pc_reg[10]/D
                            (rising edge-triggered cell FDRE clocked by clk  {rise@0.000ns fall@5.000ns period=10.000ns})
  Path Group:             clk
  Path Type:              Hold (Min at Fast Process Corner)
  Requirement:            0.000ns  (clk rise@0.000ns - clk rise@0.000ns)
  Data Path Delay:        0.228ns  (logic 0.141ns (61.814%)  route 0.087ns (38.186%))
  Logic Levels:           0  
  Clock Path Skew:        0.022ns (DCD - SCD - CPR)
    Destination Clock Delay (DCD):    0.432ns
    Source Clock Delay      (SCD):    0.410ns
    Clock Pessimism Removal (CPR):    -0.000ns

    Location             Delay type                Incr(ns)  Path(ns)    Netlist Resource(s)
  -------------------------------------------------------------------    -------------------
                         (clock clk rise edge)        0.000     0.000 r  
                                                      0.000     0.000 r  clk (IN)
                         net (fo=947, unset)          0.410     0.410    core/clk
    SLICE_X47Y60         FDRE                                         r  core/d_pc_reg[10]/C
  -------------------------------------------------------------------    -------------------
    SLICE_X47Y60         FDRE (Prop_fdre_C_Q)         0.141     0.551 r  core/d_pc_reg[10]/Q
                         net (fo=1, routed)           0.087     0.638    core/d_pc__0[10]
    SLICE_X46Y60         FDRE                                         r  core/e_pc_reg[10]/D
  -------------------------------------------------------------------    -------------------

                         (clock clk rise edge)        0.000     0.000 r  
                                                      0.000     0.000 r  clk (IN)
                         net (fo=947, unset)          0.432     0.432    core/clk
    SLICE_X46Y60         FDRE                                         r  core/e_pc_reg[10]/C
                         clock pessimism              0.000     0.432    
    SLICE_X46Y60         FDRE (Hold_fdre_C_D)         0.085     0.517    core/e_pc_reg[10]
  -------------------------------------------------------------------
                         required time                         -0.517    
                         arrival time                           0.638    
  -------------------------------------------------------------------
                         slack                                  0.122    

Slack (MET) :             0.122ns  (arrival time - required time)
  Source:                 core/d_pc_reg[12]/C
                            (rising edge-triggered cell FDRE clocked by clk  {rise@0.000ns fall@5.000ns period=10.000ns})
  Destination:            core/e_pc_reg[12]/D
                            (rising edge-triggered cell FDRE clocked by clk  {rise@0.000ns fall@5.000ns period=10.000ns})
  Path Group:             clk
  Path Type:              Hold (Min at Fast Process Corner)
  Requirement:            0.000ns  (clk rise@0.000ns - clk rise@0.000ns)
  Data Path Delay:        0.228ns  (logic 0.141ns (61.814%)  route 0.087ns (38.186%))
  Logic Levels:           0  
  Clock Path Skew:        0.022ns (DCD - SCD - CPR)
    Destination Clock Delay (DCD):    0.432ns
    Source Clock Delay      (SCD):    0.410ns
    Clock Pessimism Removal (CPR):    -0.000ns

    Location             Delay type                Incr(ns)  Path(ns)    Netlist Resource(s)
  -------------------------------------------------------------------    -------------------
                         (clock clk rise edge)        0.000     0.000 r  
                                                      0.000     0.000 r  clk (IN)
                         net (fo=947, unset)          0.410     0.410    core/clk
    SLICE_X47Y61         FDRE                                         r  core/d_pc_reg[12]/C
  -------------------------------------------------------------------    -------------------
    SLICE_X47Y61         FDRE (Prop_fdre_C_Q)         0.141     0.551 r  core/d_pc_reg[12]/Q
                         net (fo=1, routed)           0.087     0.638    core/d_pc__0[12]
    SLICE_X46Y61         FDRE                                         r  core/e_pc_reg[12]/D
  -------------------------------------------------------------------    -------------------

                         (clock clk rise edge)        0.000     0.000 r  
                                                      0.000     0.000 r  clk (IN)
                         net (fo=947, unset)          0.432     0.432    core/clk
    SLICE_X46Y61         FDRE                                         r  core/e_pc_reg[12]/C
                         clock pessimism              0.000     0.432    
    SLICE_X46Y61         FDRE (Hold_fdre_C_D)         0.085     0.517    core/e_pc_reg[12]
  -------------------------------------------------------------------
                         required time                         -0.517    
                         arrival time                           0.638    
  -------------------------------------------------------------------
                         slack                                  0.122    

Slack (MET) :             0.122ns  (arrival time - required time)
  Source:                 core/fetch/rsp_pc_reg[3]/C
                            (rising edge-triggered cell FDRE clocked by clk  {rise@0.000ns fall@5.000ns period=10.000ns})
  Destination:            core/fetch/buf_pc_reg_0_3_0_5/RAMA_D1/I
                            (rising edge-triggered cell RAMD32 clocked by clk  {rise@0.000ns fall@5.000ns period=10.000ns})
  Path Group:             clk
  Path Type:              Hold (Min at Fast Process Corner)
  Requirement:            0.000ns  (clk rise@0.000ns - clk rise@0.000ns)
  Data Path Delay:        0.263ns  (logic 0.141ns (53.556%)  route 0.122ns (46.444%))
  Logic Levels:           0  
  Clock Path Skew:        0.022ns (DCD - SCD - CPR)
    Destination Clock Delay (DCD):    0.432ns
    Source Clock Delay      (SCD):    0.410ns
    Clock Pessimism Removal (CPR):    -0.000ns

    Location             Delay type                Incr(ns)  Path(ns)    Netlist Resource(s)
  -------------------------------------------------------------------    -------------------
                         (clock clk rise edge)        0.000     0.000 r  
                                                      0.000     0.000 r  clk (IN)
                         net (fo=947, unset)          0.410     0.410    core/fetch/clk
    SLICE_X53Y59         FDRE                                         r  core/fetch/rsp_pc_reg[3]/C
  -------------------------------------------------------------------    -------------------
    SLICE_X53Y59         FDRE (Prop_fdre_C_Q)         0.141     0.551 r  core/fetch/rsp_pc_reg[3]/Q
                         net (fo=3, routed)           0.122     0.673    core/fetch/buf_pc_reg_0_3_0_5/DIA1
    SLICE_X50Y60         RAMD32                                       r  core/fetch/buf_pc_reg_0_3_0_5/RAMA_D1/I
  -------------------------------------------------------------------    -------------------

                         (clock clk rise edge)        0.000     0.000 r  
                                                      0.000     0.000 r  clk (IN)
                         net (fo=947, unset)          0.432     0.432    core/fetch/buf_pc_reg_0_3_0_5/WCLK
    SLICE_X50Y60         RAMD32                                       r  core/fetch/buf_pc_reg_0_3_0_5/RAMA_D1/CLK
                         clock pessimism              0.000     0.432    
    SLICE_X50Y60         RAMD32 (Hold_ramd32_CLK_I)
                                                      0.120     0.552    core/fetch/buf_pc_reg_0_3_0_5/RAMA_D1
  -------------------------------------------------------------------
                         required time                         -0.552    
                         arrival time                           0.673    
  -------------------------------------------------------------------
                         slack                                  0.122    

Slack (MET) :             0.126ns  (arrival time - required time)
  Source:                 core/d_pc_reg[16]/C
                            (rising edge-triggered cell FDRE clocked by clk  {rise@0.000ns fall@5.000ns period=10.000ns})
  Destination:            core/e_pc_reg[16]/D
                            (rising edge-triggered cell FDRE clocked by clk  {rise@0.000ns fall@5.000ns period=10.000ns})
  Path Group:             clk
  Path Type:              Hold (Min at Fast Process Corner)
  Requirement:            0.000ns  (clk rise@0.000ns - clk rise@0.000ns)
  Data Path Delay:        0.230ns  (logic 0.141ns (61.277%)  route 0.089ns (38.723%))
  Logic Levels:           0  
  Clock Path Skew:        0.022ns (DCD - SCD - CPR)
    Destination Clock Delay (DCD):    0.432ns
    Source Clock Delay      (SCD):    0.410ns
    Clock Pessimism Removal (CPR):    -0.000ns

    Location             Delay type                Incr(ns)  Path(ns)    Netlist Resource(s)
  -------------------------------------------------------------------    -------------------
                         (clock clk rise edge)        0.000     0.000 r  
                                                      0.000     0.000 r  clk (IN)
                         net (fo=947, unset)          0.410     0.410    core/clk
    SLICE_X47Y61         FDRE                                         r  core/d_pc_reg[16]/C
  -------------------------------------------------------------------    -------------------
    SLICE_X47Y61         FDRE (Prop_fdre_C_Q)         0.141     0.551 r  core/d_pc_reg[16]/Q
                         net (fo=1, routed)           0.089     0.640    core/d_pc__0[16]
    SLICE_X46Y61         FDRE                                         r  core/e_pc_reg[16]/D
  -------------------------------------------------------------------    -------------------

                         (clock clk rise edge)        0.000     0.000 r  
                                                      0.000     0.000 r  clk (IN)
                         net (fo=947, unset)          0.432     0.432    core/clk
    SLICE_X46Y61         FDRE                                         r  core/e_pc_reg[16]/C
                         clock pessimism              0.000     0.432    
    SLICE_X46Y61         FDRE (Hold_fdre_C_D)         0.083     0.515    core/e_pc_reg[16]
  -------------------------------------------------------------------
                         required time                         -0.515    
                         arrival time                           0.640    
  -------------------------------------------------------------------
                         slack                                  0.126    

Slack (MET) :             0.134ns  (arrival time - required time)
  Source:                 core/fetch/rsp_pc_reg[15]/C
                            (rising edge-triggered cell FDRE clocked by clk  {rise@0.000ns fall@5.000ns period=10.000ns})
  Destination:            core/fetch/buf_pc_reg_0_3_12_17/RAMA_D1/I
                            (rising edge-triggered cell RAMD32 clocked by clk  {rise@0.000ns fall@5.000ns period=10.000ns})
  Path Group:             clk
  Path Type:              Hold (Min at Fast Process Corner)
  Requirement:            0.000ns  (clk rise@0.000ns - clk rise@0.000ns)
  Data Path Delay:        0.275ns  (logic 0.141ns (51.222%)  route 0.134ns (48.778%))
  Logic Levels:           0  
  Clock Path Skew:        0.022ns (DCD - SCD - CPR)
    Destination Clock Delay (DCD):    0.432ns
    Source Clock Delay      (SCD):    0.410ns
    Clock Pessimism Removal (CPR):    -0.000ns

    Location             Delay type                Incr(ns)  Path(ns)    Netlist Resource(s)
  -------------------------------------------------------------------    -------------------
                         (clock clk rise edge)        0.000     0.000 r  
                                                      0.000     0.000 r  clk (IN)
                         net (fo=947, unset)          0.410     0.410    core/fetch/clk
    SLICE_X51Y62         FDRE                                         r  core/fetch/rsp_pc_reg[15]/C
  -------------------------------------------------------------------    -------------------
    SLICE_X51Y62         FDRE (Prop_fdre_C_Q)         0.141     0.551 r  core/fetch/rsp_pc_reg[15]/Q
                         net (fo=4, routed)           0.134     0.685    core/fetch/buf_pc_reg_0_3_12_17/DIA1
    SLICE_X50Y63         RAMD32                                       r  core/fetch/buf_pc_reg_0_3_12_17/RAMA_D1/I
  -------------------------------------------------------------------    -------------------

                         (clock clk rise edge)        0.000     0.000 r  
                                                      0.000     0.000 r  clk (IN)
                         net (fo=947, unset)          0.432     0.432    core/fetch/buf_pc_reg_0_3_12_17/WCLK
    SLICE_X50Y63         RAMD32                                       r  core/fetch/buf_pc_reg_0_3_12_17/RAMA_D1/CLK
                         clock pessimism              0.000     0.432    
    SLICE_X50Y63         RAMD32 (Hold_ramd32_CLK_I)
                                                      0.120     0.552    core/fetch/buf_pc_reg_0_3_12_17/RAMA_D1
  -------------------------------------------------------------------
                         required time                         -0.552    
                         arrival time                           0.685    
  -------------------------------------------------------------------
                         slack                                  0.134    





Pulse Width Checks
--------------------------------------------------------------------------------------
Clock Name:         clk
Waveform(ns):       { 0.000 5.000 }
Period(ns):         10.000
Sources:            { clk }

Check Type        Corner  Lib Pin      Reference Pin  Required(ns)  Actual(ns)  Slack(ns)  Location      Pin
Min Period        n/a     DSP48E1/CLK  n/a            3.884         10.000      6.116      DSP48_X2Y19   core/pp_lh_reg/CLK
Min Period        n/a     DSP48E1/CLK  n/a            3.884         10.000      6.116      DSP48_X2Y17   core/pp_ll_reg/CLK
Min Period        n/a     DSP48E1/CLK  n/a            3.687         10.000      6.313      DSP48_X2Y16   core/pp_hl_reg/CLK
Min Period        n/a     DSP48E1/CLK  n/a            2.154         10.000      7.846      DSP48_X2Y18   core/pp_hh_reg/CLK
Min Period        n/a     FDRE/C       n/a            1.000         10.000      9.000      SLICE_X55Y50  core/d_acc_last_reg/C
Min Period        n/a     FDRE/C       n/a            1.000         10.000      9.000      SLICE_X55Y57  core/d_err_reg/C
Min Period        n/a     FDRE/C       n/a            1.000         10.000      9.000      SLICE_X62Y60  core/d_insn_reg[0]/C
Min Period        n/a     FDRE/C       n/a            1.000         10.000      9.000      SLICE_X53Y57  core/d_insn_reg[10]/C
Min Period        n/a     FDRE/C       n/a            1.000         10.000      9.000      SLICE_X53Y57  core/d_insn_reg[11]/C
Min Period        n/a     FDRE/C       n/a            1.000         10.000      9.000      SLICE_X57Y59  core/d_insn_reg[12]/C
Low Pulse Width   Slow    RAMD32/CLK   n/a            1.250         5.000       3.750      SLICE_X54Y60  core/fetch/buf_err_reg_0_3_0_0/DP/CLK
Low Pulse Width   Fast    RAMD32/CLK   n/a            1.250         5.000       3.750      SLICE_X54Y60  core/fetch/buf_err_reg_0_3_0_0/DP/CLK
Low Pulse Width   Slow    RAMD32/CLK   n/a            1.250         5.000       3.750      SLICE_X54Y60  core/fetch/buf_err_reg_0_3_0_0/SP/CLK
Low Pulse Width   Fast    RAMD32/CLK   n/a            1.250         5.000       3.750      SLICE_X54Y60  core/fetch/buf_err_reg_0_3_0_0/SP/CLK
Low Pulse Width   Slow    RAMD32/CLK   n/a            1.250         5.000       3.750      SLICE_X62Y62  core/fetch/buf_insn_reg_0_3_0_5/RAMA/CLK
Low Pulse Width   Fast    RAMD32/CLK   n/a            1.250         5.000       3.750      SLICE_X62Y62  core/fetch/buf_insn_reg_0_3_0_5/RAMA/CLK
Low Pulse Width   Slow    RAMD32/CLK   n/a            1.250         5.000       3.750      SLICE_X62Y62  core/fetch/buf_insn_reg_0_3_0_5/RAMA_D1/CLK
Low Pulse Width   Fast    RAMD32/CLK   n/a            1.250         5.000       3.750      SLICE_X62Y62  core/fetch/buf_insn_reg_0_3_0_5/RAMA_D1/CLK
Low Pulse Width   Slow    RAMD32/CLK   n/a            1.250         5.000       3.750      SLICE_X62Y62  core/fetch/buf_insn_reg_0_3_0_5/RAMB/CLK
Low Pulse Width   Fast    RAMD32/CLK   n/a            1.250         5.000       3.750      SLICE_X62Y62  core/fetch/buf_insn_reg_0_3_0_5/RAMB/CLK
High Pulse Width  Slow    RAMD32/CLK   n/a            1.250         5.000       3.750      SLICE_X54Y60  core/fetch/buf_err_reg_0_3_0_0/DP/CLK
High Pulse Width  Fast    RAMD32/CLK   n/a            1.250         5.000       3.750      SLICE_X54Y60  core/fetch/buf_err_reg_0_3_0_0/DP/CLK
High Pulse Width  Slow    RAMD32/CLK   n/a            1.250         5.000       3.750      SLICE_X54Y60  core/fetch/buf_err_reg_0_3_0_0/SP/CLK
High Pulse Width  Fast    RAMD32/CLK   n/a            1.250         5.000       3.750      SLICE_X54Y60  core/fetch/buf_err_reg_0_3_0_0/SP/CLK
High Pulse Width  Slow    RAMD32/CLK   n/a            1.250         5.000       3.750      SLICE_X62Y62  core/fetch/buf_insn_reg_0_3_0_5/RAMA/CLK
High Pulse Width  Fast    RAMD32/CLK   n/a            1.250         5.000       3.750      SLICE_X62Y62  core/fetch/buf_insn_reg_0_3_0_5/RAMA/CLK
High Pulse Width  Slow    RAMD32/CLK   n/a            1.250         5.000       3.750      SLICE_X62Y62  core/fetch/buf_insn_reg_0_3_0_5/RAMA_D1/CLK
High Pulse Width  Fast    RAMD32/CLK   n/a            1.250         5.000       3.750      SLICE_X62Y62  core/fetch/buf_insn_reg_0_3_0_5/RAMA_D1/CLK
High Pulse Width  Slow    RAMD32/CLK   n/a            1.250         5.000       3.750      SLICE_X62Y62  core/fetch/buf_insn_reg_0_3_0_5/RAMB/CLK
High Pulse Width  Fast    RAMD32/CLK   n/a            1.250         5.000       3.750      SLICE_X62Y62  core/fetch/buf_insn_reg_0_3_0_5/RAMB/CLK



