
Cell sky130_fd_sc_hd__decap_3 (0) disconnected node: VGND
Cell sky130_fd_sc_hd__decap_3 (0) disconnected node: VNB
Cell sky130_fd_sc_hd__decap_3 (0) disconnected node: VPB
Cell sky130_fd_sc_hd__decap_3 (0) disconnected node: VPWR

Subcircuit pins:
Circuit 1: sky130_fd_sc_hd__decap_3        |Circuit 2: sky130_fd_sc_hd__decap_3        
-------------------------------------------|-------------------------------------------
VGND                                       |VGND                                       
VNB                                        |VNB                                        
VPB                                        |VPB                                        
VPWR                                       |VPWR                                       
---------------------------------------------------------------------------------------
Cell pin lists are equivalent.
Device classes sky130_fd_sc_hd__decap_3 and sky130_fd_sc_hd__decap_3 are equivalent.

Cell sky130_fd_sc_hd__tapvpwrvgnd_1 (0) disconnected node: VGND
Cell sky130_fd_sc_hd__tapvpwrvgnd_1 (0) disconnected node: VPWR
Cell sky130_fd_sc_hd__tapvpwrvgnd_1 (1) disconnected node: VGND
Cell sky130_fd_sc_hd__tapvpwrvgnd_1 (1) disconnected node: VPWR

Subcircuit pins:
Circuit 1: sky130_fd_sc_hd__tapvpwrvgnd_1  |Circuit 2: sky130_fd_sc_hd__tapvpwrvgnd_1  
-------------------------------------------|-------------------------------------------
VGND                                       |VGND                                       
VPWR                                       |VPWR                                       
---------------------------------------------------------------------------------------
Cell pin lists are equivalent.
Device classes sky130_fd_sc_hd__tapvpwrvgnd_1 and sky130_fd_sc_hd__tapvpwrvgnd_1 are equivalent.

Cell sky130_fd_sc_hd__diode_2 (0) disconnected node: DIODE
Cell sky130_fd_sc_hd__diode_2 (0) disconnected node: VGND
Cell sky130_fd_sc_hd__diode_2 (0) disconnected node: VNB
Cell sky130_fd_sc_hd__diode_2 (0) disconnected node: VPB
Cell sky130_fd_sc_hd__diode_2 (0) disconnected node: VPWR
Cell sky130_fd_sc_hd__diode_2 (1) disconnected node: VGND
Cell sky130_fd_sc_hd__diode_2 (1) disconnected node: VPB
Cell sky130_fd_sc_hd__diode_2 (1) disconnected node: VPWR

Subcircuit pins:
Circuit 1: sky130_fd_sc_hd__diode_2        |Circuit 2: sky130_fd_sc_hd__diode_2        
-------------------------------------------|-------------------------------------------
DIODE                                      |DIODE                                      
VGND                                       |VGND                                       
VNB                                        |VNB                                        
VPB                                        |VPB                                        
VPWR                                       |VPWR                                       
---------------------------------------------------------------------------------------
Cell pin lists are equivalent.
Device classes sky130_fd_sc_hd__diode_2 and sky130_fd_sc_hd__diode_2 are equivalent.

Cell sky130_fd_sc_hd__nor2_2 (0) disconnected node: A
Cell sky130_fd_sc_hd__nor2_2 (0) disconnected node: B
Cell sky130_fd_sc_hd__nor2_2 (0) disconnected node: VGND
Cell sky130_fd_sc_hd__nor2_2 (0) disconnected node: VNB
Cell sky130_fd_sc_hd__nor2_2 (0) disconnected node: VPB
Cell sky130_fd_sc_hd__nor2_2 (0) disconnected node: VPWR
Cell sky130_fd_sc_hd__nor2_2 (0) disconnected node: Y

Subcircuit pins:
Circuit 1: sky130_fd_sc_hd__nor2_2         |Circuit 2: sky130_fd_sc_hd__nor2_2         
-------------------------------------------|-------------------------------------------
A                                          |A                                          
B                                          |B                                          
VGND                                       |VGND                                       
VNB                                        |VNB                                        
VPB                                        |VPB                                        
VPWR                                       |VPWR                                       
Y                                          |Y                                          
---------------------------------------------------------------------------------------
Cell pin lists are equivalent.
Device classes sky130_fd_sc_hd__nor2_2 and sky130_fd_sc_hd__nor2_2 are equivalent.

Cell sky130_fd_sc_hd__fill_1 (0) disconnected node: VGND
Cell sky130_fd_sc_hd__fill_1 (0) disconnected node: VNB
Cell sky130_fd_sc_hd__fill_1 (0) disconnected node: VPB
Cell sky130_fd_sc_hd__fill_1 (0) disconnected node: VPWR
Cell sky130_fd_sc_hd__fill_1 (1) disconnected node: VGND
Cell sky130_fd_sc_hd__fill_1 (1) disconnected node: VNB
Cell sky130_fd_sc_hd__fill_1 (1) disconnected node: VPB
Cell sky130_fd_sc_hd__fill_1 (1) disconnected node: VPWR

Subcircuit pins:
Circuit 1: sky130_fd_sc_hd__fill_1         |Circuit 2: sky130_fd_sc_hd__fill_1         
-------------------------------------------|-------------------------------------------
VGND                                       |VGND                                       
VNB                                        |VNB                                        
VPB                                        |VPB                                        
VPWR                                       |VPWR                                       
---------------------------------------------------------------------------------------
Cell pin lists are equivalent.
Device classes sky130_fd_sc_hd__fill_1 and sky130_fd_sc_hd__fill_1 are equivalent.

Cell sky130_fd_sc_hd__mux2_1 (0) disconnected node: A0
Cell sky130_fd_sc_hd__mux2_1 (0) disconnected node: A1
Cell sky130_fd_sc_hd__mux2_1 (0) disconnected node: S
Cell sky130_fd_sc_hd__mux2_1 (0) disconnected node: VGND
Cell sky130_fd_sc_hd__mux2_1 (0) disconnected node: VNB
Cell sky130_fd_sc_hd__mux2_1 (0) disconnected node: VPB
Cell sky130_fd_sc_hd__mux2_1 (0) disconnected node: VPWR
Cell sky130_fd_sc_hd__mux2_1 (0) disconnected node: X

Subcircuit pins:
Circuit 1: sky130_fd_sc_hd__mux2_1         |Circuit 2: sky130_fd_sc_hd__mux2_1         
-------------------------------------------|-------------------------------------------
A0                                         |A0                                         
A1                                         |A1                                         
S                                          |S                                          
VGND                                       |VGND                                       
VNB                                        |VNB                                        
VPB                                        |VPB                                        
VPWR                                       |VPWR                                       
X                                          |X                                          
---------------------------------------------------------------------------------------
Cell pin lists are equivalent.
Device classes sky130_fd_sc_hd__mux2_1 and sky130_fd_sc_hd__mux2_1 are equivalent.

Cell sky130_fd_sc_hd__fill_2 (0) disconnected node: VGND
Cell sky130_fd_sc_hd__fill_2 (0) disconnected node: VNB
Cell sky130_fd_sc_hd__fill_2 (0) disconnected node: VPB
Cell sky130_fd_sc_hd__fill_2 (0) disconnected node: VPWR
Cell sky130_fd_sc_hd__fill_2 (1) disconnected node: VGND
Cell sky130_fd_sc_hd__fill_2 (1) disconnected node: VNB
Cell sky130_fd_sc_hd__fill_2 (1) disconnected node: VPB
Cell sky130_fd_sc_hd__fill_2 (1) disconnected node: VPWR

Subcircuit pins:
Circuit 1: sky130_fd_sc_hd__fill_2         |Circuit 2: sky130_fd_sc_hd__fill_2         
-------------------------------------------|-------------------------------------------
VGND                                       |VGND                                       
VNB                                        |VNB                                        
VPB                                        |VPB                                        
VPWR                                       |VPWR                                       
---------------------------------------------------------------------------------------
Cell pin lists are equivalent.
Device classes sky130_fd_sc_hd__fill_2 and sky130_fd_sc_hd__fill_2 are equivalent.

Cell sky130_fd_sc_hd__xnor2_2 (0) disconnected node: A
Cell sky130_fd_sc_hd__xnor2_2 (0) disconnected node: B
Cell sky130_fd_sc_hd__xnor2_2 (0) disconnected node: VGND
Cell sky130_fd_sc_hd__xnor2_2 (0) disconnected node: VNB
Cell sky130_fd_sc_hd__xnor2_2 (0) disconnected node: VPB
Cell sky130_fd_sc_hd__xnor2_2 (0) disconnected node: VPWR
Cell sky130_fd_sc_hd__xnor2_2 (0) disconnected node: Y

Subcircuit pins:
Circuit 1: sky130_fd_sc_hd__xnor2_2        |Circuit 2: sky130_fd_sc_hd__xnor2_2        
-------------------------------------------|-------------------------------------------
A                                          |A                                          
B                                          |B                                          
VGND                                       |VGND                                       
VNB                                        |VNB                                        
VPB                                        |VPB                                        
VPWR                                       |VPWR                                       
Y                                          |Y                                          
---------------------------------------------------------------------------------------
Cell pin lists are equivalent.
Device classes sky130_fd_sc_hd__xnor2_2 and sky130_fd_sc_hd__xnor2_2 are equivalent.

Cell sky130_fd_sc_hd__xor2_2 (0) disconnected node: A
Cell sky130_fd_sc_hd__xor2_2 (0) disconnected node: B
Cell sky130_fd_sc_hd__xor2_2 (0) disconnected node: VGND
Cell sky130_fd_sc_hd__xor2_2 (0) disconnected node: VNB
Cell sky130_fd_sc_hd__xor2_2 (0) disconnected node: VPB
Cell sky130_fd_sc_hd__xor2_2 (0) disconnected node: VPWR
Cell sky130_fd_sc_hd__xor2_2 (0) disconnected node: X

Subcircuit pins:
Circuit 1: sky130_fd_sc_hd__xor2_2         |Circuit 2: sky130_fd_sc_hd__xor2_2         
-------------------------------------------|-------------------------------------------
A                                          |A                                          
B                                          |B                                          
VGND                                       |VGND                                       
VNB                                        |VNB                                        
VPB                                        |VPB                                        
VPWR                                       |VPWR                                       
X                                          |X                                          
---------------------------------------------------------------------------------------
Cell pin lists are equivalent.
Device classes sky130_fd_sc_hd__xor2_2 and sky130_fd_sc_hd__xor2_2 are equivalent.

Cell sky130_fd_sc_hd__o21a_2 (0) disconnected node: A1
Cell sky130_fd_sc_hd__o21a_2 (0) disconnected node: A2
Cell sky130_fd_sc_hd__o21a_2 (0) disconnected node: B1
Cell sky130_fd_sc_hd__o21a_2 (0) disconnected node: VGND
Cell sky130_fd_sc_hd__o21a_2 (0) disconnected node: VNB
Cell sky130_fd_sc_hd__o21a_2 (0) disconnected node: VPB
Cell sky130_fd_sc_hd__o21a_2 (0) disconnected node: VPWR
Cell sky130_fd_sc_hd__o21a_2 (0) disconnected node: X

Subcircuit pins:
Circuit 1: sky130_fd_sc_hd__o21a_2         |Circuit 2: sky130_fd_sc_hd__o21a_2         
-------------------------------------------|-------------------------------------------
A1                                         |A1                                         
A2                                         |A2                                         
B1                                         |B1                                         
VGND                                       |VGND                                       
VNB                                        |VNB                                        
VPB                                        |VPB                                        
VPWR                                       |VPWR                                       
X                                          |X                                          
---------------------------------------------------------------------------------------
Cell pin lists are equivalent.
Device classes sky130_fd_sc_hd__o21a_2 and sky130_fd_sc_hd__o21a_2 are equivalent.

Cell sky130_fd_sc_hd__o211a_2 (0) disconnected node: A1
Cell sky130_fd_sc_hd__o211a_2 (0) disconnected node: A2
Cell sky130_fd_sc_hd__o211a_2 (0) disconnected node: B1
Cell sky130_fd_sc_hd__o211a_2 (0) disconnected node: C1
Cell sky130_fd_sc_hd__o211a_2 (0) disconnected node: VGND
Cell sky130_fd_sc_hd__o211a_2 (0) disconnected node: VNB
Cell sky130_fd_sc_hd__o211a_2 (0) disconnected node: VPB
Cell sky130_fd_sc_hd__o211a_2 (0) disconnected node: VPWR
Cell sky130_fd_sc_hd__o211a_2 (0) disconnected node: X

Subcircuit pins:
Circuit 1: sky130_fd_sc_hd__o211a_2        |Circuit 2: sky130_fd_sc_hd__o211a_2        
-------------------------------------------|-------------------------------------------
A1                                         |A1                                         
A2                                         |A2                                         
B1                                         |B1                                         
C1                                         |C1                                         
VGND                                       |VGND                                       
VNB                                        |VNB                                        
VPB                                        |VPB                                        
VPWR                                       |VPWR                                       
X                                          |X                                          
---------------------------------------------------------------------------------------
Cell pin lists are equivalent.
Device classes sky130_fd_sc_hd__o211a_2 and sky130_fd_sc_hd__o211a_2 are equivalent.

Cell sky130_fd_sc_hd__a21o_2 (0) disconnected node: A1
Cell sky130_fd_sc_hd__a21o_2 (0) disconnected node: A2
Cell sky130_fd_sc_hd__a21o_2 (0) disconnected node: B1
Cell sky130_fd_sc_hd__a21o_2 (0) disconnected node: VGND
Cell sky130_fd_sc_hd__a21o_2 (0) disconnected node: VNB
Cell sky130_fd_sc_hd__a21o_2 (0) disconnected node: VPB
Cell sky130_fd_sc_hd__a21o_2 (0) disconnected node: VPWR
Cell sky130_fd_sc_hd__a21o_2 (0) disconnected node: X

Subcircuit pins:
Circuit 1: sky130_fd_sc_hd__a21o_2         |Circuit 2: sky130_fd_sc_hd__a21o_2         
-------------------------------------------|-------------------------------------------
A1                                         |A1                                         
A2                                         |A2                                         
B1                                         |B1                                         
VGND                                       |VGND                                       
VNB                                        |VNB                                        
VPB                                        |VPB                                        
VPWR                                       |VPWR                                       
X                                          |X                                          
---------------------------------------------------------------------------------------
Cell pin lists are equivalent.
Device classes sky130_fd_sc_hd__a21o_2 and sky130_fd_sc_hd__a21o_2 are equivalent.

Cell sky130_fd_sc_hd__and2_2 (0) disconnected node: A
Cell sky130_fd_sc_hd__and2_2 (0) disconnected node: B
Cell sky130_fd_sc_hd__and2_2 (0) disconnected node: VGND
Cell sky130_fd_sc_hd__and2_2 (0) disconnected node: VNB
Cell sky130_fd_sc_hd__and2_2 (0) disconnected node: VPB
Cell sky130_fd_sc_hd__and2_2 (0) disconnected node: VPWR
Cell sky130_fd_sc_hd__and2_2 (0) disconnected node: X

Subcircuit pins:
Circuit 1: sky130_fd_sc_hd__and2_2         |Circuit 2: sky130_fd_sc_hd__and2_2         
-------------------------------------------|-------------------------------------------
A                                          |A                                          
B                                          |B                                          
VGND                                       |VGND                                       
VNB                                        |VNB                                        
VPB                                        |VPB                                        
VPWR                                       |VPWR                                       
X                                          |X                                          
---------------------------------------------------------------------------------------
Cell pin lists are equivalent.
Device classes sky130_fd_sc_hd__and2_2 and sky130_fd_sc_hd__and2_2 are equivalent.

Cell sky130_fd_sc_hd__nand4_2 (0) disconnected node: A
Cell sky130_fd_sc_hd__nand4_2 (0) disconnected node: B
Cell sky130_fd_sc_hd__nand4_2 (0) disconnected node: C
Cell sky130_fd_sc_hd__nand4_2 (0) disconnected node: D
Cell sky130_fd_sc_hd__nand4_2 (0) disconnected node: VGND
Cell sky130_fd_sc_hd__nand4_2 (0) disconnected node: VNB
Cell sky130_fd_sc_hd__nand4_2 (0) disconnected node: VPB
Cell sky130_fd_sc_hd__nand4_2 (0) disconnected node: VPWR
Cell sky130_fd_sc_hd__nand4_2 (0) disconnected node: Y

Subcircuit pins:
Circuit 1: sky130_fd_sc_hd__nand4_2        |Circuit 2: sky130_fd_sc_hd__nand4_2        
-------------------------------------------|-------------------------------------------
A                                          |A                                          
B                                          |B                                          
C                                          |C                                          
D                                          |D                                          
VGND                                       |VGND                                       
VNB                                        |VNB                                        
VPB                                        |VPB                                        
VPWR                                       |VPWR                                       
Y                                          |Y                                          
---------------------------------------------------------------------------------------
Cell pin lists are equivalent.
Device classes sky130_fd_sc_hd__nand4_2 and sky130_fd_sc_hd__nand4_2 are equivalent.

Cell sky130_fd_sc_hd__a21oi_2 (0) disconnected node: A1
Cell sky130_fd_sc_hd__a21oi_2 (0) disconnected node: A2
Cell sky130_fd_sc_hd__a21oi_2 (0) disconnected node: B1
Cell sky130_fd_sc_hd__a21oi_2 (0) disconnected node: VGND
Cell sky130_fd_sc_hd__a21oi_2 (0) disconnected node: VNB
Cell sky130_fd_sc_hd__a21oi_2 (0) disconnected node: VPB
Cell sky130_fd_sc_hd__a21oi_2 (0) disconnected node: VPWR
Cell sky130_fd_sc_hd__a21oi_2 (0) disconnected node: Y

Subcircuit pins:
Circuit 1: sky130_fd_sc_hd__a21oi_2        |Circuit 2: sky130_fd_sc_hd__a21oi_2        
-------------------------------------------|-------------------------------------------
A1                                         |A1                                         
A2                                         |A2                                         
B1                                         |B1                                         
VGND                                       |VGND                                       
VNB                                        |VNB                                        
VPB                                        |VPB                                        
VPWR                                       |VPWR                                       
Y                                          |Y                                          
---------------------------------------------------------------------------------------
Cell pin lists are equivalent.
Device classes sky130_fd_sc_hd__a21oi_2 and sky130_fd_sc_hd__a21oi_2 are equivalent.

Cell sky130_fd_sc_hd__dfxtp_2 (0) disconnected node: CLK
Cell sky130_fd_sc_hd__dfxtp_2 (0) disconnected node: D
Cell sky130_fd_sc_hd__dfxtp_2 (0) disconnected node: VGND
Cell sky130_fd_sc_hd__dfxtp_2 (0) disconnected node: VNB
Cell sky130_fd_sc_hd__dfxtp_2 (0) disconnected node: VPB
Cell sky130_fd_sc_hd__dfxtp_2 (0) disconnected node: VPWR
Cell sky130_fd_sc_hd__dfxtp_2 (0) disconnected node: Q

Subcircuit pins:
Circuit 1: sky130_fd_sc_hd__dfxtp_2        |Circuit 2: sky130_fd_sc_hd__dfxtp_2        
-------------------------------------------|-------------------------------------------
CLK                                        |CLK                                        
D                                          |D                                          
VGND                                       |VGND                                       
VNB                                        |VNB                                        
VPB                                        |VPB                                        
VPWR                                       |VPWR                                       
Q                                          |Q                                          
---------------------------------------------------------------------------------------
Cell pin lists are equivalent.
Device classes sky130_fd_sc_hd__dfxtp_2 and sky130_fd_sc_hd__dfxtp_2 are equivalent.

Cell sky130_fd_sc_hd__clkbuf_8 (0) disconnected node: A
Cell sky130_fd_sc_hd__clkbuf_8 (0) disconnected node: VGND
Cell sky130_fd_sc_hd__clkbuf_8 (0) disconnected node: VNB
Cell sky130_fd_sc_hd__clkbuf_8 (0) disconnected node: VPB
Cell sky130_fd_sc_hd__clkbuf_8 (0) disconnected node: VPWR
Cell sky130_fd_sc_hd__clkbuf_8 (0) disconnected node: X

Subcircuit pins:
Circuit 1: sky130_fd_sc_hd__clkbuf_8       |Circuit 2: sky130_fd_sc_hd__clkbuf_8       
-------------------------------------------|-------------------------------------------
A                                          |A                                          
VGND                                       |VGND                                       
VNB                                        |VNB                                        
VPB                                        |VPB                                        
VPWR                                       |VPWR                                       
X                                          |X                                          
---------------------------------------------------------------------------------------
Cell pin lists are equivalent.
Device classes sky130_fd_sc_hd__clkbuf_8 and sky130_fd_sc_hd__clkbuf_8 are equivalent.

Cell sky130_fd_sc_hd__buf_1 (0) disconnected node: A
Cell sky130_fd_sc_hd__buf_1 (0) disconnected node: VGND
Cell sky130_fd_sc_hd__buf_1 (0) disconnected node: VNB
Cell sky130_fd_sc_hd__buf_1 (0) disconnected node: VPB
Cell sky130_fd_sc_hd__buf_1 (0) disconnected node: VPWR
Cell sky130_fd_sc_hd__buf_1 (0) disconnected node: X

Subcircuit pins:
Circuit 1: sky130_fd_sc_hd__buf_1          |Circuit 2: sky130_fd_sc_hd__buf_1          
-------------------------------------------|-------------------------------------------
A                                          |A                                          
VGND                                       |VGND                                       
VNB                                        |VNB                                        
VPB                                        |VPB                                        
VPWR                                       |VPWR                                       
X                                          |X                                          
---------------------------------------------------------------------------------------
Cell pin lists are equivalent.
Device classes sky130_fd_sc_hd__buf_1 and sky130_fd_sc_hd__buf_1 are equivalent.

Cell sky130_fd_sc_hd__and3_2 (0) disconnected node: A
Cell sky130_fd_sc_hd__and3_2 (0) disconnected node: B
Cell sky130_fd_sc_hd__and3_2 (0) disconnected node: C
Cell sky130_fd_sc_hd__and3_2 (0) disconnected node: VGND
Cell sky130_fd_sc_hd__and3_2 (0) disconnected node: VNB
Cell sky130_fd_sc_hd__and3_2 (0) disconnected node: VPB
Cell sky130_fd_sc_hd__and3_2 (0) disconnected node: VPWR
Cell sky130_fd_sc_hd__and3_2 (0) disconnected node: X

Subcircuit pins:
Circuit 1: sky130_fd_sc_hd__and3_2         |Circuit 2: sky130_fd_sc_hd__and3_2         
-------------------------------------------|-------------------------------------------
A                                          |A                                          
B                                          |B                                          
C                                          |C                                          
VGND                                       |VGND                                       
VNB                                        |VNB                                        
VPB                                        |VPB                                        
VPWR                                       |VPWR                                       
X                                          |X                                          
---------------------------------------------------------------------------------------
Cell pin lists are equivalent.
Device classes sky130_fd_sc_hd__and3_2 and sky130_fd_sc_hd__and3_2 are equivalent.

Cell sky130_fd_sc_hd__nand2_2 (0) disconnected node: A
Cell sky130_fd_sc_hd__nand2_2 (0) disconnected node: B
Cell sky130_fd_sc_hd__nand2_2 (0) disconnected node: VGND
Cell sky130_fd_sc_hd__nand2_2 (0) disconnected node: VNB
Cell sky130_fd_sc_hd__nand2_2 (0) disconnected node: VPB
Cell sky130_fd_sc_hd__nand2_2 (0) disconnected node: VPWR
Cell sky130_fd_sc_hd__nand2_2 (0) disconnected node: Y

Subcircuit pins:
Circuit 1: sky130_fd_sc_hd__nand2_2        |Circuit 2: sky130_fd_sc_hd__nand2_2        
-------------------------------------------|-------------------------------------------
A                                          |A                                          
B                                          |B                                          
VGND                                       |VGND                                       
VNB                                        |VNB                                        
VPB                                        |VPB                                        
VPWR                                       |VPWR                                       
Y                                          |Y                                          
---------------------------------------------------------------------------------------
Cell pin lists are equivalent.
Device classes sky130_fd_sc_hd__nand2_2 and sky130_fd_sc_hd__nand2_2 are equivalent.

Cell sky130_fd_sc_hd__or2_2 (0) disconnected node: A
Cell sky130_fd_sc_hd__or2_2 (0) disconnected node: B
Cell sky130_fd_sc_hd__or2_2 (0) disconnected node: VGND
Cell sky130_fd_sc_hd__or2_2 (0) disconnected node: VNB
Cell sky130_fd_sc_hd__or2_2 (0) disconnected node: VPB
Cell sky130_fd_sc_hd__or2_2 (0) disconnected node: VPWR
Cell sky130_fd_sc_hd__or2_2 (0) disconnected node: X

Subcircuit pins:
Circuit 1: sky130_fd_sc_hd__or2_2          |Circuit 2: sky130_fd_sc_hd__or2_2          
-------------------------------------------|-------------------------------------------
A                                          |A                                          
B                                          |B                                          
VGND                                       |VGND                                       
VNB                                        |VNB                                        
VPB                                        |VPB                                        
VPWR                                       |VPWR                                       
X                                          |X                                          
---------------------------------------------------------------------------------------
Cell pin lists are equivalent.
Device classes sky130_fd_sc_hd__or2_2 and sky130_fd_sc_hd__or2_2 are equivalent.

Cell sky130_fd_sc_hd__and2b_2 (0) disconnected node: A_N
Cell sky130_fd_sc_hd__and2b_2 (0) disconnected node: B
Cell sky130_fd_sc_hd__and2b_2 (0) disconnected node: VGND
Cell sky130_fd_sc_hd__and2b_2 (0) disconnected node: VNB
Cell sky130_fd_sc_hd__and2b_2 (0) disconnected node: VPB
Cell sky130_fd_sc_hd__and2b_2 (0) disconnected node: VPWR
Cell sky130_fd_sc_hd__and2b_2 (0) disconnected node: X

Subcircuit pins:
Circuit 1: sky130_fd_sc_hd__and2b_2        |Circuit 2: sky130_fd_sc_hd__and2b_2        
-------------------------------------------|-------------------------------------------
A_N                                        |A_N                                        
B                                          |B                                          
VGND                                       |VGND                                       
VNB                                        |VNB                                        
VPB                                        |VPB                                        
VPWR                                       |VPWR                                       
X                                          |X                                          
---------------------------------------------------------------------------------------
Cell pin lists are equivalent.
Device classes sky130_fd_sc_hd__and2b_2 and sky130_fd_sc_hd__and2b_2 are equivalent.

Cell sky130_fd_sc_hd__o21ai_2 (0) disconnected node: A1
Cell sky130_fd_sc_hd__o21ai_2 (0) disconnected node: A2
Cell sky130_fd_sc_hd__o21ai_2 (0) disconnected node: B1
Cell sky130_fd_sc_hd__o21ai_2 (0) disconnected node: VGND
Cell sky130_fd_sc_hd__o21ai_2 (0) disconnected node: VNB
Cell sky130_fd_sc_hd__o21ai_2 (0) disconnected node: VPB
Cell sky130_fd_sc_hd__o21ai_2 (0) disconnected node: VPWR
Cell sky130_fd_sc_hd__o21ai_2 (0) disconnected node: Y

Subcircuit pins:
Circuit 1: sky130_fd_sc_hd__o21ai_2        |Circuit 2: sky130_fd_sc_hd__o21ai_2        
-------------------------------------------|-------------------------------------------
A1                                         |A1                                         
A2                                         |A2                                         
B1                                         |B1                                         
VGND                                       |VGND                                       
VNB                                        |VNB                                        
VPB                                        |VPB                                        
VPWR                                       |VPWR                                       
Y                                          |Y                                          
---------------------------------------------------------------------------------------
Cell pin lists are equivalent.
Device classes sky130_fd_sc_hd__o21ai_2 and sky130_fd_sc_hd__o21ai_2 are equivalent.

Cell sky130_fd_sc_hd__buf_2 (0) disconnected node: A
Cell sky130_fd_sc_hd__buf_2 (0) disconnected node: VGND
Cell sky130_fd_sc_hd__buf_2 (0) disconnected node: VNB
Cell sky130_fd_sc_hd__buf_2 (0) disconnected node: VPB
Cell sky130_fd_sc_hd__buf_2 (0) disconnected node: VPWR
Cell sky130_fd_sc_hd__buf_2 (0) disconnected node: X

Subcircuit pins:
Circuit 1: sky130_fd_sc_hd__buf_2          |Circuit 2: sky130_fd_sc_hd__buf_2          
-------------------------------------------|-------------------------------------------
A                                          |A                                          
VGND                                       |VGND                                       
VNB                                        |VNB                                        
VPB                                        |VPB                                        
VPWR                                       |VPWR                                       
X                                          |X                                          
---------------------------------------------------------------------------------------
Cell pin lists are equivalent.
Device classes sky130_fd_sc_hd__buf_2 and sky130_fd_sc_hd__buf_2 are equivalent.

Cell sky130_fd_sc_hd__or3_2 (0) disconnected node: A
Cell sky130_fd_sc_hd__or3_2 (0) disconnected node: B
Cell sky130_fd_sc_hd__or3_2 (0) disconnected node: C
Cell sky130_fd_sc_hd__or3_2 (0) disconnected node: VGND
Cell sky130_fd_sc_hd__or3_2 (0) disconnected node: VNB
Cell sky130_fd_sc_hd__or3_2 (0) disconnected node: VPB
Cell sky130_fd_sc_hd__or3_2 (0) disconnected node: VPWR
Cell sky130_fd_sc_hd__or3_2 (0) disconnected node: X

Subcircuit pins:
Circuit 1: sky130_fd_sc_hd__or3_2          |Circuit 2: sky130_fd_sc_hd__or3_2          
-------------------------------------------|-------------------------------------------
A                                          |A                                          
B                                          |B                                          
C                                          |C                                          
VGND                                       |VGND                                       
VNB                                        |VNB                                        
VPB                                        |VPB                                        
VPWR                                       |VPWR                                       
X                                          |X                                          
---------------------------------------------------------------------------------------
Cell pin lists are equivalent.
Device classes sky130_fd_sc_hd__or3_2 and sky130_fd_sc_hd__or3_2 are equivalent.

Cell sky130_fd_sc_hd__a22o_2 (0) disconnected node: A1
Cell sky130_fd_sc_hd__a22o_2 (0) disconnected node: A2
Cell sky130_fd_sc_hd__a22o_2 (0) disconnected node: B1
Cell sky130_fd_sc_hd__a22o_2 (0) disconnected node: B2
Cell sky130_fd_sc_hd__a22o_2 (0) disconnected node: VGND
Cell sky130_fd_sc_hd__a22o_2 (0) disconnected node: VNB
Cell sky130_fd_sc_hd__a22o_2 (0) disconnected node: VPB
Cell sky130_fd_sc_hd__a22o_2 (0) disconnected node: VPWR
Cell sky130_fd_sc_hd__a22o_2 (0) disconnected node: X

Subcircuit pins:
Circuit 1: sky130_fd_sc_hd__a22o_2         |Circuit 2: sky130_fd_sc_hd__a22o_2         
-------------------------------------------|-------------------------------------------
A1                                         |A1                                         
A2                                         |A2                                         
B1                                         |B1                                         
B2                                         |B2                                         
VGND                                       |VGND                                       
VNB                                        |VNB                                        
VPB                                        |VPB                                        
VPWR                                       |VPWR                                       
X                                          |X                                          
---------------------------------------------------------------------------------------
Cell pin lists are equivalent.
Device classes sky130_fd_sc_hd__a22o_2 and sky130_fd_sc_hd__a22o_2 are equivalent.

Cell sky130_fd_sc_hd__o31a_2 (0) disconnected node: A1
Cell sky130_fd_sc_hd__o31a_2 (0) disconnected node: A2
Cell sky130_fd_sc_hd__o31a_2 (0) disconnected node: A3
Cell sky130_fd_sc_hd__o31a_2 (0) disconnected node: B1
Cell sky130_fd_sc_hd__o31a_2 (0) disconnected node: VGND
Cell sky130_fd_sc_hd__o31a_2 (0) disconnected node: VNB
Cell sky130_fd_sc_hd__o31a_2 (0) disconnected node: VPB
Cell sky130_fd_sc_hd__o31a_2 (0) disconnected node: VPWR
Cell sky130_fd_sc_hd__o31a_2 (0) disconnected node: X

Subcircuit pins:
Circuit 1: sky130_fd_sc_hd__o31a_2         |Circuit 2: sky130_fd_sc_hd__o31a_2         
-------------------------------------------|-------------------------------------------
A1                                         |A1                                         
A2                                         |A2                                         
A3                                         |A3                                         
B1                                         |B1                                         
VGND                                       |VGND                                       
VNB                                        |VNB                                        
VPB                                        |VPB                                        
VPWR                                       |VPWR                                       
X                                          |X                                          
---------------------------------------------------------------------------------------
Cell pin lists are equivalent.
Device classes sky130_fd_sc_hd__o31a_2 and sky130_fd_sc_hd__o31a_2 are equivalent.

Cell sky130_fd_sc_hd__clkbuf_4 (0) disconnected node: A
Cell sky130_fd_sc_hd__clkbuf_4 (0) disconnected node: VGND
Cell sky130_fd_sc_hd__clkbuf_4 (0) disconnected node: VNB
Cell sky130_fd_sc_hd__clkbuf_4 (0) disconnected node: VPB
Cell sky130_fd_sc_hd__clkbuf_4 (0) disconnected node: VPWR
Cell sky130_fd_sc_hd__clkbuf_4 (0) disconnected node: X

Subcircuit pins:
Circuit 1: sky130_fd_sc_hd__clkbuf_4       |Circuit 2: sky130_fd_sc_hd__clkbuf_4       
-------------------------------------------|-------------------------------------------
A                                          |A                                          
VGND                                       |VGND                                       
VNB                                        |VNB                                        
VPB                                        |VPB                                        
VPWR                                       |VPWR                                       
X                                          |X                                          
---------------------------------------------------------------------------------------
Cell pin lists are equivalent.
Device classes sky130_fd_sc_hd__clkbuf_4 and sky130_fd_sc_hd__clkbuf_4 are equivalent.

Cell sky130_fd_sc_hd__clkbuf_1 (0) disconnected node: A
Cell sky130_fd_sc_hd__clkbuf_1 (0) disconnected node: VGND
Cell sky130_fd_sc_hd__clkbuf_1 (0) disconnected node: VNB
Cell sky130_fd_sc_hd__clkbuf_1 (0) disconnected node: VPB
Cell sky130_fd_sc_hd__clkbuf_1 (0) disconnected node: VPWR
Cell sky130_fd_sc_hd__clkbuf_1 (0) disconnected node: X

Subcircuit pins:
Circuit 1: sky130_fd_sc_hd__clkbuf_1       |Circuit 2: sky130_fd_sc_hd__clkbuf_1       
-------------------------------------------|-------------------------------------------
A                                          |A                                          
VGND                                       |VGND                                       
VNB                                        |VNB                                        
VPB                                        |VPB                                        
VPWR                                       |VPWR                                       
X                                          |X                                          
---------------------------------------------------------------------------------------
Cell pin lists are equivalent.
Device classes sky130_fd_sc_hd__clkbuf_1 and sky130_fd_sc_hd__clkbuf_1 are equivalent.

Cell sky130_fd_sc_hd__a22oi_2 (0) disconnected node: A1
Cell sky130_fd_sc_hd__a22oi_2 (0) disconnected node: A2
Cell sky130_fd_sc_hd__a22oi_2 (0) disconnected node: B1
Cell sky130_fd_sc_hd__a22oi_2 (0) disconnected node: B2
Cell sky130_fd_sc_hd__a22oi_2 (0) disconnected node: VGND
Cell sky130_fd_sc_hd__a22oi_2 (0) disconnected node: VNB
Cell sky130_fd_sc_hd__a22oi_2 (0) disconnected node: VPB
Cell sky130_fd_sc_hd__a22oi_2 (0) disconnected node: VPWR
Cell sky130_fd_sc_hd__a22oi_2 (0) disconnected node: Y

Subcircuit pins:
Circuit 1: sky130_fd_sc_hd__a22oi_2        |Circuit 2: sky130_fd_sc_hd__a22oi_2        
-------------------------------------------|-------------------------------------------
A1                                         |A1                                         
A2                                         |A2                                         
B1                                         |B1                                         
B2                                         |B2                                         
VGND                                       |VGND                                       
VNB                                        |VNB                                        
VPB                                        |VPB                                        
VPWR                                       |VPWR                                       
Y                                          |Y                                          
---------------------------------------------------------------------------------------
Cell pin lists are equivalent.
Device classes sky130_fd_sc_hd__a22oi_2 and sky130_fd_sc_hd__a22oi_2 are equivalent.

Cell sky130_fd_sc_hd__and4_2 (0) disconnected node: A
Cell sky130_fd_sc_hd__and4_2 (0) disconnected node: B
Cell sky130_fd_sc_hd__and4_2 (0) disconnected node: C
Cell sky130_fd_sc_hd__and4_2 (0) disconnected node: D
Cell sky130_fd_sc_hd__and4_2 (0) disconnected node: VGND
Cell sky130_fd_sc_hd__and4_2 (0) disconnected node: VNB
Cell sky130_fd_sc_hd__and4_2 (0) disconnected node: VPB
Cell sky130_fd_sc_hd__and4_2 (0) disconnected node: VPWR
Cell sky130_fd_sc_hd__and4_2 (0) disconnected node: X

Subcircuit pins:
Circuit 1: sky130_fd_sc_hd__and4_2         |Circuit 2: sky130_fd_sc_hd__and4_2         
-------------------------------------------|-------------------------------------------
A                                          |A                                          
B                                          |B                                          
C                                          |C                                          
D                                          |D                                          
VGND                                       |VGND                                       
VNB                                        |VNB                                        
VPB                                        |VPB                                        
VPWR                                       |VPWR                                       
X                                          |X                                          
---------------------------------------------------------------------------------------
Cell pin lists are equivalent.
Device classes sky130_fd_sc_hd__and4_2 and sky130_fd_sc_hd__and4_2 are equivalent.

Cell sky130_fd_sc_hd__mux4_2 (0) disconnected node: A0
Cell sky130_fd_sc_hd__mux4_2 (0) disconnected node: A1
Cell sky130_fd_sc_hd__mux4_2 (0) disconnected node: A2
Cell sky130_fd_sc_hd__mux4_2 (0) disconnected node: A3
Cell sky130_fd_sc_hd__mux4_2 (0) disconnected node: S0
Cell sky130_fd_sc_hd__mux4_2 (0) disconnected node: S1
Cell sky130_fd_sc_hd__mux4_2 (0) disconnected node: VGND
Cell sky130_fd_sc_hd__mux4_2 (0) disconnected node: VNB
Cell sky130_fd_sc_hd__mux4_2 (0) disconnected node: VPB
Cell sky130_fd_sc_hd__mux4_2 (0) disconnected node: VPWR
Cell sky130_fd_sc_hd__mux4_2 (0) disconnected node: X

Subcircuit pins:
Circuit 1: sky130_fd_sc_hd__mux4_2         |Circuit 2: sky130_fd_sc_hd__mux4_2         
-------------------------------------------|-------------------------------------------
A0                                         |A0                                         
A1                                         |A1                                         
A2                                         |A2                                         
A3                                         |A3                                         
S0                                         |S0                                         
S1                                         |S1                                         
VGND                                       |VGND                                       
VNB                                        |VNB                                        
VPB                                        |VPB                                        
VPWR                                       |VPWR                                       
X                                          |X                                          
---------------------------------------------------------------------------------------
Cell pin lists are equivalent.
Device classes sky130_fd_sc_hd__mux4_2 and sky130_fd_sc_hd__mux4_2 are equivalent.

Cell sky130_fd_sc_hd__and3b_2 (0) disconnected node: A_N
Cell sky130_fd_sc_hd__and3b_2 (0) disconnected node: B
Cell sky130_fd_sc_hd__and3b_2 (0) disconnected node: C
Cell sky130_fd_sc_hd__and3b_2 (0) disconnected node: VGND
Cell sky130_fd_sc_hd__and3b_2 (0) disconnected node: VNB
Cell sky130_fd_sc_hd__and3b_2 (0) disconnected node: VPB
Cell sky130_fd_sc_hd__and3b_2 (0) disconnected node: VPWR
Cell sky130_fd_sc_hd__and3b_2 (0) disconnected node: X

Subcircuit pins:
Circuit 1: sky130_fd_sc_hd__and3b_2        |Circuit 2: sky130_fd_sc_hd__and3b_2        
-------------------------------------------|-------------------------------------------
A_N                                        |A_N                                        
B                                          |B                                          
C                                          |C                                          
VGND                                       |VGND                                       
VNB                                        |VNB                                        
VPB                                        |VPB                                        
VPWR                                       |VPWR                                       
X                                          |X                                          
---------------------------------------------------------------------------------------
Cell pin lists are equivalent.
Device classes sky130_fd_sc_hd__and3b_2 and sky130_fd_sc_hd__and3b_2 are equivalent.

Cell sky130_fd_sc_hd__inv_2 (0) disconnected node: A
Cell sky130_fd_sc_hd__inv_2 (0) disconnected node: VGND
Cell sky130_fd_sc_hd__inv_2 (0) disconnected node: VNB
Cell sky130_fd_sc_hd__inv_2 (0) disconnected node: VPB
Cell sky130_fd_sc_hd__inv_2 (0) disconnected node: VPWR
Cell sky130_fd_sc_hd__inv_2 (0) disconnected node: Y

Subcircuit pins:
Circuit 1: sky130_fd_sc_hd__inv_2          |Circuit 2: sky130_fd_sc_hd__inv_2          
-------------------------------------------|-------------------------------------------
A                                          |A                                          
VGND                                       |VGND                                       
VNB                                        |VNB                                        
VPB                                        |VPB                                        
VPWR                                       |VPWR                                       
Y                                          |Y                                          
---------------------------------------------------------------------------------------
Cell pin lists are equivalent.
Device classes sky130_fd_sc_hd__inv_2 and sky130_fd_sc_hd__inv_2 are equivalent.

Cell sky130_fd_sc_hd__buf_6 (0) disconnected node: A
Cell sky130_fd_sc_hd__buf_6 (0) disconnected node: VGND
Cell sky130_fd_sc_hd__buf_6 (0) disconnected node: VNB
Cell sky130_fd_sc_hd__buf_6 (0) disconnected node: VPB
Cell sky130_fd_sc_hd__buf_6 (0) disconnected node: VPWR
Cell sky130_fd_sc_hd__buf_6 (0) disconnected node: X

Subcircuit pins:
Circuit 1: sky130_fd_sc_hd__buf_6          |Circuit 2: sky130_fd_sc_hd__buf_6          
-------------------------------------------|-------------------------------------------
A                                          |A                                          
VGND                                       |VGND                                       
VNB                                        |VNB                                        
VPB                                        |VPB                                        
VPWR                                       |VPWR                                       
X                                          |X                                          
---------------------------------------------------------------------------------------
Cell pin lists are equivalent.
Device classes sky130_fd_sc_hd__buf_6 and sky130_fd_sc_hd__buf_6 are equivalent.

Cell sky130_fd_sc_hd__a31o_2 (0) disconnected node: A1
Cell sky130_fd_sc_hd__a31o_2 (0) disconnected node: A2
Cell sky130_fd_sc_hd__a31o_2 (0) disconnected node: A3
Cell sky130_fd_sc_hd__a31o_2 (0) disconnected node: B1
Cell sky130_fd_sc_hd__a31o_2 (0) disconnected node: VGND
Cell sky130_fd_sc_hd__a31o_2 (0) disconnected node: VNB
Cell sky130_fd_sc_hd__a31o_2 (0) disconnected node: VPB
Cell sky130_fd_sc_hd__a31o_2 (0) disconnected node: VPWR
Cell sky130_fd_sc_hd__a31o_2 (0) disconnected node: X

Subcircuit pins:
Circuit 1: sky130_fd_sc_hd__a31o_2         |Circuit 2: sky130_fd_sc_hd__a31o_2         
-------------------------------------------|-------------------------------------------
A1                                         |A1                                         
A2                                         |A2                                         
A3                                         |A3                                         
B1                                         |B1                                         
VGND                                       |VGND                                       
VNB                                        |VNB                                        
VPB                                        |VPB                                        
VPWR                                       |VPWR                                       
X                                          |X                                          
---------------------------------------------------------------------------------------
Cell pin lists are equivalent.
Device classes sky130_fd_sc_hd__a31o_2 and sky130_fd_sc_hd__a31o_2 are equivalent.

Cell sky130_fd_sc_hd__o31ai_2 (0) disconnected node: A1
Cell sky130_fd_sc_hd__o31ai_2 (0) disconnected node: A2
Cell sky130_fd_sc_hd__o31ai_2 (0) disconnected node: A3
Cell sky130_fd_sc_hd__o31ai_2 (0) disconnected node: B1
Cell sky130_fd_sc_hd__o31ai_2 (0) disconnected node: VGND
Cell sky130_fd_sc_hd__o31ai_2 (0) disconnected node: VNB
Cell sky130_fd_sc_hd__o31ai_2 (0) disconnected node: VPB
Cell sky130_fd_sc_hd__o31ai_2 (0) disconnected node: VPWR
Cell sky130_fd_sc_hd__o31ai_2 (0) disconnected node: Y

Subcircuit pins:
Circuit 1: sky130_fd_sc_hd__o31ai_2        |Circuit 2: sky130_fd_sc_hd__o31ai_2        
-------------------------------------------|-------------------------------------------
A1                                         |A1                                         
A2                                         |A2                                         
A3                                         |A3                                         
B1                                         |B1                                         
VGND                                       |VGND                                       
VNB                                        |VNB                                        
VPB                                        |VPB                                        
VPWR                                       |VPWR                                       
Y                                          |Y                                          
---------------------------------------------------------------------------------------
Cell pin lists are equivalent.
Device classes sky130_fd_sc_hd__o31ai_2 and sky130_fd_sc_hd__o31ai_2 are equivalent.

Cell sky130_fd_sc_hd__nor3b_2 (0) disconnected node: A
Cell sky130_fd_sc_hd__nor3b_2 (0) disconnected node: B
Cell sky130_fd_sc_hd__nor3b_2 (0) disconnected node: C_N
Cell sky130_fd_sc_hd__nor3b_2 (0) disconnected node: VGND
Cell sky130_fd_sc_hd__nor3b_2 (0) disconnected node: VNB
Cell sky130_fd_sc_hd__nor3b_2 (0) disconnected node: VPB
Cell sky130_fd_sc_hd__nor3b_2 (0) disconnected node: VPWR
Cell sky130_fd_sc_hd__nor3b_2 (0) disconnected node: Y

Subcircuit pins:
Circuit 1: sky130_fd_sc_hd__nor3b_2        |Circuit 2: sky130_fd_sc_hd__nor3b_2        
-------------------------------------------|-------------------------------------------
A                                          |A                                          
B                                          |B                                          
C_N                                        |C_N                                        
VGND                                       |VGND                                       
VNB                                        |VNB                                        
VPB                                        |VPB                                        
VPWR                                       |VPWR                                       
Y                                          |Y                                          
---------------------------------------------------------------------------------------
Cell pin lists are equivalent.
Device classes sky130_fd_sc_hd__nor3b_2 and sky130_fd_sc_hd__nor3b_2 are equivalent.

Cell sky130_fd_sc_hd__a221o_2 (0) disconnected node: A1
Cell sky130_fd_sc_hd__a221o_2 (0) disconnected node: A2
Cell sky130_fd_sc_hd__a221o_2 (0) disconnected node: B1
Cell sky130_fd_sc_hd__a221o_2 (0) disconnected node: B2
Cell sky130_fd_sc_hd__a221o_2 (0) disconnected node: C1
Cell sky130_fd_sc_hd__a221o_2 (0) disconnected node: VGND
Cell sky130_fd_sc_hd__a221o_2 (0) disconnected node: VNB
Cell sky130_fd_sc_hd__a221o_2 (0) disconnected node: VPB
Cell sky130_fd_sc_hd__a221o_2 (0) disconnected node: VPWR
Cell sky130_fd_sc_hd__a221o_2 (0) disconnected node: X

Subcircuit pins:
Circuit 1: sky130_fd_sc_hd__a221o_2        |Circuit 2: sky130_fd_sc_hd__a221o_2        
-------------------------------------------|-------------------------------------------
A1                                         |A1                                         
A2                                         |A2                                         
B1                                         |B1                                         
B2                                         |B2                                         
C1                                         |C1                                         
VGND                                       |VGND                                       
VNB                                        |VNB                                        
VPB                                        |VPB                                        
VPWR                                       |VPWR                                       
X                                          |X                                          
---------------------------------------------------------------------------------------
Cell pin lists are equivalent.
Device classes sky130_fd_sc_hd__a221o_2 and sky130_fd_sc_hd__a221o_2 are equivalent.

Cell sky130_fd_sc_hd__a211o_2 (0) disconnected node: A1
Cell sky130_fd_sc_hd__a211o_2 (0) disconnected node: A2
Cell sky130_fd_sc_hd__a211o_2 (0) disconnected node: B1
Cell sky130_fd_sc_hd__a211o_2 (0) disconnected node: C1
Cell sky130_fd_sc_hd__a211o_2 (0) disconnected node: VGND
Cell sky130_fd_sc_hd__a211o_2 (0) disconnected node: VNB
Cell sky130_fd_sc_hd__a211o_2 (0) disconnected node: VPB
Cell sky130_fd_sc_hd__a211o_2 (0) disconnected node: VPWR
Cell sky130_fd_sc_hd__a211o_2 (0) disconnected node: X

Subcircuit pins:
Circuit 1: sky130_fd_sc_hd__a211o_2        |Circuit 2: sky130_fd_sc_hd__a211o_2        
-------------------------------------------|-------------------------------------------
A1                                         |A1                                         
A2                                         |A2                                         
B1                                         |B1                                         
C1                                         |C1                                         
VGND                                       |VGND                                       
VNB                                        |VNB                                        
VPB                                        |VPB                                        
VPWR                                       |VPWR                                       
X                                          |X                                          
---------------------------------------------------------------------------------------
Cell pin lists are equivalent.
Device classes sky130_fd_sc_hd__a211o_2 and sky130_fd_sc_hd__a211o_2 are equivalent.

Cell sky130_fd_sc_hd__a2bb2o_2 (0) disconnected node: A1_N
Cell sky130_fd_sc_hd__a2bb2o_2 (0) disconnected node: A2_N
Cell sky130_fd_sc_hd__a2bb2o_2 (0) disconnected node: B1
Cell sky130_fd_sc_hd__a2bb2o_2 (0) disconnected node: B2
Cell sky130_fd_sc_hd__a2bb2o_2 (0) disconnected node: VGND
Cell sky130_fd_sc_hd__a2bb2o_2 (0) disconnected node: VNB
Cell sky130_fd_sc_hd__a2bb2o_2 (0) disconnected node: VPB
Cell sky130_fd_sc_hd__a2bb2o_2 (0) disconnected node: VPWR
Cell sky130_fd_sc_hd__a2bb2o_2 (0) disconnected node: X

Subcircuit pins:
Circuit 1: sky130_fd_sc_hd__a2bb2o_2       |Circuit 2: sky130_fd_sc_hd__a2bb2o_2       
-------------------------------------------|-------------------------------------------
A1_N                                       |A1_N                                       
A2_N                                       |A2_N                                       
B1                                         |B1                                         
B2                                         |B2                                         
VGND                                       |VGND                                       
VNB                                        |VNB                                        
VPB                                        |VPB                                        
VPWR                                       |VPWR                                       
X                                          |X                                          
---------------------------------------------------------------------------------------
Cell pin lists are equivalent.
Device classes sky130_fd_sc_hd__a2bb2o_2 and sky130_fd_sc_hd__a2bb2o_2 are equivalent.

Cell sky130_fd_sc_hd__dlygate4sd3_1 (0) disconnected node: A
Cell sky130_fd_sc_hd__dlygate4sd3_1 (0) disconnected node: VGND
Cell sky130_fd_sc_hd__dlygate4sd3_1 (0) disconnected node: VNB
Cell sky130_fd_sc_hd__dlygate4sd3_1 (0) disconnected node: VPB
Cell sky130_fd_sc_hd__dlygate4sd3_1 (0) disconnected node: VPWR
Cell sky130_fd_sc_hd__dlygate4sd3_1 (0) disconnected node: X

Subcircuit pins:
Circuit 1: sky130_fd_sc_hd__dlygate4sd3_1  |Circuit 2: sky130_fd_sc_hd__dlygate4sd3_1  
-------------------------------------------|-------------------------------------------
A                                          |A                                          
VGND                                       |VGND                                       
VNB                                        |VNB                                        
VPB                                        |VPB                                        
VPWR                                       |VPWR                                       
X                                          |X                                          
---------------------------------------------------------------------------------------
Cell pin lists are equivalent.
Device classes sky130_fd_sc_hd__dlygate4sd3_1 and sky130_fd_sc_hd__dlygate4sd3_1 are equivalent.

Cell sky130_fd_sc_hd__nand2b_2 (0) disconnected node: A_N
Cell sky130_fd_sc_hd__nand2b_2 (0) disconnected node: B
Cell sky130_fd_sc_hd__nand2b_2 (0) disconnected node: VGND
Cell sky130_fd_sc_hd__nand2b_2 (0) disconnected node: VNB
Cell sky130_fd_sc_hd__nand2b_2 (0) disconnected node: VPB
Cell sky130_fd_sc_hd__nand2b_2 (0) disconnected node: VPWR
Cell sky130_fd_sc_hd__nand2b_2 (0) disconnected node: Y

Subcircuit pins:
Circuit 1: sky130_fd_sc_hd__nand2b_2       |Circuit 2: sky130_fd_sc_hd__nand2b_2       
-------------------------------------------|-------------------------------------------
A_N                                        |A_N                                        
B                                          |B                                          
VGND                                       |VGND                                       
VNB                                        |VNB                                        
VPB                                        |VPB                                        
VPWR                                       |VPWR                                       
Y                                          |Y                                          
---------------------------------------------------------------------------------------
Cell pin lists are equivalent.
Device classes sky130_fd_sc_hd__nand2b_2 and sky130_fd_sc_hd__nand2b_2 are equivalent.

Cell sky130_fd_sc_hd__buf_8 (0) disconnected node: A
Cell sky130_fd_sc_hd__buf_8 (0) disconnected node: VGND
Cell sky130_fd_sc_hd__buf_8 (0) disconnected node: VNB
Cell sky130_fd_sc_hd__buf_8 (0) disconnected node: VPB
Cell sky130_fd_sc_hd__buf_8 (0) disconnected node: VPWR
Cell sky130_fd_sc_hd__buf_8 (0) disconnected node: X

Subcircuit pins:
Circuit 1: sky130_fd_sc_hd__buf_8          |Circuit 2: sky130_fd_sc_hd__buf_8          
-------------------------------------------|-------------------------------------------
A                                          |A                                          
VGND                                       |VGND                                       
VNB                                        |VNB                                        
VPB                                        |VPB                                        
VPWR                                       |VPWR                                       
X                                          |X                                          
---------------------------------------------------------------------------------------
Cell pin lists are equivalent.
Device classes sky130_fd_sc_hd__buf_8 and sky130_fd_sc_hd__buf_8 are equivalent.

Cell sky130_fd_sc_hd__a32o_2 (0) disconnected node: A1
Cell sky130_fd_sc_hd__a32o_2 (0) disconnected node: A2
Cell sky130_fd_sc_hd__a32o_2 (0) disconnected node: A3
Cell sky130_fd_sc_hd__a32o_2 (0) disconnected node: B1
Cell sky130_fd_sc_hd__a32o_2 (0) disconnected node: B2
Cell sky130_fd_sc_hd__a32o_2 (0) disconnected node: VGND
Cell sky130_fd_sc_hd__a32o_2 (0) disconnected node: VNB
Cell sky130_fd_sc_hd__a32o_2 (0) disconnected node: VPB
Cell sky130_fd_sc_hd__a32o_2 (0) disconnected node: VPWR
Cell sky130_fd_sc_hd__a32o_2 (0) disconnected node: X

Subcircuit pins:
Circuit 1: sky130_fd_sc_hd__a32o_2         |Circuit 2: sky130_fd_sc_hd__a32o_2         
-------------------------------------------|-------------------------------------------
A1                                         |A1                                         
A2                                         |A2                                         
A3                                         |A3                                         
B1                                         |B1                                         
B2                                         |B2                                         
VGND                                       |VGND                                       
VNB                                        |VNB                                        
VPB                                        |VPB                                        
VPWR                                       |VPWR                                       
X                                          |X                                          
---------------------------------------------------------------------------------------
Cell pin lists are equivalent.
Device classes sky130_fd_sc_hd__a32o_2 and sky130_fd_sc_hd__a32o_2 are equivalent.

Cell sky130_fd_sc_hd__buf_4 (0) disconnected node: A
Cell sky130_fd_sc_hd__buf_4 (0) disconnected node: VGND
Cell sky130_fd_sc_hd__buf_4 (0) disconnected node: VNB
Cell sky130_fd_sc_hd__buf_4 (0) disconnected node: VPB
Cell sky130_fd_sc_hd__buf_4 (0) disconnected node: VPWR
Cell sky130_fd_sc_hd__buf_4 (0) disconnected node: X

Subcircuit pins:
Circuit 1: sky130_fd_sc_hd__buf_4          |Circuit 2: sky130_fd_sc_hd__buf_4          
-------------------------------------------|-------------------------------------------
A                                          |A                                          
VGND                                       |VGND                                       
VNB                                        |VNB                                        
VPB                                        |VPB                                        
VPWR                                       |VPWR                                       
X                                          |X                                          
---------------------------------------------------------------------------------------
Cell pin lists are equivalent.
Device classes sky130_fd_sc_hd__buf_4 and sky130_fd_sc_hd__buf_4 are equivalent.

Cell sky130_fd_sc_hd__a21bo_2 (0) disconnected node: A1
Cell sky130_fd_sc_hd__a21bo_2 (0) disconnected node: A2
Cell sky130_fd_sc_hd__a21bo_2 (0) disconnected node: B1_N
Cell sky130_fd_sc_hd__a21bo_2 (0) disconnected node: VGND
Cell sky130_fd_sc_hd__a21bo_2 (0) disconnected node: VNB
Cell sky130_fd_sc_hd__a21bo_2 (0) disconnected node: VPB
Cell sky130_fd_sc_hd__a21bo_2 (0) disconnected node: VPWR
Cell sky130_fd_sc_hd__a21bo_2 (0) disconnected node: X

Subcircuit pins:
Circuit 1: sky130_fd_sc_hd__a21bo_2        |Circuit 2: sky130_fd_sc_hd__a21bo_2        
-------------------------------------------|-------------------------------------------
A1                                         |A1                                         
A2                                         |A2                                         
B1_N                                       |B1_N                                       
VGND                                       |VGND                                       
VNB                                        |VNB                                        
VPB                                        |VPB                                        
VPWR                                       |VPWR                                       
X                                          |X                                          
---------------------------------------------------------------------------------------
Cell pin lists are equivalent.
Device classes sky130_fd_sc_hd__a21bo_2 and sky130_fd_sc_hd__a21bo_2 are equivalent.

Cell sky130_fd_sc_hd__clkbuf_2 (0) disconnected node: A
Cell sky130_fd_sc_hd__clkbuf_2 (0) disconnected node: VGND
Cell sky130_fd_sc_hd__clkbuf_2 (0) disconnected node: VNB
Cell sky130_fd_sc_hd__clkbuf_2 (0) disconnected node: VPB
Cell sky130_fd_sc_hd__clkbuf_2 (0) disconnected node: VPWR
Cell sky130_fd_sc_hd__clkbuf_2 (0) disconnected node: X

Subcircuit pins:
Circuit 1: sky130_fd_sc_hd__clkbuf_2       |Circuit 2: sky130_fd_sc_hd__clkbuf_2       
-------------------------------------------|-------------------------------------------
A                                          |A                                          
VGND                                       |VGND                                       
VNB                                        |VNB                                        
VPB                                        |VPB                                        
VPWR                                       |VPWR                                       
X                                          |X                                          
---------------------------------------------------------------------------------------
Cell pin lists are equivalent.
Device classes sky130_fd_sc_hd__clkbuf_2 and sky130_fd_sc_hd__clkbuf_2 are equivalent.

Cell sky130_fd_sc_hd__or4_2 (0) disconnected node: A
Cell sky130_fd_sc_hd__or4_2 (0) disconnected node: B
Cell sky130_fd_sc_hd__or4_2 (0) disconnected node: C
Cell sky130_fd_sc_hd__or4_2 (0) disconnected node: D
Cell sky130_fd_sc_hd__or4_2 (0) disconnected node: VGND
Cell sky130_fd_sc_hd__or4_2 (0) disconnected node: VNB
Cell sky130_fd_sc_hd__or4_2 (0) disconnected node: VPB
Cell sky130_fd_sc_hd__or4_2 (0) disconnected node: VPWR
Cell sky130_fd_sc_hd__or4_2 (0) disconnected node: X

Subcircuit pins:
Circuit 1: sky130_fd_sc_hd__or4_2          |Circuit 2: sky130_fd_sc_hd__or4_2          
-------------------------------------------|-------------------------------------------
A                                          |A                                          
B                                          |B                                          
C                                          |C                                          
D                                          |D                                          
VGND                                       |VGND                                       
VNB                                        |VNB                                        
VPB                                        |VPB                                        
VPWR                                       |VPWR                                       
X                                          |X                                          
---------------------------------------------------------------------------------------
Cell pin lists are equivalent.
Device classes sky130_fd_sc_hd__or4_2 and sky130_fd_sc_hd__or4_2 are equivalent.

Cell sky130_fd_sc_hd__or4b_4 (0) disconnected node: A
Cell sky130_fd_sc_hd__or4b_4 (0) disconnected node: B
Cell sky130_fd_sc_hd__or4b_4 (0) disconnected node: C
Cell sky130_fd_sc_hd__or4b_4 (0) disconnected node: D_N
Cell sky130_fd_sc_hd__or4b_4 (0) disconnected node: VGND
Cell sky130_fd_sc_hd__or4b_4 (0) disconnected node: VNB
Cell sky130_fd_sc_hd__or4b_4 (0) disconnected node: VPB
Cell sky130_fd_sc_hd__or4b_4 (0) disconnected node: VPWR
Cell sky130_fd_sc_hd__or4b_4 (0) disconnected node: X

Subcircuit pins:
Circuit 1: sky130_fd_sc_hd__or4b_4         |Circuit 2: sky130_fd_sc_hd__or4b_4         
-------------------------------------------|-------------------------------------------
A                                          |A                                          
B                                          |B                                          
C                                          |C                                          
D_N                                        |D_N                                        
VGND                                       |VGND                                       
VNB                                        |VNB                                        
VPB                                        |VPB                                        
VPWR                                       |VPWR                                       
X                                          |X                                          
---------------------------------------------------------------------------------------
Cell pin lists are equivalent.
Device classes sky130_fd_sc_hd__or4b_4 and sky130_fd_sc_hd__or4b_4 are equivalent.

Cell sky130_fd_sc_hd__nor3_2 (0) disconnected node: A
Cell sky130_fd_sc_hd__nor3_2 (0) disconnected node: B
Cell sky130_fd_sc_hd__nor3_2 (0) disconnected node: C
Cell sky130_fd_sc_hd__nor3_2 (0) disconnected node: VGND
Cell sky130_fd_sc_hd__nor3_2 (0) disconnected node: VNB
Cell sky130_fd_sc_hd__nor3_2 (0) disconnected node: VPB
Cell sky130_fd_sc_hd__nor3_2 (0) disconnected node: VPWR
Cell sky130_fd_sc_hd__nor3_2 (0) disconnected node: Y

Subcircuit pins:
Circuit 1: sky130_fd_sc_hd__nor3_2         |Circuit 2: sky130_fd_sc_hd__nor3_2         
-------------------------------------------|-------------------------------------------
A                                          |A                                          
B                                          |B                                          
C                                          |C                                          
VGND                                       |VGND                                       
VNB                                        |VNB                                        
VPB                                        |VPB                                        
VPWR                                       |VPWR                                       
Y                                          |Y                                          
---------------------------------------------------------------------------------------
Cell pin lists are equivalent.
Device classes sky130_fd_sc_hd__nor3_2 and sky130_fd_sc_hd__nor3_2 are equivalent.

Cell sky130_fd_sc_hd__a31oi_2 (0) disconnected node: A1
Cell sky130_fd_sc_hd__a31oi_2 (0) disconnected node: A2
Cell sky130_fd_sc_hd__a31oi_2 (0) disconnected node: A3
Cell sky130_fd_sc_hd__a31oi_2 (0) disconnected node: B1
Cell sky130_fd_sc_hd__a31oi_2 (0) disconnected node: VGND
Cell sky130_fd_sc_hd__a31oi_2 (0) disconnected node: VNB
Cell sky130_fd_sc_hd__a31oi_2 (0) disconnected node: VPB
Cell sky130_fd_sc_hd__a31oi_2 (0) disconnected node: VPWR
Cell sky130_fd_sc_hd__a31oi_2 (0) disconnected node: Y

Subcircuit pins:
Circuit 1: sky130_fd_sc_hd__a31oi_2        |Circuit 2: sky130_fd_sc_hd__a31oi_2        
-------------------------------------------|-------------------------------------------
A1                                         |A1                                         
A2                                         |A2                                         
A3                                         |A3                                         
B1                                         |B1                                         
VGND                                       |VGND                                       
VNB                                        |VNB                                        
VPB                                        |VPB                                        
VPWR                                       |VPWR                                       
Y                                          |Y                                          
---------------------------------------------------------------------------------------
Cell pin lists are equivalent.
Device classes sky130_fd_sc_hd__a31oi_2 and sky130_fd_sc_hd__a31oi_2 are equivalent.

Cell sky130_fd_sc_hd__nand3_2 (0) disconnected node: A
Cell sky130_fd_sc_hd__nand3_2 (0) disconnected node: B
Cell sky130_fd_sc_hd__nand3_2 (0) disconnected node: C
Cell sky130_fd_sc_hd__nand3_2 (0) disconnected node: VGND
Cell sky130_fd_sc_hd__nand3_2 (0) disconnected node: VNB
Cell sky130_fd_sc_hd__nand3_2 (0) disconnected node: VPB
Cell sky130_fd_sc_hd__nand3_2 (0) disconnected node: VPWR
Cell sky130_fd_sc_hd__nand3_2 (0) disconnected node: Y

Subcircuit pins:
Circuit 1: sky130_fd_sc_hd__nand3_2        |Circuit 2: sky130_fd_sc_hd__nand3_2        
-------------------------------------------|-------------------------------------------
A                                          |A                                          
B                                          |B                                          
C                                          |C                                          
VGND                                       |VGND                                       
VNB                                        |VNB                                        
VPB                                        |VPB                                        
VPWR                                       |VPWR                                       
Y                                          |Y                                          
---------------------------------------------------------------------------------------
Cell pin lists are equivalent.
Device classes sky130_fd_sc_hd__nand3_2 and sky130_fd_sc_hd__nand3_2 are equivalent.

Cell sky130_fd_sc_hd__a21boi_2 (0) disconnected node: A1
Cell sky130_fd_sc_hd__a21boi_2 (0) disconnected node: A2
Cell sky130_fd_sc_hd__a21boi_2 (0) disconnected node: B1_N
Cell sky130_fd_sc_hd__a21boi_2 (0) disconnected node: VGND
Cell sky130_fd_sc_hd__a21boi_2 (0) disconnected node: VNB
Cell sky130_fd_sc_hd__a21boi_2 (0) disconnected node: VPB
Cell sky130_fd_sc_hd__a21boi_2 (0) disconnected node: VPWR
Cell sky130_fd_sc_hd__a21boi_2 (0) disconnected node: Y

Subcircuit pins:
Circuit 1: sky130_fd_sc_hd__a21boi_2       |Circuit 2: sky130_fd_sc_hd__a21boi_2       
-------------------------------------------|-------------------------------------------
A1                                         |A1                                         
A2                                         |A2                                         
B1_N                                       |B1_N                                       
VGND                                       |VGND                                       
VNB                                        |VNB                                        
VPB                                        |VPB                                        
VPWR                                       |VPWR                                       
Y                                          |Y                                          
---------------------------------------------------------------------------------------
Cell pin lists are equivalent.
Device classes sky130_fd_sc_hd__a21boi_2 and sky130_fd_sc_hd__a21boi_2 are equivalent.

Cell sky130_fd_sc_hd__or3b_2 (0) disconnected node: A
Cell sky130_fd_sc_hd__or3b_2 (0) disconnected node: B
Cell sky130_fd_sc_hd__or3b_2 (0) disconnected node: C_N
Cell sky130_fd_sc_hd__or3b_2 (0) disconnected node: VGND
Cell sky130_fd_sc_hd__or3b_2 (0) disconnected node: VNB
Cell sky130_fd_sc_hd__or3b_2 (0) disconnected node: VPB
Cell sky130_fd_sc_hd__or3b_2 (0) disconnected node: VPWR
Cell sky130_fd_sc_hd__or3b_2 (0) disconnected node: X

Subcircuit pins:
Circuit 1: sky130_fd_sc_hd__or3b_2         |Circuit 2: sky130_fd_sc_hd__or3b_2         
-------------------------------------------|-------------------------------------------
A                                          |A                                          
B                                          |B                                          
C_N                                        |C_N                                        
VGND                                       |VGND                                       
VNB                                        |VNB                                        
VPB                                        |VPB                                        
VPWR                                       |VPWR                                       
X                                          |X                                          
---------------------------------------------------------------------------------------
Cell pin lists are equivalent.
Device classes sky130_fd_sc_hd__or3b_2 and sky130_fd_sc_hd__or3b_2 are equivalent.

Cell sky130_fd_sc_hd__a211oi_2 (0) disconnected node: A1
Cell sky130_fd_sc_hd__a211oi_2 (0) disconnected node: A2
Cell sky130_fd_sc_hd__a211oi_2 (0) disconnected node: B1
Cell sky130_fd_sc_hd__a211oi_2 (0) disconnected node: C1
Cell sky130_fd_sc_hd__a211oi_2 (0) disconnected node: VGND
Cell sky130_fd_sc_hd__a211oi_2 (0) disconnected node: VNB
Cell sky130_fd_sc_hd__a211oi_2 (0) disconnected node: VPB
Cell sky130_fd_sc_hd__a211oi_2 (0) disconnected node: VPWR
Cell sky130_fd_sc_hd__a211oi_2 (0) disconnected node: Y

Subcircuit pins:
Circuit 1: sky130_fd_sc_hd__a211oi_2       |Circuit 2: sky130_fd_sc_hd__a211oi_2       
-------------------------------------------|-------------------------------------------
A1                                         |A1                                         
A2                                         |A2                                         
B1                                         |B1                                         
C1                                         |C1                                         
VGND                                       |VGND                                       
VNB                                        |VNB                                        
VPB                                        |VPB                                        
VPWR                                       |VPWR                                       
Y                                          |Y                                          
---------------------------------------------------------------------------------------
Cell pin lists are equivalent.
Device classes sky130_fd_sc_hd__a211oi_2 and sky130_fd_sc_hd__a211oi_2 are equivalent.

Cell sky130_fd_sc_hd__and4bb_2 (0) disconnected node: A_N
Cell sky130_fd_sc_hd__and4bb_2 (0) disconnected node: B_N
Cell sky130_fd_sc_hd__and4bb_2 (0) disconnected node: C
Cell sky130_fd_sc_hd__and4bb_2 (0) disconnected node: D
Cell sky130_fd_sc_hd__and4bb_2 (0) disconnected node: VGND
Cell sky130_fd_sc_hd__and4bb_2 (0) disconnected node: VNB
Cell sky130_fd_sc_hd__and4bb_2 (0) disconnected node: VPB
Cell sky130_fd_sc_hd__and4bb_2 (0) disconnected node: VPWR
Cell sky130_fd_sc_hd__and4bb_2 (0) disconnected node: X

Subcircuit pins:
Circuit 1: sky130_fd_sc_hd__and4bb_2       |Circuit 2: sky130_fd_sc_hd__and4bb_2       
-------------------------------------------|-------------------------------------------
A_N                                        |A_N                                        
B_N                                        |B_N                                        
C                                          |C                                          
D                                          |D                                          
VGND                                       |VGND                                       
VNB                                        |VNB                                        
VPB                                        |VPB                                        
VPWR                                       |VPWR                                       
X                                          |X                                          
---------------------------------------------------------------------------------------
Cell pin lists are equivalent.
Device classes sky130_fd_sc_hd__and4bb_2 and sky130_fd_sc_hd__and4bb_2 are equivalent.

Cell sky130_fd_sc_hd__o22a_2 (0) disconnected node: A1
Cell sky130_fd_sc_hd__o22a_2 (0) disconnected node: A2
Cell sky130_fd_sc_hd__o22a_2 (0) disconnected node: B1
Cell sky130_fd_sc_hd__o22a_2 (0) disconnected node: B2
Cell sky130_fd_sc_hd__o22a_2 (0) disconnected node: VGND
Cell sky130_fd_sc_hd__o22a_2 (0) disconnected node: VNB
Cell sky130_fd_sc_hd__o22a_2 (0) disconnected node: VPB
Cell sky130_fd_sc_hd__o22a_2 (0) disconnected node: VPWR
Cell sky130_fd_sc_hd__o22a_2 (0) disconnected node: X

Subcircuit pins:
Circuit 1: sky130_fd_sc_hd__o22a_2         |Circuit 2: sky130_fd_sc_hd__o22a_2         
-------------------------------------------|-------------------------------------------
A1                                         |A1                                         
A2                                         |A2                                         
B1                                         |B1                                         
B2                                         |B2                                         
VGND                                       |VGND                                       
VNB                                        |VNB                                        
VPB                                        |VPB                                        
VPWR                                       |VPWR                                       
X                                          |X                                          
---------------------------------------------------------------------------------------
Cell pin lists are equivalent.
Device classes sky130_fd_sc_hd__o22a_2 and sky130_fd_sc_hd__o22a_2 are equivalent.

Cell sky130_fd_sc_hd__a211o_4 (0) disconnected node: A1
Cell sky130_fd_sc_hd__a211o_4 (0) disconnected node: A2
Cell sky130_fd_sc_hd__a211o_4 (0) disconnected node: B1
Cell sky130_fd_sc_hd__a211o_4 (0) disconnected node: C1
Cell sky130_fd_sc_hd__a211o_4 (0) disconnected node: VGND
Cell sky130_fd_sc_hd__a211o_4 (0) disconnected node: VNB
Cell sky130_fd_sc_hd__a211o_4 (0) disconnected node: VPB
Cell sky130_fd_sc_hd__a211o_4 (0) disconnected node: VPWR
Cell sky130_fd_sc_hd__a211o_4 (0) disconnected node: X

Subcircuit pins:
Circuit 1: sky130_fd_sc_hd__a211o_4        |Circuit 2: sky130_fd_sc_hd__a211o_4        
-------------------------------------------|-------------------------------------------
A1                                         |A1                                         
A2                                         |A2                                         
B1                                         |B1                                         
C1                                         |C1                                         
VGND                                       |VGND                                       
VNB                                        |VNB                                        
VPB                                        |VPB                                        
VPWR                                       |VPWR                                       
X                                          |X                                          
---------------------------------------------------------------------------------------
Cell pin lists are equivalent.
Device classes sky130_fd_sc_hd__a211o_4 and sky130_fd_sc_hd__a211o_4 are equivalent.

Cell sky130_fd_sc_hd__o21ba_2 (0) disconnected node: A1
Cell sky130_fd_sc_hd__o21ba_2 (0) disconnected node: A2
Cell sky130_fd_sc_hd__o21ba_2 (0) disconnected node: B1_N
Cell sky130_fd_sc_hd__o21ba_2 (0) disconnected node: VGND
Cell sky130_fd_sc_hd__o21ba_2 (0) disconnected node: VNB
Cell sky130_fd_sc_hd__o21ba_2 (0) disconnected node: VPB
Cell sky130_fd_sc_hd__o21ba_2 (0) disconnected node: VPWR
Cell sky130_fd_sc_hd__o21ba_2 (0) disconnected node: X

Subcircuit pins:
Circuit 1: sky130_fd_sc_hd__o21ba_2        |Circuit 2: sky130_fd_sc_hd__o21ba_2        
-------------------------------------------|-------------------------------------------
A1                                         |A1                                         
A2                                         |A2                                         
B1_N                                       |B1_N                                       
VGND                                       |VGND                                       
VNB                                        |VNB                                        
VPB                                        |VPB                                        
VPWR                                       |VPWR                                       
X                                          |X                                          
---------------------------------------------------------------------------------------
Cell pin lists are equivalent.
Device classes sky130_fd_sc_hd__o21ba_2 and sky130_fd_sc_hd__o21ba_2 are equivalent.

Cell sky130_fd_sc_hd__nand2_4 (0) disconnected node: A
Cell sky130_fd_sc_hd__nand2_4 (0) disconnected node: B
Cell sky130_fd_sc_hd__nand2_4 (0) disconnected node: VGND
Cell sky130_fd_sc_hd__nand2_4 (0) disconnected node: VNB
Cell sky130_fd_sc_hd__nand2_4 (0) disconnected node: VPB
Cell sky130_fd_sc_hd__nand2_4 (0) disconnected node: VPWR
Cell sky130_fd_sc_hd__nand2_4 (0) disconnected node: Y

Subcircuit pins:
Circuit 1: sky130_fd_sc_hd__nand2_4        |Circuit 2: sky130_fd_sc_hd__nand2_4        
-------------------------------------------|-------------------------------------------
A                                          |A                                          
B                                          |B                                          
VGND                                       |VGND                                       
VNB                                        |VNB                                        
VPB                                        |VPB                                        
VPWR                                       |VPWR                                       
Y                                          |Y                                          
---------------------------------------------------------------------------------------
Cell pin lists are equivalent.
Device classes sky130_fd_sc_hd__nand2_4 and sky130_fd_sc_hd__nand2_4 are equivalent.

Cell sky130_fd_sc_hd__a2111o_2 (0) disconnected node: A1
Cell sky130_fd_sc_hd__a2111o_2 (0) disconnected node: A2
Cell sky130_fd_sc_hd__a2111o_2 (0) disconnected node: B1
Cell sky130_fd_sc_hd__a2111o_2 (0) disconnected node: C1
Cell sky130_fd_sc_hd__a2111o_2 (0) disconnected node: D1
Cell sky130_fd_sc_hd__a2111o_2 (0) disconnected node: VGND
Cell sky130_fd_sc_hd__a2111o_2 (0) disconnected node: VNB
Cell sky130_fd_sc_hd__a2111o_2 (0) disconnected node: VPB
Cell sky130_fd_sc_hd__a2111o_2 (0) disconnected node: VPWR
Cell sky130_fd_sc_hd__a2111o_2 (0) disconnected node: X

Subcircuit pins:
Circuit 1: sky130_fd_sc_hd__a2111o_2       |Circuit 2: sky130_fd_sc_hd__a2111o_2       
-------------------------------------------|-------------------------------------------
A1                                         |A1                                         
A2                                         |A2                                         
B1                                         |B1                                         
C1                                         |C1                                         
D1                                         |D1                                         
VGND                                       |VGND                                       
VNB                                        |VNB                                        
VPB                                        |VPB                                        
VPWR                                       |VPWR                                       
X                                          |X                                          
---------------------------------------------------------------------------------------
Cell pin lists are equivalent.
Device classes sky130_fd_sc_hd__a2111o_2 and sky130_fd_sc_hd__a2111o_2 are equivalent.

Cell sky130_fd_sc_hd__buf_12 (0) disconnected node: A
Cell sky130_fd_sc_hd__buf_12 (0) disconnected node: VGND
Cell sky130_fd_sc_hd__buf_12 (0) disconnected node: VNB
Cell sky130_fd_sc_hd__buf_12 (0) disconnected node: VPB
Cell sky130_fd_sc_hd__buf_12 (0) disconnected node: VPWR
Cell sky130_fd_sc_hd__buf_12 (0) disconnected node: X

Subcircuit pins:
Circuit 1: sky130_fd_sc_hd__buf_12         |Circuit 2: sky130_fd_sc_hd__buf_12         
-------------------------------------------|-------------------------------------------
A                                          |A                                          
VGND                                       |VGND                                       
VNB                                        |VNB                                        
VPB                                        |VPB                                        
VPWR                                       |VPWR                                       
X                                          |X                                          
---------------------------------------------------------------------------------------
Cell pin lists are equivalent.
Device classes sky130_fd_sc_hd__buf_12 and sky130_fd_sc_hd__buf_12 are equivalent.

Cell sky130_fd_sc_hd__o21bai_2 (0) disconnected node: A1
Cell sky130_fd_sc_hd__o21bai_2 (0) disconnected node: A2
Cell sky130_fd_sc_hd__o21bai_2 (0) disconnected node: B1_N
Cell sky130_fd_sc_hd__o21bai_2 (0) disconnected node: VGND
Cell sky130_fd_sc_hd__o21bai_2 (0) disconnected node: VNB
Cell sky130_fd_sc_hd__o21bai_2 (0) disconnected node: VPB
Cell sky130_fd_sc_hd__o21bai_2 (0) disconnected node: VPWR
Cell sky130_fd_sc_hd__o21bai_2 (0) disconnected node: Y

Subcircuit pins:
Circuit 1: sky130_fd_sc_hd__o21bai_2       |Circuit 2: sky130_fd_sc_hd__o21bai_2       
-------------------------------------------|-------------------------------------------
A1                                         |A1                                         
A2                                         |A2                                         
B1_N                                       |B1_N                                       
VGND                                       |VGND                                       
VNB                                        |VNB                                        
VPB                                        |VPB                                        
VPWR                                       |VPWR                                       
Y                                          |Y                                          
---------------------------------------------------------------------------------------
Cell pin lists are equivalent.
Device classes sky130_fd_sc_hd__o21bai_2 and sky130_fd_sc_hd__o21bai_2 are equivalent.

Cell sky130_fd_sc_hd__clkinv_2 (0) disconnected node: A
Cell sky130_fd_sc_hd__clkinv_2 (0) disconnected node: VGND
Cell sky130_fd_sc_hd__clkinv_2 (0) disconnected node: VNB
Cell sky130_fd_sc_hd__clkinv_2 (0) disconnected node: VPB
Cell sky130_fd_sc_hd__clkinv_2 (0) disconnected node: VPWR
Cell sky130_fd_sc_hd__clkinv_2 (0) disconnected node: Y

Subcircuit pins:
Circuit 1: sky130_fd_sc_hd__clkinv_2       |Circuit 2: sky130_fd_sc_hd__clkinv_2       
-------------------------------------------|-------------------------------------------
A                                          |A                                          
VGND                                       |VGND                                       
VNB                                        |VNB                                        
VPB                                        |VPB                                        
VPWR                                       |VPWR                                       
Y                                          |Y                                          
---------------------------------------------------------------------------------------
Cell pin lists are equivalent.
Device classes sky130_fd_sc_hd__clkinv_2 and sky130_fd_sc_hd__clkinv_2 are equivalent.

Cell sky130_fd_sc_hd__o2bb2a_2 (0) disconnected node: A1_N
Cell sky130_fd_sc_hd__o2bb2a_2 (0) disconnected node: A2_N
Cell sky130_fd_sc_hd__o2bb2a_2 (0) disconnected node: B1
Cell sky130_fd_sc_hd__o2bb2a_2 (0) disconnected node: B2
Cell sky130_fd_sc_hd__o2bb2a_2 (0) disconnected node: VGND
Cell sky130_fd_sc_hd__o2bb2a_2 (0) disconnected node: VNB
Cell sky130_fd_sc_hd__o2bb2a_2 (0) disconnected node: VPB
Cell sky130_fd_sc_hd__o2bb2a_2 (0) disconnected node: VPWR
Cell sky130_fd_sc_hd__o2bb2a_2 (0) disconnected node: X

Subcircuit pins:
Circuit 1: sky130_fd_sc_hd__o2bb2a_2       |Circuit 2: sky130_fd_sc_hd__o2bb2a_2       
-------------------------------------------|-------------------------------------------
A1_N                                       |A1_N                                       
A2_N                                       |A2_N                                       
B1                                         |B1                                         
B2                                         |B2                                         
VGND                                       |VGND                                       
VNB                                        |VNB                                        
VPB                                        |VPB                                        
VPWR                                       |VPWR                                       
X                                          |X                                          
---------------------------------------------------------------------------------------
Cell pin lists are equivalent.
Device classes sky130_fd_sc_hd__o2bb2a_2 and sky130_fd_sc_hd__o2bb2a_2 are equivalent.

Cell sky130_fd_sc_hd__o221a_2 (0) disconnected node: A1
Cell sky130_fd_sc_hd__o221a_2 (0) disconnected node: A2
Cell sky130_fd_sc_hd__o221a_2 (0) disconnected node: B1
Cell sky130_fd_sc_hd__o221a_2 (0) disconnected node: B2
Cell sky130_fd_sc_hd__o221a_2 (0) disconnected node: C1
Cell sky130_fd_sc_hd__o221a_2 (0) disconnected node: VGND
Cell sky130_fd_sc_hd__o221a_2 (0) disconnected node: VNB
Cell sky130_fd_sc_hd__o221a_2 (0) disconnected node: VPB
Cell sky130_fd_sc_hd__o221a_2 (0) disconnected node: VPWR
Cell sky130_fd_sc_hd__o221a_2 (0) disconnected node: X

Subcircuit pins:
Circuit 1: sky130_fd_sc_hd__o221a_2        |Circuit 2: sky130_fd_sc_hd__o221a_2        
-------------------------------------------|-------------------------------------------
A1                                         |A1                                         
A2                                         |A2                                         
B1                                         |B1                                         
B2                                         |B2                                         
C1                                         |C1                                         
VGND                                       |VGND                                       
VNB                                        |VNB                                        
VPB                                        |VPB                                        
VPWR                                       |VPWR                                       
X                                          |X                                          
---------------------------------------------------------------------------------------
Cell pin lists are equivalent.
Device classes sky130_fd_sc_hd__o221a_2 and sky130_fd_sc_hd__o221a_2 are equivalent.

Cell sky130_fd_sc_hd__o211ai_2 (0) disconnected node: A1
Cell sky130_fd_sc_hd__o211ai_2 (0) disconnected node: A2
Cell sky130_fd_sc_hd__o211ai_2 (0) disconnected node: B1
Cell sky130_fd_sc_hd__o211ai_2 (0) disconnected node: C1
Cell sky130_fd_sc_hd__o211ai_2 (0) disconnected node: VGND
Cell sky130_fd_sc_hd__o211ai_2 (0) disconnected node: VNB
Cell sky130_fd_sc_hd__o211ai_2 (0) disconnected node: VPB
Cell sky130_fd_sc_hd__o211ai_2 (0) disconnected node: VPWR
Cell sky130_fd_sc_hd__o211ai_2 (0) disconnected node: Y

Subcircuit pins:
Circuit 1: sky130_fd_sc_hd__o211ai_2       |Circuit 2: sky130_fd_sc_hd__o211ai_2       
-------------------------------------------|-------------------------------------------
A1                                         |A1                                         
A2                                         |A2                                         
B1                                         |B1                                         
C1                                         |C1                                         
VGND                                       |VGND                                       
VNB                                        |VNB                                        
VPB                                        |VPB                                        
VPWR                                       |VPWR                                       
Y                                          |Y                                          
---------------------------------------------------------------------------------------
Cell pin lists are equivalent.
Device classes sky130_fd_sc_hd__o211ai_2 and sky130_fd_sc_hd__o211ai_2 are equivalent.

Cell sky130_fd_sc_hd__nor2_4 (0) disconnected node: A
Cell sky130_fd_sc_hd__nor2_4 (0) disconnected node: B
Cell sky130_fd_sc_hd__nor2_4 (0) disconnected node: VGND
Cell sky130_fd_sc_hd__nor2_4 (0) disconnected node: VNB
Cell sky130_fd_sc_hd__nor2_4 (0) disconnected node: VPB
Cell sky130_fd_sc_hd__nor2_4 (0) disconnected node: VPWR
Cell sky130_fd_sc_hd__nor2_4 (0) disconnected node: Y

Subcircuit pins:
Circuit 1: sky130_fd_sc_hd__nor2_4         |Circuit 2: sky130_fd_sc_hd__nor2_4         
-------------------------------------------|-------------------------------------------
A                                          |A                                          
B                                          |B                                          
VGND                                       |VGND                                       
VNB                                        |VNB                                        
VPB                                        |VPB                                        
VPWR                                       |VPWR                                       
Y                                          |Y                                          
---------------------------------------------------------------------------------------
Cell pin lists are equivalent.
Device classes sky130_fd_sc_hd__nor2_4 and sky130_fd_sc_hd__nor2_4 are equivalent.

Cell sky130_fd_sc_hd__o32ai_2 (0) disconnected node: A1
Cell sky130_fd_sc_hd__o32ai_2 (0) disconnected node: A2
Cell sky130_fd_sc_hd__o32ai_2 (0) disconnected node: A3
Cell sky130_fd_sc_hd__o32ai_2 (0) disconnected node: B1
Cell sky130_fd_sc_hd__o32ai_2 (0) disconnected node: B2
Cell sky130_fd_sc_hd__o32ai_2 (0) disconnected node: VGND
Cell sky130_fd_sc_hd__o32ai_2 (0) disconnected node: VNB
Cell sky130_fd_sc_hd__o32ai_2 (0) disconnected node: VPB
Cell sky130_fd_sc_hd__o32ai_2 (0) disconnected node: VPWR
Cell sky130_fd_sc_hd__o32ai_2 (0) disconnected node: Y

Subcircuit pins:
Circuit 1: sky130_fd_sc_hd__o32ai_2        |Circuit 2: sky130_fd_sc_hd__o32ai_2        
-------------------------------------------|-------------------------------------------
A1                                         |A1                                         
A2                                         |A2                                         
A3                                         |A3                                         
B1                                         |B1                                         
B2                                         |B2                                         
VGND                                       |VGND                                       
VNB                                        |VNB                                        
VPB                                        |VPB                                        
VPWR                                       |VPWR                                       
Y                                          |Y                                          
---------------------------------------------------------------------------------------
Cell pin lists are equivalent.
Device classes sky130_fd_sc_hd__o32ai_2 and sky130_fd_sc_hd__o32ai_2 are equivalent.

Cell sky130_fd_sc_hd__mux2_8 (0) disconnected node: A0
Cell sky130_fd_sc_hd__mux2_8 (0) disconnected node: A1
Cell sky130_fd_sc_hd__mux2_8 (0) disconnected node: S
Cell sky130_fd_sc_hd__mux2_8 (0) disconnected node: VGND
Cell sky130_fd_sc_hd__mux2_8 (0) disconnected node: VNB
Cell sky130_fd_sc_hd__mux2_8 (0) disconnected node: VPB
Cell sky130_fd_sc_hd__mux2_8 (0) disconnected node: VPWR
Cell sky130_fd_sc_hd__mux2_8 (0) disconnected node: X

Subcircuit pins:
Circuit 1: sky130_fd_sc_hd__mux2_8         |Circuit 2: sky130_fd_sc_hd__mux2_8         
-------------------------------------------|-------------------------------------------
A0                                         |A0                                         
A1                                         |A1                                         
S                                          |S                                          
VGND                                       |VGND                                       
VNB                                        |VNB                                        
VPB                                        |VPB                                        
VPWR                                       |VPWR                                       
X                                          |X                                          
---------------------------------------------------------------------------------------
Cell pin lists are equivalent.
Device classes sky130_fd_sc_hd__mux2_8 and sky130_fd_sc_hd__mux2_8 are equivalent.

Cell sky130_fd_sc_hd__and4_4 (0) disconnected node: A
Cell sky130_fd_sc_hd__and4_4 (0) disconnected node: B
Cell sky130_fd_sc_hd__and4_4 (0) disconnected node: C
Cell sky130_fd_sc_hd__and4_4 (0) disconnected node: D
Cell sky130_fd_sc_hd__and4_4 (0) disconnected node: VGND
Cell sky130_fd_sc_hd__and4_4 (0) disconnected node: VNB
Cell sky130_fd_sc_hd__and4_4 (0) disconnected node: VPB
Cell sky130_fd_sc_hd__and4_4 (0) disconnected node: VPWR
Cell sky130_fd_sc_hd__and4_4 (0) disconnected node: X

Subcircuit pins:
Circuit 1: sky130_fd_sc_hd__and4_4         |Circuit 2: sky130_fd_sc_hd__and4_4         
-------------------------------------------|-------------------------------------------
A                                          |A                                          
B                                          |B                                          
C                                          |C                                          
D                                          |D                                          
VGND                                       |VGND                                       
VNB                                        |VNB                                        
VPB                                        |VPB                                        
VPWR                                       |VPWR                                       
X                                          |X                                          
---------------------------------------------------------------------------------------
Cell pin lists are equivalent.
Device classes sky130_fd_sc_hd__and4_4 and sky130_fd_sc_hd__and4_4 are equivalent.

Cell sky130_fd_sc_hd__conb_1 (0) disconnected node: VGND
Cell sky130_fd_sc_hd__conb_1 (0) disconnected node: VNB
Cell sky130_fd_sc_hd__conb_1 (0) disconnected node: VPB
Cell sky130_fd_sc_hd__conb_1 (0) disconnected node: VPWR
Cell sky130_fd_sc_hd__conb_1 (0) disconnected node: HI
Cell sky130_fd_sc_hd__conb_1 (0) disconnected node: LO
Cell sky130_fd_sc_hd__conb_1 (1) disconnected node: VNB
Cell sky130_fd_sc_hd__conb_1 (1) disconnected node: VPB

Subcircuit pins:
Circuit 1: sky130_fd_sc_hd__conb_1         |Circuit 2: sky130_fd_sc_hd__conb_1         
-------------------------------------------|-------------------------------------------
VGND                                       |VGND                                       
VNB                                        |VNB                                        
VPB                                        |VPB                                        
VPWR                                       |VPWR                                       
HI                                         |HI                                         
LO                                         |LO                                         
---------------------------------------------------------------------------------------
Cell pin lists are equivalent.
Device classes sky130_fd_sc_hd__conb_1 and sky130_fd_sc_hd__conb_1 are equivalent.

Cell sky130_fd_sc_hd__or3_4 (0) disconnected node: A
Cell sky130_fd_sc_hd__or3_4 (0) disconnected node: B
Cell sky130_fd_sc_hd__or3_4 (0) disconnected node: C
Cell sky130_fd_sc_hd__or3_4 (0) disconnected node: VGND
Cell sky130_fd_sc_hd__or3_4 (0) disconnected node: VNB
Cell sky130_fd_sc_hd__or3_4 (0) disconnected node: VPB
Cell sky130_fd_sc_hd__or3_4 (0) disconnected node: VPWR
Cell sky130_fd_sc_hd__or3_4 (0) disconnected node: X

Subcircuit pins:
Circuit 1: sky130_fd_sc_hd__or3_4          |Circuit 2: sky130_fd_sc_hd__or3_4          
-------------------------------------------|-------------------------------------------
A                                          |A                                          
B                                          |B                                          
C                                          |C                                          
VGND                                       |VGND                                       
VNB                                        |VNB                                        
VPB                                        |VPB                                        
VPWR                                       |VPWR                                       
X                                          |X                                          
---------------------------------------------------------------------------------------
Cell pin lists are equivalent.
Device classes sky130_fd_sc_hd__or3_4 and sky130_fd_sc_hd__or3_4 are equivalent.

Cell sky130_fd_sc_hd__o311a_2 (0) disconnected node: A1
Cell sky130_fd_sc_hd__o311a_2 (0) disconnected node: A2
Cell sky130_fd_sc_hd__o311a_2 (0) disconnected node: A3
Cell sky130_fd_sc_hd__o311a_2 (0) disconnected node: B1
Cell sky130_fd_sc_hd__o311a_2 (0) disconnected node: C1
Cell sky130_fd_sc_hd__o311a_2 (0) disconnected node: VGND
Cell sky130_fd_sc_hd__o311a_2 (0) disconnected node: VNB
Cell sky130_fd_sc_hd__o311a_2 (0) disconnected node: VPB
Cell sky130_fd_sc_hd__o311a_2 (0) disconnected node: VPWR
Cell sky130_fd_sc_hd__o311a_2 (0) disconnected node: X

Subcircuit pins:
Circuit 1: sky130_fd_sc_hd__o311a_2        |Circuit 2: sky130_fd_sc_hd__o311a_2        
-------------------------------------------|-------------------------------------------
A1                                         |A1                                         
A2                                         |A2                                         
A3                                         |A3                                         
B1                                         |B1                                         
C1                                         |C1                                         
VGND                                       |VGND                                       
VNB                                        |VNB                                        
VPB                                        |VPB                                        
VPWR                                       |VPWR                                       
X                                          |X                                          
---------------------------------------------------------------------------------------
Cell pin lists are equivalent.
Device classes sky130_fd_sc_hd__o311a_2 and sky130_fd_sc_hd__o311a_2 are equivalent.

Cell sky130_fd_sc_hd__a31o_4 (0) disconnected node: A1
Cell sky130_fd_sc_hd__a31o_4 (0) disconnected node: A2
Cell sky130_fd_sc_hd__a31o_4 (0) disconnected node: A3
Cell sky130_fd_sc_hd__a31o_4 (0) disconnected node: B1
Cell sky130_fd_sc_hd__a31o_4 (0) disconnected node: VGND
Cell sky130_fd_sc_hd__a31o_4 (0) disconnected node: VNB
Cell sky130_fd_sc_hd__a31o_4 (0) disconnected node: VPB
Cell sky130_fd_sc_hd__a31o_4 (0) disconnected node: VPWR
Cell sky130_fd_sc_hd__a31o_4 (0) disconnected node: X

Subcircuit pins:
Circuit 1: sky130_fd_sc_hd__a31o_4         |Circuit 2: sky130_fd_sc_hd__a31o_4         
-------------------------------------------|-------------------------------------------
A1                                         |A1                                         
A2                                         |A2                                         
A3                                         |A3                                         
B1                                         |B1                                         
VGND                                       |VGND                                       
VNB                                        |VNB                                        
VPB                                        |VPB                                        
VPWR                                       |VPWR                                       
X                                          |X                                          
---------------------------------------------------------------------------------------
Cell pin lists are equivalent.
Device classes sky130_fd_sc_hd__a31o_4 and sky130_fd_sc_hd__a31o_4 are equivalent.

Cell sky130_fd_sc_hd__a41o_2 (0) disconnected node: A1
Cell sky130_fd_sc_hd__a41o_2 (0) disconnected node: A2
Cell sky130_fd_sc_hd__a41o_2 (0) disconnected node: A3
Cell sky130_fd_sc_hd__a41o_2 (0) disconnected node: A4
Cell sky130_fd_sc_hd__a41o_2 (0) disconnected node: B1
Cell sky130_fd_sc_hd__a41o_2 (0) disconnected node: VGND
Cell sky130_fd_sc_hd__a41o_2 (0) disconnected node: VNB
Cell sky130_fd_sc_hd__a41o_2 (0) disconnected node: VPB
Cell sky130_fd_sc_hd__a41o_2 (0) disconnected node: VPWR
Cell sky130_fd_sc_hd__a41o_2 (0) disconnected node: X

Subcircuit pins:
Circuit 1: sky130_fd_sc_hd__a41o_2         |Circuit 2: sky130_fd_sc_hd__a41o_2         
-------------------------------------------|-------------------------------------------
A1                                         |A1                                         
A2                                         |A2                                         
A3                                         |A3                                         
A4                                         |A4                                         
B1                                         |B1                                         
VGND                                       |VGND                                       
VNB                                        |VNB                                        
VPB                                        |VPB                                        
VPWR                                       |VPWR                                       
X                                          |X                                          
---------------------------------------------------------------------------------------
Cell pin lists are equivalent.
Device classes sky130_fd_sc_hd__a41o_2 and sky130_fd_sc_hd__a41o_2 are equivalent.

Cell sky130_fd_sc_hd__or4b_2 (0) disconnected node: A
Cell sky130_fd_sc_hd__or4b_2 (0) disconnected node: B
Cell sky130_fd_sc_hd__or4b_2 (0) disconnected node: C
Cell sky130_fd_sc_hd__or4b_2 (0) disconnected node: D_N
Cell sky130_fd_sc_hd__or4b_2 (0) disconnected node: VGND
Cell sky130_fd_sc_hd__or4b_2 (0) disconnected node: VNB
Cell sky130_fd_sc_hd__or4b_2 (0) disconnected node: VPB
Cell sky130_fd_sc_hd__or4b_2 (0) disconnected node: VPWR
Cell sky130_fd_sc_hd__or4b_2 (0) disconnected node: X

Subcircuit pins:
Circuit 1: sky130_fd_sc_hd__or4b_2         |Circuit 2: sky130_fd_sc_hd__or4b_2         
-------------------------------------------|-------------------------------------------
A                                          |A                                          
B                                          |B                                          
C                                          |C                                          
D_N                                        |D_N                                        
VGND                                       |VGND                                       
VNB                                        |VNB                                        
VPB                                        |VPB                                        
VPWR                                       |VPWR                                       
X                                          |X                                          
---------------------------------------------------------------------------------------
Cell pin lists are equivalent.
Device classes sky130_fd_sc_hd__or4b_2 and sky130_fd_sc_hd__or4b_2 are equivalent.

Cell sky130_fd_sc_hd__nand3b_2 (0) disconnected node: A_N
Cell sky130_fd_sc_hd__nand3b_2 (0) disconnected node: B
Cell sky130_fd_sc_hd__nand3b_2 (0) disconnected node: C
Cell sky130_fd_sc_hd__nand3b_2 (0) disconnected node: VGND
Cell sky130_fd_sc_hd__nand3b_2 (0) disconnected node: VNB
Cell sky130_fd_sc_hd__nand3b_2 (0) disconnected node: VPB
Cell sky130_fd_sc_hd__nand3b_2 (0) disconnected node: VPWR
Cell sky130_fd_sc_hd__nand3b_2 (0) disconnected node: Y

Subcircuit pins:
Circuit 1: sky130_fd_sc_hd__nand3b_2       |Circuit 2: sky130_fd_sc_hd__nand3b_2       
-------------------------------------------|-------------------------------------------
A_N                                        |A_N                                        
B                                          |B                                          
C                                          |C                                          
VGND                                       |VGND                                       
VNB                                        |VNB                                        
VPB                                        |VPB                                        
VPWR                                       |VPWR                                       
Y                                          |Y                                          
---------------------------------------------------------------------------------------
Cell pin lists are equivalent.
Device classes sky130_fd_sc_hd__nand3b_2 and sky130_fd_sc_hd__nand3b_2 are equivalent.

Cell sky130_fd_sc_hd__a311o_2 (0) disconnected node: A1
Cell sky130_fd_sc_hd__a311o_2 (0) disconnected node: A2
Cell sky130_fd_sc_hd__a311o_2 (0) disconnected node: A3
Cell sky130_fd_sc_hd__a311o_2 (0) disconnected node: B1
Cell sky130_fd_sc_hd__a311o_2 (0) disconnected node: C1
Cell sky130_fd_sc_hd__a311o_2 (0) disconnected node: VGND
Cell sky130_fd_sc_hd__a311o_2 (0) disconnected node: VNB
Cell sky130_fd_sc_hd__a311o_2 (0) disconnected node: VPB
Cell sky130_fd_sc_hd__a311o_2 (0) disconnected node: VPWR
Cell sky130_fd_sc_hd__a311o_2 (0) disconnected node: X

Subcircuit pins:
Circuit 1: sky130_fd_sc_hd__a311o_2        |Circuit 2: sky130_fd_sc_hd__a311o_2        
-------------------------------------------|-------------------------------------------
A1                                         |A1                                         
A2                                         |A2                                         
A3                                         |A3                                         
B1                                         |B1                                         
C1                                         |C1                                         
VGND                                       |VGND                                       
VNB                                        |VNB                                        
VPB                                        |VPB                                        
VPWR                                       |VPWR                                       
X                                          |X                                          
---------------------------------------------------------------------------------------
Cell pin lists are equivalent.
Device classes sky130_fd_sc_hd__a311o_2 and sky130_fd_sc_hd__a311o_2 are equivalent.

Cell sky130_fd_sc_hd__or2_4 (0) disconnected node: A
Cell sky130_fd_sc_hd__or2_4 (0) disconnected node: B
Cell sky130_fd_sc_hd__or2_4 (0) disconnected node: VGND
Cell sky130_fd_sc_hd__or2_4 (0) disconnected node: VNB
Cell sky130_fd_sc_hd__or2_4 (0) disconnected node: VPB
Cell sky130_fd_sc_hd__or2_4 (0) disconnected node: VPWR
Cell sky130_fd_sc_hd__or2_4 (0) disconnected node: X

Subcircuit pins:
Circuit 1: sky130_fd_sc_hd__or2_4          |Circuit 2: sky130_fd_sc_hd__or2_4          
-------------------------------------------|-------------------------------------------
A                                          |A                                          
B                                          |B                                          
VGND                                       |VGND                                       
VNB                                        |VNB                                        
VPB                                        |VPB                                        
VPWR                                       |VPWR                                       
X                                          |X                                          
---------------------------------------------------------------------------------------
Cell pin lists are equivalent.
Device classes sky130_fd_sc_hd__or2_4 and sky130_fd_sc_hd__or2_4 are equivalent.

Cell sky130_fd_sc_hd__and4b_2 (0) disconnected node: A_N
Cell sky130_fd_sc_hd__and4b_2 (0) disconnected node: B
Cell sky130_fd_sc_hd__and4b_2 (0) disconnected node: C
Cell sky130_fd_sc_hd__and4b_2 (0) disconnected node: D
Cell sky130_fd_sc_hd__and4b_2 (0) disconnected node: VGND
Cell sky130_fd_sc_hd__and4b_2 (0) disconnected node: VNB
Cell sky130_fd_sc_hd__and4b_2 (0) disconnected node: VPB
Cell sky130_fd_sc_hd__and4b_2 (0) disconnected node: VPWR
Cell sky130_fd_sc_hd__and4b_2 (0) disconnected node: X

Subcircuit pins:
Circuit 1: sky130_fd_sc_hd__and4b_2        |Circuit 2: sky130_fd_sc_hd__and4b_2        
-------------------------------------------|-------------------------------------------
A_N                                        |A_N                                        
B                                          |B                                          
C                                          |C                                          
D                                          |D                                          
VGND                                       |VGND                                       
VNB                                        |VNB                                        
VPB                                        |VPB                                        
VPWR                                       |VPWR                                       
X                                          |X                                          
---------------------------------------------------------------------------------------
Cell pin lists are equivalent.
Device classes sky130_fd_sc_hd__and4b_2 and sky130_fd_sc_hd__and4b_2 are equivalent.

Cell sky130_fd_sc_hd__o221ai_2 (0) disconnected node: A1
Cell sky130_fd_sc_hd__o221ai_2 (0) disconnected node: A2
Cell sky130_fd_sc_hd__o221ai_2 (0) disconnected node: B1
Cell sky130_fd_sc_hd__o221ai_2 (0) disconnected node: B2
Cell sky130_fd_sc_hd__o221ai_2 (0) disconnected node: C1
Cell sky130_fd_sc_hd__o221ai_2 (0) disconnected node: VGND
Cell sky130_fd_sc_hd__o221ai_2 (0) disconnected node: VNB
Cell sky130_fd_sc_hd__o221ai_2 (0) disconnected node: VPB
Cell sky130_fd_sc_hd__o221ai_2 (0) disconnected node: VPWR
Cell sky130_fd_sc_hd__o221ai_2 (0) disconnected node: Y

Subcircuit pins:
Circuit 1: sky130_fd_sc_hd__o221ai_2       |Circuit 2: sky130_fd_sc_hd__o221ai_2       
-------------------------------------------|-------------------------------------------
A1                                         |A1                                         
A2                                         |A2                                         
B1                                         |B1                                         
B2                                         |B2                                         
C1                                         |C1                                         
VGND                                       |VGND                                       
VNB                                        |VNB                                        
VPB                                        |VPB                                        
VPWR                                       |VPWR                                       
Y                                          |Y                                          
---------------------------------------------------------------------------------------
Cell pin lists are equivalent.
Device classes sky130_fd_sc_hd__o221ai_2 and sky130_fd_sc_hd__o221ai_2 are equivalent.

Cell sky130_fd_sc_hd__and2_4 (0) disconnected node: A
Cell sky130_fd_sc_hd__and2_4 (0) disconnected node: B
Cell sky130_fd_sc_hd__and2_4 (0) disconnected node: VGND
Cell sky130_fd_sc_hd__and2_4 (0) disconnected node: VNB
Cell sky130_fd_sc_hd__and2_4 (0) disconnected node: VPB
Cell sky130_fd_sc_hd__and2_4 (0) disconnected node: VPWR
Cell sky130_fd_sc_hd__and2_4 (0) disconnected node: X

Subcircuit pins:
Circuit 1: sky130_fd_sc_hd__and2_4         |Circuit 2: sky130_fd_sc_hd__and2_4         
-------------------------------------------|-------------------------------------------
A                                          |A                                          
B                                          |B                                          
VGND                                       |VGND                                       
VNB                                        |VNB                                        
VPB                                        |VPB                                        
VPWR                                       |VPWR                                       
X                                          |X                                          
---------------------------------------------------------------------------------------
Cell pin lists are equivalent.
Device classes sky130_fd_sc_hd__and2_4 and sky130_fd_sc_hd__and2_4 are equivalent.

Cell sky130_fd_sc_hd__and3_4 (0) disconnected node: A
Cell sky130_fd_sc_hd__and3_4 (0) disconnected node: B
Cell sky130_fd_sc_hd__and3_4 (0) disconnected node: C
Cell sky130_fd_sc_hd__and3_4 (0) disconnected node: VGND
Cell sky130_fd_sc_hd__and3_4 (0) disconnected node: VNB
Cell sky130_fd_sc_hd__and3_4 (0) disconnected node: VPB
Cell sky130_fd_sc_hd__and3_4 (0) disconnected node: VPWR
Cell sky130_fd_sc_hd__and3_4 (0) disconnected node: X

Subcircuit pins:
Circuit 1: sky130_fd_sc_hd__and3_4         |Circuit 2: sky130_fd_sc_hd__and3_4         
-------------------------------------------|-------------------------------------------
A                                          |A                                          
B                                          |B                                          
C                                          |C                                          
VGND                                       |VGND                                       
VNB                                        |VNB                                        
VPB                                        |VPB                                        
VPWR                                       |VPWR                                       
X                                          |X                                          
---------------------------------------------------------------------------------------
Cell pin lists are equivalent.
Device classes sky130_fd_sc_hd__and3_4 and sky130_fd_sc_hd__and3_4 are equivalent.

Cell sky130_fd_sc_hd__a2111oi_2 (0) disconnected node: A1
Cell sky130_fd_sc_hd__a2111oi_2 (0) disconnected node: A2
Cell sky130_fd_sc_hd__a2111oi_2 (0) disconnected node: B1
Cell sky130_fd_sc_hd__a2111oi_2 (0) disconnected node: C1
Cell sky130_fd_sc_hd__a2111oi_2 (0) disconnected node: D1
Cell sky130_fd_sc_hd__a2111oi_2 (0) disconnected node: VGND
Cell sky130_fd_sc_hd__a2111oi_2 (0) disconnected node: VNB
Cell sky130_fd_sc_hd__a2111oi_2 (0) disconnected node: VPB
Cell sky130_fd_sc_hd__a2111oi_2 (0) disconnected node: VPWR
Cell sky130_fd_sc_hd__a2111oi_2 (0) disconnected node: Y

Subcircuit pins:
Circuit 1: sky130_fd_sc_hd__a2111oi_2      |Circuit 2: sky130_fd_sc_hd__a2111oi_2      
-------------------------------------------|-------------------------------------------
A1                                         |A1                                         
A2                                         |A2                                         
B1                                         |B1                                         
C1                                         |C1                                         
D1                                         |D1                                         
VGND                                       |VGND                                       
VNB                                        |VNB                                        
VPB                                        |VPB                                        
VPWR                                       |VPWR                                       
Y                                          |Y                                          
---------------------------------------------------------------------------------------
Cell pin lists are equivalent.
Device classes sky130_fd_sc_hd__a2111oi_2 and sky130_fd_sc_hd__a2111oi_2 are equivalent.

Cell sky130_fd_sc_hd__inv_6 (0) disconnected node: A
Cell sky130_fd_sc_hd__inv_6 (0) disconnected node: VGND
Cell sky130_fd_sc_hd__inv_6 (0) disconnected node: VNB
Cell sky130_fd_sc_hd__inv_6 (0) disconnected node: VPB
Cell sky130_fd_sc_hd__inv_6 (0) disconnected node: VPWR
Cell sky130_fd_sc_hd__inv_6 (0) disconnected node: Y

Subcircuit pins:
Circuit 1: sky130_fd_sc_hd__inv_6          |Circuit 2: sky130_fd_sc_hd__inv_6          
-------------------------------------------|-------------------------------------------
A                                          |A                                          
VGND                                       |VGND                                       
VNB                                        |VNB                                        
VPB                                        |VPB                                        
VPWR                                       |VPWR                                       
Y                                          |Y                                          
---------------------------------------------------------------------------------------
Cell pin lists are equivalent.
Device classes sky130_fd_sc_hd__inv_6 and sky130_fd_sc_hd__inv_6 are equivalent.

Cell sky130_fd_sc_hd__o22ai_2 (0) disconnected node: A1
Cell sky130_fd_sc_hd__o22ai_2 (0) disconnected node: A2
Cell sky130_fd_sc_hd__o22ai_2 (0) disconnected node: B1
Cell sky130_fd_sc_hd__o22ai_2 (0) disconnected node: B2
Cell sky130_fd_sc_hd__o22ai_2 (0) disconnected node: VGND
Cell sky130_fd_sc_hd__o22ai_2 (0) disconnected node: VNB
Cell sky130_fd_sc_hd__o22ai_2 (0) disconnected node: VPB
Cell sky130_fd_sc_hd__o22ai_2 (0) disconnected node: VPWR
Cell sky130_fd_sc_hd__o22ai_2 (0) disconnected node: Y

Subcircuit pins:
Circuit 1: sky130_fd_sc_hd__o22ai_2        |Circuit 2: sky130_fd_sc_hd__o22ai_2        
-------------------------------------------|-------------------------------------------
A1                                         |A1                                         
A2                                         |A2                                         
B1                                         |B1                                         
B2                                         |B2                                         
VGND                                       |VGND                                       
VNB                                        |VNB                                        
VPB                                        |VPB                                        
VPWR                                       |VPWR                                       
Y                                          |Y                                          
---------------------------------------------------------------------------------------
Cell pin lists are equivalent.
Device classes sky130_fd_sc_hd__o22ai_2 and sky130_fd_sc_hd__o22ai_2 are equivalent.

Cell sky130_fd_sc_hd__a21oi_4 (0) disconnected node: A1
Cell sky130_fd_sc_hd__a21oi_4 (0) disconnected node: A2
Cell sky130_fd_sc_hd__a21oi_4 (0) disconnected node: B1
Cell sky130_fd_sc_hd__a21oi_4 (0) disconnected node: VGND
Cell sky130_fd_sc_hd__a21oi_4 (0) disconnected node: VNB
Cell sky130_fd_sc_hd__a21oi_4 (0) disconnected node: VPB
Cell sky130_fd_sc_hd__a21oi_4 (0) disconnected node: VPWR
Cell sky130_fd_sc_hd__a21oi_4 (0) disconnected node: Y

Subcircuit pins:
Circuit 1: sky130_fd_sc_hd__a21oi_4        |Circuit 2: sky130_fd_sc_hd__a21oi_4        
-------------------------------------------|-------------------------------------------
A1                                         |A1                                         
A2                                         |A2                                         
B1                                         |B1                                         
VGND                                       |VGND                                       
VNB                                        |VNB                                        
VPB                                        |VPB                                        
VPWR                                       |VPWR                                       
Y                                          |Y                                          
---------------------------------------------------------------------------------------
Cell pin lists are equivalent.
Device classes sky130_fd_sc_hd__a21oi_4 and sky130_fd_sc_hd__a21oi_4 are equivalent.

Cell sky130_fd_sc_hd__bufinv_16 (0) disconnected node: A
Cell sky130_fd_sc_hd__bufinv_16 (0) disconnected node: VGND
Cell sky130_fd_sc_hd__bufinv_16 (0) disconnected node: VNB
Cell sky130_fd_sc_hd__bufinv_16 (0) disconnected node: VPB
Cell sky130_fd_sc_hd__bufinv_16 (0) disconnected node: VPWR
Cell sky130_fd_sc_hd__bufinv_16 (0) disconnected node: Y

Subcircuit pins:
Circuit 1: sky130_fd_sc_hd__bufinv_16      |Circuit 2: sky130_fd_sc_hd__bufinv_16      
-------------------------------------------|-------------------------------------------
A                                          |A                                          
VGND                                       |VGND                                       
VNB                                        |VNB                                        
VPB                                        |VPB                                        
VPWR                                       |VPWR                                       
Y                                          |Y                                          
---------------------------------------------------------------------------------------
Cell pin lists are equivalent.
Device classes sky130_fd_sc_hd__bufinv_16 and sky130_fd_sc_hd__bufinv_16 are equivalent.

Cell sky130_fd_sc_hd__a211oi_4 (0) disconnected node: A1
Cell sky130_fd_sc_hd__a211oi_4 (0) disconnected node: A2
Cell sky130_fd_sc_hd__a211oi_4 (0) disconnected node: B1
Cell sky130_fd_sc_hd__a211oi_4 (0) disconnected node: C1
Cell sky130_fd_sc_hd__a211oi_4 (0) disconnected node: VGND
Cell sky130_fd_sc_hd__a211oi_4 (0) disconnected node: VNB
Cell sky130_fd_sc_hd__a211oi_4 (0) disconnected node: VPB
Cell sky130_fd_sc_hd__a211oi_4 (0) disconnected node: VPWR
Cell sky130_fd_sc_hd__a211oi_4 (0) disconnected node: Y

Subcircuit pins:
Circuit 1: sky130_fd_sc_hd__a211oi_4       |Circuit 2: sky130_fd_sc_hd__a211oi_4       
-------------------------------------------|-------------------------------------------
A1                                         |A1                                         
A2                                         |A2                                         
B1                                         |B1                                         
C1                                         |C1                                         
VGND                                       |VGND                                       
VNB                                        |VNB                                        
VPB                                        |VPB                                        
VPWR                                       |VPWR                                       
Y                                          |Y                                          
---------------------------------------------------------------------------------------
Cell pin lists are equivalent.
Device classes sky130_fd_sc_hd__a211oi_4 and sky130_fd_sc_hd__a211oi_4 are equivalent.

Cell sky130_fd_sc_hd__nor4_2 (0) disconnected node: A
Cell sky130_fd_sc_hd__nor4_2 (0) disconnected node: B
Cell sky130_fd_sc_hd__nor4_2 (0) disconnected node: C
Cell sky130_fd_sc_hd__nor4_2 (0) disconnected node: D
Cell sky130_fd_sc_hd__nor4_2 (0) disconnected node: VGND
Cell sky130_fd_sc_hd__nor4_2 (0) disconnected node: VNB
Cell sky130_fd_sc_hd__nor4_2 (0) disconnected node: VPB
Cell sky130_fd_sc_hd__nor4_2 (0) disconnected node: VPWR
Cell sky130_fd_sc_hd__nor4_2 (0) disconnected node: Y

Subcircuit pins:
Circuit 1: sky130_fd_sc_hd__nor4_2         |Circuit 2: sky130_fd_sc_hd__nor4_2         
-------------------------------------------|-------------------------------------------
A                                          |A                                          
B                                          |B                                          
C                                          |C                                          
D                                          |D                                          
VGND                                       |VGND                                       
VNB                                        |VNB                                        
VPB                                        |VPB                                        
VPWR                                       |VPWR                                       
Y                                          |Y                                          
---------------------------------------------------------------------------------------
Cell pin lists are equivalent.
Device classes sky130_fd_sc_hd__nor4_2 and sky130_fd_sc_hd__nor4_2 are equivalent.

Cell sky130_fd_sc_hd__nand3_4 (0) disconnected node: A
Cell sky130_fd_sc_hd__nand3_4 (0) disconnected node: B
Cell sky130_fd_sc_hd__nand3_4 (0) disconnected node: C
Cell sky130_fd_sc_hd__nand3_4 (0) disconnected node: VGND
Cell sky130_fd_sc_hd__nand3_4 (0) disconnected node: VNB
Cell sky130_fd_sc_hd__nand3_4 (0) disconnected node: VPB
Cell sky130_fd_sc_hd__nand3_4 (0) disconnected node: VPWR
Cell sky130_fd_sc_hd__nand3_4 (0) disconnected node: Y

Subcircuit pins:
Circuit 1: sky130_fd_sc_hd__nand3_4        |Circuit 2: sky130_fd_sc_hd__nand3_4        
-------------------------------------------|-------------------------------------------
A                                          |A                                          
B                                          |B                                          
C                                          |C                                          
VGND                                       |VGND                                       
VNB                                        |VNB                                        
VPB                                        |VPB                                        
VPWR                                       |VPWR                                       
Y                                          |Y                                          
---------------------------------------------------------------------------------------
Cell pin lists are equivalent.
Device classes sky130_fd_sc_hd__nand3_4 and sky130_fd_sc_hd__nand3_4 are equivalent.

Cell sky130_fd_sc_hd__o32a_2 (0) disconnected node: A1
Cell sky130_fd_sc_hd__o32a_2 (0) disconnected node: A2
Cell sky130_fd_sc_hd__o32a_2 (0) disconnected node: A3
Cell sky130_fd_sc_hd__o32a_2 (0) disconnected node: B1
Cell sky130_fd_sc_hd__o32a_2 (0) disconnected node: B2
Cell sky130_fd_sc_hd__o32a_2 (0) disconnected node: VGND
Cell sky130_fd_sc_hd__o32a_2 (0) disconnected node: VNB
Cell sky130_fd_sc_hd__o32a_2 (0) disconnected node: VPB
Cell sky130_fd_sc_hd__o32a_2 (0) disconnected node: VPWR
Cell sky130_fd_sc_hd__o32a_2 (0) disconnected node: X

Subcircuit pins:
Circuit 1: sky130_fd_sc_hd__o32a_2         |Circuit 2: sky130_fd_sc_hd__o32a_2         
-------------------------------------------|-------------------------------------------
A1                                         |A1                                         
A2                                         |A2                                         
A3                                         |A3                                         
B1                                         |B1                                         
B2                                         |B2                                         
VGND                                       |VGND                                       
VNB                                        |VNB                                        
VPB                                        |VPB                                        
VPWR                                       |VPWR                                       
X                                          |X                                          
---------------------------------------------------------------------------------------
Cell pin lists are equivalent.
Device classes sky130_fd_sc_hd__o32a_2 and sky130_fd_sc_hd__o32a_2 are equivalent.

Cell sky130_fd_sc_hd__o221a_4 (0) disconnected node: A1
Cell sky130_fd_sc_hd__o221a_4 (0) disconnected node: A2
Cell sky130_fd_sc_hd__o221a_4 (0) disconnected node: B1
Cell sky130_fd_sc_hd__o221a_4 (0) disconnected node: B2
Cell sky130_fd_sc_hd__o221a_4 (0) disconnected node: C1
Cell sky130_fd_sc_hd__o221a_4 (0) disconnected node: VGND
Cell sky130_fd_sc_hd__o221a_4 (0) disconnected node: VNB
Cell sky130_fd_sc_hd__o221a_4 (0) disconnected node: VPB
Cell sky130_fd_sc_hd__o221a_4 (0) disconnected node: VPWR
Cell sky130_fd_sc_hd__o221a_4 (0) disconnected node: X

Subcircuit pins:
Circuit 1: sky130_fd_sc_hd__o221a_4        |Circuit 2: sky130_fd_sc_hd__o221a_4        
-------------------------------------------|-------------------------------------------
A1                                         |A1                                         
A2                                         |A2                                         
B1                                         |B1                                         
B2                                         |B2                                         
C1                                         |C1                                         
VGND                                       |VGND                                       
VNB                                        |VNB                                        
VPB                                        |VPB                                        
VPWR                                       |VPWR                                       
X                                          |X                                          
---------------------------------------------------------------------------------------
Cell pin lists are equivalent.
Device classes sky130_fd_sc_hd__o221a_4 and sky130_fd_sc_hd__o221a_4 are equivalent.

Cell sky130_fd_sc_hd__or4bb_2 (0) disconnected node: A
Cell sky130_fd_sc_hd__or4bb_2 (0) disconnected node: B
Cell sky130_fd_sc_hd__or4bb_2 (0) disconnected node: C_N
Cell sky130_fd_sc_hd__or4bb_2 (0) disconnected node: D_N
Cell sky130_fd_sc_hd__or4bb_2 (0) disconnected node: VGND
Cell sky130_fd_sc_hd__or4bb_2 (0) disconnected node: VNB
Cell sky130_fd_sc_hd__or4bb_2 (0) disconnected node: VPB
Cell sky130_fd_sc_hd__or4bb_2 (0) disconnected node: VPWR
Cell sky130_fd_sc_hd__or4bb_2 (0) disconnected node: X

Subcircuit pins:
Circuit 1: sky130_fd_sc_hd__or4bb_2        |Circuit 2: sky130_fd_sc_hd__or4bb_2        
-------------------------------------------|-------------------------------------------
A                                          |A                                          
B                                          |B                                          
C_N                                        |C_N                                        
D_N                                        |D_N                                        
VGND                                       |VGND                                       
VNB                                        |VNB                                        
VPB                                        |VPB                                        
VPWR                                       |VPWR                                       
X                                          |X                                          
---------------------------------------------------------------------------------------
Cell pin lists are equivalent.
Device classes sky130_fd_sc_hd__or4bb_2 and sky130_fd_sc_hd__or4bb_2 are equivalent.

Cell sky130_fd_sc_hd__mux2_2 (0) disconnected node: A0
Cell sky130_fd_sc_hd__mux2_2 (0) disconnected node: A1
Cell sky130_fd_sc_hd__mux2_2 (0) disconnected node: S
Cell sky130_fd_sc_hd__mux2_2 (0) disconnected node: VGND
Cell sky130_fd_sc_hd__mux2_2 (0) disconnected node: VNB
Cell sky130_fd_sc_hd__mux2_2 (0) disconnected node: VPB
Cell sky130_fd_sc_hd__mux2_2 (0) disconnected node: VPWR
Cell sky130_fd_sc_hd__mux2_2 (0) disconnected node: X

Subcircuit pins:
Circuit 1: sky130_fd_sc_hd__mux2_2         |Circuit 2: sky130_fd_sc_hd__mux2_2         
-------------------------------------------|-------------------------------------------
A0                                         |A0                                         
A1                                         |A1                                         
S                                          |S                                          
VGND                                       |VGND                                       
VNB                                        |VNB                                        
VPB                                        |VPB                                        
VPWR                                       |VPWR                                       
X                                          |X                                          
---------------------------------------------------------------------------------------
Cell pin lists are equivalent.
Device classes sky130_fd_sc_hd__mux2_2 and sky130_fd_sc_hd__mux2_2 are equivalent.

Cell sky130_fd_sc_hd__clkinvlp_4 (0) disconnected node: A
Cell sky130_fd_sc_hd__clkinvlp_4 (0) disconnected node: VGND
Cell sky130_fd_sc_hd__clkinvlp_4 (0) disconnected node: VNB
Cell sky130_fd_sc_hd__clkinvlp_4 (0) disconnected node: VPB
Cell sky130_fd_sc_hd__clkinvlp_4 (0) disconnected node: VPWR
Cell sky130_fd_sc_hd__clkinvlp_4 (0) disconnected node: Y

Subcircuit pins:
Circuit 1: sky130_fd_sc_hd__clkinvlp_4     |Circuit 2: sky130_fd_sc_hd__clkinvlp_4     
-------------------------------------------|-------------------------------------------
A                                          |A                                          
VGND                                       |VGND                                       
VNB                                        |VNB                                        
VPB                                        |VPB                                        
VPWR                                       |VPWR                                       
Y                                          |Y                                          
---------------------------------------------------------------------------------------
Cell pin lists are equivalent.
Device classes sky130_fd_sc_hd__clkinvlp_4 and sky130_fd_sc_hd__clkinvlp_4 are equivalent.

Cell sky130_fd_sc_hd__a221oi_4 (0) disconnected node: A1
Cell sky130_fd_sc_hd__a221oi_4 (0) disconnected node: A2
Cell sky130_fd_sc_hd__a221oi_4 (0) disconnected node: B1
Cell sky130_fd_sc_hd__a221oi_4 (0) disconnected node: B2
Cell sky130_fd_sc_hd__a221oi_4 (0) disconnected node: C1
Cell sky130_fd_sc_hd__a221oi_4 (0) disconnected node: VGND
Cell sky130_fd_sc_hd__a221oi_4 (0) disconnected node: VNB
Cell sky130_fd_sc_hd__a221oi_4 (0) disconnected node: VPB
Cell sky130_fd_sc_hd__a221oi_4 (0) disconnected node: VPWR
Cell sky130_fd_sc_hd__a221oi_4 (0) disconnected node: Y

Subcircuit pins:
Circuit 1: sky130_fd_sc_hd__a221oi_4       |Circuit 2: sky130_fd_sc_hd__a221oi_4       
-------------------------------------------|-------------------------------------------
A1                                         |A1                                         
A2                                         |A2                                         
B1                                         |B1                                         
B2                                         |B2                                         
C1                                         |C1                                         
VGND                                       |VGND                                       
VNB                                        |VNB                                        
VPB                                        |VPB                                        
VPWR                                       |VPWR                                       
Y                                          |Y                                          
---------------------------------------------------------------------------------------
Cell pin lists are equivalent.
Device classes sky130_fd_sc_hd__a221oi_4 and sky130_fd_sc_hd__a221oi_4 are equivalent.

Cell sky130_fd_sc_hd__clkbuf_16 (0) disconnected node: A
Cell sky130_fd_sc_hd__clkbuf_16 (0) disconnected node: VGND
Cell sky130_fd_sc_hd__clkbuf_16 (0) disconnected node: VNB
Cell sky130_fd_sc_hd__clkbuf_16 (0) disconnected node: VPB
Cell sky130_fd_sc_hd__clkbuf_16 (0) disconnected node: VPWR
Cell sky130_fd_sc_hd__clkbuf_16 (0) disconnected node: X

Subcircuit pins:
Circuit 1: sky130_fd_sc_hd__clkbuf_16      |Circuit 2: sky130_fd_sc_hd__clkbuf_16      
-------------------------------------------|-------------------------------------------
A                                          |A                                          
VGND                                       |VGND                                       
VNB                                        |VNB                                        
VPB                                        |VPB                                        
VPWR                                       |VPWR                                       
X                                          |X                                          
---------------------------------------------------------------------------------------
Cell pin lists are equivalent.
Device classes sky130_fd_sc_hd__clkbuf_16 and sky130_fd_sc_hd__clkbuf_16 are equivalent.

Cell sky130_fd_sc_hd__nand4_4 (0) disconnected node: A
Cell sky130_fd_sc_hd__nand4_4 (0) disconnected node: B
Cell sky130_fd_sc_hd__nand4_4 (0) disconnected node: C
Cell sky130_fd_sc_hd__nand4_4 (0) disconnected node: D
Cell sky130_fd_sc_hd__nand4_4 (0) disconnected node: VGND
Cell sky130_fd_sc_hd__nand4_4 (0) disconnected node: VNB
Cell sky130_fd_sc_hd__nand4_4 (0) disconnected node: VPB
Cell sky130_fd_sc_hd__nand4_4 (0) disconnected node: VPWR
Cell sky130_fd_sc_hd__nand4_4 (0) disconnected node: Y

Subcircuit pins:
Circuit 1: sky130_fd_sc_hd__nand4_4        |Circuit 2: sky130_fd_sc_hd__nand4_4        
-------------------------------------------|-------------------------------------------
A                                          |A                                          
B                                          |B                                          
C                                          |C                                          
D                                          |D                                          
VGND                                       |VGND                                       
VNB                                        |VNB                                        
VPB                                        |VPB                                        
VPWR                                       |VPWR                                       
Y                                          |Y                                          
---------------------------------------------------------------------------------------
Cell pin lists are equivalent.
Device classes sky130_fd_sc_hd__nand4_4 and sky130_fd_sc_hd__nand4_4 are equivalent.

Cell sky130_fd_sc_hd__a221oi_2 (0) disconnected node: A1
Cell sky130_fd_sc_hd__a221oi_2 (0) disconnected node: A2
Cell sky130_fd_sc_hd__a221oi_2 (0) disconnected node: B1
Cell sky130_fd_sc_hd__a221oi_2 (0) disconnected node: B2
Cell sky130_fd_sc_hd__a221oi_2 (0) disconnected node: C1
Cell sky130_fd_sc_hd__a221oi_2 (0) disconnected node: VGND
Cell sky130_fd_sc_hd__a221oi_2 (0) disconnected node: VNB
Cell sky130_fd_sc_hd__a221oi_2 (0) disconnected node: VPB
Cell sky130_fd_sc_hd__a221oi_2 (0) disconnected node: VPWR
Cell sky130_fd_sc_hd__a221oi_2 (0) disconnected node: Y

Subcircuit pins:
Circuit 1: sky130_fd_sc_hd__a221oi_2       |Circuit 2: sky130_fd_sc_hd__a221oi_2       
-------------------------------------------|-------------------------------------------
A1                                         |A1                                         
A2                                         |A2                                         
B1                                         |B1                                         
B2                                         |B2                                         
C1                                         |C1                                         
VGND                                       |VGND                                       
VNB                                        |VNB                                        
VPB                                        |VPB                                        
VPWR                                       |VPWR                                       
Y                                          |Y                                          
---------------------------------------------------------------------------------------
Cell pin lists are equivalent.
Device classes sky130_fd_sc_hd__a221oi_2 and sky130_fd_sc_hd__a221oi_2 are equivalent.

Cell sky130_fd_sc_hd__mux2_4 (0) disconnected node: A0
Cell sky130_fd_sc_hd__mux2_4 (0) disconnected node: A1
Cell sky130_fd_sc_hd__mux2_4 (0) disconnected node: S
Cell sky130_fd_sc_hd__mux2_4 (0) disconnected node: VGND
Cell sky130_fd_sc_hd__mux2_4 (0) disconnected node: VNB
Cell sky130_fd_sc_hd__mux2_4 (0) disconnected node: VPB
Cell sky130_fd_sc_hd__mux2_4 (0) disconnected node: VPWR
Cell sky130_fd_sc_hd__mux2_4 (0) disconnected node: X

Subcircuit pins:
Circuit 1: sky130_fd_sc_hd__mux2_4         |Circuit 2: sky130_fd_sc_hd__mux2_4         
-------------------------------------------|-------------------------------------------
A0                                         |A0                                         
A1                                         |A1                                         
S                                          |S                                          
VGND                                       |VGND                                       
VNB                                        |VNB                                        
VPB                                        |VPB                                        
VPWR                                       |VPWR                                       
X                                          |X                                          
---------------------------------------------------------------------------------------
Cell pin lists are equivalent.
Device classes sky130_fd_sc_hd__mux2_4 and sky130_fd_sc_hd__mux2_4 are equivalent.

Cell sky130_fd_sc_hd__o2111a_2 (0) disconnected node: A1
Cell sky130_fd_sc_hd__o2111a_2 (0) disconnected node: A2
Cell sky130_fd_sc_hd__o2111a_2 (0) disconnected node: B1
Cell sky130_fd_sc_hd__o2111a_2 (0) disconnected node: C1
Cell sky130_fd_sc_hd__o2111a_2 (0) disconnected node: D1
Cell sky130_fd_sc_hd__o2111a_2 (0) disconnected node: VGND
Cell sky130_fd_sc_hd__o2111a_2 (0) disconnected node: VNB
Cell sky130_fd_sc_hd__o2111a_2 (0) disconnected node: VPB
Cell sky130_fd_sc_hd__o2111a_2 (0) disconnected node: VPWR
Cell sky130_fd_sc_hd__o2111a_2 (0) disconnected node: X

Subcircuit pins:
Circuit 1: sky130_fd_sc_hd__o2111a_2       |Circuit 2: sky130_fd_sc_hd__o2111a_2       
-------------------------------------------|-------------------------------------------
A1                                         |A1                                         
A2                                         |A2                                         
B1                                         |B1                                         
C1                                         |C1                                         
D1                                         |D1                                         
VGND                                       |VGND                                       
VNB                                        |VNB                                        
VPB                                        |VPB                                        
VPWR                                       |VPWR                                       
X                                          |X                                          
---------------------------------------------------------------------------------------
Cell pin lists are equivalent.
Device classes sky130_fd_sc_hd__o2111a_2 and sky130_fd_sc_hd__o2111a_2 are equivalent.

Cell sky130_sram_2kbyte_1rw1r_32x512_8 (0) disconnected node: din0[0]
Cell sky130_sram_2kbyte_1rw1r_32x512_8 (0) disconnected node: din0[1]
Cell sky130_sram_2kbyte_1rw1r_32x512_8 (0) disconnected node: din0[2]
Cell sky130_sram_2kbyte_1rw1r_32x512_8 (0) disconnected node: din0[3]
Cell sky130_sram_2kbyte_1rw1r_32x512_8 (0) disconnected node: din0[4]
Cell sky130_sram_2kbyte_1rw1r_32x512_8 (0) disconnected node: din0[5]
Cell sky130_sram_2kbyte_1rw1r_32x512_8 (0) disconnected node: din0[6]
Cell sky130_sram_2kbyte_1rw1r_32x512_8 (0) disconnected node: din0[7]
Cell sky130_sram_2kbyte_1rw1r_32x512_8 (0) disconnected node: din0[8]
Cell sky130_sram_2kbyte_1rw1r_32x512_8 (0) disconnected node: din0[9]
Cell sky130_sram_2kbyte_1rw1r_32x512_8 (0) disconnected node: din0[10]
Cell sky130_sram_2kbyte_1rw1r_32x512_8 (0) disconnected node: din0[11]
Cell sky130_sram_2kbyte_1rw1r_32x512_8 (0) disconnected node: din0[12]
Cell sky130_sram_2kbyte_1rw1r_32x512_8 (0) disconnected node: din0[13]
Cell sky130_sram_2kbyte_1rw1r_32x512_8 (0) disconnected node: din0[14]
Cell sky130_sram_2kbyte_1rw1r_32x512_8 (0) disconnected node: din0[15]
Cell sky130_sram_2kbyte_1rw1r_32x512_8 (0) disconnected node: din0[16]
Cell sky130_sram_2kbyte_1rw1r_32x512_8 (0) disconnected node: din0[17]
Cell sky130_sram_2kbyte_1rw1r_32x512_8 (0) disconnected node: din0[18]
Cell sky130_sram_2kbyte_1rw1r_32x512_8 (0) disconnected node: din0[19]
Cell sky130_sram_2kbyte_1rw1r_32x512_8 (0) disconnected node: din0[20]
Cell sky130_sram_2kbyte_1rw1r_32x512_8 (0) disconnected node: din0[21]
Cell sky130_sram_2kbyte_1rw1r_32x512_8 (0) disconnected node: din0[22]
Cell sky130_sram_2kbyte_1rw1r_32x512_8 (0) disconnected node: din0[23]
Cell sky130_sram_2kbyte_1rw1r_32x512_8 (0) disconnected node: din0[24]
Cell sky130_sram_2kbyte_1rw1r_32x512_8 (0) disconnected node: din0[25]
Cell sky130_sram_2kbyte_1rw1r_32x512_8 (0) disconnected node: din0[26]
Cell sky130_sram_2kbyte_1rw1r_32x512_8 (0) disconnected node: din0[27]
Cell sky130_sram_2kbyte_1rw1r_32x512_8 (0) disconnected node: din0[28]
Cell sky130_sram_2kbyte_1rw1r_32x512_8 (0) disconnected node: din0[29]
Cell sky130_sram_2kbyte_1rw1r_32x512_8 (0) disconnected node: din0[30]
Cell sky130_sram_2kbyte_1rw1r_32x512_8 (0) disconnected node: din0[31]
Cell sky130_sram_2kbyte_1rw1r_32x512_8 (0) disconnected node: addr0[0]
Cell sky130_sram_2kbyte_1rw1r_32x512_8 (0) disconnected node: addr0[1]
Cell sky130_sram_2kbyte_1rw1r_32x512_8 (0) disconnected node: addr0[2]
Cell sky130_sram_2kbyte_1rw1r_32x512_8 (0) disconnected node: addr0[3]
Cell sky130_sram_2kbyte_1rw1r_32x512_8 (0) disconnected node: addr0[4]
Cell sky130_sram_2kbyte_1rw1r_32x512_8 (0) disconnected node: addr0[5]
Cell sky130_sram_2kbyte_1rw1r_32x512_8 (0) disconnected node: addr0[6]
Cell sky130_sram_2kbyte_1rw1r_32x512_8 (0) disconnected node: addr0[7]
Cell sky130_sram_2kbyte_1rw1r_32x512_8 (0) disconnected node: addr0[8]
Cell sky130_sram_2kbyte_1rw1r_32x512_8 (0) disconnected node: addr1[0]
Cell sky130_sram_2kbyte_1rw1r_32x512_8 (0) disconnected node: addr1[1]
Cell sky130_sram_2kbyte_1rw1r_32x512_8 (0) disconnected node: addr1[2]
Cell sky130_sram_2kbyte_1rw1r_32x512_8 (0) disconnected node: addr1[3]
Cell sky130_sram_2kbyte_1rw1r_32x512_8 (0) disconnected node: addr1[4]
Cell sky130_sram_2kbyte_1rw1r_32x512_8 (0) disconnected node: addr1[5]
Cell sky130_sram_2kbyte_1rw1r_32x512_8 (0) disconnected node: addr1[6]
Cell sky130_sram_2kbyte_1rw1r_32x512_8 (0) disconnected node: addr1[7]
Cell sky130_sram_2kbyte_1rw1r_32x512_8 (0) disconnected node: addr1[8]
Cell sky130_sram_2kbyte_1rw1r_32x512_8 (0) disconnected node: csb0
Cell sky130_sram_2kbyte_1rw1r_32x512_8 (0) disconnected node: csb1
Cell sky130_sram_2kbyte_1rw1r_32x512_8 (0) disconnected node: web0
Cell sky130_sram_2kbyte_1rw1r_32x512_8 (0) disconnected node: clk0
Cell sky130_sram_2kbyte_1rw1r_32x512_8 (0) disconnected node: clk1
Cell sky130_sram_2kbyte_1rw1r_32x512_8 (0) disconnected node: wmask0[0]
Cell sky130_sram_2kbyte_1rw1r_32x512_8 (0) disconnected node: wmask0[1]
Cell sky130_sram_2kbyte_1rw1r_32x512_8 (0) disconnected node: wmask0[2]
Cell sky130_sram_2kbyte_1rw1r_32x512_8 (0) disconnected node: wmask0[3]
Cell sky130_sram_2kbyte_1rw1r_32x512_8 (0) disconnected node: dout0[0]
Cell sky130_sram_2kbyte_1rw1r_32x512_8 (0) disconnected node: dout0[1]
Cell sky130_sram_2kbyte_1rw1r_32x512_8 (0) disconnected node: dout0[2]
Cell sky130_sram_2kbyte_1rw1r_32x512_8 (0) disconnected node: dout0[3]
Cell sky130_sram_2kbyte_1rw1r_32x512_8 (0) disconnected node: dout0[4]
Cell sky130_sram_2kbyte_1rw1r_32x512_8 (0) disconnected node: dout0[5]
Cell sky130_sram_2kbyte_1rw1r_32x512_8 (0) disconnected node: dout0[6]
Cell sky130_sram_2kbyte_1rw1r_32x512_8 (0) disconnected node: dout0[7]
Cell sky130_sram_2kbyte_1rw1r_32x512_8 (0) disconnected node: dout0[8]
Cell sky130_sram_2kbyte_1rw1r_32x512_8 (0) disconnected node: dout0[9]
Cell sky130_sram_2kbyte_1rw1r_32x512_8 (0) disconnected node: dout0[10]
Cell sky130_sram_2kbyte_1rw1r_32x512_8 (0) disconnected node: dout0[11]
Cell sky130_sram_2kbyte_1rw1r_32x512_8 (0) disconnected node: dout0[12]
Cell sky130_sram_2kbyte_1rw1r_32x512_8 (0) disconnected node: dout0[13]
Cell sky130_sram_2kbyte_1rw1r_32x512_8 (0) disconnected node: dout0[14]
Cell sky130_sram_2kbyte_1rw1r_32x512_8 (0) disconnected node: dout0[15]
Cell sky130_sram_2kbyte_1rw1r_32x512_8 (0) disconnected node: dout0[16]
Cell sky130_sram_2kbyte_1rw1r_32x512_8 (0) disconnected node: dout0[17]
Cell sky130_sram_2kbyte_1rw1r_32x512_8 (0) disconnected node: dout0[18]
Cell sky130_sram_2kbyte_1rw1r_32x512_8 (0) disconnected node: dout0[19]
Cell sky130_sram_2kbyte_1rw1r_32x512_8 (0) disconnected node: dout0[20]
Cell sky130_sram_2kbyte_1rw1r_32x512_8 (0) disconnected node: dout0[21]
Cell sky130_sram_2kbyte_1rw1r_32x512_8 (0) disconnected node: dout0[22]
Cell sky130_sram_2kbyte_1rw1r_32x512_8 (0) disconnected node: dout0[23]
Cell sky130_sram_2kbyte_1rw1r_32x512_8 (0) disconnected node: dout0[24]
Cell sky130_sram_2kbyte_1rw1r_32x512_8 (0) disconnected node: dout0[25]
Cell sky130_sram_2kbyte_1rw1r_32x512_8 (0) disconnected node: dout0[26]
Cell sky130_sram_2kbyte_1rw1r_32x512_8 (0) disconnected node: dout0[27]
Cell sky130_sram_2kbyte_1rw1r_32x512_8 (0) disconnected node: dout0[28]
Cell sky130_sram_2kbyte_1rw1r_32x512_8 (0) disconnected node: dout0[29]
Cell sky130_sram_2kbyte_1rw1r_32x512_8 (0) disconnected node: dout0[30]
Cell sky130_sram_2kbyte_1rw1r_32x512_8 (0) disconnected node: dout0[31]
Cell sky130_sram_2kbyte_1rw1r_32x512_8 (0) disconnected node: dout1[0]
Cell sky130_sram_2kbyte_1rw1r_32x512_8 (0) disconnected node: dout1[1]
Cell sky130_sram_2kbyte_1rw1r_32x512_8 (0) disconnected node: dout1[2]
Cell sky130_sram_2kbyte_1rw1r_32x512_8 (0) disconnected node: dout1[3]
Cell sky130_sram_2kbyte_1rw1r_32x512_8 (0) disconnected node: dout1[4]
Cell sky130_sram_2kbyte_1rw1r_32x512_8 (0) disconnected node: dout1[5]
Cell sky130_sram_2kbyte_1rw1r_32x512_8 (0) disconnected node: dout1[6]
Cell sky130_sram_2kbyte_1rw1r_32x512_8 (0) disconnected node: dout1[7]
Cell sky130_sram_2kbyte_1rw1r_32x512_8 (0) disconnected node: dout1[8]
Cell sky130_sram_2kbyte_1rw1r_32x512_8 (0) disconnected node: dout1[9]
Cell sky130_sram_2kbyte_1rw1r_32x512_8 (0) disconnected node: dout1[10]
Cell sky130_sram_2kbyte_1rw1r_32x512_8 (0) disconnected node: dout1[11]
Cell sky130_sram_2kbyte_1rw1r_32x512_8 (0) disconnected node: dout1[12]
Cell sky130_sram_2kbyte_1rw1r_32x512_8 (0) disconnected node: dout1[13]
Cell sky130_sram_2kbyte_1rw1r_32x512_8 (0) disconnected node: dout1[14]
Cell sky130_sram_2kbyte_1rw1r_32x512_8 (0) disconnected node: dout1[15]
Cell sky130_sram_2kbyte_1rw1r_32x512_8 (0) disconnected node: dout1[16]
Cell sky130_sram_2kbyte_1rw1r_32x512_8 (0) disconnected node: dout1[17]
Cell sky130_sram_2kbyte_1rw1r_32x512_8 (0) disconnected node: dout1[18]
Cell sky130_sram_2kbyte_1rw1r_32x512_8 (0) disconnected node: dout1[19]
Cell sky130_sram_2kbyte_1rw1r_32x512_8 (0) disconnected node: dout1[20]
Cell sky130_sram_2kbyte_1rw1r_32x512_8 (0) disconnected node: dout1[21]
Cell sky130_sram_2kbyte_1rw1r_32x512_8 (0) disconnected node: dout1[22]
Cell sky130_sram_2kbyte_1rw1r_32x512_8 (0) disconnected node: dout1[23]
Cell sky130_sram_2kbyte_1rw1r_32x512_8 (0) disconnected node: dout1[24]
Cell sky130_sram_2kbyte_1rw1r_32x512_8 (0) disconnected node: dout1[25]
Cell sky130_sram_2kbyte_1rw1r_32x512_8 (0) disconnected node: dout1[26]
Cell sky130_sram_2kbyte_1rw1r_32x512_8 (0) disconnected node: dout1[27]
Cell sky130_sram_2kbyte_1rw1r_32x512_8 (0) disconnected node: dout1[28]
Cell sky130_sram_2kbyte_1rw1r_32x512_8 (0) disconnected node: dout1[29]
Cell sky130_sram_2kbyte_1rw1r_32x512_8 (0) disconnected node: dout1[30]
Cell sky130_sram_2kbyte_1rw1r_32x512_8 (0) disconnected node: dout1[31]
Cell sky130_sram_2kbyte_1rw1r_32x512_8 (0) disconnected node: vccd1
Cell sky130_sram_2kbyte_1rw1r_32x512_8 (0) disconnected node: vssd1

Subcircuit pins:
Circuit 1: sky130_sram_2kbyte_1rw1r_32x512 |Circuit 2: sky130_sram_2kbyte_1rw1r_32x512 
-------------------------------------------|-------------------------------------------
din0[0]                                    |din0[0]                                    
din0[1]                                    |din0[1]                                    
din0[2]                                    |din0[2]                                    
din0[3]                                    |din0[3]                                    
din0[4]                                    |din0[4]                                    
din0[5]                                    |din0[5]                                    
din0[6]                                    |din0[6]                                    
din0[7]                                    |din0[7]                                    
din0[8]                                    |din0[8]                                    
din0[9]                                    |din0[9]                                    
din0[10]                                   |din0[10]                                   
din0[11]                                   |din0[11]                                   
din0[12]                                   |din0[12]                                   
din0[13]                                   |din0[13]                                   
din0[14]                                   |din0[14]                                   
din0[15]                                   |din0[15]                                   
din0[16]                                   |din0[16]                                   
din0[17]                                   |din0[17]                                   
din0[18]                                   |din0[18]                                   
din0[19]                                   |din0[19]                                   
din0[20]                                   |din0[20]                                   
din0[21]                                   |din0[21]                                   
din0[22]                                   |din0[22]                                   
din0[23]                                   |din0[23]                                   
din0[24]                                   |din0[24]                                   
din0[25]                                   |din0[25]                                   
din0[26]                                   |din0[26]                                   
din0[27]                                   |din0[27]                                   
din0[28]                                   |din0[28]                                   
din0[29]                                   |din0[29]                                   
din0[30]                                   |din0[30]                                   
din0[31]                                   |din0[31]                                   
addr0[0]                                   |addr0[0]                                   
addr0[1]                                   |addr0[1]                                   
addr0[2]                                   |addr0[2]                                   
addr0[3]                                   |addr0[3]                                   
addr0[4]                                   |addr0[4]                                   
addr0[5]                                   |addr0[5]                                   
addr0[6]                                   |addr0[6]                                   
addr0[7]                                   |addr0[7]                                   
addr0[8]                                   |addr0[8]                                   
addr1[0]                                   |addr1[0]                                   
addr1[1]                                   |addr1[1]                                   
addr1[2]                                   |addr1[2]                                   
addr1[3]                                   |addr1[3]                                   
addr1[4]                                   |addr1[4]                                   
addr1[5]                                   |addr1[5]                                   
addr1[6]                                   |addr1[6]                                   
addr1[7]                                   |addr1[7]                                   
addr1[8]                                   |addr1[8]                                   
csb0                                       |csb0                                       
csb1                                       |csb1                                       
web0                                       |web0                                       
clk0                                       |clk0                                       
clk1                                       |clk1                                       
wmask0[0]                                  |wmask0[0]                                  
wmask0[1]                                  |wmask0[1]                                  
wmask0[2]                                  |wmask0[2]                                  
wmask0[3]                                  |wmask0[3]                                  
dout0[0]                                   |dout0[0]                                   
dout0[1]                                   |dout0[1]                                   
dout0[2]                                   |dout0[2]                                   
dout0[3]                                   |dout0[3]                                   
dout0[4]                                   |dout0[4]                                   
dout0[5]                                   |dout0[5]                                   
dout0[6]                                   |dout0[6]                                   
dout0[7]                                   |dout0[7]                                   
dout0[8]                                   |dout0[8]                                   
dout0[9]                                   |dout0[9]                                   
dout0[10]                                  |dout0[10]                                  
dout0[11]                                  |dout0[11]                                  
dout0[12]                                  |dout0[12]                                  
dout0[13]                                  |dout0[13]                                  
dout0[14]                                  |dout0[14]                                  
dout0[15]                                  |dout0[15]                                  
dout0[16]                                  |dout0[16]                                  
dout0[17]                                  |dout0[17]                                  
dout0[18]                                  |dout0[18]                                  
dout0[19]                                  |dout0[19]                                  
dout0[20]                                  |dout0[20]                                  
dout0[21]                                  |dout0[21]                                  
dout0[22]                                  |dout0[22]                                  
dout0[23]                                  |dout0[23]                                  
dout0[24]                                  |dout0[24]                                  
dout0[25]                                  |dout0[25]                                  
dout0[26]                                  |dout0[26]                                  
dout0[27]                                  |dout0[27]                                  
dout0[28]                                  |dout0[28]                                  
dout0[29]                                  |dout0[29]                                  
dout0[30]                                  |dout0[30]                                  
dout0[31]                                  |dout0[31]                                  
dout1[0]                                   |dout1[0]                                   
dout1[1]                                   |dout1[1]                                   
dout1[2]                                   |dout1[2]                                   
dout1[3]                                   |dout1[3]                                   
dout1[4]                                   |dout1[4]                                   
dout1[5]                                   |dout1[5]                                   
dout1[6]                                   |dout1[6]                                   
dout1[7]                                   |dout1[7]                                   
dout1[8]                                   |dout1[8]                                   
dout1[9]                                   |dout1[9]                                   
dout1[10]                                  |dout1[10]                                  
dout1[11]                                  |dout1[11]                                  
dout1[12]                                  |dout1[12]                                  
dout1[13]                                  |dout1[13]                                  
dout1[14]                                  |dout1[14]                                  
dout1[15]                                  |dout1[15]                                  
dout1[16]                                  |dout1[16]                                  
dout1[17]                                  |dout1[17]                                  
dout1[18]                                  |dout1[18]                                  
dout1[19]                                  |dout1[19]                                  
dout1[20]                                  |dout1[20]                                  
dout1[21]                                  |dout1[21]                                  
dout1[22]                                  |dout1[22]                                  
dout1[23]                                  |dout1[23]                                  
dout1[24]                                  |dout1[24]                                  
dout1[25]                                  |dout1[25]                                  
dout1[26]                                  |dout1[26]                                  
dout1[27]                                  |dout1[27]                                  
dout1[28]                                  |dout1[28]                                  
dout1[29]                                  |dout1[29]                                  
dout1[30]                                  |dout1[30]                                  
dout1[31]                                  |dout1[31]                                  
vccd1                                      |vccd1                                      
vssd1                                      |vssd1                                      
---------------------------------------------------------------------------------------
Cell pin lists are equivalent.
Device classes sky130_sram_2kbyte_1rw1r_32x512_8 and sky130_sram_2kbyte_1rw1r_32x512_8 are equivalent.

Cell sky130_fd_sc_hd__a311oi_2 (0) disconnected node: A1
Cell sky130_fd_sc_hd__a311oi_2 (0) disconnected node: A2
Cell sky130_fd_sc_hd__a311oi_2 (0) disconnected node: A3
Cell sky130_fd_sc_hd__a311oi_2 (0) disconnected node: B1
Cell sky130_fd_sc_hd__a311oi_2 (0) disconnected node: C1
Cell sky130_fd_sc_hd__a311oi_2 (0) disconnected node: VGND
Cell sky130_fd_sc_hd__a311oi_2 (0) disconnected node: VNB
Cell sky130_fd_sc_hd__a311oi_2 (0) disconnected node: VPB
Cell sky130_fd_sc_hd__a311oi_2 (0) disconnected node: VPWR
Cell sky130_fd_sc_hd__a311oi_2 (0) disconnected node: Y

Subcircuit pins:
Circuit 1: sky130_fd_sc_hd__a311oi_2       |Circuit 2: sky130_fd_sc_hd__a311oi_2       
-------------------------------------------|-------------------------------------------
A1                                         |A1                                         
A2                                         |A2                                         
A3                                         |A3                                         
B1                                         |B1                                         
C1                                         |C1                                         
VGND                                       |VGND                                       
VNB                                        |VNB                                        
VPB                                        |VPB                                        
VPWR                                       |VPWR                                       
Y                                          |Y                                          
---------------------------------------------------------------------------------------
Cell pin lists are equivalent.
Device classes sky130_fd_sc_hd__a311oi_2 and sky130_fd_sc_hd__a311oi_2 are equivalent.

Cell sky130_fd_sc_hd__or4_4 (0) disconnected node: A
Cell sky130_fd_sc_hd__or4_4 (0) disconnected node: B
Cell sky130_fd_sc_hd__or4_4 (0) disconnected node: C
Cell sky130_fd_sc_hd__or4_4 (0) disconnected node: D
Cell sky130_fd_sc_hd__or4_4 (0) disconnected node: VGND
Cell sky130_fd_sc_hd__or4_4 (0) disconnected node: VNB
Cell sky130_fd_sc_hd__or4_4 (0) disconnected node: VPB
Cell sky130_fd_sc_hd__or4_4 (0) disconnected node: VPWR
Cell sky130_fd_sc_hd__or4_4 (0) disconnected node: X

Subcircuit pins:
Circuit 1: sky130_fd_sc_hd__or4_4          |Circuit 2: sky130_fd_sc_hd__or4_4          
-------------------------------------------|-------------------------------------------
A                                          |A                                          
B                                          |B                                          
C                                          |C                                          
D                                          |D                                          
VGND                                       |VGND                                       
VNB                                        |VNB                                        
VPB                                        |VPB                                        
VPWR                                       |VPWR                                       
X                                          |X                                          
---------------------------------------------------------------------------------------
Cell pin lists are equivalent.
Device classes sky130_fd_sc_hd__or4_4 and sky130_fd_sc_hd__or4_4 are equivalent.

Cell sky130_fd_sc_hd__clkinv_4 (0) disconnected node: A
Cell sky130_fd_sc_hd__clkinv_4 (0) disconnected node: VGND
Cell sky130_fd_sc_hd__clkinv_4 (0) disconnected node: VNB
Cell sky130_fd_sc_hd__clkinv_4 (0) disconnected node: VPB
Cell sky130_fd_sc_hd__clkinv_4 (0) disconnected node: VPWR
Cell sky130_fd_sc_hd__clkinv_4 (0) disconnected node: Y

Subcircuit pins:
Circuit 1: sky130_fd_sc_hd__clkinv_4       |Circuit 2: sky130_fd_sc_hd__clkinv_4       
-------------------------------------------|-------------------------------------------
A                                          |A                                          
VGND                                       |VGND                                       
VNB                                        |VNB                                        
VPB                                        |VPB                                        
VPWR                                       |VPWR                                       
Y                                          |Y                                          
---------------------------------------------------------------------------------------
Cell pin lists are equivalent.
Device classes sky130_fd_sc_hd__clkinv_4 and sky130_fd_sc_hd__clkinv_4 are equivalent.

Cell sky130_fd_sc_hd__o211a_4 (0) disconnected node: A1
Cell sky130_fd_sc_hd__o211a_4 (0) disconnected node: A2
Cell sky130_fd_sc_hd__o211a_4 (0) disconnected node: B1
Cell sky130_fd_sc_hd__o211a_4 (0) disconnected node: C1
Cell sky130_fd_sc_hd__o211a_4 (0) disconnected node: VGND
Cell sky130_fd_sc_hd__o211a_4 (0) disconnected node: VNB
Cell sky130_fd_sc_hd__o211a_4 (0) disconnected node: VPB
Cell sky130_fd_sc_hd__o211a_4 (0) disconnected node: VPWR
Cell sky130_fd_sc_hd__o211a_4 (0) disconnected node: X

Subcircuit pins:
Circuit 1: sky130_fd_sc_hd__o211a_4        |Circuit 2: sky130_fd_sc_hd__o211a_4        
-------------------------------------------|-------------------------------------------
A1                                         |A1                                         
A2                                         |A2                                         
B1                                         |B1                                         
C1                                         |C1                                         
VGND                                       |VGND                                       
VNB                                        |VNB                                        
VPB                                        |VPB                                        
VPWR                                       |VPWR                                       
X                                          |X                                          
---------------------------------------------------------------------------------------
Cell pin lists are equivalent.
Device classes sky130_fd_sc_hd__o211a_4 and sky130_fd_sc_hd__o211a_4 are equivalent.

Cell sky130_fd_sc_hd__a32oi_2 (0) disconnected node: A1
Cell sky130_fd_sc_hd__a32oi_2 (0) disconnected node: A2
Cell sky130_fd_sc_hd__a32oi_2 (0) disconnected node: A3
Cell sky130_fd_sc_hd__a32oi_2 (0) disconnected node: B1
Cell sky130_fd_sc_hd__a32oi_2 (0) disconnected node: B2
Cell sky130_fd_sc_hd__a32oi_2 (0) disconnected node: VGND
Cell sky130_fd_sc_hd__a32oi_2 (0) disconnected node: VNB
Cell sky130_fd_sc_hd__a32oi_2 (0) disconnected node: VPB
Cell sky130_fd_sc_hd__a32oi_2 (0) disconnected node: VPWR
Cell sky130_fd_sc_hd__a32oi_2 (0) disconnected node: Y

Subcircuit pins:
Circuit 1: sky130_fd_sc_hd__a32oi_2        |Circuit 2: sky130_fd_sc_hd__a32oi_2        
-------------------------------------------|-------------------------------------------
A1                                         |A1                                         
A2                                         |A2                                         
A3                                         |A3                                         
B1                                         |B1                                         
B2                                         |B2                                         
VGND                                       |VGND                                       
VNB                                        |VNB                                        
VPB                                        |VPB                                        
VPWR                                       |VPWR                                       
Y                                          |Y                                          
---------------------------------------------------------------------------------------
Cell pin lists are equivalent.
Device classes sky130_fd_sc_hd__a32oi_2 and sky130_fd_sc_hd__a32oi_2 are equivalent.

Cell sky130_fd_sc_hd__or3b_4 (0) disconnected node: A
Cell sky130_fd_sc_hd__or3b_4 (0) disconnected node: B
Cell sky130_fd_sc_hd__or3b_4 (0) disconnected node: C_N
Cell sky130_fd_sc_hd__or3b_4 (0) disconnected node: VGND
Cell sky130_fd_sc_hd__or3b_4 (0) disconnected node: VNB
Cell sky130_fd_sc_hd__or3b_4 (0) disconnected node: VPB
Cell sky130_fd_sc_hd__or3b_4 (0) disconnected node: VPWR
Cell sky130_fd_sc_hd__or3b_4 (0) disconnected node: X

Subcircuit pins:
Circuit 1: sky130_fd_sc_hd__or3b_4         |Circuit 2: sky130_fd_sc_hd__or3b_4         
-------------------------------------------|-------------------------------------------
A                                          |A                                          
B                                          |B                                          
C_N                                        |C_N                                        
VGND                                       |VGND                                       
VNB                                        |VNB                                        
VPB                                        |VPB                                        
VPWR                                       |VPWR                                       
X                                          |X                                          
---------------------------------------------------------------------------------------
Cell pin lists are equivalent.
Device classes sky130_fd_sc_hd__or3b_4 and sky130_fd_sc_hd__or3b_4 are equivalent.

Cell sky130_fd_sc_hd__a22o_4 (0) disconnected node: A1
Cell sky130_fd_sc_hd__a22o_4 (0) disconnected node: A2
Cell sky130_fd_sc_hd__a22o_4 (0) disconnected node: B1
Cell sky130_fd_sc_hd__a22o_4 (0) disconnected node: B2
Cell sky130_fd_sc_hd__a22o_4 (0) disconnected node: VGND
Cell sky130_fd_sc_hd__a22o_4 (0) disconnected node: VNB
Cell sky130_fd_sc_hd__a22o_4 (0) disconnected node: VPB
Cell sky130_fd_sc_hd__a22o_4 (0) disconnected node: VPWR
Cell sky130_fd_sc_hd__a22o_4 (0) disconnected node: X

Subcircuit pins:
Circuit 1: sky130_fd_sc_hd__a22o_4         |Circuit 2: sky130_fd_sc_hd__a22o_4         
-------------------------------------------|-------------------------------------------
A1                                         |A1                                         
A2                                         |A2                                         
B1                                         |B1                                         
B2                                         |B2                                         
VGND                                       |VGND                                       
VNB                                        |VNB                                        
VPB                                        |VPB                                        
VPWR                                       |VPWR                                       
X                                          |X                                          
---------------------------------------------------------------------------------------
Cell pin lists are equivalent.
Device classes sky130_fd_sc_hd__a22o_4 and sky130_fd_sc_hd__a22o_4 are equivalent.

Cell sky130_fd_sc_hd__a21o_4 (0) disconnected node: A1
Cell sky130_fd_sc_hd__a21o_4 (0) disconnected node: A2
Cell sky130_fd_sc_hd__a21o_4 (0) disconnected node: B1
Cell sky130_fd_sc_hd__a21o_4 (0) disconnected node: VGND
Cell sky130_fd_sc_hd__a21o_4 (0) disconnected node: VNB
Cell sky130_fd_sc_hd__a21o_4 (0) disconnected node: VPB
Cell sky130_fd_sc_hd__a21o_4 (0) disconnected node: VPWR
Cell sky130_fd_sc_hd__a21o_4 (0) disconnected node: X

Subcircuit pins:
Circuit 1: sky130_fd_sc_hd__a21o_4         |Circuit 2: sky130_fd_sc_hd__a21o_4         
-------------------------------------------|-------------------------------------------
A1                                         |A1                                         
A2                                         |A2                                         
B1                                         |B1                                         
VGND                                       |VGND                                       
VNB                                        |VNB                                        
VPB                                        |VPB                                        
VPWR                                       |VPWR                                       
X                                          |X                                          
---------------------------------------------------------------------------------------
Cell pin lists are equivalent.
Device classes sky130_fd_sc_hd__a21o_4 and sky130_fd_sc_hd__a21o_4 are equivalent.

Cell sky130_fd_sc_hd__xnor2_4 (0) disconnected node: A
Cell sky130_fd_sc_hd__xnor2_4 (0) disconnected node: B
Cell sky130_fd_sc_hd__xnor2_4 (0) disconnected node: VGND
Cell sky130_fd_sc_hd__xnor2_4 (0) disconnected node: VNB
Cell sky130_fd_sc_hd__xnor2_4 (0) disconnected node: VPB
Cell sky130_fd_sc_hd__xnor2_4 (0) disconnected node: VPWR
Cell sky130_fd_sc_hd__xnor2_4 (0) disconnected node: Y

Subcircuit pins:
Circuit 1: sky130_fd_sc_hd__xnor2_4        |Circuit 2: sky130_fd_sc_hd__xnor2_4        
-------------------------------------------|-------------------------------------------
A                                          |A                                          
B                                          |B                                          
VGND                                       |VGND                                       
VNB                                        |VNB                                        
VPB                                        |VPB                                        
VPWR                                       |VPWR                                       
Y                                          |Y                                          
---------------------------------------------------------------------------------------
Cell pin lists are equivalent.
Device classes sky130_fd_sc_hd__xnor2_4 and sky130_fd_sc_hd__xnor2_4 are equivalent.

Cell sky130_fd_sc_hd__xor2_4 (0) disconnected node: A
Cell sky130_fd_sc_hd__xor2_4 (0) disconnected node: B
Cell sky130_fd_sc_hd__xor2_4 (0) disconnected node: VGND
Cell sky130_fd_sc_hd__xor2_4 (0) disconnected node: VNB
Cell sky130_fd_sc_hd__xor2_4 (0) disconnected node: VPB
Cell sky130_fd_sc_hd__xor2_4 (0) disconnected node: VPWR
Cell sky130_fd_sc_hd__xor2_4 (0) disconnected node: X

Subcircuit pins:
Circuit 1: sky130_fd_sc_hd__xor2_4         |Circuit 2: sky130_fd_sc_hd__xor2_4         
-------------------------------------------|-------------------------------------------
A                                          |A                                          
B                                          |B                                          
VGND                                       |VGND                                       
VNB                                        |VNB                                        
VPB                                        |VPB                                        
VPWR                                       |VPWR                                       
X                                          |X                                          
---------------------------------------------------------------------------------------
Cell pin lists are equivalent.
Device classes sky130_fd_sc_hd__xor2_4 and sky130_fd_sc_hd__xor2_4 are equivalent.

Cell sky130_fd_sc_hd__nand2_8 (0) disconnected node: A
Cell sky130_fd_sc_hd__nand2_8 (0) disconnected node: B
Cell sky130_fd_sc_hd__nand2_8 (0) disconnected node: VGND
Cell sky130_fd_sc_hd__nand2_8 (0) disconnected node: VNB
Cell sky130_fd_sc_hd__nand2_8 (0) disconnected node: VPB
Cell sky130_fd_sc_hd__nand2_8 (0) disconnected node: VPWR
Cell sky130_fd_sc_hd__nand2_8 (0) disconnected node: Y

Subcircuit pins:
Circuit 1: sky130_fd_sc_hd__nand2_8        |Circuit 2: sky130_fd_sc_hd__nand2_8        
-------------------------------------------|-------------------------------------------
A                                          |A                                          
B                                          |B                                          
VGND                                       |VGND                                       
VNB                                        |VNB                                        
VPB                                        |VPB                                        
VPWR                                       |VPWR                                       
Y                                          |Y                                          
---------------------------------------------------------------------------------------
Cell pin lists are equivalent.
Device classes sky130_fd_sc_hd__nand2_8 and sky130_fd_sc_hd__nand2_8 are equivalent.

Cell sky130_fd_sc_hd__o41a_2 (0) disconnected node: A1
Cell sky130_fd_sc_hd__o41a_2 (0) disconnected node: A2
Cell sky130_fd_sc_hd__o41a_2 (0) disconnected node: A3
Cell sky130_fd_sc_hd__o41a_2 (0) disconnected node: A4
Cell sky130_fd_sc_hd__o41a_2 (0) disconnected node: B1
Cell sky130_fd_sc_hd__o41a_2 (0) disconnected node: VGND
Cell sky130_fd_sc_hd__o41a_2 (0) disconnected node: VNB
Cell sky130_fd_sc_hd__o41a_2 (0) disconnected node: VPB
Cell sky130_fd_sc_hd__o41a_2 (0) disconnected node: VPWR
Cell sky130_fd_sc_hd__o41a_2 (0) disconnected node: X

Subcircuit pins:
Circuit 1: sky130_fd_sc_hd__o41a_2         |Circuit 2: sky130_fd_sc_hd__o41a_2         
-------------------------------------------|-------------------------------------------
A1                                         |A1                                         
A2                                         |A2                                         
A3                                         |A3                                         
A4                                         |A4                                         
B1                                         |B1                                         
VGND                                       |VGND                                       
VNB                                        |VNB                                        
VPB                                        |VPB                                        
VPWR                                       |VPWR                                       
X                                          |X                                          
---------------------------------------------------------------------------------------
Cell pin lists are equivalent.
Device classes sky130_fd_sc_hd__o41a_2 and sky130_fd_sc_hd__o41a_2 are equivalent.

Cell sky130_fd_sc_hd__o211ai_4 (0) disconnected node: A1
Cell sky130_fd_sc_hd__o211ai_4 (0) disconnected node: A2
Cell sky130_fd_sc_hd__o211ai_4 (0) disconnected node: B1
Cell sky130_fd_sc_hd__o211ai_4 (0) disconnected node: C1
Cell sky130_fd_sc_hd__o211ai_4 (0) disconnected node: VGND
Cell sky130_fd_sc_hd__o211ai_4 (0) disconnected node: VNB
Cell sky130_fd_sc_hd__o211ai_4 (0) disconnected node: VPB
Cell sky130_fd_sc_hd__o211ai_4 (0) disconnected node: VPWR
Cell sky130_fd_sc_hd__o211ai_4 (0) disconnected node: Y

Subcircuit pins:
Circuit 1: sky130_fd_sc_hd__o211ai_4       |Circuit 2: sky130_fd_sc_hd__o211ai_4       
-------------------------------------------|-------------------------------------------
A1                                         |A1                                         
A2                                         |A2                                         
B1                                         |B1                                         
C1                                         |C1                                         
VGND                                       |VGND                                       
VNB                                        |VNB                                        
VPB                                        |VPB                                        
VPWR                                       |VPWR                                       
Y                                          |Y                                          
---------------------------------------------------------------------------------------
Cell pin lists are equivalent.
Device classes sky130_fd_sc_hd__o211ai_4 and sky130_fd_sc_hd__o211ai_4 are equivalent.

Cell sky130_fd_sc_hd__a31oi_4 (0) disconnected node: A1
Cell sky130_fd_sc_hd__a31oi_4 (0) disconnected node: A2
Cell sky130_fd_sc_hd__a31oi_4 (0) disconnected node: A3
Cell sky130_fd_sc_hd__a31oi_4 (0) disconnected node: B1
Cell sky130_fd_sc_hd__a31oi_4 (0) disconnected node: VGND
Cell sky130_fd_sc_hd__a31oi_4 (0) disconnected node: VNB
Cell sky130_fd_sc_hd__a31oi_4 (0) disconnected node: VPB
Cell sky130_fd_sc_hd__a31oi_4 (0) disconnected node: VPWR
Cell sky130_fd_sc_hd__a31oi_4 (0) disconnected node: Y

Subcircuit pins:
Circuit 1: sky130_fd_sc_hd__a31oi_4        |Circuit 2: sky130_fd_sc_hd__a31oi_4        
-------------------------------------------|-------------------------------------------
A1                                         |A1                                         
A2                                         |A2                                         
A3                                         |A3                                         
B1                                         |B1                                         
VGND                                       |VGND                                       
VNB                                        |VNB                                        
VPB                                        |VPB                                        
VPWR                                       |VPWR                                       
Y                                          |Y                                          
---------------------------------------------------------------------------------------
Cell pin lists are equivalent.
Device classes sky130_fd_sc_hd__a31oi_4 and sky130_fd_sc_hd__a31oi_4 are equivalent.

Cell sky130_fd_sc_hd__o41ai_2 (0) disconnected node: A1
Cell sky130_fd_sc_hd__o41ai_2 (0) disconnected node: A2
Cell sky130_fd_sc_hd__o41ai_2 (0) disconnected node: A3
Cell sky130_fd_sc_hd__o41ai_2 (0) disconnected node: A4
Cell sky130_fd_sc_hd__o41ai_2 (0) disconnected node: B1
Cell sky130_fd_sc_hd__o41ai_2 (0) disconnected node: VGND
Cell sky130_fd_sc_hd__o41ai_2 (0) disconnected node: VNB
Cell sky130_fd_sc_hd__o41ai_2 (0) disconnected node: VPB
Cell sky130_fd_sc_hd__o41ai_2 (0) disconnected node: VPWR
Cell sky130_fd_sc_hd__o41ai_2 (0) disconnected node: Y

Subcircuit pins:
Circuit 1: sky130_fd_sc_hd__o41ai_2        |Circuit 2: sky130_fd_sc_hd__o41ai_2        
-------------------------------------------|-------------------------------------------
A1                                         |A1                                         
A2                                         |A2                                         
A3                                         |A3                                         
A4                                         |A4                                         
B1                                         |B1                                         
VGND                                       |VGND                                       
VNB                                        |VNB                                        
VPB                                        |VPB                                        
VPWR                                       |VPWR                                       
Y                                          |Y                                          
---------------------------------------------------------------------------------------
Cell pin lists are equivalent.
Device classes sky130_fd_sc_hd__o41ai_2 and sky130_fd_sc_hd__o41ai_2 are equivalent.

Cell sky130_fd_sc_hd__o311ai_4 (0) disconnected node: A1
Cell sky130_fd_sc_hd__o311ai_4 (0) disconnected node: A2
Cell sky130_fd_sc_hd__o311ai_4 (0) disconnected node: A3
Cell sky130_fd_sc_hd__o311ai_4 (0) disconnected node: B1
Cell sky130_fd_sc_hd__o311ai_4 (0) disconnected node: C1
Cell sky130_fd_sc_hd__o311ai_4 (0) disconnected node: VGND
Cell sky130_fd_sc_hd__o311ai_4 (0) disconnected node: VNB
Cell sky130_fd_sc_hd__o311ai_4 (0) disconnected node: VPB
Cell sky130_fd_sc_hd__o311ai_4 (0) disconnected node: VPWR
Cell sky130_fd_sc_hd__o311ai_4 (0) disconnected node: Y

Subcircuit pins:
Circuit 1: sky130_fd_sc_hd__o311ai_4       |Circuit 2: sky130_fd_sc_hd__o311ai_4       
-------------------------------------------|-------------------------------------------
A1                                         |A1                                         
A2                                         |A2                                         
A3                                         |A3                                         
B1                                         |B1                                         
C1                                         |C1                                         
VGND                                       |VGND                                       
VNB                                        |VNB                                        
VPB                                        |VPB                                        
VPWR                                       |VPWR                                       
Y                                          |Y                                          
---------------------------------------------------------------------------------------
Cell pin lists are equivalent.
Device classes sky130_fd_sc_hd__o311ai_4 and sky130_fd_sc_hd__o311ai_4 are equivalent.

Cell sky130_fd_sc_hd__a41oi_2 (0) disconnected node: A1
Cell sky130_fd_sc_hd__a41oi_2 (0) disconnected node: A2
Cell sky130_fd_sc_hd__a41oi_2 (0) disconnected node: A3
Cell sky130_fd_sc_hd__a41oi_2 (0) disconnected node: A4
Cell sky130_fd_sc_hd__a41oi_2 (0) disconnected node: B1
Cell sky130_fd_sc_hd__a41oi_2 (0) disconnected node: VGND
Cell sky130_fd_sc_hd__a41oi_2 (0) disconnected node: VNB
Cell sky130_fd_sc_hd__a41oi_2 (0) disconnected node: VPB
Cell sky130_fd_sc_hd__a41oi_2 (0) disconnected node: VPWR
Cell sky130_fd_sc_hd__a41oi_2 (0) disconnected node: Y

Subcircuit pins:
Circuit 1: sky130_fd_sc_hd__a41oi_2        |Circuit 2: sky130_fd_sc_hd__a41oi_2        
-------------------------------------------|-------------------------------------------
A1                                         |A1                                         
A2                                         |A2                                         
A3                                         |A3                                         
A4                                         |A4                                         
B1                                         |B1                                         
VGND                                       |VGND                                       
VNB                                        |VNB                                        
VPB                                        |VPB                                        
VPWR                                       |VPWR                                       
Y                                          |Y                                          
---------------------------------------------------------------------------------------
Cell pin lists are equivalent.
Device classes sky130_fd_sc_hd__a41oi_2 and sky130_fd_sc_hd__a41oi_2 are equivalent.

Cell sky130_fd_sc_hd__o21ba_4 (0) disconnected node: A1
Cell sky130_fd_sc_hd__o21ba_4 (0) disconnected node: A2
Cell sky130_fd_sc_hd__o21ba_4 (0) disconnected node: B1_N
Cell sky130_fd_sc_hd__o21ba_4 (0) disconnected node: VGND
Cell sky130_fd_sc_hd__o21ba_4 (0) disconnected node: VNB
Cell sky130_fd_sc_hd__o21ba_4 (0) disconnected node: VPB
Cell sky130_fd_sc_hd__o21ba_4 (0) disconnected node: VPWR
Cell sky130_fd_sc_hd__o21ba_4 (0) disconnected node: X

Subcircuit pins:
Circuit 1: sky130_fd_sc_hd__o21ba_4        |Circuit 2: sky130_fd_sc_hd__o21ba_4        
-------------------------------------------|-------------------------------------------
A1                                         |A1                                         
A2                                         |A2                                         
B1_N                                       |B1_N                                       
VGND                                       |VGND                                       
VNB                                        |VNB                                        
VPB                                        |VPB                                        
VPWR                                       |VPWR                                       
X                                          |X                                          
---------------------------------------------------------------------------------------
Cell pin lists are equivalent.
Device classes sky130_fd_sc_hd__o21ba_4 and sky130_fd_sc_hd__o21ba_4 are equivalent.

Cell sky130_fd_sc_hd__nor4_4 (0) disconnected node: A
Cell sky130_fd_sc_hd__nor4_4 (0) disconnected node: B
Cell sky130_fd_sc_hd__nor4_4 (0) disconnected node: C
Cell sky130_fd_sc_hd__nor4_4 (0) disconnected node: D
Cell sky130_fd_sc_hd__nor4_4 (0) disconnected node: VGND
Cell sky130_fd_sc_hd__nor4_4 (0) disconnected node: VNB
Cell sky130_fd_sc_hd__nor4_4 (0) disconnected node: VPB
Cell sky130_fd_sc_hd__nor4_4 (0) disconnected node: VPWR
Cell sky130_fd_sc_hd__nor4_4 (0) disconnected node: Y

Subcircuit pins:
Circuit 1: sky130_fd_sc_hd__nor4_4         |Circuit 2: sky130_fd_sc_hd__nor4_4         
-------------------------------------------|-------------------------------------------
A                                          |A                                          
B                                          |B                                          
C                                          |C                                          
D                                          |D                                          
VGND                                       |VGND                                       
VNB                                        |VNB                                        
VPB                                        |VPB                                        
VPWR                                       |VPWR                                       
Y                                          |Y                                          
---------------------------------------------------------------------------------------
Cell pin lists are equivalent.
Device classes sky130_fd_sc_hd__nor4_4 and sky130_fd_sc_hd__nor4_4 are equivalent.

Cell sky130_fd_sc_hd__dfxtp_4 (0) disconnected node: CLK
Cell sky130_fd_sc_hd__dfxtp_4 (0) disconnected node: D
Cell sky130_fd_sc_hd__dfxtp_4 (0) disconnected node: VGND
Cell sky130_fd_sc_hd__dfxtp_4 (0) disconnected node: VNB
Cell sky130_fd_sc_hd__dfxtp_4 (0) disconnected node: VPB
Cell sky130_fd_sc_hd__dfxtp_4 (0) disconnected node: VPWR
Cell sky130_fd_sc_hd__dfxtp_4 (0) disconnected node: Q

Subcircuit pins:
Circuit 1: sky130_fd_sc_hd__dfxtp_4        |Circuit 2: sky130_fd_sc_hd__dfxtp_4        
-------------------------------------------|-------------------------------------------
CLK                                        |CLK                                        
D                                          |D                                          
VGND                                       |VGND                                       
VNB                                        |VNB                                        
VPB                                        |VPB                                        
VPWR                                       |VPWR                                       
Q                                          |Q                                          
---------------------------------------------------------------------------------------
Cell pin lists are equivalent.
Device classes sky130_fd_sc_hd__dfxtp_4 and sky130_fd_sc_hd__dfxtp_4 are equivalent.

Cell sky130_fd_sc_hd__inv_4 (0) disconnected node: A
Cell sky130_fd_sc_hd__inv_4 (0) disconnected node: VGND
Cell sky130_fd_sc_hd__inv_4 (0) disconnected node: VNB
Cell sky130_fd_sc_hd__inv_4 (0) disconnected node: VPB
Cell sky130_fd_sc_hd__inv_4 (0) disconnected node: VPWR
Cell sky130_fd_sc_hd__inv_4 (0) disconnected node: Y

Subcircuit pins:
Circuit 1: sky130_fd_sc_hd__inv_4          |Circuit 2: sky130_fd_sc_hd__inv_4          
-------------------------------------------|-------------------------------------------
A                                          |A                                          
VGND                                       |VGND                                       
VNB                                        |VNB                                        
VPB                                        |VPB                                        
VPWR                                       |VPWR                                       
Y                                          |Y                                          
---------------------------------------------------------------------------------------
Cell pin lists are equivalent.
Device classes sky130_fd_sc_hd__inv_4 and sky130_fd_sc_hd__inv_4 are equivalent.

Cell sky130_fd_sc_hd__o21ai_4 (0) disconnected node: A1
Cell sky130_fd_sc_hd__o21ai_4 (0) disconnected node: A2
Cell sky130_fd_sc_hd__o21ai_4 (0) disconnected node: B1
Cell sky130_fd_sc_hd__o21ai_4 (0) disconnected node: VGND
Cell sky130_fd_sc_hd__o21ai_4 (0) disconnected node: VNB
Cell sky130_fd_sc_hd__o21ai_4 (0) disconnected node: VPB
Cell sky130_fd_sc_hd__o21ai_4 (0) disconnected node: VPWR
Cell sky130_fd_sc_hd__o21ai_4 (0) disconnected node: Y

Subcircuit pins:
Circuit 1: sky130_fd_sc_hd__o21ai_4        |Circuit 2: sky130_fd_sc_hd__o21ai_4        
-------------------------------------------|-------------------------------------------
A1                                         |A1                                         
A2                                         |A2                                         
B1                                         |B1                                         
VGND                                       |VGND                                       
VNB                                        |VNB                                        
VPB                                        |VPB                                        
VPWR                                       |VPWR                                       
Y                                          |Y                                          
---------------------------------------------------------------------------------------
Cell pin lists are equivalent.
Device classes sky130_fd_sc_hd__o21ai_4 and sky130_fd_sc_hd__o21ai_4 are equivalent.

Cell sky130_fd_sc_hd__o2bb2ai_2 (0) disconnected node: A1_N
Cell sky130_fd_sc_hd__o2bb2ai_2 (0) disconnected node: A2_N
Cell sky130_fd_sc_hd__o2bb2ai_2 (0) disconnected node: B1
Cell sky130_fd_sc_hd__o2bb2ai_2 (0) disconnected node: B2
Cell sky130_fd_sc_hd__o2bb2ai_2 (0) disconnected node: VGND
Cell sky130_fd_sc_hd__o2bb2ai_2 (0) disconnected node: VNB
Cell sky130_fd_sc_hd__o2bb2ai_2 (0) disconnected node: VPB
Cell sky130_fd_sc_hd__o2bb2ai_2 (0) disconnected node: VPWR
Cell sky130_fd_sc_hd__o2bb2ai_2 (0) disconnected node: Y

Subcircuit pins:
Circuit 1: sky130_fd_sc_hd__o2bb2ai_2      |Circuit 2: sky130_fd_sc_hd__o2bb2ai_2      
-------------------------------------------|-------------------------------------------
A1_N                                       |A1_N                                       
A2_N                                       |A2_N                                       
B1                                         |B1                                         
B2                                         |B2                                         
VGND                                       |VGND                                       
VNB                                        |VNB                                        
VPB                                        |VPB                                        
VPWR                                       |VPWR                                       
Y                                          |Y                                          
---------------------------------------------------------------------------------------
Cell pin lists are equivalent.
Device classes sky130_fd_sc_hd__o2bb2ai_2 and sky130_fd_sc_hd__o2bb2ai_2 are equivalent.

Cell sky130_fd_sc_hd__or2_1 (0) disconnected node: A
Cell sky130_fd_sc_hd__or2_1 (0) disconnected node: B
Cell sky130_fd_sc_hd__or2_1 (0) disconnected node: VGND
Cell sky130_fd_sc_hd__or2_1 (0) disconnected node: VNB
Cell sky130_fd_sc_hd__or2_1 (0) disconnected node: VPB
Cell sky130_fd_sc_hd__or2_1 (0) disconnected node: VPWR
Cell sky130_fd_sc_hd__or2_1 (0) disconnected node: X

Subcircuit pins:
Circuit 1: sky130_fd_sc_hd__or2_1          |Circuit 2: sky130_fd_sc_hd__or2_1          
-------------------------------------------|-------------------------------------------
A                                          |A                                          
B                                          |B                                          
VGND                                       |VGND                                       
VNB                                        |VNB                                        
VPB                                        |VPB                                        
VPWR                                       |VPWR                                       
X                                          |X                                          
---------------------------------------------------------------------------------------
Cell pin lists are equivalent.
Device classes sky130_fd_sc_hd__or2_1 and sky130_fd_sc_hd__or2_1 are equivalent.

Cell sky130_fd_sc_hd__nor4b_2 (0) disconnected node: A
Cell sky130_fd_sc_hd__nor4b_2 (0) disconnected node: B
Cell sky130_fd_sc_hd__nor4b_2 (0) disconnected node: C
Cell sky130_fd_sc_hd__nor4b_2 (0) disconnected node: D_N
Cell sky130_fd_sc_hd__nor4b_2 (0) disconnected node: VGND
Cell sky130_fd_sc_hd__nor4b_2 (0) disconnected node: VNB
Cell sky130_fd_sc_hd__nor4b_2 (0) disconnected node: VPB
Cell sky130_fd_sc_hd__nor4b_2 (0) disconnected node: VPWR
Cell sky130_fd_sc_hd__nor4b_2 (0) disconnected node: Y

Subcircuit pins:
Circuit 1: sky130_fd_sc_hd__nor4b_2        |Circuit 2: sky130_fd_sc_hd__nor4b_2        
-------------------------------------------|-------------------------------------------
A                                          |A                                          
B                                          |B                                          
C                                          |C                                          
D_N                                        |D_N                                        
VGND                                       |VGND                                       
VNB                                        |VNB                                        
VPB                                        |VPB                                        
VPWR                                       |VPWR                                       
Y                                          |Y                                          
---------------------------------------------------------------------------------------
Cell pin lists are equivalent.
Device classes sky130_fd_sc_hd__nor4b_2 and sky130_fd_sc_hd__nor4b_2 are equivalent.

Cell sky130_fd_sc_hd__nor3_4 (0) disconnected node: A
Cell sky130_fd_sc_hd__nor3_4 (0) disconnected node: B
Cell sky130_fd_sc_hd__nor3_4 (0) disconnected node: C
Cell sky130_fd_sc_hd__nor3_4 (0) disconnected node: VGND
Cell sky130_fd_sc_hd__nor3_4 (0) disconnected node: VNB
Cell sky130_fd_sc_hd__nor3_4 (0) disconnected node: VPB
Cell sky130_fd_sc_hd__nor3_4 (0) disconnected node: VPWR
Cell sky130_fd_sc_hd__nor3_4 (0) disconnected node: Y

Subcircuit pins:
Circuit 1: sky130_fd_sc_hd__nor3_4         |Circuit 2: sky130_fd_sc_hd__nor3_4         
-------------------------------------------|-------------------------------------------
A                                          |A                                          
B                                          |B                                          
C                                          |C                                          
VGND                                       |VGND                                       
VNB                                        |VNB                                        
VPB                                        |VPB                                        
VPWR                                       |VPWR                                       
Y                                          |Y                                          
---------------------------------------------------------------------------------------
Cell pin lists are equivalent.
Device classes sky130_fd_sc_hd__nor3_4 and sky130_fd_sc_hd__nor3_4 are equivalent.

Cell sky130_fd_sc_hd__o221ai_4 (0) disconnected node: A1
Cell sky130_fd_sc_hd__o221ai_4 (0) disconnected node: A2
Cell sky130_fd_sc_hd__o221ai_4 (0) disconnected node: B1
Cell sky130_fd_sc_hd__o221ai_4 (0) disconnected node: B2
Cell sky130_fd_sc_hd__o221ai_4 (0) disconnected node: C1
Cell sky130_fd_sc_hd__o221ai_4 (0) disconnected node: VGND
Cell sky130_fd_sc_hd__o221ai_4 (0) disconnected node: VNB
Cell sky130_fd_sc_hd__o221ai_4 (0) disconnected node: VPB
Cell sky130_fd_sc_hd__o221ai_4 (0) disconnected node: VPWR
Cell sky130_fd_sc_hd__o221ai_4 (0) disconnected node: Y

Subcircuit pins:
Circuit 1: sky130_fd_sc_hd__o221ai_4       |Circuit 2: sky130_fd_sc_hd__o221ai_4       
-------------------------------------------|-------------------------------------------
A1                                         |A1                                         
A2                                         |A2                                         
B1                                         |B1                                         
B2                                         |B2                                         
C1                                         |C1                                         
VGND                                       |VGND                                       
VNB                                        |VNB                                        
VPB                                        |VPB                                        
VPWR                                       |VPWR                                       
Y                                          |Y                                          
---------------------------------------------------------------------------------------
Cell pin lists are equivalent.
Device classes sky130_fd_sc_hd__o221ai_4 and sky130_fd_sc_hd__o221ai_4 are equivalent.

Cell sky130_fd_sc_hd__nor3b_4 (0) disconnected node: A
Cell sky130_fd_sc_hd__nor3b_4 (0) disconnected node: B
Cell sky130_fd_sc_hd__nor3b_4 (0) disconnected node: C_N
Cell sky130_fd_sc_hd__nor3b_4 (0) disconnected node: VGND
Cell sky130_fd_sc_hd__nor3b_4 (0) disconnected node: VNB
Cell sky130_fd_sc_hd__nor3b_4 (0) disconnected node: VPB
Cell sky130_fd_sc_hd__nor3b_4 (0) disconnected node: VPWR
Cell sky130_fd_sc_hd__nor3b_4 (0) disconnected node: Y

Subcircuit pins:
Circuit 1: sky130_fd_sc_hd__nor3b_4        |Circuit 2: sky130_fd_sc_hd__nor3b_4        
-------------------------------------------|-------------------------------------------
A                                          |A                                          
B                                          |B                                          
C_N                                        |C_N                                        
VGND                                       |VGND                                       
VNB                                        |VNB                                        
VPB                                        |VPB                                        
VPWR                                       |VPWR                                       
Y                                          |Y                                          
---------------------------------------------------------------------------------------
Cell pin lists are equivalent.
Device classes sky130_fd_sc_hd__nor3b_4 and sky130_fd_sc_hd__nor3b_4 are equivalent.

Cell sky130_fd_sc_hd__o311ai_2 (0) disconnected node: A1
Cell sky130_fd_sc_hd__o311ai_2 (0) disconnected node: A2
Cell sky130_fd_sc_hd__o311ai_2 (0) disconnected node: A3
Cell sky130_fd_sc_hd__o311ai_2 (0) disconnected node: B1
Cell sky130_fd_sc_hd__o311ai_2 (0) disconnected node: C1
Cell sky130_fd_sc_hd__o311ai_2 (0) disconnected node: VGND
Cell sky130_fd_sc_hd__o311ai_2 (0) disconnected node: VNB
Cell sky130_fd_sc_hd__o311ai_2 (0) disconnected node: VPB
Cell sky130_fd_sc_hd__o311ai_2 (0) disconnected node: VPWR
Cell sky130_fd_sc_hd__o311ai_2 (0) disconnected node: Y

Subcircuit pins:
Circuit 1: sky130_fd_sc_hd__o311ai_2       |Circuit 2: sky130_fd_sc_hd__o311ai_2       
-------------------------------------------|-------------------------------------------
A1                                         |A1                                         
A2                                         |A2                                         
A3                                         |A3                                         
B1                                         |B1                                         
C1                                         |C1                                         
VGND                                       |VGND                                       
VNB                                        |VNB                                        
VPB                                        |VPB                                        
VPWR                                       |VPWR                                       
Y                                          |Y                                          
---------------------------------------------------------------------------------------
Cell pin lists are equivalent.
Device classes sky130_fd_sc_hd__o311ai_2 and sky130_fd_sc_hd__o311ai_2 are equivalent.

Cell sky130_fd_sc_hd__o21a_4 (0) disconnected node: A1
Cell sky130_fd_sc_hd__o21a_4 (0) disconnected node: A2
Cell sky130_fd_sc_hd__o21a_4 (0) disconnected node: B1
Cell sky130_fd_sc_hd__o21a_4 (0) disconnected node: VGND
Cell sky130_fd_sc_hd__o21a_4 (0) disconnected node: VNB
Cell sky130_fd_sc_hd__o21a_4 (0) disconnected node: VPB
Cell sky130_fd_sc_hd__o21a_4 (0) disconnected node: VPWR
Cell sky130_fd_sc_hd__o21a_4 (0) disconnected node: X

Subcircuit pins:
Circuit 1: sky130_fd_sc_hd__o21a_4         |Circuit 2: sky130_fd_sc_hd__o21a_4         
-------------------------------------------|-------------------------------------------
A1                                         |A1                                         
A2                                         |A2                                         
B1                                         |B1                                         
VGND                                       |VGND                                       
VNB                                        |VNB                                        
VPB                                        |VPB                                        
VPWR                                       |VPWR                                       
X                                          |X                                          
---------------------------------------------------------------------------------------
Cell pin lists are equivalent.
Device classes sky130_fd_sc_hd__o21a_4 and sky130_fd_sc_hd__o21a_4 are equivalent.

Cell sky130_fd_sc_hd__a32oi_4 (0) disconnected node: A1
Cell sky130_fd_sc_hd__a32oi_4 (0) disconnected node: A2
Cell sky130_fd_sc_hd__a32oi_4 (0) disconnected node: A3
Cell sky130_fd_sc_hd__a32oi_4 (0) disconnected node: B1
Cell sky130_fd_sc_hd__a32oi_4 (0) disconnected node: B2
Cell sky130_fd_sc_hd__a32oi_4 (0) disconnected node: VGND
Cell sky130_fd_sc_hd__a32oi_4 (0) disconnected node: VNB
Cell sky130_fd_sc_hd__a32oi_4 (0) disconnected node: VPB
Cell sky130_fd_sc_hd__a32oi_4 (0) disconnected node: VPWR
Cell sky130_fd_sc_hd__a32oi_4 (0) disconnected node: Y

Subcircuit pins:
Circuit 1: sky130_fd_sc_hd__a32oi_4        |Circuit 2: sky130_fd_sc_hd__a32oi_4        
-------------------------------------------|-------------------------------------------
A1                                         |A1                                         
A2                                         |A2                                         
A3                                         |A3                                         
B1                                         |B1                                         
B2                                         |B2                                         
VGND                                       |VGND                                       
VNB                                        |VNB                                        
VPB                                        |VPB                                        
VPWR                                       |VPWR                                       
Y                                          |Y                                          
---------------------------------------------------------------------------------------
Cell pin lists are equivalent.
Device classes sky130_fd_sc_hd__a32oi_4 and sky130_fd_sc_hd__a32oi_4 are equivalent.

Cell sky130_fd_sc_hd__o31a_4 (0) disconnected node: A1
Cell sky130_fd_sc_hd__o31a_4 (0) disconnected node: A2
Cell sky130_fd_sc_hd__o31a_4 (0) disconnected node: A3
Cell sky130_fd_sc_hd__o31a_4 (0) disconnected node: B1
Cell sky130_fd_sc_hd__o31a_4 (0) disconnected node: VGND
Cell sky130_fd_sc_hd__o31a_4 (0) disconnected node: VNB
Cell sky130_fd_sc_hd__o31a_4 (0) disconnected node: VPB
Cell sky130_fd_sc_hd__o31a_4 (0) disconnected node: VPWR
Cell sky130_fd_sc_hd__o31a_4 (0) disconnected node: X

Subcircuit pins:
Circuit 1: sky130_fd_sc_hd__o31a_4         |Circuit 2: sky130_fd_sc_hd__o31a_4         
-------------------------------------------|-------------------------------------------
A1                                         |A1                                         
A2                                         |A2                                         
A3                                         |A3                                         
B1                                         |B1                                         
VGND                                       |VGND                                       
VNB                                        |VNB                                        
VPB                                        |VPB                                        
VPWR                                       |VPWR                                       
X                                          |X                                          
---------------------------------------------------------------------------------------
Cell pin lists are equivalent.
Device classes sky130_fd_sc_hd__o31a_4 and sky130_fd_sc_hd__o31a_4 are equivalent.

Cell sky130_fd_sc_hd__o31ai_4 (0) disconnected node: A1
Cell sky130_fd_sc_hd__o31ai_4 (0) disconnected node: A2
Cell sky130_fd_sc_hd__o31ai_4 (0) disconnected node: A3
Cell sky130_fd_sc_hd__o31ai_4 (0) disconnected node: B1
Cell sky130_fd_sc_hd__o31ai_4 (0) disconnected node: VGND
Cell sky130_fd_sc_hd__o31ai_4 (0) disconnected node: VNB
Cell sky130_fd_sc_hd__o31ai_4 (0) disconnected node: VPB
Cell sky130_fd_sc_hd__o31ai_4 (0) disconnected node: VPWR
Cell sky130_fd_sc_hd__o31ai_4 (0) disconnected node: Y

Subcircuit pins:
Circuit 1: sky130_fd_sc_hd__o31ai_4        |Circuit 2: sky130_fd_sc_hd__o31ai_4        
-------------------------------------------|-------------------------------------------
A1                                         |A1                                         
A2                                         |A2                                         
A3                                         |A3                                         
B1                                         |B1                                         
VGND                                       |VGND                                       
VNB                                        |VNB                                        
VPB                                        |VPB                                        
VPWR                                       |VPWR                                       
Y                                          |Y                                          
---------------------------------------------------------------------------------------
Cell pin lists are equivalent.
Device classes sky130_fd_sc_hd__o31ai_4 and sky130_fd_sc_hd__o31ai_4 are equivalent.

Cell sky130_fd_sc_hd__o2111ai_2 (0) disconnected node: A1
Cell sky130_fd_sc_hd__o2111ai_2 (0) disconnected node: A2
Cell sky130_fd_sc_hd__o2111ai_2 (0) disconnected node: B1
Cell sky130_fd_sc_hd__o2111ai_2 (0) disconnected node: C1
Cell sky130_fd_sc_hd__o2111ai_2 (0) disconnected node: D1
Cell sky130_fd_sc_hd__o2111ai_2 (0) disconnected node: VGND
Cell sky130_fd_sc_hd__o2111ai_2 (0) disconnected node: VNB
Cell sky130_fd_sc_hd__o2111ai_2 (0) disconnected node: VPB
Cell sky130_fd_sc_hd__o2111ai_2 (0) disconnected node: VPWR
Cell sky130_fd_sc_hd__o2111ai_2 (0) disconnected node: Y

Subcircuit pins:
Circuit 1: sky130_fd_sc_hd__o2111ai_2      |Circuit 2: sky130_fd_sc_hd__o2111ai_2      
-------------------------------------------|-------------------------------------------
A1                                         |A1                                         
A2                                         |A2                                         
B1                                         |B1                                         
C1                                         |C1                                         
D1                                         |D1                                         
VGND                                       |VGND                                       
VNB                                        |VNB                                        
VPB                                        |VPB                                        
VPWR                                       |VPWR                                       
Y                                          |Y                                          
---------------------------------------------------------------------------------------
Cell pin lists are equivalent.
Device classes sky130_fd_sc_hd__o2111ai_2 and sky130_fd_sc_hd__o2111ai_2 are equivalent.

Cell sky130_fd_sc_hd__a2bb2o_4 (0) disconnected node: A1_N
Cell sky130_fd_sc_hd__a2bb2o_4 (0) disconnected node: A2_N
Cell sky130_fd_sc_hd__a2bb2o_4 (0) disconnected node: B1
Cell sky130_fd_sc_hd__a2bb2o_4 (0) disconnected node: B2
Cell sky130_fd_sc_hd__a2bb2o_4 (0) disconnected node: VGND
Cell sky130_fd_sc_hd__a2bb2o_4 (0) disconnected node: VNB
Cell sky130_fd_sc_hd__a2bb2o_4 (0) disconnected node: VPB
Cell sky130_fd_sc_hd__a2bb2o_4 (0) disconnected node: VPWR
Cell sky130_fd_sc_hd__a2bb2o_4 (0) disconnected node: X

Subcircuit pins:
Circuit 1: sky130_fd_sc_hd__a2bb2o_4       |Circuit 2: sky130_fd_sc_hd__a2bb2o_4       
-------------------------------------------|-------------------------------------------
A1_N                                       |A1_N                                       
A2_N                                       |A2_N                                       
B1                                         |B1                                         
B2                                         |B2                                         
VGND                                       |VGND                                       
VNB                                        |VNB                                        
VPB                                        |VPB                                        
VPWR                                       |VPWR                                       
X                                          |X                                          
---------------------------------------------------------------------------------------
Cell pin lists are equivalent.
Device classes sky130_fd_sc_hd__a2bb2o_4 and sky130_fd_sc_hd__a2bb2o_4 are equivalent.

Cell sky130_fd_sc_hd__nand4b_2 (0) disconnected node: A_N
Cell sky130_fd_sc_hd__nand4b_2 (0) disconnected node: B
Cell sky130_fd_sc_hd__nand4b_2 (0) disconnected node: C
Cell sky130_fd_sc_hd__nand4b_2 (0) disconnected node: D
Cell sky130_fd_sc_hd__nand4b_2 (0) disconnected node: VGND
Cell sky130_fd_sc_hd__nand4b_2 (0) disconnected node: VNB
Cell sky130_fd_sc_hd__nand4b_2 (0) disconnected node: VPB
Cell sky130_fd_sc_hd__nand4b_2 (0) disconnected node: VPWR
Cell sky130_fd_sc_hd__nand4b_2 (0) disconnected node: Y

Subcircuit pins:
Circuit 1: sky130_fd_sc_hd__nand4b_2       |Circuit 2: sky130_fd_sc_hd__nand4b_2       
-------------------------------------------|-------------------------------------------
A_N                                        |A_N                                        
B                                          |B                                          
C                                          |C                                          
D                                          |D                                          
VGND                                       |VGND                                       
VNB                                        |VNB                                        
VPB                                        |VPB                                        
VPWR                                       |VPWR                                       
Y                                          |Y                                          
---------------------------------------------------------------------------------------
Cell pin lists are equivalent.
Device classes sky130_fd_sc_hd__nand4b_2 and sky130_fd_sc_hd__nand4b_2 are equivalent.

Cell sky130_fd_sc_hd__o2bb2a_4 (0) disconnected node: A1_N
Cell sky130_fd_sc_hd__o2bb2a_4 (0) disconnected node: A2_N
Cell sky130_fd_sc_hd__o2bb2a_4 (0) disconnected node: B1
Cell sky130_fd_sc_hd__o2bb2a_4 (0) disconnected node: B2
Cell sky130_fd_sc_hd__o2bb2a_4 (0) disconnected node: VGND
Cell sky130_fd_sc_hd__o2bb2a_4 (0) disconnected node: VNB
Cell sky130_fd_sc_hd__o2bb2a_4 (0) disconnected node: VPB
Cell sky130_fd_sc_hd__o2bb2a_4 (0) disconnected node: VPWR
Cell sky130_fd_sc_hd__o2bb2a_4 (0) disconnected node: X

Subcircuit pins:
Circuit 1: sky130_fd_sc_hd__o2bb2a_4       |Circuit 2: sky130_fd_sc_hd__o2bb2a_4       
-------------------------------------------|-------------------------------------------
A1_N                                       |A1_N                                       
A2_N                                       |A2_N                                       
B1                                         |B1                                         
B2                                         |B2                                         
VGND                                       |VGND                                       
VNB                                        |VNB                                        
VPB                                        |VPB                                        
VPWR                                       |VPWR                                       
X                                          |X                                          
---------------------------------------------------------------------------------------
Cell pin lists are equivalent.
Device classes sky130_fd_sc_hd__o2bb2a_4 and sky130_fd_sc_hd__o2bb2a_4 are equivalent.

Cell sky130_fd_sc_hd__a2bb2oi_2 (0) disconnected node: A1_N
Cell sky130_fd_sc_hd__a2bb2oi_2 (0) disconnected node: A2_N
Cell sky130_fd_sc_hd__a2bb2oi_2 (0) disconnected node: B1
Cell sky130_fd_sc_hd__a2bb2oi_2 (0) disconnected node: B2
Cell sky130_fd_sc_hd__a2bb2oi_2 (0) disconnected node: VGND
Cell sky130_fd_sc_hd__a2bb2oi_2 (0) disconnected node: VNB
Cell sky130_fd_sc_hd__a2bb2oi_2 (0) disconnected node: VPB
Cell sky130_fd_sc_hd__a2bb2oi_2 (0) disconnected node: VPWR
Cell sky130_fd_sc_hd__a2bb2oi_2 (0) disconnected node: Y

Subcircuit pins:
Circuit 1: sky130_fd_sc_hd__a2bb2oi_2      |Circuit 2: sky130_fd_sc_hd__a2bb2oi_2      
-------------------------------------------|-------------------------------------------
A1_N                                       |A1_N                                       
A2_N                                       |A2_N                                       
B1                                         |B1                                         
B2                                         |B2                                         
VGND                                       |VGND                                       
VNB                                        |VNB                                        
VPB                                        |VPB                                        
VPWR                                       |VPWR                                       
Y                                          |Y                                          
---------------------------------------------------------------------------------------
Cell pin lists are equivalent.
Device classes sky130_fd_sc_hd__a2bb2oi_2 and sky130_fd_sc_hd__a2bb2oi_2 are equivalent.

Cell sky130_fd_sc_hd__a32o_4 (0) disconnected node: A1
Cell sky130_fd_sc_hd__a32o_4 (0) disconnected node: A2
Cell sky130_fd_sc_hd__a32o_4 (0) disconnected node: A3
Cell sky130_fd_sc_hd__a32o_4 (0) disconnected node: B1
Cell sky130_fd_sc_hd__a32o_4 (0) disconnected node: B2
Cell sky130_fd_sc_hd__a32o_4 (0) disconnected node: VGND
Cell sky130_fd_sc_hd__a32o_4 (0) disconnected node: VNB
Cell sky130_fd_sc_hd__a32o_4 (0) disconnected node: VPB
Cell sky130_fd_sc_hd__a32o_4 (0) disconnected node: VPWR
Cell sky130_fd_sc_hd__a32o_4 (0) disconnected node: X

Subcircuit pins:
Circuit 1: sky130_fd_sc_hd__a32o_4         |Circuit 2: sky130_fd_sc_hd__a32o_4         
-------------------------------------------|-------------------------------------------
A1                                         |A1                                         
A2                                         |A2                                         
A3                                         |A3                                         
B1                                         |B1                                         
B2                                         |B2                                         
VGND                                       |VGND                                       
VNB                                        |VNB                                        
VPB                                        |VPB                                        
VPWR                                       |VPWR                                       
X                                          |X                                          
---------------------------------------------------------------------------------------
Cell pin lists are equivalent.
Device classes sky130_fd_sc_hd__a32o_4 and sky130_fd_sc_hd__a32o_4 are equivalent.

Cell sky130_fd_sc_hd__o32a_4 (0) disconnected node: A1
Cell sky130_fd_sc_hd__o32a_4 (0) disconnected node: A2
Cell sky130_fd_sc_hd__o32a_4 (0) disconnected node: A3
Cell sky130_fd_sc_hd__o32a_4 (0) disconnected node: B1
Cell sky130_fd_sc_hd__o32a_4 (0) disconnected node: B2
Cell sky130_fd_sc_hd__o32a_4 (0) disconnected node: VGND
Cell sky130_fd_sc_hd__o32a_4 (0) disconnected node: VNB
Cell sky130_fd_sc_hd__o32a_4 (0) disconnected node: VPB
Cell sky130_fd_sc_hd__o32a_4 (0) disconnected node: VPWR
Cell sky130_fd_sc_hd__o32a_4 (0) disconnected node: X

Subcircuit pins:
Circuit 1: sky130_fd_sc_hd__o32a_4         |Circuit 2: sky130_fd_sc_hd__o32a_4         
-------------------------------------------|-------------------------------------------
A1                                         |A1                                         
A2                                         |A2                                         
A3                                         |A3                                         
B1                                         |B1                                         
B2                                         |B2                                         
VGND                                       |VGND                                       
VNB                                        |VNB                                        
VPB                                        |VPB                                        
VPWR                                       |VPWR                                       
X                                          |X                                          
---------------------------------------------------------------------------------------
Cell pin lists are equivalent.
Device classes sky130_fd_sc_hd__o32a_4 and sky130_fd_sc_hd__o32a_4 are equivalent.

Cell sky130_fd_sc_hd__nand4b_1 (0) disconnected node: A_N
Cell sky130_fd_sc_hd__nand4b_1 (0) disconnected node: B
Cell sky130_fd_sc_hd__nand4b_1 (0) disconnected node: C
Cell sky130_fd_sc_hd__nand4b_1 (0) disconnected node: D
Cell sky130_fd_sc_hd__nand4b_1 (0) disconnected node: VGND
Cell sky130_fd_sc_hd__nand4b_1 (0) disconnected node: VNB
Cell sky130_fd_sc_hd__nand4b_1 (0) disconnected node: VPB
Cell sky130_fd_sc_hd__nand4b_1 (0) disconnected node: VPWR
Cell sky130_fd_sc_hd__nand4b_1 (0) disconnected node: Y

Subcircuit pins:
Circuit 1: sky130_fd_sc_hd__nand4b_1       |Circuit 2: sky130_fd_sc_hd__nand4b_1       
-------------------------------------------|-------------------------------------------
A_N                                        |A_N                                        
B                                          |B                                          
C                                          |C                                          
D                                          |D                                          
VGND                                       |VGND                                       
VNB                                        |VNB                                        
VPB                                        |VPB                                        
VPWR                                       |VPWR                                       
Y                                          |Y                                          
---------------------------------------------------------------------------------------
Cell pin lists are equivalent.
Device classes sky130_fd_sc_hd__nand4b_1 and sky130_fd_sc_hd__nand4b_1 are equivalent.

Cell sky130_fd_sc_hd__a311oi_4 (0) disconnected node: A1
Cell sky130_fd_sc_hd__a311oi_4 (0) disconnected node: A2
Cell sky130_fd_sc_hd__a311oi_4 (0) disconnected node: A3
Cell sky130_fd_sc_hd__a311oi_4 (0) disconnected node: B1
Cell sky130_fd_sc_hd__a311oi_4 (0) disconnected node: C1
Cell sky130_fd_sc_hd__a311oi_4 (0) disconnected node: VGND
Cell sky130_fd_sc_hd__a311oi_4 (0) disconnected node: VNB
Cell sky130_fd_sc_hd__a311oi_4 (0) disconnected node: VPB
Cell sky130_fd_sc_hd__a311oi_4 (0) disconnected node: VPWR
Cell sky130_fd_sc_hd__a311oi_4 (0) disconnected node: Y

Subcircuit pins:
Circuit 1: sky130_fd_sc_hd__a311oi_4       |Circuit 2: sky130_fd_sc_hd__a311oi_4       
-------------------------------------------|-------------------------------------------
A1                                         |A1                                         
A2                                         |A2                                         
A3                                         |A3                                         
B1                                         |B1                                         
C1                                         |C1                                         
VGND                                       |VGND                                       
VNB                                        |VNB                                        
VPB                                        |VPB                                        
VPWR                                       |VPWR                                       
Y                                          |Y                                          
---------------------------------------------------------------------------------------
Cell pin lists are equivalent.
Device classes sky130_fd_sc_hd__a311oi_4 and sky130_fd_sc_hd__a311oi_4 are equivalent.

Cell sky130_fd_sc_hd__o311a_4 (0) disconnected node: A1
Cell sky130_fd_sc_hd__o311a_4 (0) disconnected node: A2
Cell sky130_fd_sc_hd__o311a_4 (0) disconnected node: A3
Cell sky130_fd_sc_hd__o311a_4 (0) disconnected node: B1
Cell sky130_fd_sc_hd__o311a_4 (0) disconnected node: C1
Cell sky130_fd_sc_hd__o311a_4 (0) disconnected node: VGND
Cell sky130_fd_sc_hd__o311a_4 (0) disconnected node: VNB
Cell sky130_fd_sc_hd__o311a_4 (0) disconnected node: VPB
Cell sky130_fd_sc_hd__o311a_4 (0) disconnected node: VPWR
Cell sky130_fd_sc_hd__o311a_4 (0) disconnected node: X

Subcircuit pins:
Circuit 1: sky130_fd_sc_hd__o311a_4        |Circuit 2: sky130_fd_sc_hd__o311a_4        
-------------------------------------------|-------------------------------------------
A1                                         |A1                                         
A2                                         |A2                                         
A3                                         |A3                                         
B1                                         |B1                                         
C1                                         |C1                                         
VGND                                       |VGND                                       
VNB                                        |VNB                                        
VPB                                        |VPB                                        
VPWR                                       |VPWR                                       
X                                          |X                                          
---------------------------------------------------------------------------------------
Cell pin lists are equivalent.
Device classes sky130_fd_sc_hd__o311a_4 and sky130_fd_sc_hd__o311a_4 are equivalent.

Cell sky130_fd_sc_hd__nand4_1 (0) disconnected node: A
Cell sky130_fd_sc_hd__nand4_1 (0) disconnected node: B
Cell sky130_fd_sc_hd__nand4_1 (0) disconnected node: C
Cell sky130_fd_sc_hd__nand4_1 (0) disconnected node: D
Cell sky130_fd_sc_hd__nand4_1 (0) disconnected node: VGND
Cell sky130_fd_sc_hd__nand4_1 (0) disconnected node: VNB
Cell sky130_fd_sc_hd__nand4_1 (0) disconnected node: VPB
Cell sky130_fd_sc_hd__nand4_1 (0) disconnected node: VPWR
Cell sky130_fd_sc_hd__nand4_1 (0) disconnected node: Y

Subcircuit pins:
Circuit 1: sky130_fd_sc_hd__nand4_1        |Circuit 2: sky130_fd_sc_hd__nand4_1        
-------------------------------------------|-------------------------------------------
A                                          |A                                          
B                                          |B                                          
C                                          |C                                          
D                                          |D                                          
VGND                                       |VGND                                       
VNB                                        |VNB                                        
VPB                                        |VPB                                        
VPWR                                       |VPWR                                       
Y                                          |Y                                          
---------------------------------------------------------------------------------------
Cell pin lists are equivalent.
Device classes sky130_fd_sc_hd__nand4_1 and sky130_fd_sc_hd__nand4_1 are equivalent.

Cell sky130_fd_sc_hd__a41oi_4 (0) disconnected node: A1
Cell sky130_fd_sc_hd__a41oi_4 (0) disconnected node: A2
Cell sky130_fd_sc_hd__a41oi_4 (0) disconnected node: A3
Cell sky130_fd_sc_hd__a41oi_4 (0) disconnected node: A4
Cell sky130_fd_sc_hd__a41oi_4 (0) disconnected node: B1
Cell sky130_fd_sc_hd__a41oi_4 (0) disconnected node: VGND
Cell sky130_fd_sc_hd__a41oi_4 (0) disconnected node: VNB
Cell sky130_fd_sc_hd__a41oi_4 (0) disconnected node: VPB
Cell sky130_fd_sc_hd__a41oi_4 (0) disconnected node: VPWR
Cell sky130_fd_sc_hd__a41oi_4 (0) disconnected node: Y

Subcircuit pins:
Circuit 1: sky130_fd_sc_hd__a41oi_4        |Circuit 2: sky130_fd_sc_hd__a41oi_4        
-------------------------------------------|-------------------------------------------
A1                                         |A1                                         
A2                                         |A2                                         
A3                                         |A3                                         
A4                                         |A4                                         
B1                                         |B1                                         
VGND                                       |VGND                                       
VNB                                        |VNB                                        
VPB                                        |VPB                                        
VPWR                                       |VPWR                                       
Y                                          |Y                                          
---------------------------------------------------------------------------------------
Cell pin lists are equivalent.
Device classes sky130_fd_sc_hd__a41oi_4 and sky130_fd_sc_hd__a41oi_4 are equivalent.

Cell sky130_fd_sc_hd__and2b_4 (0) disconnected node: A_N
Cell sky130_fd_sc_hd__and2b_4 (0) disconnected node: B
Cell sky130_fd_sc_hd__and2b_4 (0) disconnected node: VGND
Cell sky130_fd_sc_hd__and2b_4 (0) disconnected node: VNB
Cell sky130_fd_sc_hd__and2b_4 (0) disconnected node: VPB
Cell sky130_fd_sc_hd__and2b_4 (0) disconnected node: VPWR
Cell sky130_fd_sc_hd__and2b_4 (0) disconnected node: X

Subcircuit pins:
Circuit 1: sky130_fd_sc_hd__and2b_4        |Circuit 2: sky130_fd_sc_hd__and2b_4        
-------------------------------------------|-------------------------------------------
A_N                                        |A_N                                        
B                                          |B                                          
VGND                                       |VGND                                       
VNB                                        |VNB                                        
VPB                                        |VPB                                        
VPWR                                       |VPWR                                       
X                                          |X                                          
---------------------------------------------------------------------------------------
Cell pin lists are equivalent.
Device classes sky130_fd_sc_hd__and2b_4 and sky130_fd_sc_hd__and2b_4 are equivalent.

Cell sky130_fd_sc_hd__o22a_4 (0) disconnected node: A1
Cell sky130_fd_sc_hd__o22a_4 (0) disconnected node: A2
Cell sky130_fd_sc_hd__o22a_4 (0) disconnected node: B1
Cell sky130_fd_sc_hd__o22a_4 (0) disconnected node: B2
Cell sky130_fd_sc_hd__o22a_4 (0) disconnected node: VGND
Cell sky130_fd_sc_hd__o22a_4 (0) disconnected node: VNB
Cell sky130_fd_sc_hd__o22a_4 (0) disconnected node: VPB
Cell sky130_fd_sc_hd__o22a_4 (0) disconnected node: VPWR
Cell sky130_fd_sc_hd__o22a_4 (0) disconnected node: X

Subcircuit pins:
Circuit 1: sky130_fd_sc_hd__o22a_4         |Circuit 2: sky130_fd_sc_hd__o22a_4         
-------------------------------------------|-------------------------------------------
A1                                         |A1                                         
A2                                         |A2                                         
B1                                         |B1                                         
B2                                         |B2                                         
VGND                                       |VGND                                       
VNB                                        |VNB                                        
VPB                                        |VPB                                        
VPWR                                       |VPWR                                       
X                                          |X                                          
---------------------------------------------------------------------------------------
Cell pin lists are equivalent.
Device classes sky130_fd_sc_hd__o22a_4 and sky130_fd_sc_hd__o22a_4 are equivalent.

Cell sky130_fd_sc_hd__o41a_4 (0) disconnected node: A1
Cell sky130_fd_sc_hd__o41a_4 (0) disconnected node: A2
Cell sky130_fd_sc_hd__o41a_4 (0) disconnected node: A3
Cell sky130_fd_sc_hd__o41a_4 (0) disconnected node: A4
Cell sky130_fd_sc_hd__o41a_4 (0) disconnected node: B1
Cell sky130_fd_sc_hd__o41a_4 (0) disconnected node: VGND
Cell sky130_fd_sc_hd__o41a_4 (0) disconnected node: VNB
Cell sky130_fd_sc_hd__o41a_4 (0) disconnected node: VPB
Cell sky130_fd_sc_hd__o41a_4 (0) disconnected node: VPWR
Cell sky130_fd_sc_hd__o41a_4 (0) disconnected node: X

Subcircuit pins:
Circuit 1: sky130_fd_sc_hd__o41a_4         |Circuit 2: sky130_fd_sc_hd__o41a_4         
-------------------------------------------|-------------------------------------------
A1                                         |A1                                         
A2                                         |A2                                         
A3                                         |A3                                         
A4                                         |A4                                         
B1                                         |B1                                         
VGND                                       |VGND                                       
VNB                                        |VNB                                        
VPB                                        |VPB                                        
VPWR                                       |VPWR                                       
X                                          |X                                          
---------------------------------------------------------------------------------------
Cell pin lists are equivalent.
Device classes sky130_fd_sc_hd__o41a_4 and sky130_fd_sc_hd__o41a_4 are equivalent.

Cell sky130_fd_sc_hd__a221o_4 (0) disconnected node: A1
Cell sky130_fd_sc_hd__a221o_4 (0) disconnected node: A2
Cell sky130_fd_sc_hd__a221o_4 (0) disconnected node: B1
Cell sky130_fd_sc_hd__a221o_4 (0) disconnected node: B2
Cell sky130_fd_sc_hd__a221o_4 (0) disconnected node: C1
Cell sky130_fd_sc_hd__a221o_4 (0) disconnected node: VGND
Cell sky130_fd_sc_hd__a221o_4 (0) disconnected node: VNB
Cell sky130_fd_sc_hd__a221o_4 (0) disconnected node: VPB
Cell sky130_fd_sc_hd__a221o_4 (0) disconnected node: VPWR
Cell sky130_fd_sc_hd__a221o_4 (0) disconnected node: X

Subcircuit pins:
Circuit 1: sky130_fd_sc_hd__a221o_4        |Circuit 2: sky130_fd_sc_hd__a221o_4        
-------------------------------------------|-------------------------------------------
A1                                         |A1                                         
A2                                         |A2                                         
B1                                         |B1                                         
B2                                         |B2                                         
C1                                         |C1                                         
VGND                                       |VGND                                       
VNB                                        |VNB                                        
VPB                                        |VPB                                        
VPWR                                       |VPWR                                       
X                                          |X                                          
---------------------------------------------------------------------------------------
Cell pin lists are equivalent.
Device classes sky130_fd_sc_hd__a221o_4 and sky130_fd_sc_hd__a221o_4 are equivalent.

Cell sky130_fd_sc_hd__a41o_4 (0) disconnected node: A1
Cell sky130_fd_sc_hd__a41o_4 (0) disconnected node: A2
Cell sky130_fd_sc_hd__a41o_4 (0) disconnected node: A3
Cell sky130_fd_sc_hd__a41o_4 (0) disconnected node: A4
Cell sky130_fd_sc_hd__a41o_4 (0) disconnected node: B1
Cell sky130_fd_sc_hd__a41o_4 (0) disconnected node: VGND
Cell sky130_fd_sc_hd__a41o_4 (0) disconnected node: VNB
Cell sky130_fd_sc_hd__a41o_4 (0) disconnected node: VPB
Cell sky130_fd_sc_hd__a41o_4 (0) disconnected node: VPWR
Cell sky130_fd_sc_hd__a41o_4 (0) disconnected node: X

Subcircuit pins:
Circuit 1: sky130_fd_sc_hd__a41o_4         |Circuit 2: sky130_fd_sc_hd__a41o_4         
-------------------------------------------|-------------------------------------------
A1                                         |A1                                         
A2                                         |A2                                         
A3                                         |A3                                         
A4                                         |A4                                         
B1                                         |B1                                         
VGND                                       |VGND                                       
VNB                                        |VNB                                        
VPB                                        |VPB                                        
VPWR                                       |VPWR                                       
X                                          |X                                          
---------------------------------------------------------------------------------------
Cell pin lists are equivalent.
Device classes sky130_fd_sc_hd__a41o_4 and sky130_fd_sc_hd__a41o_4 are equivalent.

Cell sky130_fd_sc_hd__nor4b_4 (0) disconnected node: A
Cell sky130_fd_sc_hd__nor4b_4 (0) disconnected node: B
Cell sky130_fd_sc_hd__nor4b_4 (0) disconnected node: C
Cell sky130_fd_sc_hd__nor4b_4 (0) disconnected node: D_N
Cell sky130_fd_sc_hd__nor4b_4 (0) disconnected node: VGND
Cell sky130_fd_sc_hd__nor4b_4 (0) disconnected node: VNB
Cell sky130_fd_sc_hd__nor4b_4 (0) disconnected node: VPB
Cell sky130_fd_sc_hd__nor4b_4 (0) disconnected node: VPWR
Cell sky130_fd_sc_hd__nor4b_4 (0) disconnected node: Y

Subcircuit pins:
Circuit 1: sky130_fd_sc_hd__nor4b_4        |Circuit 2: sky130_fd_sc_hd__nor4b_4        
-------------------------------------------|-------------------------------------------
A                                          |A                                          
B                                          |B                                          
C                                          |C                                          
D_N                                        |D_N                                        
VGND                                       |VGND                                       
VNB                                        |VNB                                        
VPB                                        |VPB                                        
VPWR                                       |VPWR                                       
Y                                          |Y                                          
---------------------------------------------------------------------------------------
Cell pin lists are equivalent.
Device classes sky130_fd_sc_hd__nor4b_4 and sky130_fd_sc_hd__nor4b_4 are equivalent.

Cell sky130_fd_sc_hd__o21ai_1 (0) disconnected node: A1
Cell sky130_fd_sc_hd__o21ai_1 (0) disconnected node: A2
Cell sky130_fd_sc_hd__o21ai_1 (0) disconnected node: B1
Cell sky130_fd_sc_hd__o21ai_1 (0) disconnected node: VGND
Cell sky130_fd_sc_hd__o21ai_1 (0) disconnected node: VNB
Cell sky130_fd_sc_hd__o21ai_1 (0) disconnected node: VPB
Cell sky130_fd_sc_hd__o21ai_1 (0) disconnected node: VPWR
Cell sky130_fd_sc_hd__o21ai_1 (0) disconnected node: Y

Subcircuit pins:
Circuit 1: sky130_fd_sc_hd__o21ai_1        |Circuit 2: sky130_fd_sc_hd__o21ai_1        
-------------------------------------------|-------------------------------------------
A1                                         |A1                                         
A2                                         |A2                                         
B1                                         |B1                                         
VGND                                       |VGND                                       
VNB                                        |VNB                                        
VPB                                        |VPB                                        
VPWR                                       |VPWR                                       
Y                                          |Y                                          
---------------------------------------------------------------------------------------
Cell pin lists are equivalent.
Device classes sky130_fd_sc_hd__o21ai_1 and sky130_fd_sc_hd__o21ai_1 are equivalent.

Cell aster_v1_asic (0) disconnected node: boot_addr[0]
Cell aster_v1_asic (0) disconnected node: boot_addr[1]
Cell aster_v1_asic (1) disconnected node: boot_addr[1]
Cell aster_v1_asic (1) disconnected node: boot_addr[0]
Class aster_v1_asic (0):  Merged 3795801 parallel devices.
Class aster_v1_asic (1):  Merged 3795798 parallel devices.
Cell aster_v1_asic (0) disconnected node: boot_addr[0]
Cell aster_v1_asic (0) disconnected node: boot_addr[1]
Cell aster_v1_asic (1) disconnected node: boot_addr[1]
Cell aster_v1_asic (1) disconnected node: boot_addr[0]
Subcircuit summary:
Circuit 1: aster_v1_asic                   |Circuit 2: aster_v1_asic                   
-------------------------------------------|-------------------------------------------
sky130_fd_sc_hd__decap_3 (3172537->1)      |sky130_fd_sc_hd__decap_3 (3172537->1)      
sky130_fd_sc_hd__tapvpwrvgnd_1 (212798->1) |sky130_fd_sc_hd__tapvpwrvgnd_1 (212798->1) 
sky130_fd_sc_hd__diode_2 (171839->28206)   |sky130_fd_sc_hd__diode_2 (171839->28209) * 
sky130_fd_sc_hd__nor2_2 (8168)             |sky130_fd_sc_hd__nor2_2 (8168)             
sky130_fd_sc_hd__fill_1 (196372->1)        |sky130_fd_sc_hd__fill_1 (196372->1)        
sky130_fd_sc_hd__mux2_1 (19952)            |sky130_fd_sc_hd__mux2_1 (19952)            
sky130_fd_sc_hd__fill_2 (70465->1)         |sky130_fd_sc_hd__fill_2 (70465->1)         
sky130_fd_sc_hd__xnor2_2 (6441)            |sky130_fd_sc_hd__xnor2_2 (6441)            
sky130_fd_sc_hd__xor2_2 (2856)             |sky130_fd_sc_hd__xor2_2 (2856)             
sky130_fd_sc_hd__o21a_2 (3166)             |sky130_fd_sc_hd__o21a_2 (3166)             
sky130_fd_sc_hd__o211a_2 (4228)            |sky130_fd_sc_hd__o211a_2 (4228)            
sky130_fd_sc_hd__a21o_2 (3256)             |sky130_fd_sc_hd__a21o_2 (3256)             
sky130_fd_sc_hd__and2_2 (4850)             |sky130_fd_sc_hd__and2_2 (4850)             
sky130_fd_sc_hd__nand4_2 (222)             |sky130_fd_sc_hd__nand4_2 (222)             
sky130_fd_sc_hd__a21oi_2 (3805)            |sky130_fd_sc_hd__a21oi_2 (3805)            
sky130_fd_sc_hd__dfxtp_2 (21592)           |sky130_fd_sc_hd__dfxtp_2 (21592)           
sky130_fd_sc_hd__clkbuf_8 (4051)           |sky130_fd_sc_hd__clkbuf_8 (4051)           
sky130_fd_sc_hd__buf_1 (12641)             |sky130_fd_sc_hd__buf_1 (12641)             
sky130_fd_sc_hd__and3_2 (4367)             |sky130_fd_sc_hd__and3_2 (4367)             
sky130_fd_sc_hd__nand2_2 (8364)            |sky130_fd_sc_hd__nand2_2 (8364)            
sky130_fd_sc_hd__or2_2 (6487)              |sky130_fd_sc_hd__or2_2 (6487)              
sky130_fd_sc_hd__and2b_2 (1850)            |sky130_fd_sc_hd__and2b_2 (1850)            
sky130_fd_sc_hd__o21ai_2 (3075)            |sky130_fd_sc_hd__o21ai_2 (3075)            
sky130_fd_sc_hd__buf_2 (356)               |sky130_fd_sc_hd__buf_2 (356)               
sky130_fd_sc_hd__or3_2 (1693)              |sky130_fd_sc_hd__or3_2 (1693)              
sky130_fd_sc_hd__a22o_2 (4156)             |sky130_fd_sc_hd__a22o_2 (4156)             
sky130_fd_sc_hd__o31a_2 (300)              |sky130_fd_sc_hd__o31a_2 (300)              
sky130_fd_sc_hd__clkbuf_4 (1182)           |sky130_fd_sc_hd__clkbuf_4 (1182)           
sky130_fd_sc_hd__clkbuf_1 (7)              |sky130_fd_sc_hd__clkbuf_1 (7)              
sky130_fd_sc_hd__a22oi_2 (519)             |sky130_fd_sc_hd__a22oi_2 (519)             
sky130_fd_sc_hd__and4_2 (1777)             |sky130_fd_sc_hd__and4_2 (1777)             
sky130_fd_sc_hd__mux4_2 (1667)             |sky130_fd_sc_hd__mux4_2 (1667)             
sky130_fd_sc_hd__and3b_2 (1066)            |sky130_fd_sc_hd__and3b_2 (1066)            
sky130_fd_sc_hd__inv_2 (1961)              |sky130_fd_sc_hd__inv_2 (1961)              
sky130_fd_sc_hd__buf_6 (3031)              |sky130_fd_sc_hd__buf_6 (3031)              
sky130_fd_sc_hd__a31o_2 (1664)             |sky130_fd_sc_hd__a31o_2 (1664)             
sky130_fd_sc_hd__o31ai_2 (74)              |sky130_fd_sc_hd__o31ai_2 (74)              
sky130_fd_sc_hd__nor3b_2 (35)              |sky130_fd_sc_hd__nor3b_2 (35)              
sky130_fd_sc_hd__a221o_2 (2118)            |sky130_fd_sc_hd__a221o_2 (2118)            
sky130_fd_sc_hd__a211o_2 (1558)            |sky130_fd_sc_hd__a211o_2 (1558)            
sky130_fd_sc_hd__a2bb2o_2 (369)            |sky130_fd_sc_hd__a2bb2o_2 (369)            
sky130_fd_sc_hd__dlygate4sd3_1 (12934)     |sky130_fd_sc_hd__dlygate4sd3_1 (12934)     
sky130_fd_sc_hd__nand2b_2 (1749)           |sky130_fd_sc_hd__nand2b_2 (1749)           
sky130_fd_sc_hd__buf_8 (217)               |sky130_fd_sc_hd__buf_8 (217)               
sky130_fd_sc_hd__a32o_2 (483)              |sky130_fd_sc_hd__a32o_2 (483)              
sky130_fd_sc_hd__buf_4 (774)               |sky130_fd_sc_hd__buf_4 (774)               
sky130_fd_sc_hd__a21bo_2 (809)             |sky130_fd_sc_hd__a21bo_2 (809)             
sky130_fd_sc_hd__clkbuf_2 (2225)           |sky130_fd_sc_hd__clkbuf_2 (2225)           
sky130_fd_sc_hd__or4_2 (583)               |sky130_fd_sc_hd__or4_2 (583)               
sky130_fd_sc_hd__or4b_4 (27)               |sky130_fd_sc_hd__or4b_4 (27)               
sky130_fd_sc_hd__nor3_2 (519)              |sky130_fd_sc_hd__nor3_2 (519)              
sky130_fd_sc_hd__a31oi_2 (161)             |sky130_fd_sc_hd__a31oi_2 (161)             
sky130_fd_sc_hd__nand3_2 (1049)            |sky130_fd_sc_hd__nand3_2 (1049)            
sky130_fd_sc_hd__a21boi_2 (215)            |sky130_fd_sc_hd__a21boi_2 (215)            
sky130_fd_sc_hd__or3b_2 (377)              |sky130_fd_sc_hd__or3b_2 (377)              
sky130_fd_sc_hd__a211oi_2 (444)            |sky130_fd_sc_hd__a211oi_2 (444)            
sky130_fd_sc_hd__and4bb_2 (272)            |sky130_fd_sc_hd__and4bb_2 (272)            
sky130_fd_sc_hd__o22a_2 (770)              |sky130_fd_sc_hd__o22a_2 (770)              
sky130_fd_sc_hd__a211o_4 (27)              |sky130_fd_sc_hd__a211o_4 (27)              
sky130_fd_sc_hd__o21ba_2 (618)             |sky130_fd_sc_hd__o21ba_2 (618)             
sky130_fd_sc_hd__nand2_4 (29)              |sky130_fd_sc_hd__nand2_4 (29)              
sky130_fd_sc_hd__a2111o_2 (144)            |sky130_fd_sc_hd__a2111o_2 (144)            
sky130_fd_sc_hd__buf_12 (268)              |sky130_fd_sc_hd__buf_12 (268)              
sky130_fd_sc_hd__o21bai_2 (280)            |sky130_fd_sc_hd__o21bai_2 (280)            
sky130_fd_sc_hd__clkinv_2 (170)            |sky130_fd_sc_hd__clkinv_2 (170)            
sky130_fd_sc_hd__o2bb2a_2 (645)            |sky130_fd_sc_hd__o2bb2a_2 (645)            
sky130_fd_sc_hd__o221a_2 (551)             |sky130_fd_sc_hd__o221a_2 (551)             
sky130_fd_sc_hd__o211ai_2 (281)            |sky130_fd_sc_hd__o211ai_2 (281)            
sky130_fd_sc_hd__nor2_4 (59)               |sky130_fd_sc_hd__nor2_4 (59)               
sky130_fd_sc_hd__o32ai_2 (10)              |sky130_fd_sc_hd__o32ai_2 (10)              
sky130_fd_sc_hd__mux2_8 (9)                |sky130_fd_sc_hd__mux2_8 (9)                
sky130_fd_sc_hd__and4_4 (223)              |sky130_fd_sc_hd__and4_4 (223)              
sky130_fd_sc_hd__conb_1 (160)              |sky130_fd_sc_hd__conb_1 (160)              
sky130_fd_sc_hd__or3_4 (70)                |sky130_fd_sc_hd__or3_4 (70)                
sky130_fd_sc_hd__o311a_2 (199)             |sky130_fd_sc_hd__o311a_2 (199)             
sky130_fd_sc_hd__a31o_4 (21)               |sky130_fd_sc_hd__a31o_4 (21)               
sky130_fd_sc_hd__a41o_2 (28)               |sky130_fd_sc_hd__a41o_2 (28)               
sky130_fd_sc_hd__or4b_2 (160)              |sky130_fd_sc_hd__or4b_2 (160)              
sky130_fd_sc_hd__nand3b_2 (43)             |sky130_fd_sc_hd__nand3b_2 (43)             
sky130_fd_sc_hd__a311o_2 (133)             |sky130_fd_sc_hd__a311o_2 (133)             
sky130_fd_sc_hd__or2_4 (47)                |sky130_fd_sc_hd__or2_4 (47)                
sky130_fd_sc_hd__and4b_2 (186)             |sky130_fd_sc_hd__and4b_2 (186)             
sky130_fd_sc_hd__o221ai_2 (22)             |sky130_fd_sc_hd__o221ai_2 (22)             
sky130_fd_sc_hd__and2_4 (32)               |sky130_fd_sc_hd__and2_4 (32)               
sky130_fd_sc_hd__and3_4 (142)              |sky130_fd_sc_hd__and3_4 (142)              
sky130_fd_sc_hd__a2111oi_2 (6)             |sky130_fd_sc_hd__a2111oi_2 (6)             
sky130_fd_sc_hd__inv_6 (39)                |sky130_fd_sc_hd__inv_6 (39)                
sky130_fd_sc_hd__o22ai_2 (50)              |sky130_fd_sc_hd__o22ai_2 (50)              
sky130_fd_sc_hd__a21oi_4 (37)              |sky130_fd_sc_hd__a21oi_4 (37)              
sky130_fd_sc_hd__bufinv_16 (55)            |sky130_fd_sc_hd__bufinv_16 (55)            
sky130_fd_sc_hd__a211oi_4 (31)             |sky130_fd_sc_hd__a211oi_4 (31)             
sky130_fd_sc_hd__nor4_2 (39)               |sky130_fd_sc_hd__nor4_2 (39)               
sky130_fd_sc_hd__nand3_4 (4)               |sky130_fd_sc_hd__nand3_4 (4)               
sky130_fd_sc_hd__o32a_2 (183)              |sky130_fd_sc_hd__o32a_2 (183)              
sky130_fd_sc_hd__o221a_4 (28)              |sky130_fd_sc_hd__o221a_4 (28)              
sky130_fd_sc_hd__or4bb_2 (24)              |sky130_fd_sc_hd__or4bb_2 (24)              
sky130_fd_sc_hd__mux2_2 (28)               |sky130_fd_sc_hd__mux2_2 (28)               
sky130_fd_sc_hd__clkinvlp_4 (37)           |sky130_fd_sc_hd__clkinvlp_4 (37)           
sky130_fd_sc_hd__a221oi_4 (6)              |sky130_fd_sc_hd__a221oi_4 (6)              
sky130_fd_sc_hd__clkbuf_16 (20)            |sky130_fd_sc_hd__clkbuf_16 (20)            
sky130_fd_sc_hd__nand4_4 (7)               |sky130_fd_sc_hd__nand4_4 (7)               
sky130_fd_sc_hd__a221oi_2 (23)             |sky130_fd_sc_hd__a221oi_2 (23)             
sky130_fd_sc_hd__mux2_4 (16)               |sky130_fd_sc_hd__mux2_4 (16)               
sky130_fd_sc_hd__o2111a_2 (31)             |sky130_fd_sc_hd__o2111a_2 (31)             
sky130_sram_2kbyte_1rw1r_32x512_8 (16)     |sky130_sram_2kbyte_1rw1r_32x512_8 (16)     
sky130_fd_sc_hd__a311oi_2 (14)             |sky130_fd_sc_hd__a311oi_2 (14)             
sky130_fd_sc_hd__or4_4 (57)                |sky130_fd_sc_hd__or4_4 (57)                
sky130_fd_sc_hd__clkinv_4 (18)             |sky130_fd_sc_hd__clkinv_4 (18)             
sky130_fd_sc_hd__o211a_4 (22)              |sky130_fd_sc_hd__o211a_4 (22)              
sky130_fd_sc_hd__a32oi_2 (20)              |sky130_fd_sc_hd__a32oi_2 (20)              
sky130_fd_sc_hd__or3b_4 (15)               |sky130_fd_sc_hd__or3b_4 (15)               
sky130_fd_sc_hd__a22o_4 (11)               |sky130_fd_sc_hd__a22o_4 (11)               
sky130_fd_sc_hd__a21o_4 (21)               |sky130_fd_sc_hd__a21o_4 (21)               
sky130_fd_sc_hd__xnor2_4 (44)              |sky130_fd_sc_hd__xnor2_4 (44)              
sky130_fd_sc_hd__xor2_4 (22)               |sky130_fd_sc_hd__xor2_4 (22)               
sky130_fd_sc_hd__nand2_8 (10)              |sky130_fd_sc_hd__nand2_8 (10)              
sky130_fd_sc_hd__o41a_2 (47)               |sky130_fd_sc_hd__o41a_2 (47)               
sky130_fd_sc_hd__o211ai_4 (3)              |sky130_fd_sc_hd__o211ai_4 (3)              
sky130_fd_sc_hd__a31oi_4 (3)               |sky130_fd_sc_hd__a31oi_4 (3)               
sky130_fd_sc_hd__o41ai_2 (3)               |sky130_fd_sc_hd__o41ai_2 (3)               
sky130_fd_sc_hd__o311ai_4 (2)              |sky130_fd_sc_hd__o311ai_4 (2)              
sky130_fd_sc_hd__a41oi_2 (5)               |sky130_fd_sc_hd__a41oi_2 (5)               
sky130_fd_sc_hd__o21ba_4 (2)               |sky130_fd_sc_hd__o21ba_4 (2)               
sky130_fd_sc_hd__nor4_4 (9)                |sky130_fd_sc_hd__nor4_4 (9)                
sky130_fd_sc_hd__dfxtp_4 (39)              |sky130_fd_sc_hd__dfxtp_4 (39)              
sky130_fd_sc_hd__inv_4 (8)                 |sky130_fd_sc_hd__inv_4 (8)                 
sky130_fd_sc_hd__o21ai_4 (17)              |sky130_fd_sc_hd__o21ai_4 (17)              
sky130_fd_sc_hd__o2bb2ai_2 (9)             |sky130_fd_sc_hd__o2bb2ai_2 (9)             
sky130_fd_sc_hd__or2_1 (1)                 |sky130_fd_sc_hd__or2_1 (1)                 
sky130_fd_sc_hd__nor4b_2 (3)               |sky130_fd_sc_hd__nor4b_2 (3)               
sky130_fd_sc_hd__nor3_4 (7)                |sky130_fd_sc_hd__nor3_4 (7)                
sky130_fd_sc_hd__o221ai_4 (1)              |sky130_fd_sc_hd__o221ai_4 (1)              
sky130_fd_sc_hd__nor3b_4 (2)               |sky130_fd_sc_hd__nor3b_4 (2)               
sky130_fd_sc_hd__o311ai_2 (5)              |sky130_fd_sc_hd__o311ai_2 (5)              
sky130_fd_sc_hd__o21a_4 (6)                |sky130_fd_sc_hd__o21a_4 (6)                
sky130_fd_sc_hd__a32oi_4 (2)               |sky130_fd_sc_hd__a32oi_4 (2)               
sky130_fd_sc_hd__o31a_4 (19)               |sky130_fd_sc_hd__o31a_4 (19)               
sky130_fd_sc_hd__o31ai_4 (6)               |sky130_fd_sc_hd__o31ai_4 (6)               
sky130_fd_sc_hd__o2111ai_2 (13)            |sky130_fd_sc_hd__o2111ai_2 (13)            
sky130_fd_sc_hd__a2bb2o_4 (2)              |sky130_fd_sc_hd__a2bb2o_4 (2)              
sky130_fd_sc_hd__nand4b_2 (6)              |sky130_fd_sc_hd__nand4b_2 (6)              
sky130_fd_sc_hd__o2bb2a_4 (2)              |sky130_fd_sc_hd__o2bb2a_4 (2)              
sky130_fd_sc_hd__a2bb2oi_2 (3)             |sky130_fd_sc_hd__a2bb2oi_2 (3)             
sky130_fd_sc_hd__a32o_4 (3)                |sky130_fd_sc_hd__a32o_4 (3)                
sky130_fd_sc_hd__o32a_4 (4)                |sky130_fd_sc_hd__o32a_4 (4)                
sky130_fd_sc_hd__nand4b_1 (1)              |sky130_fd_sc_hd__nand4b_1 (1)              
sky130_fd_sc_hd__a311oi_4 (2)              |sky130_fd_sc_hd__a311oi_4 (2)              
sky130_fd_sc_hd__o311a_4 (4)               |sky130_fd_sc_hd__o311a_4 (4)               
sky130_fd_sc_hd__nand4_1 (1)               |sky130_fd_sc_hd__nand4_1 (1)               
sky130_fd_sc_hd__a41oi_4 (1)               |sky130_fd_sc_hd__a41oi_4 (1)               
sky130_fd_sc_hd__and2b_4 (3)               |sky130_fd_sc_hd__and2b_4 (3)               
sky130_fd_sc_hd__o22a_4 (3)                |sky130_fd_sc_hd__o22a_4 (3)                
sky130_fd_sc_hd__o41a_4 (2)                |sky130_fd_sc_hd__o41a_4 (2)                
sky130_fd_sc_hd__a221o_4 (1)               |sky130_fd_sc_hd__a221o_4 (1)               
sky130_fd_sc_hd__a41o_4 (1)                |sky130_fd_sc_hd__a41o_4 (1)                
sky130_fd_sc_hd__nor4b_4 (1)               |sky130_fd_sc_hd__nor4b_4 (1)               
sky130_fd_sc_hd__o21ai_1 (1)               |sky130_fd_sc_hd__o21ai_1 (1)               
Number of devices: 200466 **Mismatch**     |Number of devices: 200469 **Mismatch**     
Number of nets: 173475 **Mismatch**        |Number of nets: 173480 **Mismatch**        
---------------------------------------------------------------------------------------
NET mismatches: Class fragments follow (with fanout counts):
Circuit 1: aster_v1_asic                   |Circuit 2: aster_v1_asic                   

---------------------------------------------------------------------------------------
Net: vssd1                                 |Net: vssd1                                 
  sky130_fd_sc_hd__diode_2/VGND = 28206    |  sky130_fd_sc_hd__diode_2/VGND = 28209    
  sky130_fd_sc_hd__diode_2/VNB = 28206     |  sky130_fd_sc_hd__diode_2/VNB = 28209     
  sky130_fd_sc_hd__decap_3/VGND = 1        |  sky130_fd_sc_hd__decap_3/VGND = 1        
  sky130_fd_sc_hd__decap_3/VNB = 1         |  sky130_fd_sc_hd__decap_3/VNB = 1         
  sky130_fd_sc_hd__fill_2/VGND = 1         |  sky130_fd_sc_hd__fill_2/VGND = 1         
  sky130_fd_sc_hd__fill_2/VNB = 1          |  sky130_fd_sc_hd__fill_2/VNB = 1          
  sky130_fd_sc_hd__fill_1/VGND = 1         |  sky130_fd_sc_hd__fill_1/VGND = 1         
  sky130_fd_sc_hd__fill_1/VNB = 1          |  sky130_fd_sc_hd__fill_1/VNB = 1          
  sky130_fd_sc_hd__tapvpwrvgnd_1/VGND = 1  |  sky130_fd_sc_hd__tapvpwrvgnd_1/VGND = 1  
  sky130_fd_sc_hd__inv_2/VGND = 1961       |  sky130_fd_sc_hd__inv_2/VGND = 1961       
  sky130_fd_sc_hd__inv_2/VNB = 1961        |  sky130_fd_sc_hd__inv_2/VNB = 1961        
  sky130_fd_sc_hd__inv_4/VGND = 8          |  sky130_fd_sc_hd__inv_4/VGND = 8          
  sky130_fd_sc_hd__inv_4/VNB = 8           |  sky130_fd_sc_hd__inv_4/VNB = 8           
  sky130_fd_sc_hd__inv_6/VGND = 39         |  sky130_fd_sc_hd__inv_6/VGND = 39         
  sky130_fd_sc_hd__inv_6/VNB = 39          |  sky130_fd_sc_hd__inv_6/VNB = 39          
  sky130_fd_sc_hd__nor4_2/VGND = 39        |  sky130_fd_sc_hd__nor4_2/VGND = 39        
  sky130_fd_sc_hd__nor4_2/VNB = 39         |  sky130_fd_sc_hd__nor4_2/VNB = 39         
  sky130_fd_sc_hd__or4_4/VGND = 57         |  sky130_fd_sc_hd__or4_4/VGND = 57         
  sky130_fd_sc_hd__or4_4/VNB = 57          |  sky130_fd_sc_hd__or4_4/VNB = 57          
  sky130_fd_sc_hd__nor2_2/VGND = 8168      |  sky130_fd_sc_hd__nor2_2/VGND = 8168      
  sky130_fd_sc_hd__nor2_2/VNB = 8168       |  sky130_fd_sc_hd__nor2_2/VNB = 8168       
  sky130_fd_sc_hd__nand2_4/VGND = 29       |  sky130_fd_sc_hd__nand2_4/VGND = 29       
  sky130_fd_sc_hd__nand2_4/VNB = 29        |  sky130_fd_sc_hd__nand2_4/VNB = 29        
  sky130_fd_sc_hd__o21a_2/VGND = 3166      |  sky130_fd_sc_hd__o21a_2/VGND = 3166      
  sky130_fd_sc_hd__o21a_2/VNB = 3166       |  sky130_fd_sc_hd__o21a_2/VNB = 3166       
  sky130_fd_sc_hd__o21ai_4/VGND = 17       |  sky130_fd_sc_hd__o21ai_4/VGND = 17       
  sky130_fd_sc_hd__o21ai_4/VNB = 17        |  sky130_fd_sc_hd__o21ai_4/VNB = 17        
  sky130_fd_sc_hd__xor2_2/VGND = 2856      |  sky130_fd_sc_hd__xor2_2/VGND = 2856      
  sky130_fd_sc_hd__xor2_2/VNB = 2856       |  sky130_fd_sc_hd__xor2_2/VNB = 2856       
  sky130_fd_sc_hd__xnor2_2/VGND = 6441     |  sky130_fd_sc_hd__xnor2_2/VGND = 6441     
  sky130_fd_sc_hd__xnor2_2/VNB = 6441      |  sky130_fd_sc_hd__xnor2_2/VNB = 6441      
  sky130_fd_sc_hd__nand2_2/VGND = 8364     |  sky130_fd_sc_hd__nand2_2/VGND = 8364     
  sky130_fd_sc_hd__nand2_2/VNB = 8364      |  sky130_fd_sc_hd__nand2_2/VNB = 8364      
  sky130_fd_sc_hd__and3_2/VGND = 4367      |  sky130_fd_sc_hd__and3_2/VGND = 4367      
  sky130_fd_sc_hd__and3_2/VNB = 4367       |  sky130_fd_sc_hd__and3_2/VNB = 4367       
  sky130_fd_sc_hd__and2_2/VGND = 4850      |  sky130_fd_sc_hd__and2_2/VGND = 4850      
  sky130_fd_sc_hd__and2_2/VNB = 4850       |  sky130_fd_sc_hd__and2_2/VNB = 4850       
  sky130_fd_sc_hd__and2b_4/VGND = 3        |  sky130_fd_sc_hd__and2b_4/VGND = 3        
  sky130_fd_sc_hd__and2b_4/VNB = 3         |  sky130_fd_sc_hd__and2b_4/VNB = 3         
  sky130_fd_sc_hd__and2_4/VGND = 32        |  sky130_fd_sc_hd__and2_4/VGND = 32        
  sky130_fd_sc_hd__and2_4/VNB = 32         |  sky130_fd_sc_hd__and2_4/VNB = 32         
  sky130_fd_sc_hd__nor2_4/VGND = 59        |  sky130_fd_sc_hd__nor2_4/VGND = 59        
  sky130_fd_sc_hd__nor2_4/VNB = 59         |  sky130_fd_sc_hd__nor2_4/VNB = 59         
  sky130_fd_sc_hd__mux4_2/VGND = 1667      |  sky130_fd_sc_hd__mux4_2/VGND = 1667      
  sky130_fd_sc_hd__mux4_2/VNB = 1667       |  sky130_fd_sc_hd__mux4_2/VNB = 1667       
  sky130_fd_sc_hd__a22o_2/VGND = 4156      |  sky130_fd_sc_hd__a22o_2/VGND = 4156      
  sky130_fd_sc_hd__a22o_2/VNB = 4156       |  sky130_fd_sc_hd__a22o_2/VNB = 4156       
  sky130_fd_sc_hd__a221o_2/VGND = 2118     |  sky130_fd_sc_hd__a221o_2/VGND = 2118     
  sky130_fd_sc_hd__a221o_2/VNB = 2118      |  sky130_fd_sc_hd__a221o_2/VNB = 2118      
  sky130_fd_sc_hd__or2_2/VGND = 6487       |  sky130_fd_sc_hd__or2_2/VGND = 6487       
  sky130_fd_sc_hd__or2_2/VNB = 6487        |  sky130_fd_sc_hd__or2_2/VNB = 6487        
  sky130_fd_sc_hd__a21o_2/VGND = 3256      |  sky130_fd_sc_hd__a21o_2/VGND = 3256      
  sky130_fd_sc_hd__a21o_2/VNB = 3256       |  sky130_fd_sc_hd__a21o_2/VNB = 3256       
  sky130_fd_sc_hd__o221a_2/VGND = 551      |  sky130_fd_sc_hd__o221a_2/VGND = 551      
  sky130_fd_sc_hd__o221a_2/VNB = 551       |  sky130_fd_sc_hd__o221a_2/VNB = 551       
  sky130_fd_sc_hd__a21oi_2/VGND = 3805     |  sky130_fd_sc_hd__a21oi_2/VGND = 3805     
  sky130_fd_sc_hd__a21oi_2/VNB = 3805      |  sky130_fd_sc_hd__a21oi_2/VNB = 3805      
  sky130_fd_sc_hd__o211a_2/VGND = 4228     |  sky130_fd_sc_hd__o211a_2/VGND = 4228     
  sky130_fd_sc_hd__o211a_2/VNB = 4228      |  sky130_fd_sc_hd__o211a_2/VNB = 4228      
  sky130_fd_sc_hd__mux2_1/VGND = 19952     |  sky130_fd_sc_hd__mux2_1/VGND = 19952     
  sky130_fd_sc_hd__mux2_1/VNB = 19952      |  sky130_fd_sc_hd__mux2_1/VNB = 19952      
  sky130_fd_sc_hd__o21ai_2/VGND = 3075     |  sky130_fd_sc_hd__o21ai_2/VGND = 3075     
  sky130_fd_sc_hd__o21ai_2/VNB = 3075      |  sky130_fd_sc_hd__o21ai_2/VNB = 3075      
  sky130_fd_sc_hd__a221oi_2/VGND = 23      |  sky130_fd_sc_hd__a221oi_2/VGND = 23      
  sky130_fd_sc_hd__a221oi_2/VNB = 23       |  sky130_fd_sc_hd__a221oi_2/VNB = 23       
  sky130_fd_sc_hd__a31o_2/VGND = 1664      |  sky130_fd_sc_hd__a31o_2/VGND = 1664      
  sky130_fd_sc_hd__a31o_2/VNB = 1664       |  sky130_fd_sc_hd__a31o_2/VNB = 1664       
  sky130_fd_sc_hd__o221ai_2/VGND = 22      |  sky130_fd_sc_hd__o221ai_2/VGND = 22      
  sky130_fd_sc_hd__o221ai_2/VNB = 22       |  sky130_fd_sc_hd__o221ai_2/VNB = 22       
  sky130_fd_sc_hd__o22ai_2/VGND = 50       |  sky130_fd_sc_hd__o22ai_2/VGND = 50       
  sky130_fd_sc_hd__o22ai_2/VNB = 50        |  sky130_fd_sc_hd__o22ai_2/VNB = 50        
  sky130_fd_sc_hd__a32o_2/VGND = 483       |  sky130_fd_sc_hd__a32o_2/VGND = 483       
  sky130_fd_sc_hd__a32o_2/VNB = 483        |  sky130_fd_sc_hd__a32o_2/VNB = 483        
  sky130_fd_sc_hd__o32ai_2/VGND = 10       |  sky130_fd_sc_hd__o32ai_2/VGND = 10       
  sky130_fd_sc_hd__o32ai_2/VNB = 10        |  sky130_fd_sc_hd__o32ai_2/VNB = 10        
  sky130_fd_sc_hd__a31o_4/VGND = 21        |  sky130_fd_sc_hd__a31o_4/VGND = 21        
  sky130_fd_sc_hd__a31o_4/VNB = 21         |  sky130_fd_sc_hd__a31o_4/VNB = 21         
  sky130_fd_sc_hd__o2bb2a_2/VGND = 645     |  sky130_fd_sc_hd__o2bb2a_2/VGND = 645     
  sky130_fd_sc_hd__o2bb2a_2/VNB = 645      |  sky130_fd_sc_hd__o2bb2a_2/VNB = 645      
  sky130_fd_sc_hd__o311a_2/VGND = 199      |  sky130_fd_sc_hd__o311a_2/VGND = 199      
  sky130_fd_sc_hd__o311a_2/VNB = 199       |  sky130_fd_sc_hd__o311a_2/VNB = 199       
  sky130_fd_sc_hd__a211oi_2/VGND = 444     |  sky130_fd_sc_hd__a211oi_2/VGND = 444     
  sky130_fd_sc_hd__a211oi_2/VNB = 444      |  sky130_fd_sc_hd__a211oi_2/VNB = 444      
  sky130_fd_sc_hd__o311ai_4/VGND = 2       |  sky130_fd_sc_hd__o311ai_4/VGND = 2       
  sky130_fd_sc_hd__o311ai_4/VNB = 2        |  sky130_fd_sc_hd__o311ai_4/VNB = 2        
  sky130_fd_sc_hd__o311ai_2/VGND = 5       |  sky130_fd_sc_hd__o311ai_2/VGND = 5       
  sky130_fd_sc_hd__o311ai_2/VNB = 5        |  sky130_fd_sc_hd__o311ai_2/VNB = 5        
  sky130_fd_sc_hd__o211ai_2/VGND = 281     |  sky130_fd_sc_hd__o211ai_2/VGND = 281     
  sky130_fd_sc_hd__o211ai_2/VNB = 281      |  sky130_fd_sc_hd__o211ai_2/VNB = 281      
  sky130_fd_sc_hd__a2111oi_2/VGND = 6      |  sky130_fd_sc_hd__a2111oi_2/VGND = 6      
  sky130_fd_sc_hd__a2111oi_2/VNB = 6       |  sky130_fd_sc_hd__a2111oi_2/VNB = 6       
  sky130_fd_sc_hd__or4b_2/VGND = 160       |  sky130_fd_sc_hd__or4b_2/VGND = 160       
  sky130_fd_sc_hd__or4b_2/VNB = 160        |  sky130_fd_sc_hd__or4b_2/VNB = 160        
  sky130_fd_sc_hd__a22oi_2/VGND = 519      |  sky130_fd_sc_hd__a22oi_2/VGND = 519      
  sky130_fd_sc_hd__a22oi_2/VNB = 519       |  sky130_fd_sc_hd__a22oi_2/VNB = 519       
  sky130_fd_sc_hd__a21bo_2/VGND = 809      |  sky130_fd_sc_hd__a21bo_2/VGND = 809      
  sky130_fd_sc_hd__a21bo_2/VNB = 809       |  sky130_fd_sc_hd__a21bo_2/VNB = 809       
  sky130_fd_sc_hd__nand2b_2/VGND = 1749    |  sky130_fd_sc_hd__nand2b_2/VGND = 1749    
  sky130_fd_sc_hd__nand2b_2/VNB = 1749     |  sky130_fd_sc_hd__nand2b_2/VNB = 1749     
  sky130_fd_sc_hd__and3b_2/VGND = 1066     |  sky130_fd_sc_hd__and3b_2/VGND = 1066     
  sky130_fd_sc_hd__and3b_2/VNB = 1066      |  sky130_fd_sc_hd__and3b_2/VNB = 1066      
  sky130_fd_sc_hd__or3b_2/VGND = 377       |  sky130_fd_sc_hd__or3b_2/VGND = 377       
  sky130_fd_sc_hd__or3b_2/VNB = 377        |  sky130_fd_sc_hd__or3b_2/VNB = 377        
  sky130_fd_sc_hd__o31a_2/VGND = 300       |  sky130_fd_sc_hd__o31a_2/VGND = 300       
  sky130_fd_sc_hd__o31a_2/VNB = 300        |  sky130_fd_sc_hd__o31a_2/VNB = 300        
  sky130_fd_sc_hd__nand3_2/VGND = 1049     |  sky130_fd_sc_hd__nand3_2/VGND = 1049     
  sky130_fd_sc_hd__nand3_2/VNB = 1049      |  sky130_fd_sc_hd__nand3_2/VNB = 1049      
  sky130_fd_sc_hd__o2111a_2/VGND = 31      |  sky130_fd_sc_hd__o2111a_2/VGND = 31      
  sky130_fd_sc_hd__o2111a_2/VNB = 31       |  sky130_fd_sc_hd__o2111a_2/VNB = 31       
  sky130_fd_sc_hd__nand4_2/VGND = 222      |  sky130_fd_sc_hd__nand4_2/VGND = 222      
  sky130_fd_sc_hd__nand4_2/VNB = 222       |  sky130_fd_sc_hd__nand4_2/VNB = 222       
  sky130_fd_sc_hd__a32oi_2/VGND = 20       |  sky130_fd_sc_hd__a32oi_2/VGND = 20       
  sky130_fd_sc_hd__a32oi_2/VNB = 20        |  sky130_fd_sc_hd__a32oi_2/VNB = 20        
  sky130_fd_sc_hd__a211o_2/VGND = 1558     |  sky130_fd_sc_hd__a211o_2/VGND = 1558     
  sky130_fd_sc_hd__a211o_2/VNB = 1558      |  sky130_fd_sc_hd__a211o_2/VNB = 1558      
  sky130_fd_sc_hd__o32a_2/VGND = 183       |  sky130_fd_sc_hd__o32a_2/VGND = 183       
  sky130_fd_sc_hd__o32a_2/VNB = 183        |  sky130_fd_sc_hd__o32a_2/VNB = 183        
  sky130_fd_sc_hd__mux2_2/VGND = 28        |  sky130_fd_sc_hd__mux2_2/VGND = 28        
  sky130_fd_sc_hd__mux2_2/VNB = 28         |  sky130_fd_sc_hd__mux2_2/VNB = 28         
  sky130_fd_sc_hd__mux2_4/VGND = 16        |  sky130_fd_sc_hd__mux2_4/VGND = 16        
  sky130_fd_sc_hd__mux2_4/VNB = 16         |  sky130_fd_sc_hd__mux2_4/VNB = 16         
  sky130_fd_sc_hd__a311o_2/VGND = 133      |  sky130_fd_sc_hd__a311o_2/VGND = 133      
  sky130_fd_sc_hd__a311o_2/VNB = 133       |  sky130_fd_sc_hd__a311o_2/VNB = 133       
  sky130_fd_sc_hd__a221oi_4/VGND = 6       |  sky130_fd_sc_hd__a221oi_4/VGND = 6       
  sky130_fd_sc_hd__a221oi_4/VNB = 6        |  sky130_fd_sc_hd__a221oi_4/VNB = 6        
  sky130_fd_sc_hd__nand3b_2/VGND = 43      |  sky130_fd_sc_hd__nand3b_2/VGND = 43      
  sky130_fd_sc_hd__nand3b_2/VNB = 43       |  sky130_fd_sc_hd__nand3b_2/VNB = 43       
  sky130_fd_sc_hd__a31oi_2/VGND = 161      |  sky130_fd_sc_hd__a31oi_2/VGND = 161      
  sky130_fd_sc_hd__a31oi_2/VNB = 161       |  sky130_fd_sc_hd__a31oi_2/VNB = 161       
  sky130_fd_sc_hd__a41o_2/VGND = 28        |  sky130_fd_sc_hd__a41o_2/VGND = 28        
  sky130_fd_sc_hd__a41o_2/VNB = 28         |  sky130_fd_sc_hd__a41o_2/VNB = 28         
  sky130_fd_sc_hd__o221a_4/VGND = 28       |  sky130_fd_sc_hd__o221a_4/VGND = 28       
  sky130_fd_sc_hd__o221a_4/VNB = 28        |  sky130_fd_sc_hd__o221a_4/VNB = 28        
  sky130_fd_sc_hd__a221o_4/VGND = 1        |  sky130_fd_sc_hd__a221o_4/VGND = 1        
  sky130_fd_sc_hd__a221o_4/VNB = 1         |  sky130_fd_sc_hd__a221o_4/VNB = 1         
  sky130_fd_sc_hd__o311a_4/VGND = 4        |  sky130_fd_sc_hd__o311a_4/VGND = 4        
  sky130_fd_sc_hd__o311a_4/VNB = 4         |  sky130_fd_sc_hd__o311a_4/VNB = 4         
  sky130_fd_sc_hd__or4bb_2/VGND = 24       |  sky130_fd_sc_hd__or4bb_2/VGND = 24       
  sky130_fd_sc_hd__or4bb_2/VNB = 24        |  sky130_fd_sc_hd__or4bb_2/VNB = 24        
  sky130_fd_sc_hd__o221ai_4/VGND = 1       |  sky130_fd_sc_hd__o221ai_4/VGND = 1       
  sky130_fd_sc_hd__o221ai_4/VNB = 1        |  sky130_fd_sc_hd__o221ai_4/VNB = 1        
  sky130_fd_sc_hd__o31a_4/VGND = 19        |  sky130_fd_sc_hd__o31a_4/VGND = 19        
  sky130_fd_sc_hd__o31a_4/VNB = 19         |  sky130_fd_sc_hd__o31a_4/VNB = 19         
  sky130_fd_sc_hd__or2_4/VGND = 47         |  sky130_fd_sc_hd__or2_4/VGND = 47         
  sky130_fd_sc_hd__or2_4/VNB = 47          |  sky130_fd_sc_hd__or2_4/VNB = 47          
  sky130_fd_sc_hd__a311oi_4/VGND = 2       |  sky130_fd_sc_hd__a311oi_4/VGND = 2       
  sky130_fd_sc_hd__a311oi_4/VNB = 2        |  sky130_fd_sc_hd__a311oi_4/VNB = 2        
  sky130_fd_sc_hd__o32a_4/VGND = 4         |  sky130_fd_sc_hd__o32a_4/VGND = 4         
  sky130_fd_sc_hd__o32a_4/VNB = 4          |  sky130_fd_sc_hd__o32a_4/VNB = 4          
  sky130_fd_sc_hd__o2bb2a_4/VGND = 2       |  sky130_fd_sc_hd__o2bb2a_4/VGND = 2       
  sky130_fd_sc_hd__o2bb2a_4/VNB = 2        |  sky130_fd_sc_hd__o2bb2a_4/VNB = 2        
  sky130_fd_sc_hd__o22a_2/VGND = 770       |  sky130_fd_sc_hd__o22a_2/VGND = 770       
  sky130_fd_sc_hd__o22a_2/VNB = 770        |  sky130_fd_sc_hd__o22a_2/VNB = 770        
  sky130_fd_sc_hd__a311oi_2/VGND = 14      |  sky130_fd_sc_hd__a311oi_2/VGND = 14      
  sky130_fd_sc_hd__a311oi_2/VNB = 14       |  sky130_fd_sc_hd__a311oi_2/VNB = 14       
  sky130_fd_sc_hd__a2111o_2/VGND = 144     |  sky130_fd_sc_hd__a2111o_2/VGND = 144     
  sky130_fd_sc_hd__a2111o_2/VNB = 144      |  sky130_fd_sc_hd__a2111o_2/VNB = 144      
  sky130_fd_sc_hd__and4_2/VGND = 1777      |  sky130_fd_sc_hd__and4_2/VGND = 1777      
  sky130_fd_sc_hd__and4_2/VNB = 1777       |  sky130_fd_sc_hd__and4_2/VNB = 1777       
  sky130_fd_sc_hd__or4b_4/VGND = 27        |  sky130_fd_sc_hd__or4b_4/VGND = 27        
  sky130_fd_sc_hd__or4b_4/VNB = 27         |  sky130_fd_sc_hd__or4b_4/VNB = 27         
  sky130_fd_sc_hd__o2111ai_2/VGND = 13     |  sky130_fd_sc_hd__o2111ai_2/VGND = 13     
  sky130_fd_sc_hd__o2111ai_2/VNB = 13      |  sky130_fd_sc_hd__o2111ai_2/VNB = 13      
  sky130_fd_sc_hd__or4_2/VGND = 583        |  sky130_fd_sc_hd__or4_2/VGND = 583        
  sky130_fd_sc_hd__or4_2/VNB = 583         |  sky130_fd_sc_hd__or4_2/VNB = 583         
  sky130_fd_sc_hd__a2bb2o_2/VGND = 369     |  sky130_fd_sc_hd__a2bb2o_2/VGND = 369     
  sky130_fd_sc_hd__a2bb2o_2/VNB = 369      |  sky130_fd_sc_hd__a2bb2o_2/VNB = 369      
  sky130_fd_sc_hd__and4b_2/VGND = 186      |  sky130_fd_sc_hd__and4b_2/VGND = 186      
  sky130_fd_sc_hd__and4b_2/VNB = 186       |  sky130_fd_sc_hd__and4b_2/VNB = 186       
  sky130_fd_sc_hd__and2b_2/VGND = 1850     |  sky130_fd_sc_hd__and2b_2/VGND = 1850     
  sky130_fd_sc_hd__and2b_2/VNB = 1850      |  sky130_fd_sc_hd__and2b_2/VNB = 1850      
  sky130_fd_sc_hd__and3_4/VGND = 142       |  sky130_fd_sc_hd__and3_4/VGND = 142       
  sky130_fd_sc_hd__and3_4/VNB = 142        |  sky130_fd_sc_hd__and3_4/VNB = 142        
  sky130_fd_sc_hd__a21oi_4/VGND = 37       |  sky130_fd_sc_hd__a21oi_4/VGND = 37       
  sky130_fd_sc_hd__a21oi_4/VNB = 37        |  sky130_fd_sc_hd__a21oi_4/VNB = 37        
  sky130_fd_sc_hd__o31ai_4/VGND = 6        |  sky130_fd_sc_hd__o31ai_4/VGND = 6        
  sky130_fd_sc_hd__o31ai_4/VNB = 6         |  sky130_fd_sc_hd__o31ai_4/VNB = 6         
  sky130_fd_sc_hd__o22a_4/VGND = 3         |  sky130_fd_sc_hd__o22a_4/VGND = 3         
  sky130_fd_sc_hd__o22a_4/VNB = 3          |  sky130_fd_sc_hd__o22a_4/VNB = 3          
  sky130_fd_sc_hd__a21o_4/VGND = 21        |  sky130_fd_sc_hd__a21o_4/VGND = 21        
  sky130_fd_sc_hd__a21o_4/VNB = 21         |  sky130_fd_sc_hd__a21o_4/VNB = 21         
  sky130_fd_sc_hd__a32o_4/VGND = 3         |  sky130_fd_sc_hd__a32o_4/VGND = 3         
  sky130_fd_sc_hd__a32o_4/VNB = 3          |  sky130_fd_sc_hd__a32o_4/VNB = 3          
  sky130_fd_sc_hd__nand2_8/VGND = 10       |  sky130_fd_sc_hd__nand2_8/VGND = 10       
  sky130_fd_sc_hd__nand2_8/VNB = 10        |  sky130_fd_sc_hd__nand2_8/VNB = 10        
  sky130_fd_sc_hd__a31oi_4/VGND = 3        |  sky130_fd_sc_hd__a31oi_4/VGND = 3        
  sky130_fd_sc_hd__a31oi_4/VNB = 3         |  sky130_fd_sc_hd__a31oi_4/VNB = 3         
  sky130_fd_sc_hd__o21a_4/VGND = 6         |  sky130_fd_sc_hd__o21a_4/VGND = 6         
  sky130_fd_sc_hd__o21a_4/VNB = 6          |  sky130_fd_sc_hd__o21a_4/VNB = 6          
  sky130_fd_sc_hd__and4_4/VGND = 223       |  sky130_fd_sc_hd__and4_4/VGND = 223       
  sky130_fd_sc_hd__and4_4/VNB = 223        |  sky130_fd_sc_hd__and4_4/VNB = 223        
  sky130_fd_sc_hd__nand4_4/VGND = 7        |  sky130_fd_sc_hd__nand4_4/VGND = 7        
  sky130_fd_sc_hd__nand4_4/VNB = 7         |  sky130_fd_sc_hd__nand4_4/VNB = 7         
  sky130_fd_sc_hd__nor4_4/VGND = 9         |  sky130_fd_sc_hd__nor4_4/VGND = 9         
  sky130_fd_sc_hd__nor4_4/VNB = 9          |  sky130_fd_sc_hd__nor4_4/VNB = 9          
  sky130_fd_sc_hd__o41a_2/VGND = 47        |  sky130_fd_sc_hd__o41a_2/VGND = 47        
  sky130_fd_sc_hd__o41a_2/VNB = 47         |  sky130_fd_sc_hd__o41a_2/VNB = 47         
  sky130_fd_sc_hd__or3_4/VGND = 70         |  sky130_fd_sc_hd__or3_4/VGND = 70         
  sky130_fd_sc_hd__or3_4/VNB = 70          |  sky130_fd_sc_hd__or3_4/VNB = 70          
  sky130_fd_sc_hd__a41oi_2/VGND = 5        |  sky130_fd_sc_hd__a41oi_2/VGND = 5        
  sky130_fd_sc_hd__a41oi_2/VNB = 5         |  sky130_fd_sc_hd__a41oi_2/VNB = 5         
  sky130_fd_sc_hd__nand3_4/VGND = 4        |  sky130_fd_sc_hd__nand3_4/VGND = 4        
  sky130_fd_sc_hd__nand3_4/VNB = 4         |  sky130_fd_sc_hd__nand3_4/VNB = 4         
  sky130_fd_sc_hd__o41a_4/VGND = 2         |  sky130_fd_sc_hd__o41a_4/VGND = 2         
  sky130_fd_sc_hd__o41a_4/VNB = 2          |  sky130_fd_sc_hd__o41a_4/VNB = 2          
  sky130_fd_sc_hd__xor2_4/VGND = 22        |  sky130_fd_sc_hd__xor2_4/VGND = 22        
  sky130_fd_sc_hd__xor2_4/VNB = 22         |  sky130_fd_sc_hd__xor2_4/VNB = 22         
  sky130_fd_sc_hd__a41oi_4/VGND = 1        |  sky130_fd_sc_hd__a41oi_4/VGND = 1        
  sky130_fd_sc_hd__a41oi_4/VNB = 1         |  sky130_fd_sc_hd__a41oi_4/VNB = 1         
  sky130_fd_sc_hd__or3_2/VGND = 1693       |  sky130_fd_sc_hd__or3_2/VGND = 1693       
  sky130_fd_sc_hd__or3_2/VNB = 1693        |  sky130_fd_sc_hd__or3_2/VNB = 1693        
  sky130_fd_sc_hd__or3b_4/VGND = 15        |  sky130_fd_sc_hd__or3b_4/VGND = 15        
  sky130_fd_sc_hd__or3b_4/VNB = 15         |  sky130_fd_sc_hd__or3b_4/VNB = 15         
  sky130_fd_sc_hd__a22o_4/VGND = 11        |  sky130_fd_sc_hd__a22o_4/VGND = 11        
  sky130_fd_sc_hd__a22o_4/VNB = 11         |  sky130_fd_sc_hd__a22o_4/VNB = 11         
  sky130_fd_sc_hd__a41o_4/VGND = 1         |  sky130_fd_sc_hd__a41o_4/VGND = 1         
  sky130_fd_sc_hd__a41o_4/VNB = 1          |  sky130_fd_sc_hd__a41o_4/VNB = 1          
  sky130_fd_sc_hd__xnor2_4/VGND = 44       |  sky130_fd_sc_hd__xnor2_4/VGND = 44       
  sky130_fd_sc_hd__xnor2_4/VNB = 44        |  sky130_fd_sc_hd__xnor2_4/VNB = 44        
  sky130_fd_sc_hd__o21ba_2/VGND = 618      |  sky130_fd_sc_hd__o21ba_2/VGND = 618      
  sky130_fd_sc_hd__o21ba_2/VNB = 618       |  sky130_fd_sc_hd__o21ba_2/VNB = 618       
  sky130_fd_sc_hd__and4bb_2/VGND = 272     |  sky130_fd_sc_hd__and4bb_2/VGND = 272     
  sky130_fd_sc_hd__and4bb_2/VNB = 272      |  sky130_fd_sc_hd__and4bb_2/VNB = 272      
  sky130_fd_sc_hd__a32oi_4/VGND = 2        |  sky130_fd_sc_hd__a32oi_4/VGND = 2        
  sky130_fd_sc_hd__a32oi_4/VNB = 2         |  sky130_fd_sc_hd__a32oi_4/VNB = 2         
  sky130_fd_sc_hd__nand4b_1/VGND = 1       |  sky130_fd_sc_hd__nand4b_1/VGND = 1       
  sky130_fd_sc_hd__nand4b_1/VNB = 1        |  sky130_fd_sc_hd__nand4b_1/VNB = 1        
  sky130_fd_sc_hd__o21bai_2/VGND = 280     |  sky130_fd_sc_hd__o21bai_2/VGND = 280     
  sky130_fd_sc_hd__o21bai_2/VNB = 280      |  sky130_fd_sc_hd__o21bai_2/VNB = 280      
  sky130_fd_sc_hd__nor3_4/VGND = 7         |  sky130_fd_sc_hd__nor3_4/VGND = 7         
  sky130_fd_sc_hd__nor3_4/VNB = 7          |  sky130_fd_sc_hd__nor3_4/VNB = 7          
  sky130_fd_sc_hd__nor3_2/VGND = 519       |  sky130_fd_sc_hd__nor3_2/VGND = 519       
  sky130_fd_sc_hd__nor3_2/VNB = 519        |  sky130_fd_sc_hd__nor3_2/VNB = 519        
  sky130_fd_sc_hd__o211ai_4/VGND = 3       |  sky130_fd_sc_hd__o211ai_4/VGND = 3       
  sky130_fd_sc_hd__o211ai_4/VNB = 3        |  sky130_fd_sc_hd__o211ai_4/VNB = 3        
  sky130_fd_sc_hd__a21boi_2/VGND = 215     |  sky130_fd_sc_hd__a21boi_2/VGND = 215     
  sky130_fd_sc_hd__a21boi_2/VNB = 215      |  sky130_fd_sc_hd__a21boi_2/VNB = 215      
  sky130_fd_sc_hd__nor4b_2/VGND = 3        |  sky130_fd_sc_hd__nor4b_2/VGND = 3        
  sky130_fd_sc_hd__nor4b_2/VNB = 3         |  sky130_fd_sc_hd__nor4b_2/VNB = 3         
  sky130_fd_sc_hd__o31ai_2/VGND = 74       |  sky130_fd_sc_hd__o31ai_2/VGND = 74       
  sky130_fd_sc_hd__o31ai_2/VNB = 74        |  sky130_fd_sc_hd__o31ai_2/VNB = 74        
  sky130_fd_sc_hd__nor3b_2/VGND = 35       |  sky130_fd_sc_hd__nor3b_2/VGND = 35       
  sky130_fd_sc_hd__nor3b_2/VNB = 35        |  sky130_fd_sc_hd__nor3b_2/VNB = 35        
  sky130_fd_sc_hd__mux2_8/VGND = 9         |  sky130_fd_sc_hd__mux2_8/VGND = 9         
  sky130_fd_sc_hd__mux2_8/VNB = 9          |  sky130_fd_sc_hd__mux2_8/VNB = 9          
  sky130_fd_sc_hd__nand4b_2/VGND = 6       |  sky130_fd_sc_hd__nand4b_2/VGND = 6       
  sky130_fd_sc_hd__nand4b_2/VNB = 6        |  sky130_fd_sc_hd__nand4b_2/VNB = 6        
  sky130_fd_sc_hd__nor4b_4/VGND = 1        |  sky130_fd_sc_hd__nor4b_4/VGND = 1        
  sky130_fd_sc_hd__nor4b_4/VNB = 1         |  sky130_fd_sc_hd__nor4b_4/VNB = 1         
  sky130_fd_sc_hd__a211o_4/VGND = 27       |  sky130_fd_sc_hd__a211o_4/VGND = 27       
  sky130_fd_sc_hd__a211o_4/VNB = 27        |  sky130_fd_sc_hd__a211o_4/VNB = 27        
  sky130_fd_sc_hd__o211a_4/VGND = 22       |  sky130_fd_sc_hd__o211a_4/VGND = 22       
  sky130_fd_sc_hd__o211a_4/VNB = 22        |  sky130_fd_sc_hd__o211a_4/VNB = 22        
  sky130_fd_sc_hd__nor3b_4/VGND = 2        |  sky130_fd_sc_hd__nor3b_4/VGND = 2        
  sky130_fd_sc_hd__nor3b_4/VNB = 2         |  sky130_fd_sc_hd__nor3b_4/VNB = 2         
  sky130_fd_sc_hd__a211oi_4/VGND = 31      |  sky130_fd_sc_hd__a211oi_4/VGND = 31      
  sky130_fd_sc_hd__a211oi_4/VNB = 31       |  sky130_fd_sc_hd__a211oi_4/VNB = 31       
  sky130_fd_sc_hd__o2bb2ai_2/VGND = 9      |  sky130_fd_sc_hd__o2bb2ai_2/VGND = 9      
  sky130_fd_sc_hd__o2bb2ai_2/VNB = 9       |  sky130_fd_sc_hd__o2bb2ai_2/VNB = 9       
  sky130_fd_sc_hd__a2bb2o_4/VGND = 2       |  sky130_fd_sc_hd__a2bb2o_4/VGND = 2       
  sky130_fd_sc_hd__a2bb2o_4/VNB = 2        |  sky130_fd_sc_hd__a2bb2o_4/VNB = 2        
  sky130_fd_sc_hd__o21ba_4/VGND = 2        |  sky130_fd_sc_hd__o21ba_4/VGND = 2        
  sky130_fd_sc_hd__o21ba_4/VNB = 2         |  sky130_fd_sc_hd__o21ba_4/VNB = 2         
  sky130_fd_sc_hd__a2bb2oi_2/VGND = 3      |  sky130_fd_sc_hd__a2bb2oi_2/VGND = 3      
  sky130_fd_sc_hd__a2bb2oi_2/VNB = 3       |  sky130_fd_sc_hd__a2bb2oi_2/VNB = 3       
  sky130_fd_sc_hd__nand4_1/VGND = 1        |  sky130_fd_sc_hd__nand4_1/VGND = 1        
  sky130_fd_sc_hd__nand4_1/VNB = 1         |  sky130_fd_sc_hd__nand4_1/VNB = 1         
  sky130_fd_sc_hd__o41ai_2/VGND = 3        |  sky130_fd_sc_hd__o41ai_2/VGND = 3        
  sky130_fd_sc_hd__o41ai_2/VNB = 3         |  sky130_fd_sc_hd__o41ai_2/VNB = 3         
  sky130_fd_sc_hd__buf_1/VGND = 12641      |  sky130_fd_sc_hd__buf_1/VGND = 12641      
  sky130_fd_sc_hd__buf_1/VNB = 12641       |  sky130_fd_sc_hd__buf_1/VNB = 12641       
  sky130_fd_sc_hd__dfxtp_2/VGND = 21592    |  sky130_fd_sc_hd__dfxtp_2/VGND = 21592    
  sky130_fd_sc_hd__dfxtp_2/VNB = 21592     |  sky130_fd_sc_hd__dfxtp_2/VNB = 21592     
  sky130_fd_sc_hd__dfxtp_4/VGND = 39       |  sky130_fd_sc_hd__dfxtp_4/VGND = 39       
  sky130_fd_sc_hd__dfxtp_4/VNB = 39        |  sky130_fd_sc_hd__dfxtp_4/VNB = 39        
  sky130_fd_sc_hd__clkbuf_16/VGND = 20     |  sky130_fd_sc_hd__clkbuf_16/VGND = 20     
  sky130_fd_sc_hd__clkbuf_16/VNB = 20      |  sky130_fd_sc_hd__clkbuf_16/VNB = 20      
  sky130_fd_sc_hd__clkbuf_8/VGND = 4051    |  sky130_fd_sc_hd__clkbuf_8/VGND = 4051    
  sky130_fd_sc_hd__clkbuf_8/VNB = 4051     |  sky130_fd_sc_hd__clkbuf_8/VNB = 4051     
  sky130_fd_sc_hd__clkbuf_4/VGND = 1182    |  sky130_fd_sc_hd__clkbuf_4/VGND = 1182    
  sky130_fd_sc_hd__clkbuf_4/VNB = 1182     |  sky130_fd_sc_hd__clkbuf_4/VNB = 1182     
  sky130_fd_sc_hd__clkinv_2/VGND = 170     |  sky130_fd_sc_hd__clkinv_2/VGND = 170     
  sky130_fd_sc_hd__clkinv_2/VNB = 170      |  sky130_fd_sc_hd__clkinv_2/VNB = 170      
  sky130_fd_sc_hd__clkinvlp_4/VGND = 37    |  sky130_fd_sc_hd__clkinvlp_4/VGND = 37    
  sky130_fd_sc_hd__clkinvlp_4/VNB = 37     |  sky130_fd_sc_hd__clkinvlp_4/VNB = 37     
  sky130_fd_sc_hd__bufinv_16/VGND = 55     |  sky130_fd_sc_hd__bufinv_16/VGND = 55     
  sky130_fd_sc_hd__bufinv_16/VNB = 55      |  sky130_fd_sc_hd__bufinv_16/VNB = 55      
  sky130_fd_sc_hd__clkinv_4/VGND = 18      |  sky130_fd_sc_hd__clkinv_4/VGND = 18      
  sky130_fd_sc_hd__clkinv_4/VNB = 18       |  sky130_fd_sc_hd__clkinv_4/VNB = 18       
  sky130_fd_sc_hd__clkbuf_2/VGND = 2225    |  sky130_fd_sc_hd__clkbuf_2/VGND = 2225    
  sky130_fd_sc_hd__clkbuf_2/VNB = 2225     |  sky130_fd_sc_hd__clkbuf_2/VNB = 2225     
  sky130_fd_sc_hd__clkbuf_1/VGND = 7       |  sky130_fd_sc_hd__clkbuf_1/VGND = 7       
  sky130_fd_sc_hd__clkbuf_1/VNB = 7        |  sky130_fd_sc_hd__clkbuf_1/VNB = 7        
  sky130_fd_sc_hd__o21ai_1/VGND = 1        |  sky130_fd_sc_hd__o21ai_1/VGND = 1        
  sky130_fd_sc_hd__o21ai_1/VNB = 1         |  sky130_fd_sc_hd__o21ai_1/VNB = 1         
  sky130_fd_sc_hd__or2_1/VGND = 1          |  sky130_fd_sc_hd__or2_1/VGND = 1          
  sky130_fd_sc_hd__or2_1/VNB = 1           |  sky130_fd_sc_hd__or2_1/VNB = 1           
  sky130_fd_sc_hd__buf_2/VGND = 356        |  sky130_fd_sc_hd__buf_2/VGND = 356        
  sky130_fd_sc_hd__buf_2/VNB = 356         |  sky130_fd_sc_hd__buf_2/VNB = 356         
  sky130_fd_sc_hd__buf_4/VGND = 774        |  sky130_fd_sc_hd__buf_4/VGND = 774        
  sky130_fd_sc_hd__buf_4/VNB = 774         |  sky130_fd_sc_hd__buf_4/VNB = 774         
  sky130_fd_sc_hd__buf_6/VGND = 3031       |  sky130_fd_sc_hd__buf_6/VGND = 3031       
  sky130_fd_sc_hd__buf_6/VNB = 3031        |  sky130_fd_sc_hd__buf_6/VNB = 3031        
  sky130_fd_sc_hd__buf_12/VGND = 268       |  sky130_fd_sc_hd__buf_12/VGND = 268       
  sky130_fd_sc_hd__buf_12/VNB = 268        |  sky130_fd_sc_hd__buf_12/VNB = 268        
  sky130_fd_sc_hd__buf_8/VGND = 217        |  sky130_fd_sc_hd__buf_8/VGND = 217        
  sky130_fd_sc_hd__buf_8/VNB = 217         |  sky130_fd_sc_hd__buf_8/VNB = 217         
  sky130_fd_sc_hd__dlygate4sd3_1/VGND = 12 |  sky130_fd_sc_hd__dlygate4sd3_1/VGND = 12 
  sky130_fd_sc_hd__dlygate4sd3_1/VNB = 129 |  sky130_fd_sc_hd__dlygate4sd3_1/VNB = 129 
  sky130_sram_2kbyte_1rw1r_32x512_8/vssd1  |  sky130_sram_2kbyte_1rw1r_32x512_8/vssd1  
  sky130_fd_sc_hd__conb_1/VGND = 160       |  sky130_fd_sc_hd__conb_1/VGND = 160       
  sky130_fd_sc_hd__conb_1/VNB = 160        |  sky130_fd_sc_hd__conb_1/VNB = 160        
  sky130_fd_sc_hd__fill_2/VPB = 1          |                                           
  sky130_fd_sc_hd__nand3b_2/VPB = 43       |                                           
  sky130_fd_sc_hd__nand3b_2/VPWR = 43      |                                           
  sky130_fd_sc_hd__and4_2/VPWR = 1777      |                                           
  sky130_fd_sc_hd__nand4_2/VPB = 222       |                                           
  sky130_fd_sc_hd__a311o_2/VPB = 133       |                                           
  sky130_fd_sc_hd__a311o_2/VPWR = 133      |                                           
  sky130_fd_sc_hd__nand2_4/VPB = 29        |                                           
  sky130_fd_sc_hd__o31ai_2/VPB = 74        |                                           
  sky130_fd_sc_hd__or2_4/VPB = 47          |                                           
  sky130_fd_sc_hd__or2_4/VPWR = 47         |                                           
  sky130_fd_sc_hd__a21o_2/VPWR = 3256      |                                           
  sky130_fd_sc_hd__nand2b_2/VPB = 1749     |                                           
  sky130_fd_sc_hd__and4b_2/VPB = 186       |                                           
  sky130_fd_sc_hd__and4b_2/VPWR = 186      |                                           
  sky130_fd_sc_hd__o211ai_2/VPWR = 281     |                                           
  sky130_fd_sc_hd__buf_1/VPB = 12641       |                                           
  sky130_fd_sc_hd__o221ai_2/VPB = 22       |                                           
  sky130_fd_sc_hd__o221ai_2/VPWR = 22      |                                           
  sky130_fd_sc_hd__o211a_2/VPWR = 4228     |                                           
  sky130_fd_sc_hd__o211a_2/VPB = 4228      |                                           
  sky130_fd_sc_hd__and2_4/VPB = 32         |                                           
  sky130_fd_sc_hd__and2_4/VPWR = 32        |                                           
  sky130_fd_sc_hd__a41o_2/VPWR = 28        |                                           
  sky130_fd_sc_hd__buf_8/VPB = 217         |                                           
  sky130_fd_sc_hd__and3_4/VPB = 142        |                                           
  sky130_fd_sc_hd__and3_4/VPWR = 142       |                                           
  sky130_fd_sc_hd__o21ai_2/VPWR = 3075     |                                           
  sky130_fd_sc_hd__o311a_2/VPB = 199       |                                           
  sky130_fd_sc_hd__a2111oi_2/VPB = 6       |                                           
  sky130_fd_sc_hd__a2111oi_2/VPWR = 6      |                                           
  sky130_fd_sc_hd__nor2_2/VPWR = 8168      |                                           
  sky130_fd_sc_hd__decap_3/VPB = 1         |                                           
  sky130_fd_sc_hd__inv_6/VPB = 39          |                                           
  sky130_fd_sc_hd__inv_6/VPWR = 39         |                                           
  sky130_fd_sc_hd__buf_1/VPWR = 12641      |                                           
  sky130_fd_sc_hd__xor2_2/VPWR = 2856      |                                           
  sky130_fd_sc_hd__o22ai_2/VPB = 50        |                                           
  sky130_fd_sc_hd__o22ai_2/VPWR = 50       |                                           
  sky130_fd_sc_hd__buf_8/VPWR = 217        |                                           
  sky130_fd_sc_hd__tapvpwrvgnd_1/VPWR = 1  |                                           
  sky130_fd_sc_hd__a21oi_4/VPB = 37        |                                           
  sky130_fd_sc_hd__a21oi_4/VPWR = 37       |                                           
  sky130_fd_sc_hd__and4_4/VPB = 223        |                                           
  sky130_fd_sc_hd__and4_4/VPWR = 223       |                                           
  sky130_fd_sc_hd__bufinv_16/VPB = 55      |                                           
  sky130_fd_sc_hd__bufinv_16/VPWR = 55     |                                           
  sky130_fd_sc_hd__mux2_8/VPB = 9          |                                           
  sky130_fd_sc_hd__mux2_8/VPWR = 9         |                                           
  sky130_fd_sc_hd__a211oi_4/VPB = 31       |                                           
  sky130_fd_sc_hd__a211oi_4/VPWR = 31      |                                           
  sky130_fd_sc_hd__decap_3/VPWR = 1        |                                           
  sky130_fd_sc_hd__fill_1/VPB = 1          |                                           
  sky130_fd_sc_hd__nor4_2/VPB = 39         |                                           
  sky130_fd_sc_hd__nor4_2/VPWR = 39        |                                           
  sky130_fd_sc_hd__nor3_2/VPWR = 519       |                                           
  sky130_fd_sc_hd__a22o_2/VPB = 4156       |                                           
  sky130_fd_sc_hd__nand3_4/VPB = 4         |                                           
  sky130_fd_sc_hd__nand3_4/VPWR = 4        |                                           
  sky130_fd_sc_hd__nand3_2/VPWR = 1049     |                                           
  sky130_fd_sc_hd__a22oi_2/VPB = 519       |                                           
  sky130_fd_sc_hd__o32a_2/VPB = 183        |                                           
  sky130_fd_sc_hd__o32a_2/VPWR = 183       |                                           
  sky130_fd_sc_hd__dfxtp_2/VPB = 21592     |                                           
  sky130_fd_sc_hd__inv_2/VPB = 1961        |                                           
  sky130_fd_sc_hd__o221a_4/VPB = 28        |                                           
  sky130_fd_sc_hd__o221a_4/VPWR = 28       |                                           
  sky130_fd_sc_hd__buf_6/VPWR = 3031       |                                           
  sky130_fd_sc_hd__clkbuf_8/VPWR = 4051    |                                           
  sky130_fd_sc_hd__or4bb_2/VPB = 24        |                                           
  sky130_fd_sc_hd__or4bb_2/VPWR = 24       |                                           
  sky130_fd_sc_hd__a22oi_2/VPWR = 519      |                                           
  sky130_fd_sc_hd__a211o_2/VPWR = 1558     |                                           
  sky130_fd_sc_hd__mux2_2/VPB = 28         |                                           
  sky130_fd_sc_hd__mux2_2/VPWR = 28        |                                           
  sky130_fd_sc_hd__clkbuf_2/VPWR = 2225    |                                           
  sky130_fd_sc_hd__buf_2/VPB = 356         |                                           
  sky130_fd_sc_hd__clkinvlp_4/VPB = 37     |                                           
  sky130_fd_sc_hd__clkinvlp_4/VPWR = 37    |                                           
  sky130_fd_sc_hd__a21o_2/VPB = 3256       |                                           
  sky130_fd_sc_hd__mux4_2/VPB = 1667       |                                           
  sky130_fd_sc_hd__a221oi_4/VPB = 6        |                                           
  sky130_fd_sc_hd__a221oi_4/VPWR = 6       |                                           
  sky130_fd_sc_hd__and3_2/VPWR = 4367      |                                           
  sky130_fd_sc_hd__xnor2_2/VPB = 6441      |                                           
  sky130_fd_sc_hd__clkbuf_16/VPB = 20      |                                           
  sky130_fd_sc_hd__clkbuf_16/VPWR = 20     |                                           
  sky130_fd_sc_hd__dlygate4sd3_1/VPB = 129 |                                           
  sky130_fd_sc_hd__or4_2/VPB = 583         |                                           
  sky130_fd_sc_hd__nand4_4/VPB = 7         |                                           
  sky130_fd_sc_hd__nand4_4/VPWR = 7        |                                           
  sky130_fd_sc_hd__o32ai_2/VPWR = 10       |                                           
  sky130_fd_sc_hd__clkbuf_8/VPB = 4051     |                                           
  sky130_fd_sc_hd__a221oi_2/VPB = 23       |                                           
  sky130_fd_sc_hd__a221oi_2/VPWR = 23      |                                           
  sky130_fd_sc_hd__dlygate4sd3_1/VPWR = 12 |                                           
  sky130_fd_sc_hd__and4_2/VPB = 1777       |                                           
  sky130_fd_sc_hd__mux2_4/VPB = 16         |                                           
  sky130_fd_sc_hd__mux2_4/VPWR = 16        |                                           
  sky130_fd_sc_hd__a2111o_2/VPB = 144      |                                           
  sky130_fd_sc_hd__clkbuf_4/VPB = 1182     |                                           
  sky130_fd_sc_hd__o2111a_2/VPB = 31       |                                           
  sky130_fd_sc_hd__o2111a_2/VPWR = 31      |                                           
  sky130_sram_2kbyte_1rw1r_32x512_8/vccd1  |                                           
  sky130_fd_sc_hd__or4b_2/VPB = 160        |                                           
  sky130_fd_sc_hd__a221o_2/VPWR = 2118     |                                           
  sky130_fd_sc_hd__clkbuf_1/VPWR = 7       |                                           
  sky130_fd_sc_hd__a311oi_2/VPB = 14       |                                           
  sky130_fd_sc_hd__a311oi_2/VPWR = 14      |                                           
  sky130_fd_sc_hd__fill_1/VPWR = 1         |                                           
  sky130_fd_sc_hd__or4b_4/VPWR = 27        |                                           
  sky130_fd_sc_hd__or4_4/VPB = 57          |                                           
  sky130_fd_sc_hd__or4_4/VPWR = 57         |                                           
  sky130_fd_sc_hd__or4b_2/VPWR = 160       |                                           
  sky130_fd_sc_hd__mux4_2/VPWR = 1667      |                                           
  sky130_fd_sc_hd__clkinv_4/VPB = 18       |                                           
  sky130_fd_sc_hd__clkinv_4/VPWR = 18      |                                           
  sky130_fd_sc_hd__a221o_2/VPB = 2118      |                                           
  sky130_fd_sc_hd__o22a_2/VPB = 770        |                                           
  sky130_fd_sc_hd__o211a_4/VPB = 22        |                                           
  sky130_fd_sc_hd__o211a_4/VPWR = 22       |                                           
  sky130_fd_sc_hd__diode_2/DIODE = 1       |                                           
  sky130_fd_sc_hd__clkbuf_1/VPB = 7        |                                           
  sky130_fd_sc_hd__a32oi_2/VPB = 20        |                                           
  sky130_fd_sc_hd__a32oi_2/VPWR = 20       |                                           
  sky130_fd_sc_hd__o21ba_2/VPB = 618       |                                           
  sky130_fd_sc_hd__a21boi_2/VPB = 215      |                                           
  sky130_fd_sc_hd__or3b_4/VPB = 15         |                                           
  sky130_fd_sc_hd__or3b_4/VPWR = 15        |                                           
  sky130_fd_sc_hd__a21boi_2/VPWR = 215     |                                           
  sky130_fd_sc_hd__a22o_2/VPWR = 4156      |                                           
  sky130_fd_sc_hd__a22o_4/VPB = 11         |                                           
  sky130_fd_sc_hd__a22o_4/VPWR = 11        |                                           
  sky130_fd_sc_hd__nand2_2/VPB = 8364      |                                           
  sky130_fd_sc_hd__buf_4/VPB = 774         |                                           
  sky130_fd_sc_hd__a21o_4/VPB = 21         |                                           
  sky130_fd_sc_hd__a21o_4/VPWR = 21        |                                           
  sky130_fd_sc_hd__or3b_2/VPWR = 377       |                                           
  sky130_fd_sc_hd__or2_2/VPWR = 6487       |                                           
  sky130_fd_sc_hd__xnor2_4/VPB = 44        |                                           
  sky130_fd_sc_hd__xnor2_4/VPWR = 44       |                                           
  sky130_fd_sc_hd__a31oi_2/VPWR = 161      |                                           
  sky130_fd_sc_hd__o31a_2/VPWR = 300       |                                           
  sky130_fd_sc_hd__xor2_4/VPB = 22         |                                           
  sky130_fd_sc_hd__xor2_4/VPWR = 22        |                                           
  sky130_fd_sc_hd__or3_2/VPB = 1693        |                                           
  sky130_fd_sc_hd__a21bo_2/VPB = 809       |                                           
  sky130_fd_sc_hd__nand2_8/VPB = 10        |                                           
  sky130_fd_sc_hd__nand2_8/VPWR = 10       |                                           
  sky130_fd_sc_hd__a2bb2o_2/VPB = 369      |                                           
  sky130_fd_sc_hd__or4b_4/VPB = 27         |                                           
  sky130_fd_sc_hd__o41a_2/VPB = 47         |                                           
  sky130_fd_sc_hd__o41a_2/VPWR = 47        |                                           
  sky130_fd_sc_hd__a211o_4/VPWR = 27       |                                           
  sky130_fd_sc_hd__nand2b_2/VPWR = 1749    |                                           
  sky130_fd_sc_hd__o211ai_4/VPB = 3        |                                           
  sky130_fd_sc_hd__o211ai_4/VPWR = 3       |                                           
  sky130_fd_sc_hd__a21bo_2/VPWR = 809      |                                           
  sky130_fd_sc_hd__conb_1/VPB = 160        |                                           
  sky130_fd_sc_hd__a31oi_4/VPB = 3         |                                           
  sky130_fd_sc_hd__a31oi_4/VPWR = 3        |                                           
  sky130_fd_sc_hd__o32ai_2/VPB = 10        |                                           
  sky130_fd_sc_hd__o21ai_2/VPB = 3075      |                                           
  sky130_fd_sc_hd__o41ai_2/VPB = 3         |                                           
  sky130_fd_sc_hd__o41ai_2/VPWR = 3        |                                           
  sky130_fd_sc_hd__a41o_2/VPB = 28         |                                           
  sky130_fd_sc_hd__and2b_2/VPB = 1850      |                                           
  sky130_fd_sc_hd__o311ai_4/VPB = 2        |                                           
  sky130_fd_sc_hd__o311ai_4/VPWR = 2       |                                           
  sky130_fd_sc_hd__a211o_4/VPB = 27        |                                           
  sky130_fd_sc_hd__nor3_2/VPB = 519        |                                           
  sky130_fd_sc_hd__a41oi_2/VPB = 5         |                                           
  sky130_fd_sc_hd__a41oi_2/VPWR = 5        |                                           
  sky130_fd_sc_hd__o2bb2a_2/VPB = 645      |                                           
  sky130_fd_sc_hd__o2bb2a_2/VPWR = 645     |                                           
  sky130_fd_sc_hd__o21ba_4/VPB = 2         |                                           
  sky130_fd_sc_hd__o21ba_4/VPWR = 2        |                                           
  sky130_fd_sc_hd__or4_2/VPWR = 583        |                                           
  sky130_fd_sc_hd__or3_2/VPWR = 1693       |                                           
  sky130_fd_sc_hd__nor4_4/VPB = 9          |                                           
  sky130_fd_sc_hd__nor4_4/VPWR = 9         |                                           
  sky130_fd_sc_hd__nor2_4/VPB = 59         |                                           
  sky130_fd_sc_hd__nor2_4/VPWR = 59        |                                           
  sky130_fd_sc_hd__dfxtp_4/VPB = 39        |                                           
  sky130_fd_sc_hd__dfxtp_4/VPWR = 39       |                                           
  sky130_fd_sc_hd__mux2_1/VPB = 19952      |                                           
  sky130_fd_sc_hd__nor2_2/VPB = 8168       |                                           
  sky130_fd_sc_hd__inv_4/VPB = 8           |                                           
  sky130_fd_sc_hd__inv_4/VPWR = 8          |                                           
  sky130_fd_sc_hd__fill_2/VPWR = 1         |                                           
  sky130_fd_sc_hd__xnor2_2/VPWR = 6441     |                                           
  sky130_fd_sc_hd__o21ai_4/VPB = 17        |                                           
  sky130_fd_sc_hd__o21ai_4/VPWR = 17       |                                           
  sky130_fd_sc_hd__clkinv_2/VPB = 170      |                                           
  sky130_fd_sc_hd__clkinv_2/VPWR = 170     |                                           
  sky130_fd_sc_hd__o2bb2ai_2/VPB = 9       |                                           
  sky130_fd_sc_hd__o2bb2ai_2/VPWR = 9      |                                           
  sky130_fd_sc_hd__clkbuf_4/VPWR = 1182    |                                           
  sky130_fd_sc_hd__or2_2/VPB = 6487        |                                           
  sky130_fd_sc_hd__or2_1/VPB = 1           |                                           
  sky130_fd_sc_hd__or2_1/VPWR = 1          |                                           
  sky130_fd_sc_hd__o21ba_2/VPWR = 618      |                                           
  sky130_fd_sc_hd__mux2_1/VPWR = 19952     |                                           
  sky130_fd_sc_hd__nor4b_2/VPB = 3         |                                           
  sky130_fd_sc_hd__nor4b_2/VPWR = 3        |                                           
  sky130_fd_sc_hd__o22a_2/VPWR = 770       |                                           
  sky130_fd_sc_hd__buf_12/VPWR = 268       |                                           
  sky130_fd_sc_hd__nor3_4/VPB = 7          |                                           
  sky130_fd_sc_hd__nor3_4/VPWR = 7         |                                           
  sky130_fd_sc_hd__mux2_2/X = 1            |                                           
  sky130_fd_sc_hd__o211ai_2/VPB = 281      |                                           
  sky130_fd_sc_hd__a31o_2/VPB = 1664       |                                           
  sky130_fd_sc_hd__o221ai_4/VPB = 1        |                                           
  sky130_fd_sc_hd__o221ai_4/VPWR = 1       |                                           
  sky130_fd_sc_hd__o21bai_2/VPB = 280      |                                           
  sky130_fd_sc_hd__o21bai_2/VPWR = 280     |                                           
  sky130_fd_sc_hd__nor3b_4/VPB = 2         |                                           
  sky130_fd_sc_hd__nor3b_4/VPWR = 2        |                                           
  sky130_fd_sc_hd__and2b_2/VPWR = 1850     |                                           
  sky130_fd_sc_hd__dfxtp_2/VPWR = 21592    |                                           
  sky130_fd_sc_hd__o311ai_2/VPB = 5        |                                           
  sky130_fd_sc_hd__o311ai_2/VPWR = 5       |                                           
  sky130_fd_sc_hd__conb_1/VPWR = 160       |                                           
  sky130_fd_sc_hd__clkbuf_2/VPB = 2225     |                                           
  sky130_fd_sc_hd__o21a_4/VPB = 6          |                                           
  sky130_fd_sc_hd__o21a_4/VPWR = 6         |                                           
  sky130_fd_sc_hd__a211oi_2/VPWR = 444     |                                           
  sky130_fd_sc_hd__and4bb_2/VPB = 272      |                                           
  sky130_fd_sc_hd__a32oi_4/VPB = 2         |                                           
  sky130_fd_sc_hd__a32oi_4/VPWR = 2        |                                           
  sky130_fd_sc_hd__a31o_2/VPWR = 1664      |                                           
  sky130_fd_sc_hd__diode_2/VPB = 28206     |                                           
  sky130_fd_sc_hd__o31a_4/VPB = 19         |                                           
  sky130_fd_sc_hd__o31a_4/VPWR = 19        |                                           
  sky130_fd_sc_hd__clkbuf_2/A = 1          |                                           
  sky130_fd_sc_hd__and3_2/VPB = 4367       |                                           
  sky130_fd_sc_hd__a32o_2/VPB = 483        |                                           
  sky130_fd_sc_hd__o31ai_4/VPB = 6         |                                           
  sky130_fd_sc_hd__o31ai_4/VPWR = 6        |                                           
  sky130_fd_sc_hd__clkbuf_2/X = 1          |                                           
  sky130_fd_sc_hd__a2bb2o_2/VPWR = 369     |                                           
  sky130_fd_sc_hd__o311a_2/VPWR = 199      |                                           
  sky130_fd_sc_hd__o2111ai_2/VPB = 13      |                                           
  sky130_fd_sc_hd__o2111ai_2/VPWR = 13     |                                           
  sky130_fd_sc_hd__nand2_2/VPWR = 8364     |                                           
  sky130_fd_sc_hd__and2_2/VPWR = 4850      |                                           
  sky130_fd_sc_hd__a2bb2o_4/VPB = 2        |                                           
  sky130_fd_sc_hd__a2bb2o_4/VPWR = 2       |                                           
  sky130_fd_sc_hd__a2111o_2/VPWR = 144     |                                           
  sky130_fd_sc_hd__and3b_2/VPWR = 1066     |                                           
  sky130_fd_sc_hd__nand4b_2/VPB = 6        |                                           
  sky130_fd_sc_hd__nand4b_2/VPWR = 6       |                                           
  sky130_fd_sc_hd__nor3b_2/VPWR = 35       |                                           
  sky130_fd_sc_hd__o21a_2/VPB = 3166       |                                           
  sky130_fd_sc_hd__o2bb2a_4/VPB = 2        |                                           
  sky130_fd_sc_hd__o2bb2a_4/VPWR = 2       |                                           
  sky130_fd_sc_hd__nand4_2/VPWR = 222      |                                           
  sky130_fd_sc_hd__a21oi_2/VPB = 3805      |                                           
  sky130_fd_sc_hd__a2bb2oi_2/VPB = 3       |                                           
  sky130_fd_sc_hd__a2bb2oi_2/VPWR = 3      |                                           
  sky130_fd_sc_hd__buf_4/VPWR = 774        |                                           
  sky130_fd_sc_hd__a211oi_2/VPB = 444      |                                           
  sky130_fd_sc_hd__a32o_4/VPB = 3          |                                           
  sky130_fd_sc_hd__a32o_4/VPWR = 3         |                                           
  sky130_fd_sc_hd__buf_2/VPWR = 356        |                                           
  sky130_fd_sc_hd__nor3b_2/VPB = 35        |                                           
  sky130_fd_sc_hd__o32a_4/VPB = 4          |                                           
  sky130_fd_sc_hd__o32a_4/VPWR = 4         |                                           
  sky130_fd_sc_hd__and4bb_2/VPWR = 272     |                                           
  sky130_fd_sc_hd__and2_2/VPB = 4850       |                                           
  sky130_fd_sc_hd__nand4b_1/VPB = 1        |                                           
  sky130_fd_sc_hd__nand4b_1/VPWR = 1       |                                           
  sky130_fd_sc_hd__buf_1/A = 1             |                                           
  sky130_fd_sc_hd__o31ai_2/VPWR = 74       |                                           
  sky130_fd_sc_hd__nand2_4/VPWR = 29       |                                           
  sky130_fd_sc_hd__a311oi_4/VPB = 2        |                                           
  sky130_fd_sc_hd__a311oi_4/VPWR = 2       |                                           
  sky130_fd_sc_hd__a31o_4/VPWR = 21        |                                           
  sky130_fd_sc_hd__buf_6/VPB = 3031        |                                           
  sky130_fd_sc_hd__o311a_4/VPB = 4         |                                           
  sky130_fd_sc_hd__o311a_4/VPWR = 4        |                                           
  sky130_fd_sc_hd__o221a_2/VPB = 551       |                                           
  sky130_fd_sc_hd__o221a_2/VPWR = 551      |                                           
  sky130_fd_sc_hd__nand4_1/VPB = 1         |                                           
  sky130_fd_sc_hd__nand4_1/VPWR = 1        |                                           
  sky130_fd_sc_hd__a211o_2/VPB = 1558      |                                           
  sky130_fd_sc_hd__nand3_2/VPB = 1049      |                                           
  sky130_fd_sc_hd__a41oi_4/VPB = 1         |                                           
  sky130_fd_sc_hd__a41oi_4/VPWR = 1        |                                           
  sky130_fd_sc_hd__o21a_2/VPWR = 3166      |                                           
  sky130_fd_sc_hd__a21oi_2/VPWR = 3805     |                                           
  sky130_fd_sc_hd__and2b_4/VPB = 3         |                                           
  sky130_fd_sc_hd__and2b_4/VPWR = 3        |                                           
  sky130_fd_sc_hd__a32o_2/VPWR = 483       |                                           
  sky130_fd_sc_hd__xor2_2/VPB = 2856       |                                           
  sky130_fd_sc_hd__o22a_4/VPB = 3          |                                           
  sky130_fd_sc_hd__o22a_4/VPWR = 3         |                                           
  sky130_fd_sc_hd__a221o_2/B2 = 1          |                                           
  sky130_fd_sc_hd__and3b_2/VPB = 1066      |                                           
  sky130_fd_sc_hd__a31oi_2/VPB = 161       |                                           
  sky130_fd_sc_hd__o41a_4/VPB = 2          |                                           
  sky130_fd_sc_hd__o41a_4/VPWR = 2         |                                           
  sky130_fd_sc_hd__nand2_8/Y = 1           |                                           
  sky130_fd_sc_hd__inv_2/VPWR = 1961       |                                           
  sky130_fd_sc_hd__a31o_4/VPB = 21         |                                           
  sky130_fd_sc_hd__a221o_4/VPB = 1         |                                           
  sky130_fd_sc_hd__a221o_4/VPWR = 1        |                                           
  sky130_fd_sc_hd__o31a_2/VPB = 300        |                                           
  sky130_fd_sc_hd__or3b_2/VPB = 377        |                                           
  sky130_fd_sc_hd__a41o_4/VPB = 1          |                                           
  sky130_fd_sc_hd__a41o_4/VPWR = 1         |                                           
  sky130_fd_sc_hd__a221o_2/C1 = 1          |                                           
  sky130_fd_sc_hd__a221o_2/X = 1           |                                           
  sky130_fd_sc_hd__diode_2/VPWR = 28206    |                                           
  sky130_fd_sc_hd__buf_12/VPB = 268        |                                           
  sky130_fd_sc_hd__nor4b_4/VPB = 1         |                                           
  sky130_fd_sc_hd__nor4b_4/VPWR = 1        |                                           
  sky130_fd_sc_hd__or3_4/VPB = 70          |                                           
  sky130_fd_sc_hd__or3_4/VPWR = 70         |                                           
  sky130_fd_sc_hd__o21ai_1/VPB = 1         |                                           
  sky130_fd_sc_hd__o21ai_1/VPWR = 1        |                                           
                                           |                                           
(no matching net)                          |Net: _071940_                              
                                           |  sky130_fd_sc_hd__diode_2/DIODE = 1       
                                           |  sky130_fd_sc_hd__nand2_8/Y = 1           
                                           |  sky130_fd_sc_hd__a221o_2/B2 = 1          
                                           |                                           
(no matching net)                          |Net: _085580_                              
                                           |  sky130_fd_sc_hd__diode_2/DIODE = 1       
                                           |  sky130_fd_sc_hd__mux2_2/X = 1            
                                           |  sky130_fd_sc_hd__buf_1/A = 1             
                                           |                                           
(no matching net)                          |Net: _087342_                              
                                           |  sky130_fd_sc_hd__diode_2/DIODE = 1       
                                           |  sky130_fd_sc_hd__a221o_2/X = 1           
                                           |  sky130_fd_sc_hd__a221o_2/C1 = 1          
                                           |                                           
(no matching net)                          |Net: net14461                              
                                           |  sky130_fd_sc_hd__diode_2/DIODE = 1       
                                           |  sky130_fd_sc_hd__clkbuf_2/A = 1          
                                           |  sky130_fd_sc_hd__clkbuf_2/X = 1          
                                           |                                           
(no matching net)                          |Net: vccd1                                 
                                           |  sky130_fd_sc_hd__diode_2/VPB = 28209     
                                           |  sky130_fd_sc_hd__diode_2/VPWR = 28209    
                                           |  sky130_fd_sc_hd__decap_3/VPB = 1         
                                           |  sky130_fd_sc_hd__decap_3/VPWR = 1        
                                           |  sky130_fd_sc_hd__fill_2/VPB = 1          
                                           |  sky130_fd_sc_hd__fill_2/VPWR = 1         
                                           |  sky130_fd_sc_hd__fill_1/VPB = 1          
                                           |  sky130_fd_sc_hd__fill_1/VPWR = 1         
                                           |  sky130_fd_sc_hd__tapvpwrvgnd_1/VPWR = 1  
                                           |  sky130_fd_sc_hd__inv_2/VPB = 1961        
                                           |  sky130_fd_sc_hd__inv_2/VPWR = 1961       
                                           |  sky130_fd_sc_hd__inv_4/VPB = 8           
                                           |  sky130_fd_sc_hd__inv_4/VPWR = 8          
                                           |  sky130_fd_sc_hd__inv_6/VPB = 39          
                                           |  sky130_fd_sc_hd__inv_6/VPWR = 39         
                                           |  sky130_fd_sc_hd__nor4_2/VPB = 39         
                                           |  sky130_fd_sc_hd__nor4_2/VPWR = 39        
                                           |  sky130_fd_sc_hd__or4_4/VPB = 57          
                                           |  sky130_fd_sc_hd__or4_4/VPWR = 57         
                                           |  sky130_fd_sc_hd__nor2_2/VPB = 8168       
                                           |  sky130_fd_sc_hd__nor2_2/VPWR = 8168      
                                           |  sky130_fd_sc_hd__nand2_4/VPB = 29        
                                           |  sky130_fd_sc_hd__nand2_4/VPWR = 29       
                                           |  sky130_fd_sc_hd__o21a_2/VPB = 3166       
                                           |  sky130_fd_sc_hd__o21a_2/VPWR = 3166      
                                           |  sky130_fd_sc_hd__o21ai_4/VPB = 17        
                                           |  sky130_fd_sc_hd__o21ai_4/VPWR = 17       
                                           |  sky130_fd_sc_hd__xor2_2/VPB = 2856       
                                           |  sky130_fd_sc_hd__xor2_2/VPWR = 2856      
                                           |  sky130_fd_sc_hd__xnor2_2/VPB = 6441      
                                           |  sky130_fd_sc_hd__xnor2_2/VPWR = 6441     
                                           |  sky130_fd_sc_hd__nand2_2/VPB = 8364      
                                           |  sky130_fd_sc_hd__nand2_2/VPWR = 8364     
                                           |  sky130_fd_sc_hd__and3_2/VPB = 4367       
                                           |  sky130_fd_sc_hd__and3_2/VPWR = 4367      
                                           |  sky130_fd_sc_hd__and2_2/VPB = 4850       
                                           |  sky130_fd_sc_hd__and2_2/VPWR = 4850      
                                           |  sky130_fd_sc_hd__and2b_4/VPB = 3         
                                           |  sky130_fd_sc_hd__and2b_4/VPWR = 3        
                                           |  sky130_fd_sc_hd__and2_4/VPB = 32         
                                           |  sky130_fd_sc_hd__and2_4/VPWR = 32        
                                           |  sky130_fd_sc_hd__nor2_4/VPB = 59         
                                           |  sky130_fd_sc_hd__nor2_4/VPWR = 59        
                                           |  sky130_fd_sc_hd__mux4_2/VPB = 1667       
                                           |  sky130_fd_sc_hd__mux4_2/VPWR = 1667      
                                           |  sky130_fd_sc_hd__a22o_2/VPB = 4156       
                                           |  sky130_fd_sc_hd__a22o_2/VPWR = 4156      
                                           |  sky130_fd_sc_hd__a221o_2/VPB = 2118      
                                           |  sky130_fd_sc_hd__a221o_2/VPWR = 2118     
                                           |  sky130_fd_sc_hd__or2_2/VPB = 6487        
                                           |  sky130_fd_sc_hd__or2_2/VPWR = 6487       
                                           |  sky130_fd_sc_hd__a21o_2/VPB = 3256       
                                           |  sky130_fd_sc_hd__a21o_2/VPWR = 3256      
                                           |  sky130_fd_sc_hd__o221a_2/VPB = 551       
                                           |  sky130_fd_sc_hd__o221a_2/VPWR = 551      
                                           |  sky130_fd_sc_hd__a21oi_2/VPB = 3805      
                                           |  sky130_fd_sc_hd__a21oi_2/VPWR = 3805     
                                           |  sky130_fd_sc_hd__o211a_2/VPB = 4228      
                                           |  sky130_fd_sc_hd__o211a_2/VPWR = 4228     
                                           |  sky130_fd_sc_hd__mux2_1/VPB = 19952      
                                           |  sky130_fd_sc_hd__mux2_1/VPWR = 19952     
                                           |  sky130_fd_sc_hd__o21ai_2/VPB = 3075      
                                           |  sky130_fd_sc_hd__o21ai_2/VPWR = 3075     
                                           |  sky130_fd_sc_hd__a221oi_2/VPB = 23       
                                           |  sky130_fd_sc_hd__a221oi_2/VPWR = 23      
                                           |  sky130_fd_sc_hd__a31o_2/VPB = 1664       
                                           |  sky130_fd_sc_hd__a31o_2/VPWR = 1664      
                                           |  sky130_fd_sc_hd__o221ai_2/VPB = 22       
                                           |  sky130_fd_sc_hd__o221ai_2/VPWR = 22      
                                           |  sky130_fd_sc_hd__o22ai_2/VPB = 50        
                                           |  sky130_fd_sc_hd__o22ai_2/VPWR = 50       
                                           |  sky130_fd_sc_hd__a32o_2/VPB = 483        
                                           |  sky130_fd_sc_hd__a32o_2/VPWR = 483       
                                           |  sky130_fd_sc_hd__o32ai_2/VPB = 10        
                                           |  sky130_fd_sc_hd__o32ai_2/VPWR = 10       
                                           |  sky130_fd_sc_hd__a31o_4/VPB = 21         
                                           |  sky130_fd_sc_hd__a31o_4/VPWR = 21        
                                           |  sky130_fd_sc_hd__o2bb2a_2/VPB = 645      
                                           |  sky130_fd_sc_hd__o2bb2a_2/VPWR = 645     
                                           |  sky130_fd_sc_hd__o311a_2/VPB = 199       
                                           |  sky130_fd_sc_hd__o311a_2/VPWR = 199      
                                           |  sky130_fd_sc_hd__a211oi_2/VPB = 444      
                                           |  sky130_fd_sc_hd__a211oi_2/VPWR = 444     
                                           |  sky130_fd_sc_hd__o311ai_4/VPB = 2        
                                           |  sky130_fd_sc_hd__o311ai_4/VPWR = 2       
                                           |  sky130_fd_sc_hd__o311ai_2/VPB = 5        
                                           |  sky130_fd_sc_hd__o311ai_2/VPWR = 5       
                                           |  sky130_fd_sc_hd__o211ai_2/VPB = 281      
                                           |  sky130_fd_sc_hd__o211ai_2/VPWR = 281     
                                           |  sky130_fd_sc_hd__a2111oi_2/VPB = 6       
                                           |  sky130_fd_sc_hd__a2111oi_2/VPWR = 6      
                                           |  sky130_fd_sc_hd__or4b_2/VPB = 160        
                                           |  sky130_fd_sc_hd__or4b_2/VPWR = 160       
                                           |  sky130_fd_sc_hd__a22oi_2/VPB = 519       
                                           |  sky130_fd_sc_hd__a22oi_2/VPWR = 519      
                                           |  sky130_fd_sc_hd__a21bo_2/VPB = 809       
                                           |  sky130_fd_sc_hd__a21bo_2/VPWR = 809      
                                           |  sky130_fd_sc_hd__nand2b_2/VPB = 1749     
                                           |  sky130_fd_sc_hd__nand2b_2/VPWR = 1749    
                                           |  sky130_fd_sc_hd__and3b_2/VPB = 1066      
                                           |  sky130_fd_sc_hd__and3b_2/VPWR = 1066     
                                           |  sky130_fd_sc_hd__or3b_2/VPB = 377        
                                           |  sky130_fd_sc_hd__or3b_2/VPWR = 377       
                                           |  sky130_fd_sc_hd__o31a_2/VPB = 300        
                                           |  sky130_fd_sc_hd__o31a_2/VPWR = 300       
                                           |  sky130_fd_sc_hd__nand3_2/VPB = 1049      
                                           |  sky130_fd_sc_hd__nand3_2/VPWR = 1049     
                                           |  sky130_fd_sc_hd__o2111a_2/VPB = 31       
                                           |  sky130_fd_sc_hd__o2111a_2/VPWR = 31      
                                           |  sky130_fd_sc_hd__nand4_2/VPB = 222       
                                           |  sky130_fd_sc_hd__nand4_2/VPWR = 222      
                                           |  sky130_fd_sc_hd__a32oi_2/VPB = 20        
                                           |  sky130_fd_sc_hd__a32oi_2/VPWR = 20       
                                           |  sky130_fd_sc_hd__a211o_2/VPB = 1558      
                                           |  sky130_fd_sc_hd__a211o_2/VPWR = 1558     
                                           |  sky130_fd_sc_hd__o32a_2/VPB = 183        
                                           |  sky130_fd_sc_hd__o32a_2/VPWR = 183       
                                           |  sky130_fd_sc_hd__mux2_2/VPB = 28         
                                           |  sky130_fd_sc_hd__mux2_2/VPWR = 28        
                                           |  sky130_fd_sc_hd__mux2_4/VPB = 16         
                                           |  sky130_fd_sc_hd__mux2_4/VPWR = 16        
                                           |  sky130_fd_sc_hd__a311o_2/VPB = 133       
                                           |  sky130_fd_sc_hd__a311o_2/VPWR = 133      
                                           |  sky130_fd_sc_hd__a221oi_4/VPB = 6        
                                           |  sky130_fd_sc_hd__a221oi_4/VPWR = 6       
                                           |  sky130_fd_sc_hd__nand3b_2/VPB = 43       
                                           |  sky130_fd_sc_hd__nand3b_2/VPWR = 43      
                                           |  sky130_fd_sc_hd__a31oi_2/VPB = 161       
                                           |  sky130_fd_sc_hd__a31oi_2/VPWR = 161      
                                           |  sky130_fd_sc_hd__a41o_2/VPB = 28         
                                           |  sky130_fd_sc_hd__a41o_2/VPWR = 28        
                                           |  sky130_fd_sc_hd__o221a_4/VPB = 28        
                                           |  sky130_fd_sc_hd__o221a_4/VPWR = 28       
                                           |  sky130_fd_sc_hd__a221o_4/VPB = 1         
                                           |  sky130_fd_sc_hd__a221o_4/VPWR = 1        
                                           |  sky130_fd_sc_hd__o311a_4/VPB = 4         
                                           |  sky130_fd_sc_hd__o311a_4/VPWR = 4        
                                           |  sky130_fd_sc_hd__or4bb_2/VPB = 24        
                                           |  sky130_fd_sc_hd__or4bb_2/VPWR = 24       
                                           |  sky130_fd_sc_hd__o221ai_4/VPB = 1        
                                           |  sky130_fd_sc_hd__o221ai_4/VPWR = 1       
                                           |  sky130_fd_sc_hd__o31a_4/VPB = 19         
                                           |  sky130_fd_sc_hd__o31a_4/VPWR = 19        
                                           |  sky130_fd_sc_hd__or2_4/VPB = 47          
                                           |  sky130_fd_sc_hd__or2_4/VPWR = 47         
                                           |  sky130_fd_sc_hd__a311oi_4/VPB = 2        
                                           |  sky130_fd_sc_hd__a311oi_4/VPWR = 2       
                                           |  sky130_fd_sc_hd__o32a_4/VPB = 4          
                                           |  sky130_fd_sc_hd__o32a_4/VPWR = 4         
                                           |  sky130_fd_sc_hd__o2bb2a_4/VPB = 2        
                                           |  sky130_fd_sc_hd__o2bb2a_4/VPWR = 2       
                                           |  sky130_fd_sc_hd__o22a_2/VPB = 770        
                                           |  sky130_fd_sc_hd__o22a_2/VPWR = 770       
                                           |  sky130_fd_sc_hd__a311oi_2/VPB = 14       
                                           |  sky130_fd_sc_hd__a311oi_2/VPWR = 14      
                                           |  sky130_fd_sc_hd__a2111o_2/VPB = 144      
                                           |  sky130_fd_sc_hd__a2111o_2/VPWR = 144     
                                           |  sky130_fd_sc_hd__and4_2/VPB = 1777       
                                           |  sky130_fd_sc_hd__and4_2/VPWR = 1777      
                                           |  sky130_fd_sc_hd__or4b_4/VPB = 27         
                                           |  sky130_fd_sc_hd__or4b_4/VPWR = 27        
                                           |  sky130_fd_sc_hd__o2111ai_2/VPB = 13      
                                           |  sky130_fd_sc_hd__o2111ai_2/VPWR = 13     
                                           |  sky130_fd_sc_hd__or4_2/VPB = 583         
                                           |  sky130_fd_sc_hd__or4_2/VPWR = 583        
                                           |  sky130_fd_sc_hd__a2bb2o_2/VPB = 369      
                                           |  sky130_fd_sc_hd__a2bb2o_2/VPWR = 369     
                                           |  sky130_fd_sc_hd__and4b_2/VPB = 186       
                                           |  sky130_fd_sc_hd__and4b_2/VPWR = 186      
                                           |  sky130_fd_sc_hd__and2b_2/VPB = 1850      
                                           |  sky130_fd_sc_hd__and2b_2/VPWR = 1850     
                                           |  sky130_fd_sc_hd__and3_4/VPB = 142        
                                           |  sky130_fd_sc_hd__and3_4/VPWR = 142       
                                           |  sky130_fd_sc_hd__a21oi_4/VPB = 37        
                                           |  sky130_fd_sc_hd__a21oi_4/VPWR = 37       
                                           |  sky130_fd_sc_hd__o31ai_4/VPB = 6         
                                           |  sky130_fd_sc_hd__o31ai_4/VPWR = 6        
                                           |  sky130_fd_sc_hd__o22a_4/VPB = 3          
                                           |  sky130_fd_sc_hd__o22a_4/VPWR = 3         
                                           |  sky130_fd_sc_hd__a21o_4/VPB = 21         
                                           |  sky130_fd_sc_hd__a21o_4/VPWR = 21        
                                           |  sky130_fd_sc_hd__a32o_4/VPB = 3          
                                           |  sky130_fd_sc_hd__a32o_4/VPWR = 3         
                                           |  sky130_fd_sc_hd__nand2_8/VPB = 10        
                                           |  sky130_fd_sc_hd__nand2_8/VPWR = 10       
                                           |  sky130_fd_sc_hd__a31oi_4/VPB = 3         
                                           |  sky130_fd_sc_hd__a31oi_4/VPWR = 3        
                                           |  sky130_fd_sc_hd__o21a_4/VPB = 6          
                                           |  sky130_fd_sc_hd__o21a_4/VPWR = 6         
                                           |  sky130_fd_sc_hd__and4_4/VPB = 223        
                                           |  sky130_fd_sc_hd__and4_4/VPWR = 223       
                                           |  sky130_fd_sc_hd__nand4_4/VPB = 7         
                                           |  sky130_fd_sc_hd__nand4_4/VPWR = 7        
                                           |  sky130_fd_sc_hd__nor4_4/VPB = 9          
                                           |  sky130_fd_sc_hd__nor4_4/VPWR = 9         
                                           |  sky130_fd_sc_hd__o41a_2/VPB = 47         
                                           |  sky130_fd_sc_hd__o41a_2/VPWR = 47        
                                           |  sky130_fd_sc_hd__or3_4/VPB = 70          
                                           |  sky130_fd_sc_hd__or3_4/VPWR = 70         
                                           |  sky130_fd_sc_hd__a41oi_2/VPB = 5         
                                           |  sky130_fd_sc_hd__a41oi_2/VPWR = 5        
                                           |  sky130_fd_sc_hd__nand3_4/VPB = 4         
                                           |  sky130_fd_sc_hd__nand3_4/VPWR = 4        
                                           |  sky130_fd_sc_hd__o41a_4/VPB = 2          
                                           |  sky130_fd_sc_hd__o41a_4/VPWR = 2         
                                           |  sky130_fd_sc_hd__xor2_4/VPB = 22         
                                           |  sky130_fd_sc_hd__xor2_4/VPWR = 22        
                                           |  sky130_fd_sc_hd__a41oi_4/VPB = 1         
                                           |  sky130_fd_sc_hd__a41oi_4/VPWR = 1        
                                           |  sky130_fd_sc_hd__or3_2/VPB = 1693        
                                           |  sky130_fd_sc_hd__or3_2/VPWR = 1693       
                                           |  sky130_fd_sc_hd__or3b_4/VPB = 15         
                                           |  sky130_fd_sc_hd__or3b_4/VPWR = 15        
                                           |  sky130_fd_sc_hd__a22o_4/VPB = 11         
                                           |  sky130_fd_sc_hd__a22o_4/VPWR = 11        
                                           |  sky130_fd_sc_hd__a41o_4/VPB = 1          
                                           |  sky130_fd_sc_hd__a41o_4/VPWR = 1         
                                           |  sky130_fd_sc_hd__xnor2_4/VPB = 44        
                                           |  sky130_fd_sc_hd__xnor2_4/VPWR = 44       
                                           |  sky130_fd_sc_hd__o21ba_2/VPB = 618       
                                           |  sky130_fd_sc_hd__o21ba_2/VPWR = 618      
                                           |  sky130_fd_sc_hd__and4bb_2/VPB = 272      
                                           |  sky130_fd_sc_hd__and4bb_2/VPWR = 272     
                                           |  sky130_fd_sc_hd__a32oi_4/VPB = 2         
                                           |  sky130_fd_sc_hd__a32oi_4/VPWR = 2        
                                           |  sky130_fd_sc_hd__nand4b_1/VPB = 1        
                                           |  sky130_fd_sc_hd__nand4b_1/VPWR = 1       
                                           |  sky130_fd_sc_hd__o21bai_2/VPB = 280      
                                           |  sky130_fd_sc_hd__o21bai_2/VPWR = 280     
                                           |  sky130_fd_sc_hd__nor3_4/VPB = 7          
                                           |  sky130_fd_sc_hd__nor3_4/VPWR = 7         
                                           |  sky130_fd_sc_hd__nor3_2/VPB = 519        
                                           |  sky130_fd_sc_hd__nor3_2/VPWR = 519       
                                           |  sky130_fd_sc_hd__o211ai_4/VPB = 3        
                                           |  sky130_fd_sc_hd__o211ai_4/VPWR = 3       
                                           |  sky130_fd_sc_hd__a21boi_2/VPB = 215      
                                           |  sky130_fd_sc_hd__a21boi_2/VPWR = 215     
                                           |  sky130_fd_sc_hd__nor4b_2/VPB = 3         
                                           |  sky130_fd_sc_hd__nor4b_2/VPWR = 3        
                                           |  sky130_fd_sc_hd__o31ai_2/VPB = 74        
                                           |  sky130_fd_sc_hd__o31ai_2/VPWR = 74       
                                           |  sky130_fd_sc_hd__nor3b_2/VPB = 35        
                                           |  sky130_fd_sc_hd__nor3b_2/VPWR = 35       
                                           |  sky130_fd_sc_hd__mux2_8/VPB = 9          
                                           |  sky130_fd_sc_hd__mux2_8/VPWR = 9         
                                           |  sky130_fd_sc_hd__nand4b_2/VPB = 6        
                                           |  sky130_fd_sc_hd__nand4b_2/VPWR = 6       
                                           |  sky130_fd_sc_hd__nor4b_4/VPB = 1         
                                           |  sky130_fd_sc_hd__nor4b_4/VPWR = 1        
                                           |  sky130_fd_sc_hd__a211o_4/VPB = 27        
                                           |  sky130_fd_sc_hd__a211o_4/VPWR = 27       
                                           |  sky130_fd_sc_hd__o211a_4/VPB = 22        
                                           |  sky130_fd_sc_hd__o211a_4/VPWR = 22       
                                           |  sky130_fd_sc_hd__nor3b_4/VPB = 2         
                                           |  sky130_fd_sc_hd__nor3b_4/VPWR = 2        
                                           |  sky130_fd_sc_hd__a211oi_4/VPB = 31       
                                           |  sky130_fd_sc_hd__a211oi_4/VPWR = 31      
                                           |  sky130_fd_sc_hd__o2bb2ai_2/VPB = 9       
                                           |  sky130_fd_sc_hd__o2bb2ai_2/VPWR = 9      
                                           |  sky130_fd_sc_hd__a2bb2o_4/VPB = 2        
                                           |  sky130_fd_sc_hd__a2bb2o_4/VPWR = 2       
                                           |  sky130_fd_sc_hd__o21ba_4/VPB = 2         
                                           |  sky130_fd_sc_hd__o21ba_4/VPWR = 2        
                                           |  sky130_fd_sc_hd__a2bb2oi_2/VPB = 3       
                                           |  sky130_fd_sc_hd__a2bb2oi_2/VPWR = 3      
                                           |  sky130_fd_sc_hd__nand4_1/VPB = 1         
                                           |  sky130_fd_sc_hd__nand4_1/VPWR = 1        
                                           |  sky130_fd_sc_hd__o41ai_2/VPB = 3         
                                           |  sky130_fd_sc_hd__o41ai_2/VPWR = 3        
                                           |  sky130_fd_sc_hd__buf_1/VPB = 12641       
                                           |  sky130_fd_sc_hd__buf_1/VPWR = 12641      
                                           |  sky130_fd_sc_hd__dfxtp_2/VPB = 21592     
                                           |  sky130_fd_sc_hd__dfxtp_2/VPWR = 21592    
                                           |  sky130_fd_sc_hd__dfxtp_4/VPB = 39        
                                           |  sky130_fd_sc_hd__dfxtp_4/VPWR = 39       
                                           |  sky130_fd_sc_hd__clkbuf_16/VPB = 20      
                                           |  sky130_fd_sc_hd__clkbuf_16/VPWR = 20     
                                           |  sky130_fd_sc_hd__clkbuf_8/VPB = 4051     
                                           |  sky130_fd_sc_hd__clkbuf_8/VPWR = 4051    
                                           |  sky130_fd_sc_hd__clkbuf_4/VPB = 1182     
                                           |  sky130_fd_sc_hd__clkbuf_4/VPWR = 1182    
                                           |  sky130_fd_sc_hd__clkinv_2/VPB = 170      
                                           |  sky130_fd_sc_hd__clkinv_2/VPWR = 170     
                                           |  sky130_fd_sc_hd__clkinvlp_4/VPB = 37     
                                           |  sky130_fd_sc_hd__clkinvlp_4/VPWR = 37    
                                           |  sky130_fd_sc_hd__bufinv_16/VPB = 55      
                                           |  sky130_fd_sc_hd__bufinv_16/VPWR = 55     
                                           |  sky130_fd_sc_hd__clkinv_4/VPB = 18       
                                           |  sky130_fd_sc_hd__clkinv_4/VPWR = 18      
                                           |  sky130_fd_sc_hd__clkbuf_2/VPB = 2225     
                                           |  sky130_fd_sc_hd__clkbuf_2/VPWR = 2225    
                                           |  sky130_fd_sc_hd__clkbuf_1/VPB = 7        
                                           |  sky130_fd_sc_hd__clkbuf_1/VPWR = 7       
                                           |  sky130_fd_sc_hd__o21ai_1/VPB = 1         
                                           |  sky130_fd_sc_hd__o21ai_1/VPWR = 1        
                                           |  sky130_fd_sc_hd__or2_1/VPB = 1           
                                           |  sky130_fd_sc_hd__or2_1/VPWR = 1          
                                           |  sky130_fd_sc_hd__buf_2/VPB = 356         
                                           |  sky130_fd_sc_hd__buf_2/VPWR = 356        
                                           |  sky130_fd_sc_hd__buf_4/VPB = 774         
                                           |  sky130_fd_sc_hd__buf_4/VPWR = 774        
                                           |  sky130_fd_sc_hd__buf_6/VPB = 3031        
                                           |  sky130_fd_sc_hd__buf_6/VPWR = 3031       
                                           |  sky130_fd_sc_hd__buf_12/VPB = 268        
                                           |  sky130_fd_sc_hd__buf_12/VPWR = 268       
                                           |  sky130_fd_sc_hd__buf_8/VPB = 217         
                                           |  sky130_fd_sc_hd__buf_8/VPWR = 217        
                                           |  sky130_fd_sc_hd__dlygate4sd3_1/VPB = 129 
                                           |  sky130_fd_sc_hd__dlygate4sd3_1/VPWR = 12 
                                           |  sky130_sram_2kbyte_1rw1r_32x512_8/vccd1  
                                           |  sky130_fd_sc_hd__conb_1/VPB = 160        
                                           |  sky130_fd_sc_hd__conb_1/VPWR = 160       
---------------------------------------------------------------------------------------
DEVICE mismatches: Class fragments follow (with node fanout counts):
Circuit 1: aster_v1_asic                   |Circuit 2: aster_v1_asic                   

---------------------------------------------------------------------------------------
Instance: sky130_fd_sc_hd__diode_2:ANTENNA |Instance: ANTENNA__115031__Y               
  DIODE = 801839                           |  DIODE = 3                                
  VGND = 801839                            |  VGND = 400921                            
  VNB = 801839                             |  VNB = 400921                             
  VPB = 801839                             |  VPB = 400921                             
  VPWR = 801839                            |  VPWR = 400921                            
                                           |                                           
(no matching instance)                     |Instance: ANTENNA__130165__X               
                                           |  DIODE = 3                                
                                           |  VGND = 400921                            
                                           |  VNB = 400921                             
                                           |  VPB = 400921                             
                                           |  VPWR = 400921                            
                                           |                                           
(no matching instance)                     |Instance: ANTENNA__131943__X               
                                           |  DIODE = 3                                
                                           |  VGND = 400921                            
                                           |  VNB = 400921                             
                                           |  VPB = 400921                             
                                           |  VPWR = 400921                            
                                           |                                           
(no matching instance)                     |Instance: ANTENNA_wire14460_A              
                                           |  DIODE = 3                                
                                           |  VGND = 400921                            
                                           |  VNB = 400921                             
                                           |  VPB = 400921                             
                                           |  VPWR = 400921                            
---------------------------------------------------------------------------------------
Netlists do not match.
Port matching may fail to disambiguate symmetries.

Subcircuit pins:
Circuit 1: aster_v1_asic                   |Circuit 2: aster_v1_asic                   
-------------------------------------------|-------------------------------------------
vssd1                                      |(no pin, node is net14461)                 
clk                                        |clk                                        
uart_tx                                    |uart_tx                                    
stopped                                    |stopped                                    
stop_busy                                  |stop_busy                                  
boot_we                                    |boot_we                                    
boot_wstrb[1]                              |boot_wstrb[1]                              
boot_addr[12]                              |boot_addr[12]                              
boot_wdata[22]                             |boot_wdata[22]                             
boot_wdata[20]                             |boot_wdata[20]                             
boot_wdata[19]                             |boot_wdata[19]                             
boot_wdata[16]                             |boot_wdata[16]                             
boot_wdata[1]                              |boot_wdata[1]                              
boot_wdata[26]                             |boot_wdata[26]                             
boot_wdata[7]                              |boot_wdata[7]                              
boot_wdata[31]                             |boot_wdata[31]                             
boot_wdata[28]                             |boot_wdata[28]                             
boot_wdata[30]                             |boot_wdata[30]                             
boot_wdata[27]                             |boot_wdata[27]                             
boot_wdata[11]                             |boot_wdata[11]                             
boot_wdata[4]                              |boot_wdata[4]                              
boot_wdata[15]                             |boot_wdata[15]                             
boot_wdata[9]                              |boot_wdata[9]                              
boot_wstrb[2]                              |boot_wstrb[2]                              
boot_wstrb[0]                              |boot_wstrb[0]                              
boot_wstrb[3]                              |boot_wstrb[3]                              
boot_wdata[0]                              |boot_wdata[0]                              
boot_wdata[29]                             |boot_wdata[29]                             
boot_wdata[18]                             |boot_wdata[18]                             
boot_wdata[6]                              |boot_wdata[6]                              
boot_wdata[25]                             |boot_wdata[25]                             
boot_wdata[3]                              |boot_wdata[3]                              
boot_wdata[21]                             |boot_wdata[21]                             
boot_wdata[2]                              |boot_wdata[2]                              
boot_wdata[10]                             |boot_wdata[10]                             
boot_wdata[8]                              |boot_wdata[8]                              
boot_wdata[24]                             |boot_wdata[24]                             
boot_wdata[14]                             |boot_wdata[14]                             
boot_wdata[13]                             |boot_wdata[13]                             
boot_wdata[5]                              |boot_wdata[5]                              
boot_wdata[17]                             |boot_wdata[17]                             
boot_wdata[23]                             |boot_wdata[23]                             
boot_wdata[12]                             |boot_wdata[12]                             
host_run                                   |host_run                                   
rst_n                                      |rst_n                                      
boot_addr[11]                              |boot_addr[11]                              
boot_addr[14]                              |boot_addr[14]                              
boot_addr[13]                              |boot_addr[13]                              
boot_addr[15]                              |boot_addr[15]                              
boot_addr[2]                               |boot_addr[2]                               
boot_addr[8]                               |boot_addr[8]                               
boot_addr[5]                               |boot_addr[5]                               
boot_addr[10]                              |boot_addr[10]                              
boot_addr[6]                               |boot_addr[6]                               
boot_addr[7]                               |boot_addr[7]                               
boot_addr[4]                               |boot_addr[4]                               
boot_addr[9]                               |boot_addr[9]                               
boot_addr[3]                               |boot_addr[3]                               
boot_addr[0]                               |boot_addr[0]                               
boot_addr[1]                               |boot_addr[1]                               
(no pin, node is vssd1)                    |vccd1                                      
(no pin, node is vssd1)                    |vssd1                                      
---------------------------------------------------------------------------------------
Cell pin lists for aster_v1_asic and aster_v1_asic altered to match.
Device classes aster_v1_asic and aster_v1_asic are equivalent.

Final result: Top level cell failed pin matching.
