mkdir -p /tmp/aster-phase8-legacy-regressions-5b9c175/build/soc_l10_sync0_wait0_w4_n16
verilator --cc --exe --build --timing --Wall --Wno-fatal \
	-DRISCV_FORMAL --Wno-DECLFILENAME --Wno-GENUNNAMED --Wno-UNUSEDSIGNAL --Wno-BLKSEQ --top-module aster_minimal \
	"-GENABLE_L1=1'b0" "-GSYNC_MEMORY=1'b0" \
	-GMEMORY_WAIT_CYCLES=0 -GL1_LINE_WORDS=4 -GL1_LINE_COUNT=16 \
	--Mdir /tmp/aster-phase8-legacy-regressions-5b9c175/build/soc_l10_sync0_wait0_w4_n16/obj -o /tmp/aster-phase8-legacy-regressions-5b9c175/build/soc_l10_sync0_wait0_w4_n16/aster_soc_sim \
	/tmp/aster-phase8-verified-source-x5U6xF/rtl/core/aster_picorv32.sv /tmp/aster-phase8-verified-source-x5U6xF/vendor/picorv32/picorv32.v /tmp/aster-phase8-verified-source-x5U6xF/rtl/cache/aster_l1_cache.sv /tmp/aster-phase8-verified-source-x5U6xF/rtl/memory/aster_rom.sv /tmp/aster-phase8-verified-source-x5U6xF/rtl/memory/aster_ram.sv /tmp/aster-phase8-verified-source-x5U6xF/rtl/peripherals/aster_uart.sv /tmp/aster-phase8-verified-source-x5U6xF/rtl/peripherals/aster_perf_counters.sv /tmp/aster-phase8-verified-source-x5U6xF/rtl/core/aster_hart.sv /tmp/aster-phase8-verified-source-x5U6xF/rtl/soc/aster_minimal.sv \
	/tmp/aster-phase8-verified-source-x5U6xF/verification/soc/tb_aster_soc.cpp
test_board_output_validation_uses_strict_parser (test_asterbench.ResultProvenance.test_board_output_validation_uses_strict_parser) ... ok
test_comparison_contract (test_asterbench.ResultProvenance.test_comparison_contract) ... ok
test_required_provenance (test_asterbench.ResultProvenance.test_required_provenance) ... ok
test_serial_and_typed_record_must_agree (test_asterbench.ResultProvenance.test_serial_and_typed_record_must_agree) ... ok
test_common_corpus (test_asterbench.StrictRecords.test_common_corpus) ... make[2]: warning: jobserver unavailable: using -j1.  Add '+' to parent make rule.
g++  -I.  -MMD -I/home/elfo/tools/verilator/root/include -I/home/elfo/tools/verilator/root/include/vltstd -DVM_COVERAGE=0 -DVM_SC=0 -DVM_TRACE=0 -DVM_TRACE_FST=0 -DVM_TRACE_VCD=0 -faligned-new -fcf-protection=none -Wno-bool-operation -Wno-overloaded-virtual -Wno-shadow -Wno-sign-compare -Wno-uninitialized -Wno-unused-but-set-parameter -Wno-unused-but-set-variable -Wno-unused-parameter -Wno-unused-variable       -Os -c -o tb_aster_soc.o /tmp/aster-phase8-verified-source-x5U6xF/verification/soc/tb_aster_soc.cpp
g++ -Os  -I.  -MMD -I/home/elfo/tools/verilator/root/include -I/home/elfo/tools/verilator/root/include/vltstd -DVM_COVERAGE=0 -DVM_SC=0 -DVM_TRACE=0 -DVM_TRACE_FST=0 -DVM_TRACE_VCD=0 -faligned-new -fcf-protection=none -Wno-bool-operation -Wno-overloaded-virtual -Wno-shadow -Wno-sign-compare -Wno-uninitialized -Wno-unused-but-set-parameter -Wno-unused-but-set-variable -Wno-unused-parameter -Wno-unused-variable       -c -o verilated.o /home/elfo/tools/verilator/root/include/verilated.cpp
g++ -Os  -I.  -MMD -I/home/elfo/tools/verilator/root/include -I/home/elfo/tools/verilator/root/include/vltstd -DVM_COVERAGE=0 -DVM_SC=0 -DVM_TRACE=0 -DVM_TRACE_FST=0 -DVM_TRACE_VCD=0 -faligned-new -fcf-protection=none -Wno-bool-operation -Wno-overloaded-virtual -Wno-shadow -Wno-sign-compare -Wno-uninitialized -Wno-unused-but-set-parameter -Wno-unused-but-set-variable -Wno-unused-parameter -Wno-unused-variable       -c -o verilated_threads.o /home/elfo/tools/verilator/root/include/verilated_threads.cpp
ok
test_counter_and_payload_maintenance_mutations (test_asterbench_dma.DmaRecordTests.test_counter_and_payload_maintenance_mutations) ... ok
test_fixed_sizes_alignments_caches_pairs (test_asterbench_dma.DmaRecordTests.test_fixed_sizes_alignments_caches_pairs) ... /usr/bin/python3 /home/elfo/tools/verilator/root/bin/verilator_includer -DVL_INCLUDE_OPT=include Vaster_minimal.cpp Vaster_minimal___024root__DepSet_h32747b0f__0.cpp Vaster_minimal___024root__DepSet_h1d8fc093__0.cpp Vaster_minimal___024root__Slow.cpp Vaster_minimal___024root__DepSet_h32747b0f__0__Slow.cpp Vaster_minimal___024root__DepSet_h1d8fc093__0__Slow.cpp Vaster_minimal__Syms.cpp > Vaster_minimal__ALL.cpp
g++ -Os  -I.  -MMD -I/home/elfo/tools/verilator/root/include -I/home/elfo/tools/verilator/root/include/vltstd -DVM_COVERAGE=0 -DVM_SC=0 -DVM_TRACE=0 -DVM_TRACE_FST=0 -DVM_TRACE_VCD=0 -faligned-new -fcf-protection=none -Wno-bool-operation -Wno-overloaded-virtual -Wno-shadow -Wno-sign-compare -Wno-uninitialized -Wno-unused-but-set-parameter -Wno-unused-but-set-variable -Wno-unused-parameter -Wno-unused-variable       -c -o Vaster_minimal__ALL.o Vaster_minimal__ALL.cpp
ok
test_full_stream_order_configuration_and_ack_history (test_asterbench_dma.DmaRecordTests.test_full_stream_order_configuration_and_ack_history) ... ok
test_independent_cpp_python_parity_mutation_corpus (test_asterbench_dma.DmaRecordTests.test_independent_cpp_python_parity_mutation_corpus) ... echo "" > Vaster_minimal__ALL.verilator_deplist.tmp
Archive ar -rcs Vaster_minimal__ALL.a Vaster_minimal__ALL.o
g++     tb_aster_soc.o verilated.o verilated_threads.o Vaster_minimal__ALL.a    -pthread -lpthread -latomic   -o /tmp/aster-phase8-legacy-regressions-5b9c175/build/soc_l10_sync0_wait0_w4_n16/aster_soc_sim
rm Vaster_minimal__ALL.verilator_deplist.tmp
RV32IM PASS
PASS: RV32IM PASS (1 boot(s))
RUNTIME PASS
RUNTIME PASS
PASS: RUNTIME PASS (2 boot(s))
MEMORY MAP PASS
PASS: MEMORY MAP PASS (1 boot(s))
Trap case 0
TRAP ARMED
TRAP ARMED
PASS: TRAP ARMED (2 boot(s))
Trap case 1
TRAP ARMED
TRAP ARMED
PASS: TRAP ARMED (2 boot(s))
Trap case 2
TRAP ARMED
TRAP ARMED
PASS: TRAP ARMED (2 boot(s))
Trap case 3
TRAP ARMED
TRAP ARMED
PASS: TRAP ARMED (2 boot(s))
Trap case 4
TRAP ARMED
TRAP ARMED
PASS: TRAP ARMED (2 boot(s))
Trap case 5
TRAP ARMED
TRAP ARMED
PASS: TRAP ARMED (2 boot(s))
Trap case 6
TRAP ARMED
TRAP ARMED
PASS: TRAP ARMED (2 boot(s))
Trap case 7
TRAP ARMED
TRAP ARMED
PASS: TRAP ARMED (2 boot(s))
Trap case 8
TRAP ARMED
TRAP ARMED
PASS: TRAP ARMED (2 boot(s))
Trap case 9
TRAP ARMED
TRAP ARMED
PASS: TRAP ARMED (2 boot(s))
Trap case 10
TRAP ARMED
TRAP ARMED
PASS: TRAP ARMED (2 boot(s))
Trap case 11
TRAP ARMED
TRAP ARMED
PASS: TRAP ARMED (2 boot(s))
ok
test_independent_known_bytes_and_chunk_counts (test_asterbench_dma.DmaRecordTests.test_independent_known_bytes_and_chunk_counts) ... ok
test_missing_unknown_duplicate_and_truncated_fields (test_asterbench_dma.DmaRecordTests.test_missing_unknown_duplicate_and_truncated_fields) ... ok
test_numeric_domain_and_typed_boolean_rejection (test_asterbench_dma.DmaRecordTests.test_numeric_domain_and_typed_boolean_rejection) ... ok
test_output_and_guard_corruption (test_asterbench_dma.DmaRecordTests.test_output_and_guard_corruption) ... ok
test_slowdowns_and_zero_bandwidth_not_hidden (test_asterbench_dma.DmaRecordTests.test_slowdowns_and_zero_bandwidth_not_hidden) ... ok
test_wrong_identity_topology_abi_buffers_and_driver (test_asterbench_dma.DmaRecordTests.test_wrong_identity_topology_abi_buffers_and_driver) ... ok
test_all_predeclared_sizes_alignments_orders_and_slowdowns (test_asterbench_dot8.Dot8Records.test_all_predeclared_sizes_alignments_orders_and_slowdowns) ... ok
test_each_saved_word_and_full_buffers_are_bound (test_asterbench_dot8.Dot8Records.test_each_saved_word_and_full_buffers_are_bound) ... ok
test_every_required_field_missing_duplicate_wrong_type (test_asterbench_dot8.Dot8Records.test_every_required_field_missing_duplicate_wrong_type) ... ok
test_exact_events_metadata_and_payload_mutations (test_asterbench_dot8.Dot8Records.test_exact_events_metadata_and_payload_mutations) ... ok
test_frozen_study_shape_count (test_asterbench_dot8.Dot8Records.test_frozen_study_shape_count) ... ok
test_raw_stream_boundaries_and_legacy_rejection (test_asterbench_dot8.Dot8Records.test_raw_stream_boundaries_and_legacy_rejection) ... ok
test_reference_against_signed_struct_unpack_and_matrix_indices (test_asterbench_dot8.Dot8Records.test_reference_against_signed_struct_unpack_and_matrix_indices) ... ok
test_simulation_full_sequence_and_each_line_removal_reorder_repeat (test_asterbench_dot8.Dot8Records.test_simulation_full_sequence_and_each_line_removal_reorder_repeat) ... ok
test_stop_exact_fields_types_counts_and_json_duplicates (test_asterbench_dot8.Dot8Records.test_stop_exact_fields_types_counts_and_json_duplicates) ... ok
test_bad_options_and_known_references (test_cache_experiments.CacheExperiments.test_bad_options_and_known_references) ... ok
test_missing_experiment_rejected (test_cache_experiments.CacheExperiments.test_missing_experiment_rejected) ... ok
test_pattern_kernels_and_data_addresses_match (test_cache_experiments.CacheExperiments.test_pattern_kernels_and_data_addresses_match) ... make[2]: warning: jobserver unavailable: using -j1.  Add '+' to parent make rule.
make[2]: warning: jobserver unavailable: using -j1.  Add '+' to parent make rule.
make[2]: warning: jobserver unavailable: using -j1.  Add '+' to parent make rule.
make[2]: warning: jobserver unavailable: using -j1.  Add '+' to parent make rule.
make[2]: warning: jobserver unavailable: using -j1.  Add '+' to parent make rule.
make[2]: warning: jobserver unavailable: using -j1.  Add '+' to parent make rule.
make[2]: warning: jobserver unavailable: using -j1.  Add '+' to parent make rule.
make[2]: warning: jobserver unavailable: using -j1.  Add '+' to parent make rule.
make[2]: warning: jobserver unavailable: using -j1.  Add '+' to parent make rule.
make[2]: warning: jobserver unavailable: using -j1.  Add '+' to parent make rule.
make[2]: warning: jobserver unavailable: using -j1.  Add '+' to parent make rule.
make[2]: warning: jobserver unavailable: using -j1.  Add '+' to parent make rule.
make[2]: warning: jobserver unavailable: using -j1.  Add '+' to parent make rule.
make[2]: warning: jobserver unavailable: using -j1.  Add '+' to parent make rule.
make[2]: warning: jobserver unavailable: using -j1.  Add '+' to parent make rule.
make[2]: warning: jobserver unavailable: using -j1.  Add '+' to parent make rule.
make[2]: warning: jobserver unavailable: using -j1.  Add '+' to parent make rule.
make[2]: warning: jobserver unavailable: using -j1.  Add '+' to parent make rule.
make[2]: warning: jobserver unavailable: using -j1.  Add '+' to parent make rule.
make[2]: warning: jobserver unavailable: using -j1.  Add '+' to parent make rule.
ok
test_plan_covers_all_readme_experiments (test_cache_experiments.CacheExperiments.test_plan_covers_all_readme_experiments) ... ok
test_study_audit_rejects_corruption (test_cache_experiments.CacheExperiments.test_study_audit_rejects_corruption) ... ok
test_artifact_hashes_and_readonly_ram_oracle (test_coherent_bench.CoherentProvenance.test_artifact_hashes_and_readonly_ram_oracle) ... ok
test_capture_envelope_mutations (test_coherent_bench.CoherentProvenance.test_capture_envelope_mutations) ... ok
test_complete_revision_source_manifest (test_coherent_bench.CoherentProvenance.test_complete_revision_source_manifest) ... ok
test_elf_binding_rejects_truncation_wrong_machine_and_symbols (test_coherent_bench.CoherentProvenance.test_elf_binding_rejects_truncation_wrong_machine_and_symbols) ... ok
test_boot_invariants_reuse_validated_streams (test_coherent_bench.CoherentRecords.test_boot_invariants_reuse_validated_streams) ... ok
test_full_log_requires_observed_jobs_and_stop (test_coherent_bench.CoherentRecords.test_full_log_requires_observed_jobs_and_stop) ... ok
test_observation_and_snapshot_mutations (test_coherent_bench.CoherentRecords.test_observation_and_snapshot_mutations) ... ok
test_python_cpp_mutation_corpus (test_coherent_bench.CoherentRecords.test_python_cpp_mutation_corpus) ... ok
test_stream_and_reference_scaling (test_coherent_bench.CoherentRecords.test_stream_and_reference_scaling) ... ok
test_fault_diagnostics_and_lifetime_counter (test_coherent_bridge.CoherentHostProtocol.test_fault_diagnostics_and_lifetime_counter) ... ok
test_identity_and_configuration_before_any_write (test_coherent_bridge.CoherentHostProtocol.test_identity_and_configuration_before_any_write) ... ok
test_invalid_timeout_and_configuration (test_coherent_bridge.CoherentHostProtocol.test_invalid_timeout_and_configuration) ... ok
test_load_drains_before_boot_words (test_coherent_bridge.CoherentHostProtocol.test_load_drains_before_boot_words) ... ok
test_malformed_input_does_not_even_stop (test_coherent_bridge.CoherentHostProtocol.test_malformed_input_does_not_even_stop) ... ok
test_ram_requires_acknowledgement_and_is_read_only (test_coherent_bridge.CoherentHostProtocol.test_ram_requires_acknowledgement_and_is_read_only) ... ok
test_timeout_does_not_proceed_to_boot (test_coherent_bridge.CoherentHostProtocol.test_timeout_does_not_proceed_to_boot) ... ok
test_capture_refuses_dirty_or_existing_output_without_changes (test_coherent_functional.FunctionalReference.test_capture_refuses_dirty_or_existing_output_without_changes) ... ok
test_complete_artifact_and_semantic_mutations (test_coherent_functional.FunctionalReference.test_complete_artifact_and_semantic_mutations) ... ok
test_profiles_and_every_independent_ram_word (test_coherent_functional.FunctionalReference.test_profiles_and_every_independent_ram_word) ... ok
test_full_offline_package_and_manifest_mutations (test_coherent_overlay.CoherentOverlay.test_full_offline_package_and_manifest_mutations) ... ok
test_routed_reset_signoff_and_rehashed_failures (test_coherent_overlay.CoherentOverlay.test_routed_reset_signoff_and_rehashed_failures) ... ok
test_capture_fresh_repeat_failure_and_no_overwrite (test_coherent_study.CoherentStudy.test_capture_fresh_repeat_failure_and_no_overwrite) ... ok
test_fixed_plan_and_honest_slowdown_aggregation (test_coherent_study.CoherentStudy.test_fixed_plan_and_honest_slowdown_aggregation) ... ok
test_readonly_audit_rejects_batch_mutations (test_coherent_study.CoherentStudy.test_readonly_audit_rejects_batch_mutations) ... ok
test_busy_counting_mutation_and_stopped_residue (test_dma_bridge.DmaHostTests.test_busy_counting_mutation_and_stopped_residue) ... ok
test_complete_identity_before_any_write (test_dma_bridge.DmaHostTests.test_complete_identity_before_any_write) ... ok
test_hwh_explicit_dma_identity_preserves_old_results (test_dma_bridge.DmaHostTests.test_hwh_explicit_dma_identity_preserves_old_results) ... ok
test_idle_frozen_snapshot_actual_64bit_values (test_dma_bridge.DmaHostTests.test_idle_frozen_snapshot_actual_64bit_values) ... ok
test_inherited_lifecycle_and_no_descriptor_writes (test_dma_bridge.DmaHostTests.test_inherited_lifecycle_and_no_descriptor_writes) ... ok
test_actual_functional_layout_and_distinct_profiles (test_dma_firmware.DmaFirmware.test_actual_functional_layout_and_distinct_profiles) ... ok
test_linux_runner_uses_audited_elf_and_canonical_rom (test_dma_firmware.DmaFirmware.test_linux_runner_uses_audited_elf_and_canonical_rom) ... ok
test_capture_safety (test_dma_functional.DmaFunctional.test_capture_safety) ... ok
test_complete_package_and_rehashed_mutations (test_dma_functional.DmaFunctional.test_complete_package_and_rehashed_mutations) ... ok
test_every_payload_guard_metadata_and_event_word (test_dma_functional.DmaFunctional.test_every_payload_guard_metadata_and_event_word) ... ok
test_independent_totals_and_profiles (test_dma_functional.DmaFunctional.test_independent_totals_and_profiles) ... ok
test_explicit_dma_package_and_unchanged_legacy_gate (test_dma_overlay.DmaOverlay.test_explicit_dma_package_and_unchanged_legacy_gate) ... ok
test_rehashed_dma_identity_and_signoff_mutations (test_dma_overlay.DmaOverlay.test_rehashed_dma_identity_and_signoff_mutations) ... ok
test_symlinks_and_missing_artifacts_rejected (test_dma_overlay.DmaOverlay.test_symlinks_and_missing_artifacts_rejected) ... ok
test_all_raw_events_and_implementation_ownership_mutations (test_dma_results.DmaCaptureTests.test_all_raw_events_and_implementation_ownership_mutations) ... ok
test_capture_missing_extra_and_typed_mutations (test_dma_results.DmaCaptureTests.test_capture_missing_extra_and_typed_mutations) ... ok
test_complete_artifacts_hashes_elf_rom_ram_and_safe_paths (test_dma_results.DmaCaptureTests.test_complete_artifacts_hashes_elf_rom_ram_and_safe_paths) ... ok
test_elf_profiles_and_runner_use_actual_typed_symbols_and_bytes (test_dma_results.DmaCaptureTests.test_elf_profiles_and_runner_use_actual_typed_symbols_and_bytes) ... ok
test_log_order_truncation_failure_and_duplicate_json (test_dma_results.DmaCaptureTests.test_log_order_truncation_failure_and_duplicate_json) ... ok
test_ram_all_metadata_counter_words_and_buffer_bytes (test_dma_results.DmaCaptureTests.test_ram_all_metadata_counter_words_and_buffer_bytes) ... ok
test_real_shape_and_fixed_boundary_configs (test_dma_results.DmaCaptureTests.test_real_shape_and_fixed_boundary_configs) ... ok
test_toolchain_build_and_symbol_mutations (test_dma_results.DmaCaptureTests.test_toolchain_build_and_symbol_mutations) ... ok
test_crossover_keeps_mixed_pairs_slowdowns_ties_reversals (test_dma_study.DmaStudyTests.test_crossover_keeps_mixed_pairs_slowdowns_ties_reversals) ... ok
test_frozen_full_coverage_and_independent_repeat_selection (test_dma_study.DmaStudyTests.test_frozen_full_coverage_and_independent_repeat_selection) ... ok
test_full_read_only_audit_and_manifest_mutations (test_dma_study.DmaStudyTests.test_full_read_only_audit_and_manifest_mutations) ... ok
test_mixed_capture_source_tools_geometry_and_builds (test_dma_study.DmaStudyTests.test_mixed_capture_source_tools_geometry_and_builds) ... ok
test_repeat_must_not_reuse_another_repeat_build (test_dma_study.DmaStudyTests.test_repeat_must_not_reuse_another_repeat_build) ... ok
test_actual_zero_tail_max_elf_rom_and_kernel_encoding (test_dot8_firmware.Dot8Firmware.test_actual_zero_tail_max_elf_rom_and_kernel_encoding) ... ok
test_elf_header_profile_load_and_opcode_mutations (test_dot8_firmware.Dot8Firmware.test_elf_header_profile_load_and_opcode_mutations) ... ok
test_pc_evidence_binds_actual_function_and_custom_instruction (test_dot8_firmware.Dot8Firmware.test_pc_evidence_binds_actual_function_and_custom_instruction) ... ok
test_wrong_rom_and_dimensions_rejected_before_execution (test_dot8_firmware.Dot8Firmware.test_wrong_rom_and_dimensions_rejected_before_execution) ... ok
test_each_private_region_cannot_overflow_its_stack (test_multicore_layout.MulticoreLayout.test_each_private_region_cannot_overflow_its_stack) ... ok
test_rom_limit (test_multicore_layout.MulticoreLayout.test_rom_limit) ... ok
test_shared_initialized_odd_bytes_have_rom_load_image (test_multicore_layout.MulticoreLayout.test_shared_initialized_odd_bytes_have_rom_load_image) ... ok
test_shared_size_and_no_stack_alias (test_multicore_layout.MulticoreLayout.test_shared_size_and_no_stack_alias) ... ok
test_stack_alignment_and_minimum (test_multicore_layout.MulticoreLayout.test_stack_alignment_and_minimum) ... ok
test_comparison_refuses_different_work (test_parallel.ParallelProvenance.test_comparison_refuses_different_work) ... ok
test_required_fields_and_raw_log_binding (test_parallel.ParallelProvenance.test_required_fields_and_raw_log_binding) ... ok
test_complete_job_stream_and_independent_oracle (test_parallel.ParallelRecords.test_complete_job_stream_and_independent_oracle) ... ok
test_python_cpp_malformed_corpus (test_parallel.ParallelRecords.test_python_cpp_malformed_corpus) ... ok
test_known_corners (test_phase1.ArithmeticReference.test_known_corners) ... ok
test_seed_reproducibility (test_phase1.ArithmeticReference.test_seed_reproducibility) ... ok
test_initialized_byte_segment (test_phase1.FirmwareLayout.test_initialized_byte_segment) ... ok
test_rom_overflow (test_phase1.FirmwareLayout.test_rom_overflow) ... ok
test_stack_reservation (test_phase1.FirmwareLayout.test_stack_reservation) ... ok
test_retained_physical_reports_and_mutations (test_phase5_evidence.Phase5Evidence.test_retained_physical_reports_and_mutations) ... ok
test_cross_package_sources_and_physical_programming_chain (test_phase6_closeout.Phase6Closeout.test_cross_package_sources_and_physical_programming_chain) ... ok
test_final_stopped_state_is_exact_and_typed (test_phase6_closeout.Phase6Closeout.test_final_stopped_state_is_exact_and_typed) ... ok
test_requirement_inventory_and_outer_summary_mutations (test_phase6_closeout.Phase6Closeout.test_requirement_inventory_and_outer_summary_mutations) ... ok
test_all_reference_operations_and_original_negative_control (test_phase6_regressions.Phase6Regressions.test_all_reference_operations_and_original_negative_control) ... ok
test_atomic_runtime_and_cache_cross_product (test_phase6_regressions.Phase6Regressions.test_atomic_runtime_and_cache_cross_product) ... ok
test_benchmark_plan_and_raw_paired_observers (test_phase6_regressions.Phase6Regressions.test_benchmark_plan_and_raw_paired_observers) ... ok
test_exact_parallel_unittest_prefix_preserves_strict_gates (test_phase6_regressions.Phase6Regressions.test_exact_parallel_unittest_prefix_preserves_strict_gates) ... ok
test_fresh_check_only_cannot_pass_as_complete_regressions (test_phase6_regressions.Phase6Regressions.test_fresh_check_only_cannot_pass_as_complete_regressions) ... ok
test_litmus_histogram_forbidden_outcomes_progress_and_retry_totals (test_phase6_regressions.Phase6Regressions.test_litmus_histogram_forbidden_outcomes_progress_and_retry_totals) ... ok
test_manifest_mutations_and_default_git_validation (test_phase6_regressions.Phase6Regressions.test_manifest_mutations_and_default_git_validation) ... ok
test_complete_failed_and_changed_source_evidence (test_phase6_runner.Phase6Runner.test_complete_failed_and_changed_source_evidence) ... ok
test_existing_output_and_dirty_source_are_nonmutating (test_phase6_runner.Phase6Runner.test_existing_output_and_dirty_source_are_nonmutating) ... ok
test_plan_contains_every_historical_and_new_matrix (test_phase6_runner.Phase6Runner.test_plan_contains_every_historical_and_new_matrix) ... ok
test_exact_final_cpu_dma_clock_identity_and_post_study (test_phase7_closeout.Phase7Closeout.test_exact_final_cpu_dma_clock_identity_and_post_study) ... ok
test_exact_implementation_reference_exporter_and_physical_programming_chain (test_phase7_closeout.Phase7Closeout.test_exact_implementation_reference_exporter_and_physical_programming_chain) ... ok
test_raw_board_log_schedule_boots_stops_and_missing_completion (test_phase7_closeout.Phase7Closeout.test_raw_board_log_schedule_boots_stops_and_missing_completion) ... ok
test_requirement_inventory_manifest_summary_and_no_overwrite (test_phase7_closeout.Phase7Closeout.test_requirement_inventory_manifest_summary_and_no_overwrite) ... ok
test_envelope_source_tools_hashes_plan_and_no_saved_command_execution (test_phase7_regressions.DmaRegressionAudit.test_envelope_source_tools_hashes_plan_and_no_saved_command_execution) ... ok
test_host_test_names_counts_no_skips_and_completion (test_phase7_regressions.DmaRegressionAudit.test_host_test_names_counts_no_skips_and_completion) ... ok
test_linux_runtime_programs_serial_boots_and_denials (test_phase7_regressions.DmaRegressionAudit.test_linux_runtime_programs_serial_boots_and_denials) ... ok
test_raw_paired_benchmarks_and_fixed_plans (test_phase7_regressions.DmaRegressionAudit.test_raw_paired_benchmarks_and_fixed_plans) ... ok
test_real_hart_runtime_reset_sequence_and_totals (test_phase7_regressions.DmaRegressionAudit.test_real_hart_runtime_reset_sequence_and_totals) ... ok
test_unit_seed_geometry_protocol_and_carry_gates (test_phase7_regressions.DmaRegressionAudit.test_unit_seed_geometry_protocol_and_carry_gates) ... ok
test_dirty_existing_and_symlink_targets_are_nonmutating (test_phase7_runner.Phase7Runner.test_dirty_existing_and_symlink_targets_are_nonmutating) ... ok
test_fixed_supplement_does_not_replace_historical_plan (test_phase7_runner.Phase7Runner.test_fixed_supplement_does_not_replace_historical_plan) ... ok
test_success_failure_silent_failure_source_and_tool_changes (test_phase7_runner.Phase7Runner.test_success_failure_silent_failure_source_and_tool_changes) ... ok
test_capture_warm_boot_stop_and_failure_preservation (test_pynq_coherent.PhysicalCollector.test_capture_warm_boot_stop_and_failure_preservation) ... ok
test_invalid_inputs_are_nonmutating_before_pynq_import (test_pynq_coherent.PhysicalCollector.test_invalid_inputs_are_nonmutating_before_pynq_import) ... ok
test_isolated_shipping_manifest_contains_transitive_imports (test_pynq_coherent.PhysicalCollector.test_isolated_shipping_manifest_contains_transitive_imports) ... ok
test_loaded_overlay_guard_and_firmware_recheck_before_writes (test_pynq_coherent.PhysicalCollector.test_loaded_overlay_guard_and_firmware_recheck_before_writes) ... ok
test_reference_hardware_compatibility (test_pynq_coherent.PhysicalCollector.test_reference_hardware_compatibility) ... ok
test_batch_audit_mutations (test_pynq_coherent_study.PhysicalStudy.test_batch_audit_mutations) ... ok
test_capture_failure_no_overwrite_and_pcapi_sequence (test_pynq_coherent_study.PhysicalStudy.test_capture_failure_no_overwrite_and_pcapi_sequence) ... ok
test_isolated_package_and_one_switch_schedule (test_pynq_coherent_study.PhysicalStudy.test_isolated_package_and_one_switch_schedule) ... ok
test_changed_preflight_inputs_and_second_guard_are_nonmutating (test_pynq_dma.PynqDma.test_changed_preflight_inputs_and_second_guard_are_nonmutating) ... ok
test_invalid_inputs_do_not_import_board_api (test_pynq_dma.PynqDma.test_invalid_inputs_do_not_import_board_api) ... ok
test_isolated_shipping_closure_never_imports_pynq (test_pynq_dma.PynqDma.test_isolated_shipping_closure_never_imports_pynq) ... ok
test_no_download_reuses_only_exact_idle_dma_image (test_pynq_dma.PynqDma.test_no_download_reuses_only_exact_idle_dma_image) ... ok
test_physical_configuration_and_hardware_source_contract (test_pynq_dma.PynqDma.test_physical_configuration_and_hardware_source_contract) ... ok
test_previous_guard_rejects_changes_without_writes_or_download (test_pynq_dma.PynqDma.test_previous_guard_rejects_changes_without_writes_or_download) ... ok
test_real_boot_flow_frozen_dma_and_safe_failure_cleanup (test_pynq_dma.PynqDma.test_real_boot_flow_frozen_dma_and_safe_failure_cleanup) ... ok
test_both_programs_cache_modes_boots_and_failure_cleanup (test_pynq_dma_functional.PhysicalDmaFunctional.test_both_programs_cache_modes_boots_and_failure_cleanup) ... ok
test_guard_and_recheck_prevent_unrelated_writes (test_pynq_dma_functional.PhysicalDmaFunctional.test_guard_and_recheck_prevent_unrelated_writes) ... ok
test_offline_preflight_and_isolated_source_closure (test_pynq_dma_functional.PhysicalDmaFunctional.test_offline_preflight_and_isolated_source_closure) ... ok
test_reuse_same_idle_image_and_no_overwrite (test_pynq_dma_functional.PhysicalDmaFunctional.test_reuse_same_idle_image_and_no_overwrite) ... ok
test_audit_coverage_summary_hashes_and_rehashed_sequence_mutations (test_pynq_dma_study.PhysicalDmaStudy.test_audit_coverage_summary_hashes_and_rehashed_sequence_mutations) ... ok
test_capture_all_cases_hash_chain_and_partial_failure_retention (test_pynq_dma_study.PhysicalDmaStudy.test_capture_all_cases_hash_chain_and_partial_failure_retention) ... ok
test_full_plan_and_isolated_imports (test_pynq_dma_study.PhysicalDmaStudy.test_full_plan_and_isolated_imports) ... ok
test_both_programs_caches_boots_cleanup_and_failures (test_pynq_functional.FunctionalCollector.test_both_programs_caches_boots_cleanup_and_failures) ... ok
test_invalid_options_and_preflight_do_not_import_pynq (test_pynq_functional.FunctionalCollector.test_invalid_options_and_preflight_do_not_import_pynq) ... ok
test_isolated_functional_package (test_pynq_functional.FunctionalCollector.test_isolated_functional_package) ... ok
test_coherent_isa_cache_and_reset_abi_must_match (test_pynq_handoff.HandoffSafety.test_coherent_isa_cache_and_reset_abi_must_match) ... ok
test_dot8_is_explicit_and_legacy_loaders_reject_it (test_pynq_handoff.HandoffSafety.test_dot8_is_explicit_and_legacy_loaders_reject_it) ... ok
test_missing_and_duplicate_modules_parameters_ports (test_pynq_handoff.HandoffSafety.test_missing_and_duplicate_modules_parameters_ports) ... ok
test_multicore_map_must_match_requested_harts (test_pynq_handoff.HandoffSafety.test_multicore_map_must_match_requested_harts) ... ok
test_mutated_exports_fail_closed (test_pynq_handoff.HandoffSafety.test_mutated_exports_fail_closed) ... ok
test_original_active_low_auxiliary_tied_zero_is_rejected (test_pynq_handoff.HandoffSafety.test_original_active_low_auxiliary_tied_zero_is_rejected) ... ok
test_valid_export (test_pynq_handoff.HandoffSafety.test_valid_export) ... ok
test_captured_reports_and_rejected_mutations (test_pynq_results.PhysicalResults.test_captured_reports_and_rejected_mutations) ... ok
test_owned_environment_does_not_imply_privileged_core (test_riscv_reference.UpstreamReference.test_owned_environment_does_not_imply_privileged_core) ... ok
test_pinned_complete_subset (test_riscv_reference.UpstreamReference.test_pinned_complete_subset) ... ok
test_bad_cli_preflight_never_imports_board_api (test_run_pynq.CollectorChecks.test_bad_cli_preflight_never_imports_board_api) ... ok
test_exact_runtime_and_complete_parallel_streams (test_run_pynq.CollectorChecks.test_exact_runtime_and_complete_parallel_streams) ... ok
test_lifetime_counter_rollover (test_run_pynq.CollectorChecks.test_lifetime_counter_rollover) ... ok

----------------------------------------------------------------------
Ran 163 tests in 51.926s

OK
mkdir -p /tmp/aster-phase8-legacy-regressions-5b9c175/build/soc_l10_sync1_wait1_w4_n16
verilator --cc --exe --build --timing --Wall --Wno-fatal \
	-DRISCV_FORMAL --Wno-DECLFILENAME --Wno-GENUNNAMED --Wno-UNUSEDSIGNAL --Wno-BLKSEQ --top-module aster_minimal \
	"-GENABLE_L1=1'b0" "-GSYNC_MEMORY=1'b1" \
	-GMEMORY_WAIT_CYCLES=1 -GL1_LINE_WORDS=4 -GL1_LINE_COUNT=16 \
	--Mdir /tmp/aster-phase8-legacy-regressions-5b9c175/build/soc_l10_sync1_wait1_w4_n16/obj -o /tmp/aster-phase8-legacy-regressions-5b9c175/build/soc_l10_sync1_wait1_w4_n16/aster_soc_sim \
	/tmp/aster-phase8-verified-source-x5U6xF/rtl/core/aster_picorv32.sv /tmp/aster-phase8-verified-source-x5U6xF/vendor/picorv32/picorv32.v /tmp/aster-phase8-verified-source-x5U6xF/rtl/cache/aster_l1_cache.sv /tmp/aster-phase8-verified-source-x5U6xF/rtl/memory/aster_rom.sv /tmp/aster-phase8-verified-source-x5U6xF/rtl/memory/aster_ram.sv /tmp/aster-phase8-verified-source-x5U6xF/rtl/peripherals/aster_uart.sv /tmp/aster-phase8-verified-source-x5U6xF/rtl/peripherals/aster_perf_counters.sv /tmp/aster-phase8-verified-source-x5U6xF/rtl/core/aster_hart.sv /tmp/aster-phase8-verified-source-x5U6xF/rtl/soc/aster_minimal.sv \
	/tmp/aster-phase8-verified-source-x5U6xF/verification/soc/tb_aster_soc.cpp
test_board_output_validation_uses_strict_parser (test_asterbench.ResultProvenance.test_board_output_validation_uses_strict_parser) ... ok
test_comparison_contract (test_asterbench.ResultProvenance.test_comparison_contract) ... ok
test_required_provenance (test_asterbench.ResultProvenance.test_required_provenance) ... ok
test_serial_and_typed_record_must_agree (test_asterbench.ResultProvenance.test_serial_and_typed_record_must_agree) ... ok
test_common_corpus (test_asterbench.StrictRecords.test_common_corpus) ... make[2]: warning: jobserver unavailable: using -j1.  Add '+' to parent make rule.
g++  -I.  -MMD -I/home/elfo/tools/verilator/root/include -I/home/elfo/tools/verilator/root/include/vltstd -DVM_COVERAGE=0 -DVM_SC=0 -DVM_TRACE=0 -DVM_TRACE_FST=0 -DVM_TRACE_VCD=0 -faligned-new -fcf-protection=none -Wno-bool-operation -Wno-overloaded-virtual -Wno-shadow -Wno-sign-compare -Wno-uninitialized -Wno-unused-but-set-parameter -Wno-unused-but-set-variable -Wno-unused-parameter -Wno-unused-variable       -Os -c -o tb_aster_soc.o /tmp/aster-phase8-verified-source-x5U6xF/verification/soc/tb_aster_soc.cpp
g++ -Os  -I.  -MMD -I/home/elfo/tools/verilator/root/include -I/home/elfo/tools/verilator/root/include/vltstd -DVM_COVERAGE=0 -DVM_SC=0 -DVM_TRACE=0 -DVM_TRACE_FST=0 -DVM_TRACE_VCD=0 -faligned-new -fcf-protection=none -Wno-bool-operation -Wno-overloaded-virtual -Wno-shadow -Wno-sign-compare -Wno-uninitialized -Wno-unused-but-set-parameter -Wno-unused-but-set-variable -Wno-unused-parameter -Wno-unused-variable       -c -o verilated.o /home/elfo/tools/verilator/root/include/verilated.cpp
g++ -Os  -I.  -MMD -I/home/elfo/tools/verilator/root/include -I/home/elfo/tools/verilator/root/include/vltstd -DVM_COVERAGE=0 -DVM_SC=0 -DVM_TRACE=0 -DVM_TRACE_FST=0 -DVM_TRACE_VCD=0 -faligned-new -fcf-protection=none -Wno-bool-operation -Wno-overloaded-virtual -Wno-shadow -Wno-sign-compare -Wno-uninitialized -Wno-unused-but-set-parameter -Wno-unused-but-set-variable -Wno-unused-parameter -Wno-unused-variable       -c -o verilated_threads.o /home/elfo/tools/verilator/root/include/verilated_threads.cpp
ok
test_counter_and_payload_maintenance_mutations (test_asterbench_dma.DmaRecordTests.test_counter_and_payload_maintenance_mutations) ... ok
test_fixed_sizes_alignments_caches_pairs (test_asterbench_dma.DmaRecordTests.test_fixed_sizes_alignments_caches_pairs) ... /usr/bin/python3 /home/elfo/tools/verilator/root/bin/verilator_includer -DVL_INCLUDE_OPT=include Vaster_minimal.cpp Vaster_minimal___024root__DepSet_h32747b0f__0.cpp Vaster_minimal___024root__DepSet_h1d8fc093__0.cpp Vaster_minimal___024root__Slow.cpp Vaster_minimal___024root__DepSet_h32747b0f__0__Slow.cpp Vaster_minimal___024root__DepSet_h1d8fc093__0__Slow.cpp Vaster_minimal__Syms.cpp > Vaster_minimal__ALL.cpp
g++ -Os  -I.  -MMD -I/home/elfo/tools/verilator/root/include -I/home/elfo/tools/verilator/root/include/vltstd -DVM_COVERAGE=0 -DVM_SC=0 -DVM_TRACE=0 -DVM_TRACE_FST=0 -DVM_TRACE_VCD=0 -faligned-new -fcf-protection=none -Wno-bool-operation -Wno-overloaded-virtual -Wno-shadow -Wno-sign-compare -Wno-uninitialized -Wno-unused-but-set-parameter -Wno-unused-but-set-variable -Wno-unused-parameter -Wno-unused-variable       -c -o Vaster_minimal__ALL.o Vaster_minimal__ALL.cpp
ok
test_full_stream_order_configuration_and_ack_history (test_asterbench_dma.DmaRecordTests.test_full_stream_order_configuration_and_ack_history) ... ok
test_independent_cpp_python_parity_mutation_corpus (test_asterbench_dma.DmaRecordTests.test_independent_cpp_python_parity_mutation_corpus) ... echo "" > Vaster_minimal__ALL.verilator_deplist.tmp
Archive ar -rcs Vaster_minimal__ALL.a Vaster_minimal__ALL.o
g++     tb_aster_soc.o verilated.o verilated_threads.o Vaster_minimal__ALL.a    -pthread -lpthread -latomic   -o /tmp/aster-phase8-legacy-regressions-5b9c175/build/soc_l10_sync1_wait1_w4_n16/aster_soc_sim
rm Vaster_minimal__ALL.verilator_deplist.tmp
RV32IM PASS
PASS: RV32IM PASS (1 boot(s))
RUNTIME PASS
RUNTIME PASS
PASS: RUNTIME PASS (2 boot(s))
MEMORY MAP PASS
PASS: MEMORY MAP PASS (1 boot(s))
Trap case 0
TRAP ARMED
TRAP ARMED
PASS: TRAP ARMED (2 boot(s))
Trap case 1
TRAP ARMED
TRAP ARMED
PASS: TRAP ARMED (2 boot(s))
Trap case 2
TRAP ARMED
TRAP ARMED
PASS: TRAP ARMED (2 boot(s))
Trap case 3
TRAP ARMED
TRAP ARMED
PASS: TRAP ARMED (2 boot(s))
Trap case 4
TRAP ARMED
TRAP ARMED
PASS: TRAP ARMED (2 boot(s))
Trap case 5
TRAP ARMED
TRAP ARMED
PASS: TRAP ARMED (2 boot(s))
Trap case 6
TRAP ARMED
TRAP ARMED
PASS: TRAP ARMED (2 boot(s))
Trap case 7
TRAP ARMED
TRAP ARMED
PASS: TRAP ARMED (2 boot(s))
Trap case 8
TRAP ARMED
TRAP ARMED
PASS: TRAP ARMED (2 boot(s))
Trap case 9
TRAP ARMED
TRAP ARMED
PASS: TRAP ARMED (2 boot(s))
Trap case 10
TRAP ARMED
TRAP ARMED
PASS: TRAP ARMED (2 boot(s))
Trap case 11
TRAP ARMED
TRAP ARMED
PASS: TRAP ARMED (2 boot(s))
ok
test_independent_known_bytes_and_chunk_counts (test_asterbench_dma.DmaRecordTests.test_independent_known_bytes_and_chunk_counts) ... ok
test_missing_unknown_duplicate_and_truncated_fields (test_asterbench_dma.DmaRecordTests.test_missing_unknown_duplicate_and_truncated_fields) ... ok
test_numeric_domain_and_typed_boolean_rejection (test_asterbench_dma.DmaRecordTests.test_numeric_domain_and_typed_boolean_rejection) ... ok
test_output_and_guard_corruption (test_asterbench_dma.DmaRecordTests.test_output_and_guard_corruption) ... ok
test_slowdowns_and_zero_bandwidth_not_hidden (test_asterbench_dma.DmaRecordTests.test_slowdowns_and_zero_bandwidth_not_hidden) ... ok
test_wrong_identity_topology_abi_buffers_and_driver (test_asterbench_dma.DmaRecordTests.test_wrong_identity_topology_abi_buffers_and_driver) ... ok
test_all_predeclared_sizes_alignments_orders_and_slowdowns (test_asterbench_dot8.Dot8Records.test_all_predeclared_sizes_alignments_orders_and_slowdowns) ... ok
test_each_saved_word_and_full_buffers_are_bound (test_asterbench_dot8.Dot8Records.test_each_saved_word_and_full_buffers_are_bound) ... ok
test_every_required_field_missing_duplicate_wrong_type (test_asterbench_dot8.Dot8Records.test_every_required_field_missing_duplicate_wrong_type) ... ok
test_exact_events_metadata_and_payload_mutations (test_asterbench_dot8.Dot8Records.test_exact_events_metadata_and_payload_mutations) ... ok
test_frozen_study_shape_count (test_asterbench_dot8.Dot8Records.test_frozen_study_shape_count) ... ok
test_raw_stream_boundaries_and_legacy_rejection (test_asterbench_dot8.Dot8Records.test_raw_stream_boundaries_and_legacy_rejection) ... ok
test_reference_against_signed_struct_unpack_and_matrix_indices (test_asterbench_dot8.Dot8Records.test_reference_against_signed_struct_unpack_and_matrix_indices) ... ok
test_simulation_full_sequence_and_each_line_removal_reorder_repeat (test_asterbench_dot8.Dot8Records.test_simulation_full_sequence_and_each_line_removal_reorder_repeat) ... ok
test_stop_exact_fields_types_counts_and_json_duplicates (test_asterbench_dot8.Dot8Records.test_stop_exact_fields_types_counts_and_json_duplicates) ... ok
test_bad_options_and_known_references (test_cache_experiments.CacheExperiments.test_bad_options_and_known_references) ... ok
test_missing_experiment_rejected (test_cache_experiments.CacheExperiments.test_missing_experiment_rejected) ... ok
test_pattern_kernels_and_data_addresses_match (test_cache_experiments.CacheExperiments.test_pattern_kernels_and_data_addresses_match) ... make[2]: warning: jobserver unavailable: using -j1.  Add '+' to parent make rule.
make[2]: warning: jobserver unavailable: using -j1.  Add '+' to parent make rule.
make[2]: warning: jobserver unavailable: using -j1.  Add '+' to parent make rule.
make[2]: warning: jobserver unavailable: using -j1.  Add '+' to parent make rule.
make[2]: warning: jobserver unavailable: using -j1.  Add '+' to parent make rule.
make[2]: warning: jobserver unavailable: using -j1.  Add '+' to parent make rule.
make[2]: warning: jobserver unavailable: using -j1.  Add '+' to parent make rule.
make[2]: warning: jobserver unavailable: using -j1.  Add '+' to parent make rule.
make[2]: warning: jobserver unavailable: using -j1.  Add '+' to parent make rule.
make[2]: warning: jobserver unavailable: using -j1.  Add '+' to parent make rule.
make[2]: warning: jobserver unavailable: using -j1.  Add '+' to parent make rule.
make[2]: warning: jobserver unavailable: using -j1.  Add '+' to parent make rule.
make[2]: warning: jobserver unavailable: using -j1.  Add '+' to parent make rule.
make[2]: warning: jobserver unavailable: using -j1.  Add '+' to parent make rule.
make[2]: warning: jobserver unavailable: using -j1.  Add '+' to parent make rule.
make[2]: warning: jobserver unavailable: using -j1.  Add '+' to parent make rule.
make[2]: warning: jobserver unavailable: using -j1.  Add '+' to parent make rule.
make[2]: warning: jobserver unavailable: using -j1.  Add '+' to parent make rule.
make[2]: warning: jobserver unavailable: using -j1.  Add '+' to parent make rule.
make[2]: warning: jobserver unavailable: using -j1.  Add '+' to parent make rule.
ok
test_plan_covers_all_readme_experiments (test_cache_experiments.CacheExperiments.test_plan_covers_all_readme_experiments) ... ok
test_study_audit_rejects_corruption (test_cache_experiments.CacheExperiments.test_study_audit_rejects_corruption) ... ok
test_artifact_hashes_and_readonly_ram_oracle (test_coherent_bench.CoherentProvenance.test_artifact_hashes_and_readonly_ram_oracle) ... ok
test_capture_envelope_mutations (test_coherent_bench.CoherentProvenance.test_capture_envelope_mutations) ... ok
test_complete_revision_source_manifest (test_coherent_bench.CoherentProvenance.test_complete_revision_source_manifest) ... ok
test_elf_binding_rejects_truncation_wrong_machine_and_symbols (test_coherent_bench.CoherentProvenance.test_elf_binding_rejects_truncation_wrong_machine_and_symbols) ... ok
test_boot_invariants_reuse_validated_streams (test_coherent_bench.CoherentRecords.test_boot_invariants_reuse_validated_streams) ... ok
test_full_log_requires_observed_jobs_and_stop (test_coherent_bench.CoherentRecords.test_full_log_requires_observed_jobs_and_stop) ... ok
test_observation_and_snapshot_mutations (test_coherent_bench.CoherentRecords.test_observation_and_snapshot_mutations) ... ok
test_python_cpp_mutation_corpus (test_coherent_bench.CoherentRecords.test_python_cpp_mutation_corpus) ... ok
test_stream_and_reference_scaling (test_coherent_bench.CoherentRecords.test_stream_and_reference_scaling) ... ok
test_fault_diagnostics_and_lifetime_counter (test_coherent_bridge.CoherentHostProtocol.test_fault_diagnostics_and_lifetime_counter) ... ok
test_identity_and_configuration_before_any_write (test_coherent_bridge.CoherentHostProtocol.test_identity_and_configuration_before_any_write) ... ok
test_invalid_timeout_and_configuration (test_coherent_bridge.CoherentHostProtocol.test_invalid_timeout_and_configuration) ... ok
test_load_drains_before_boot_words (test_coherent_bridge.CoherentHostProtocol.test_load_drains_before_boot_words) ... ok
test_malformed_input_does_not_even_stop (test_coherent_bridge.CoherentHostProtocol.test_malformed_input_does_not_even_stop) ... ok
test_ram_requires_acknowledgement_and_is_read_only (test_coherent_bridge.CoherentHostProtocol.test_ram_requires_acknowledgement_and_is_read_only) ... ok
test_timeout_does_not_proceed_to_boot (test_coherent_bridge.CoherentHostProtocol.test_timeout_does_not_proceed_to_boot) ... ok
test_capture_refuses_dirty_or_existing_output_without_changes (test_coherent_functional.FunctionalReference.test_capture_refuses_dirty_or_existing_output_without_changes) ... ok
test_complete_artifact_and_semantic_mutations (test_coherent_functional.FunctionalReference.test_complete_artifact_and_semantic_mutations) ... ok
test_profiles_and_every_independent_ram_word (test_coherent_functional.FunctionalReference.test_profiles_and_every_independent_ram_word) ... ok
test_full_offline_package_and_manifest_mutations (test_coherent_overlay.CoherentOverlay.test_full_offline_package_and_manifest_mutations) ... ok
test_routed_reset_signoff_and_rehashed_failures (test_coherent_overlay.CoherentOverlay.test_routed_reset_signoff_and_rehashed_failures) ... ok
test_capture_fresh_repeat_failure_and_no_overwrite (test_coherent_study.CoherentStudy.test_capture_fresh_repeat_failure_and_no_overwrite) ... ok
test_fixed_plan_and_honest_slowdown_aggregation (test_coherent_study.CoherentStudy.test_fixed_plan_and_honest_slowdown_aggregation) ... ok
test_readonly_audit_rejects_batch_mutations (test_coherent_study.CoherentStudy.test_readonly_audit_rejects_batch_mutations) ... ok
test_busy_counting_mutation_and_stopped_residue (test_dma_bridge.DmaHostTests.test_busy_counting_mutation_and_stopped_residue) ... ok
test_complete_identity_before_any_write (test_dma_bridge.DmaHostTests.test_complete_identity_before_any_write) ... ok
test_hwh_explicit_dma_identity_preserves_old_results (test_dma_bridge.DmaHostTests.test_hwh_explicit_dma_identity_preserves_old_results) ... ok
test_idle_frozen_snapshot_actual_64bit_values (test_dma_bridge.DmaHostTests.test_idle_frozen_snapshot_actual_64bit_values) ... ok
test_inherited_lifecycle_and_no_descriptor_writes (test_dma_bridge.DmaHostTests.test_inherited_lifecycle_and_no_descriptor_writes) ... ok
test_actual_functional_layout_and_distinct_profiles (test_dma_firmware.DmaFirmware.test_actual_functional_layout_and_distinct_profiles) ... ok
test_linux_runner_uses_audited_elf_and_canonical_rom (test_dma_firmware.DmaFirmware.test_linux_runner_uses_audited_elf_and_canonical_rom) ... ok
test_capture_safety (test_dma_functional.DmaFunctional.test_capture_safety) ... ok
test_complete_package_and_rehashed_mutations (test_dma_functional.DmaFunctional.test_complete_package_and_rehashed_mutations) ... ok
test_every_payload_guard_metadata_and_event_word (test_dma_functional.DmaFunctional.test_every_payload_guard_metadata_and_event_word) ... ok
test_independent_totals_and_profiles (test_dma_functional.DmaFunctional.test_independent_totals_and_profiles) ... ok
test_explicit_dma_package_and_unchanged_legacy_gate (test_dma_overlay.DmaOverlay.test_explicit_dma_package_and_unchanged_legacy_gate) ... ok
test_rehashed_dma_identity_and_signoff_mutations (test_dma_overlay.DmaOverlay.test_rehashed_dma_identity_and_signoff_mutations) ... ok
test_symlinks_and_missing_artifacts_rejected (test_dma_overlay.DmaOverlay.test_symlinks_and_missing_artifacts_rejected) ... ok
test_all_raw_events_and_implementation_ownership_mutations (test_dma_results.DmaCaptureTests.test_all_raw_events_and_implementation_ownership_mutations) ... ok
test_capture_missing_extra_and_typed_mutations (test_dma_results.DmaCaptureTests.test_capture_missing_extra_and_typed_mutations) ... ok
test_complete_artifacts_hashes_elf_rom_ram_and_safe_paths (test_dma_results.DmaCaptureTests.test_complete_artifacts_hashes_elf_rom_ram_and_safe_paths) ... ok
test_elf_profiles_and_runner_use_actual_typed_symbols_and_bytes (test_dma_results.DmaCaptureTests.test_elf_profiles_and_runner_use_actual_typed_symbols_and_bytes) ... ok
test_log_order_truncation_failure_and_duplicate_json (test_dma_results.DmaCaptureTests.test_log_order_truncation_failure_and_duplicate_json) ... ok
test_ram_all_metadata_counter_words_and_buffer_bytes (test_dma_results.DmaCaptureTests.test_ram_all_metadata_counter_words_and_buffer_bytes) ... ok
test_real_shape_and_fixed_boundary_configs (test_dma_results.DmaCaptureTests.test_real_shape_and_fixed_boundary_configs) ... ok
test_toolchain_build_and_symbol_mutations (test_dma_results.DmaCaptureTests.test_toolchain_build_and_symbol_mutations) ... ok
test_crossover_keeps_mixed_pairs_slowdowns_ties_reversals (test_dma_study.DmaStudyTests.test_crossover_keeps_mixed_pairs_slowdowns_ties_reversals) ... ok
test_frozen_full_coverage_and_independent_repeat_selection (test_dma_study.DmaStudyTests.test_frozen_full_coverage_and_independent_repeat_selection) ... ok
test_full_read_only_audit_and_manifest_mutations (test_dma_study.DmaStudyTests.test_full_read_only_audit_and_manifest_mutations) ... ok
test_mixed_capture_source_tools_geometry_and_builds (test_dma_study.DmaStudyTests.test_mixed_capture_source_tools_geometry_and_builds) ... ok
test_repeat_must_not_reuse_another_repeat_build (test_dma_study.DmaStudyTests.test_repeat_must_not_reuse_another_repeat_build) ... ok
test_actual_zero_tail_max_elf_rom_and_kernel_encoding (test_dot8_firmware.Dot8Firmware.test_actual_zero_tail_max_elf_rom_and_kernel_encoding) ... ok
test_elf_header_profile_load_and_opcode_mutations (test_dot8_firmware.Dot8Firmware.test_elf_header_profile_load_and_opcode_mutations) ... ok
test_pc_evidence_binds_actual_function_and_custom_instruction (test_dot8_firmware.Dot8Firmware.test_pc_evidence_binds_actual_function_and_custom_instruction) ... ok
test_wrong_rom_and_dimensions_rejected_before_execution (test_dot8_firmware.Dot8Firmware.test_wrong_rom_and_dimensions_rejected_before_execution) ... ok
test_each_private_region_cannot_overflow_its_stack (test_multicore_layout.MulticoreLayout.test_each_private_region_cannot_overflow_its_stack) ... ok
test_rom_limit (test_multicore_layout.MulticoreLayout.test_rom_limit) ... ok
test_shared_initialized_odd_bytes_have_rom_load_image (test_multicore_layout.MulticoreLayout.test_shared_initialized_odd_bytes_have_rom_load_image) ... ok
test_shared_size_and_no_stack_alias (test_multicore_layout.MulticoreLayout.test_shared_size_and_no_stack_alias) ... ok
test_stack_alignment_and_minimum (test_multicore_layout.MulticoreLayout.test_stack_alignment_and_minimum) ... ok
test_comparison_refuses_different_work (test_parallel.ParallelProvenance.test_comparison_refuses_different_work) ... ok
test_required_fields_and_raw_log_binding (test_parallel.ParallelProvenance.test_required_fields_and_raw_log_binding) ... ok
test_complete_job_stream_and_independent_oracle (test_parallel.ParallelRecords.test_complete_job_stream_and_independent_oracle) ... ok
test_python_cpp_malformed_corpus (test_parallel.ParallelRecords.test_python_cpp_malformed_corpus) ... ok
test_known_corners (test_phase1.ArithmeticReference.test_known_corners) ... ok
test_seed_reproducibility (test_phase1.ArithmeticReference.test_seed_reproducibility) ... ok
test_initialized_byte_segment (test_phase1.FirmwareLayout.test_initialized_byte_segment) ... ok
test_rom_overflow (test_phase1.FirmwareLayout.test_rom_overflow) ... ok
test_stack_reservation (test_phase1.FirmwareLayout.test_stack_reservation) ... ok
test_retained_physical_reports_and_mutations (test_phase5_evidence.Phase5Evidence.test_retained_physical_reports_and_mutations) ... ok
test_cross_package_sources_and_physical_programming_chain (test_phase6_closeout.Phase6Closeout.test_cross_package_sources_and_physical_programming_chain) ... ok
test_final_stopped_state_is_exact_and_typed (test_phase6_closeout.Phase6Closeout.test_final_stopped_state_is_exact_and_typed) ... ok
test_requirement_inventory_and_outer_summary_mutations (test_phase6_closeout.Phase6Closeout.test_requirement_inventory_and_outer_summary_mutations) ... ok
test_all_reference_operations_and_original_negative_control (test_phase6_regressions.Phase6Regressions.test_all_reference_operations_and_original_negative_control) ... ok
test_atomic_runtime_and_cache_cross_product (test_phase6_regressions.Phase6Regressions.test_atomic_runtime_and_cache_cross_product) ... ok
test_benchmark_plan_and_raw_paired_observers (test_phase6_regressions.Phase6Regressions.test_benchmark_plan_and_raw_paired_observers) ... ok
test_exact_parallel_unittest_prefix_preserves_strict_gates (test_phase6_regressions.Phase6Regressions.test_exact_parallel_unittest_prefix_preserves_strict_gates) ... ok
test_fresh_check_only_cannot_pass_as_complete_regressions (test_phase6_regressions.Phase6Regressions.test_fresh_check_only_cannot_pass_as_complete_regressions) ... ok
test_litmus_histogram_forbidden_outcomes_progress_and_retry_totals (test_phase6_regressions.Phase6Regressions.test_litmus_histogram_forbidden_outcomes_progress_and_retry_totals) ... ok
test_manifest_mutations_and_default_git_validation (test_phase6_regressions.Phase6Regressions.test_manifest_mutations_and_default_git_validation) ... ok
test_complete_failed_and_changed_source_evidence (test_phase6_runner.Phase6Runner.test_complete_failed_and_changed_source_evidence) ... ok
test_existing_output_and_dirty_source_are_nonmutating (test_phase6_runner.Phase6Runner.test_existing_output_and_dirty_source_are_nonmutating) ... ok
test_plan_contains_every_historical_and_new_matrix (test_phase6_runner.Phase6Runner.test_plan_contains_every_historical_and_new_matrix) ... ok
test_exact_final_cpu_dma_clock_identity_and_post_study (test_phase7_closeout.Phase7Closeout.test_exact_final_cpu_dma_clock_identity_and_post_study) ... ok
test_exact_implementation_reference_exporter_and_physical_programming_chain (test_phase7_closeout.Phase7Closeout.test_exact_implementation_reference_exporter_and_physical_programming_chain) ... ok
test_raw_board_log_schedule_boots_stops_and_missing_completion (test_phase7_closeout.Phase7Closeout.test_raw_board_log_schedule_boots_stops_and_missing_completion) ... ok
test_requirement_inventory_manifest_summary_and_no_overwrite (test_phase7_closeout.Phase7Closeout.test_requirement_inventory_manifest_summary_and_no_overwrite) ... ok
test_envelope_source_tools_hashes_plan_and_no_saved_command_execution (test_phase7_regressions.DmaRegressionAudit.test_envelope_source_tools_hashes_plan_and_no_saved_command_execution) ... ok
test_host_test_names_counts_no_skips_and_completion (test_phase7_regressions.DmaRegressionAudit.test_host_test_names_counts_no_skips_and_completion) ... ok
test_linux_runtime_programs_serial_boots_and_denials (test_phase7_regressions.DmaRegressionAudit.test_linux_runtime_programs_serial_boots_and_denials) ... ok
test_raw_paired_benchmarks_and_fixed_plans (test_phase7_regressions.DmaRegressionAudit.test_raw_paired_benchmarks_and_fixed_plans) ... ok
test_real_hart_runtime_reset_sequence_and_totals (test_phase7_regressions.DmaRegressionAudit.test_real_hart_runtime_reset_sequence_and_totals) ... ok
test_unit_seed_geometry_protocol_and_carry_gates (test_phase7_regressions.DmaRegressionAudit.test_unit_seed_geometry_protocol_and_carry_gates) ... ok
test_dirty_existing_and_symlink_targets_are_nonmutating (test_phase7_runner.Phase7Runner.test_dirty_existing_and_symlink_targets_are_nonmutating) ... ok
test_fixed_supplement_does_not_replace_historical_plan (test_phase7_runner.Phase7Runner.test_fixed_supplement_does_not_replace_historical_plan) ... ok
test_success_failure_silent_failure_source_and_tool_changes (test_phase7_runner.Phase7Runner.test_success_failure_silent_failure_source_and_tool_changes) ... ok
test_capture_warm_boot_stop_and_failure_preservation (test_pynq_coherent.PhysicalCollector.test_capture_warm_boot_stop_and_failure_preservation) ... ok
test_invalid_inputs_are_nonmutating_before_pynq_import (test_pynq_coherent.PhysicalCollector.test_invalid_inputs_are_nonmutating_before_pynq_import) ... ok
test_isolated_shipping_manifest_contains_transitive_imports (test_pynq_coherent.PhysicalCollector.test_isolated_shipping_manifest_contains_transitive_imports) ... ok
test_loaded_overlay_guard_and_firmware_recheck_before_writes (test_pynq_coherent.PhysicalCollector.test_loaded_overlay_guard_and_firmware_recheck_before_writes) ... ok
test_reference_hardware_compatibility (test_pynq_coherent.PhysicalCollector.test_reference_hardware_compatibility) ... ok
test_batch_audit_mutations (test_pynq_coherent_study.PhysicalStudy.test_batch_audit_mutations) ... ok
test_capture_failure_no_overwrite_and_pcapi_sequence (test_pynq_coherent_study.PhysicalStudy.test_capture_failure_no_overwrite_and_pcapi_sequence) ... ok
test_isolated_package_and_one_switch_schedule (test_pynq_coherent_study.PhysicalStudy.test_isolated_package_and_one_switch_schedule) ... ok
test_changed_preflight_inputs_and_second_guard_are_nonmutating (test_pynq_dma.PynqDma.test_changed_preflight_inputs_and_second_guard_are_nonmutating) ... ok
test_invalid_inputs_do_not_import_board_api (test_pynq_dma.PynqDma.test_invalid_inputs_do_not_import_board_api) ... ok
test_isolated_shipping_closure_never_imports_pynq (test_pynq_dma.PynqDma.test_isolated_shipping_closure_never_imports_pynq) ... ok
test_no_download_reuses_only_exact_idle_dma_image (test_pynq_dma.PynqDma.test_no_download_reuses_only_exact_idle_dma_image) ... ok
test_physical_configuration_and_hardware_source_contract (test_pynq_dma.PynqDma.test_physical_configuration_and_hardware_source_contract) ... ok
test_previous_guard_rejects_changes_without_writes_or_download (test_pynq_dma.PynqDma.test_previous_guard_rejects_changes_without_writes_or_download) ... ok
test_real_boot_flow_frozen_dma_and_safe_failure_cleanup (test_pynq_dma.PynqDma.test_real_boot_flow_frozen_dma_and_safe_failure_cleanup) ... ok
test_both_programs_cache_modes_boots_and_failure_cleanup (test_pynq_dma_functional.PhysicalDmaFunctional.test_both_programs_cache_modes_boots_and_failure_cleanup) ... ok
test_guard_and_recheck_prevent_unrelated_writes (test_pynq_dma_functional.PhysicalDmaFunctional.test_guard_and_recheck_prevent_unrelated_writes) ... ok
test_offline_preflight_and_isolated_source_closure (test_pynq_dma_functional.PhysicalDmaFunctional.test_offline_preflight_and_isolated_source_closure) ... ok
test_reuse_same_idle_image_and_no_overwrite (test_pynq_dma_functional.PhysicalDmaFunctional.test_reuse_same_idle_image_and_no_overwrite) ... ok
test_audit_coverage_summary_hashes_and_rehashed_sequence_mutations (test_pynq_dma_study.PhysicalDmaStudy.test_audit_coverage_summary_hashes_and_rehashed_sequence_mutations) ... ok
test_capture_all_cases_hash_chain_and_partial_failure_retention (test_pynq_dma_study.PhysicalDmaStudy.test_capture_all_cases_hash_chain_and_partial_failure_retention) ... ok
test_full_plan_and_isolated_imports (test_pynq_dma_study.PhysicalDmaStudy.test_full_plan_and_isolated_imports) ... ok
test_both_programs_caches_boots_cleanup_and_failures (test_pynq_functional.FunctionalCollector.test_both_programs_caches_boots_cleanup_and_failures) ... ok
test_invalid_options_and_preflight_do_not_import_pynq (test_pynq_functional.FunctionalCollector.test_invalid_options_and_preflight_do_not_import_pynq) ... ok
test_isolated_functional_package (test_pynq_functional.FunctionalCollector.test_isolated_functional_package) ... ok
test_coherent_isa_cache_and_reset_abi_must_match (test_pynq_handoff.HandoffSafety.test_coherent_isa_cache_and_reset_abi_must_match) ... ok
test_dot8_is_explicit_and_legacy_loaders_reject_it (test_pynq_handoff.HandoffSafety.test_dot8_is_explicit_and_legacy_loaders_reject_it) ... ok
test_missing_and_duplicate_modules_parameters_ports (test_pynq_handoff.HandoffSafety.test_missing_and_duplicate_modules_parameters_ports) ... ok
test_multicore_map_must_match_requested_harts (test_pynq_handoff.HandoffSafety.test_multicore_map_must_match_requested_harts) ... ok
test_mutated_exports_fail_closed (test_pynq_handoff.HandoffSafety.test_mutated_exports_fail_closed) ... ok
test_original_active_low_auxiliary_tied_zero_is_rejected (test_pynq_handoff.HandoffSafety.test_original_active_low_auxiliary_tied_zero_is_rejected) ... ok
test_valid_export (test_pynq_handoff.HandoffSafety.test_valid_export) ... ok
test_captured_reports_and_rejected_mutations (test_pynq_results.PhysicalResults.test_captured_reports_and_rejected_mutations) ... ok
test_owned_environment_does_not_imply_privileged_core (test_riscv_reference.UpstreamReference.test_owned_environment_does_not_imply_privileged_core) ... ok
test_pinned_complete_subset (test_riscv_reference.UpstreamReference.test_pinned_complete_subset) ... ok
test_bad_cli_preflight_never_imports_board_api (test_run_pynq.CollectorChecks.test_bad_cli_preflight_never_imports_board_api) ... ok
test_exact_runtime_and_complete_parallel_streams (test_run_pynq.CollectorChecks.test_exact_runtime_and_complete_parallel_streams) ... ok
test_lifetime_counter_rollover (test_run_pynq.CollectorChecks.test_lifetime_counter_rollover) ... ok

----------------------------------------------------------------------
Ran 163 tests in 53.576s

OK
RUNTIME PASS
RUNTIME PASS
PASS: RUNTIME PASS (2 boot(s))
MEMORY MAP PASS
PASS: MEMORY MAP PASS (1 boot(s))
Trap case 0
TRAP ARMED
TRAP ARMED
PASS: TRAP ARMED (2 boot(s))
Trap case 1
TRAP ARMED
TRAP ARMED
PASS: TRAP ARMED (2 boot(s))
Trap case 2
TRAP ARMED
TRAP ARMED
PASS: TRAP ARMED (2 boot(s))
Trap case 3
TRAP ARMED
TRAP ARMED
PASS: TRAP ARMED (2 boot(s))
Trap case 4
RV32IM PASS
PASS: RV32IM PASS (1 boot(s))
TRAP ARMED
TRAP ARMED
PASS: TRAP ARMED (2 boot(s))
Trap case 5
TRAP ARMED
TRAP ARMED
PASS: TRAP ARMED (2 boot(s))
Trap case 6
TRAP ARMED
TRAP ARMED
PASS: TRAP ARMED (2 boot(s))
Trap case 7
TRAP ARMED
TRAP ARMED
PASS: TRAP ARMED (2 boot(s))
Trap case 8
TRAP ARMED
TRAP ARMED
PASS: TRAP ARMED (2 boot(s))
Trap case 9
TRAP ARMED
TRAP ARMED
PASS: TRAP ARMED (2 boot(s))
Trap case 10
TRAP ARMED
TRAP ARMED
PASS: TRAP ARMED (2 boot(s))
Trap case 11
TRAP ARMED
TRAP ARMED
PASS: TRAP ARMED (2 boot(s))
test_board_output_validation_uses_strict_parser (test_asterbench.ResultProvenance.test_board_output_validation_uses_strict_parser) ... ok
test_comparison_contract (test_asterbench.ResultProvenance.test_comparison_contract) ... ok
test_required_provenance (test_asterbench.ResultProvenance.test_required_provenance) ... ok
test_serial_and_typed_record_must_agree (test_asterbench.ResultProvenance.test_serial_and_typed_record_must_agree) ... ok
test_common_corpus (test_asterbench.StrictRecords.test_common_corpus) ... ok
test_counter_and_payload_maintenance_mutations (test_asterbench_dma.DmaRecordTests.test_counter_and_payload_maintenance_mutations) ... ok
test_fixed_sizes_alignments_caches_pairs (test_asterbench_dma.DmaRecordTests.test_fixed_sizes_alignments_caches_pairs) ... ok
test_full_stream_order_configuration_and_ack_history (test_asterbench_dma.DmaRecordTests.test_full_stream_order_configuration_and_ack_history) ... ok
test_independent_cpp_python_parity_mutation_corpus (test_asterbench_dma.DmaRecordTests.test_independent_cpp_python_parity_mutation_corpus) ... ok
test_independent_known_bytes_and_chunk_counts (test_asterbench_dma.DmaRecordTests.test_independent_known_bytes_and_chunk_counts) ... ok
test_missing_unknown_duplicate_and_truncated_fields (test_asterbench_dma.DmaRecordTests.test_missing_unknown_duplicate_and_truncated_fields) ... ok
test_numeric_domain_and_typed_boolean_rejection (test_asterbench_dma.DmaRecordTests.test_numeric_domain_and_typed_boolean_rejection) ... ok
test_output_and_guard_corruption (test_asterbench_dma.DmaRecordTests.test_output_and_guard_corruption) ... ok
test_slowdowns_and_zero_bandwidth_not_hidden (test_asterbench_dma.DmaRecordTests.test_slowdowns_and_zero_bandwidth_not_hidden) ... ok
test_wrong_identity_topology_abi_buffers_and_driver (test_asterbench_dma.DmaRecordTests.test_wrong_identity_topology_abi_buffers_and_driver) ... ok
test_all_predeclared_sizes_alignments_orders_and_slowdowns (test_asterbench_dot8.Dot8Records.test_all_predeclared_sizes_alignments_orders_and_slowdowns) ... ok
test_each_saved_word_and_full_buffers_are_bound (test_asterbench_dot8.Dot8Records.test_each_saved_word_and_full_buffers_are_bound) ... ok
test_every_required_field_missing_duplicate_wrong_type (test_asterbench_dot8.Dot8Records.test_every_required_field_missing_duplicate_wrong_type) ... ok
test_exact_events_metadata_and_payload_mutations (test_asterbench_dot8.Dot8Records.test_exact_events_metadata_and_payload_mutations) ... ok
test_frozen_study_shape_count (test_asterbench_dot8.Dot8Records.test_frozen_study_shape_count) ... ok
test_raw_stream_boundaries_and_legacy_rejection (test_asterbench_dot8.Dot8Records.test_raw_stream_boundaries_and_legacy_rejection) ... ok
test_reference_against_signed_struct_unpack_and_matrix_indices (test_asterbench_dot8.Dot8Records.test_reference_against_signed_struct_unpack_and_matrix_indices) ... ok
test_simulation_full_sequence_and_each_line_removal_reorder_repeat (test_asterbench_dot8.Dot8Records.test_simulation_full_sequence_and_each_line_removal_reorder_repeat) ... ok
test_stop_exact_fields_types_counts_and_json_duplicates (test_asterbench_dot8.Dot8Records.test_stop_exact_fields_types_counts_and_json_duplicates) ... ok
test_bad_options_and_known_references (test_cache_experiments.CacheExperiments.test_bad_options_and_known_references) ... ok
test_missing_experiment_rejected (test_cache_experiments.CacheExperiments.test_missing_experiment_rejected) ... ok
test_pattern_kernels_and_data_addresses_match (test_cache_experiments.CacheExperiments.test_pattern_kernels_and_data_addresses_match) ... make[2]: warning: jobserver unavailable: using -j1.  Add '+' to parent make rule.
make[2]: warning: jobserver unavailable: using -j1.  Add '+' to parent make rule.
make[2]: warning: jobserver unavailable: using -j1.  Add '+' to parent make rule.
make[2]: warning: jobserver unavailable: using -j1.  Add '+' to parent make rule.
make[2]: warning: jobserver unavailable: using -j1.  Add '+' to parent make rule.
make[2]: warning: jobserver unavailable: using -j1.  Add '+' to parent make rule.
make[2]: warning: jobserver unavailable: using -j1.  Add '+' to parent make rule.
make[2]: warning: jobserver unavailable: using -j1.  Add '+' to parent make rule.
make[2]: warning: jobserver unavailable: using -j1.  Add '+' to parent make rule.
make[2]: warning: jobserver unavailable: using -j1.  Add '+' to parent make rule.
make[2]: warning: jobserver unavailable: using -j1.  Add '+' to parent make rule.
make[2]: warning: jobserver unavailable: using -j1.  Add '+' to parent make rule.
make[2]: warning: jobserver unavailable: using -j1.  Add '+' to parent make rule.
make[2]: warning: jobserver unavailable: using -j1.  Add '+' to parent make rule.
make[2]: warning: jobserver unavailable: using -j1.  Add '+' to parent make rule.
make[2]: warning: jobserver unavailable: using -j1.  Add '+' to parent make rule.
make[2]: warning: jobserver unavailable: using -j1.  Add '+' to parent make rule.
make[2]: warning: jobserver unavailable: using -j1.  Add '+' to parent make rule.
make[2]: warning: jobserver unavailable: using -j1.  Add '+' to parent make rule.
make[2]: warning: jobserver unavailable: using -j1.  Add '+' to parent make rule.
ok
test_plan_covers_all_readme_experiments (test_cache_experiments.CacheExperiments.test_plan_covers_all_readme_experiments) ... ok
test_study_audit_rejects_corruption (test_cache_experiments.CacheExperiments.test_study_audit_rejects_corruption) ... ok
test_artifact_hashes_and_readonly_ram_oracle (test_coherent_bench.CoherentProvenance.test_artifact_hashes_and_readonly_ram_oracle) ... ok
test_capture_envelope_mutations (test_coherent_bench.CoherentProvenance.test_capture_envelope_mutations) ... ok
test_complete_revision_source_manifest (test_coherent_bench.CoherentProvenance.test_complete_revision_source_manifest) ... ok
test_elf_binding_rejects_truncation_wrong_machine_and_symbols (test_coherent_bench.CoherentProvenance.test_elf_binding_rejects_truncation_wrong_machine_and_symbols) ... ok
test_boot_invariants_reuse_validated_streams (test_coherent_bench.CoherentRecords.test_boot_invariants_reuse_validated_streams) ... ok
test_full_log_requires_observed_jobs_and_stop (test_coherent_bench.CoherentRecords.test_full_log_requires_observed_jobs_and_stop) ... ok
test_observation_and_snapshot_mutations (test_coherent_bench.CoherentRecords.test_observation_and_snapshot_mutations) ... ok
test_python_cpp_mutation_corpus (test_coherent_bench.CoherentRecords.test_python_cpp_mutation_corpus) ... ok
test_stream_and_reference_scaling (test_coherent_bench.CoherentRecords.test_stream_and_reference_scaling) ... ok
test_fault_diagnostics_and_lifetime_counter (test_coherent_bridge.CoherentHostProtocol.test_fault_diagnostics_and_lifetime_counter) ... ok
test_identity_and_configuration_before_any_write (test_coherent_bridge.CoherentHostProtocol.test_identity_and_configuration_before_any_write) ... ok
test_invalid_timeout_and_configuration (test_coherent_bridge.CoherentHostProtocol.test_invalid_timeout_and_configuration) ... ok
test_load_drains_before_boot_words (test_coherent_bridge.CoherentHostProtocol.test_load_drains_before_boot_words) ... ok
test_malformed_input_does_not_even_stop (test_coherent_bridge.CoherentHostProtocol.test_malformed_input_does_not_even_stop) ... ok
test_ram_requires_acknowledgement_and_is_read_only (test_coherent_bridge.CoherentHostProtocol.test_ram_requires_acknowledgement_and_is_read_only) ... ok
test_timeout_does_not_proceed_to_boot (test_coherent_bridge.CoherentHostProtocol.test_timeout_does_not_proceed_to_boot) ... ok
test_capture_refuses_dirty_or_existing_output_without_changes (test_coherent_functional.FunctionalReference.test_capture_refuses_dirty_or_existing_output_without_changes) ... ok
test_complete_artifact_and_semantic_mutations (test_coherent_functional.FunctionalReference.test_complete_artifact_and_semantic_mutations) ... ok
test_profiles_and_every_independent_ram_word (test_coherent_functional.FunctionalReference.test_profiles_and_every_independent_ram_word) ... ok
test_full_offline_package_and_manifest_mutations (test_coherent_overlay.CoherentOverlay.test_full_offline_package_and_manifest_mutations) ... ok
test_routed_reset_signoff_and_rehashed_failures (test_coherent_overlay.CoherentOverlay.test_routed_reset_signoff_and_rehashed_failures) ... ok
test_capture_fresh_repeat_failure_and_no_overwrite (test_coherent_study.CoherentStudy.test_capture_fresh_repeat_failure_and_no_overwrite) ... ok
test_fixed_plan_and_honest_slowdown_aggregation (test_coherent_study.CoherentStudy.test_fixed_plan_and_honest_slowdown_aggregation) ... ok
test_readonly_audit_rejects_batch_mutations (test_coherent_study.CoherentStudy.test_readonly_audit_rejects_batch_mutations) ... ok
test_busy_counting_mutation_and_stopped_residue (test_dma_bridge.DmaHostTests.test_busy_counting_mutation_and_stopped_residue) ... ok
test_complete_identity_before_any_write (test_dma_bridge.DmaHostTests.test_complete_identity_before_any_write) ... ok
test_hwh_explicit_dma_identity_preserves_old_results (test_dma_bridge.DmaHostTests.test_hwh_explicit_dma_identity_preserves_old_results) ... ok
test_idle_frozen_snapshot_actual_64bit_values (test_dma_bridge.DmaHostTests.test_idle_frozen_snapshot_actual_64bit_values) ... ok
test_inherited_lifecycle_and_no_descriptor_writes (test_dma_bridge.DmaHostTests.test_inherited_lifecycle_and_no_descriptor_writes) ... ok
test_actual_functional_layout_and_distinct_profiles (test_dma_firmware.DmaFirmware.test_actual_functional_layout_and_distinct_profiles) ... ok
test_linux_runner_uses_audited_elf_and_canonical_rom (test_dma_firmware.DmaFirmware.test_linux_runner_uses_audited_elf_and_canonical_rom) ... ok
test_capture_safety (test_dma_functional.DmaFunctional.test_capture_safety) ... ok
test_complete_package_and_rehashed_mutations (test_dma_functional.DmaFunctional.test_complete_package_and_rehashed_mutations) ... ok
test_every_payload_guard_metadata_and_event_word (test_dma_functional.DmaFunctional.test_every_payload_guard_metadata_and_event_word) ... ok
test_independent_totals_and_profiles (test_dma_functional.DmaFunctional.test_independent_totals_and_profiles) ... ok
test_explicit_dma_package_and_unchanged_legacy_gate (test_dma_overlay.DmaOverlay.test_explicit_dma_package_and_unchanged_legacy_gate) ... ok
test_rehashed_dma_identity_and_signoff_mutations (test_dma_overlay.DmaOverlay.test_rehashed_dma_identity_and_signoff_mutations) ... ok
test_symlinks_and_missing_artifacts_rejected (test_dma_overlay.DmaOverlay.test_symlinks_and_missing_artifacts_rejected) ... ok
test_all_raw_events_and_implementation_ownership_mutations (test_dma_results.DmaCaptureTests.test_all_raw_events_and_implementation_ownership_mutations) ... ok
test_capture_missing_extra_and_typed_mutations (test_dma_results.DmaCaptureTests.test_capture_missing_extra_and_typed_mutations) ... ok
test_complete_artifacts_hashes_elf_rom_ram_and_safe_paths (test_dma_results.DmaCaptureTests.test_complete_artifacts_hashes_elf_rom_ram_and_safe_paths) ... ok
test_elf_profiles_and_runner_use_actual_typed_symbols_and_bytes (test_dma_results.DmaCaptureTests.test_elf_profiles_and_runner_use_actual_typed_symbols_and_bytes) ... ok
test_log_order_truncation_failure_and_duplicate_json (test_dma_results.DmaCaptureTests.test_log_order_truncation_failure_and_duplicate_json) ... ok
test_ram_all_metadata_counter_words_and_buffer_bytes (test_dma_results.DmaCaptureTests.test_ram_all_metadata_counter_words_and_buffer_bytes) ... ok
test_real_shape_and_fixed_boundary_configs (test_dma_results.DmaCaptureTests.test_real_shape_and_fixed_boundary_configs) ... ok
test_toolchain_build_and_symbol_mutations (test_dma_results.DmaCaptureTests.test_toolchain_build_and_symbol_mutations) ... ok
test_crossover_keeps_mixed_pairs_slowdowns_ties_reversals (test_dma_study.DmaStudyTests.test_crossover_keeps_mixed_pairs_slowdowns_ties_reversals) ... ok
test_frozen_full_coverage_and_independent_repeat_selection (test_dma_study.DmaStudyTests.test_frozen_full_coverage_and_independent_repeat_selection) ... ok
test_full_read_only_audit_and_manifest_mutations (test_dma_study.DmaStudyTests.test_full_read_only_audit_and_manifest_mutations) ... ok
test_mixed_capture_source_tools_geometry_and_builds (test_dma_study.DmaStudyTests.test_mixed_capture_source_tools_geometry_and_builds) ... ok
test_repeat_must_not_reuse_another_repeat_build (test_dma_study.DmaStudyTests.test_repeat_must_not_reuse_another_repeat_build) ... ok
test_actual_zero_tail_max_elf_rom_and_kernel_encoding (test_dot8_firmware.Dot8Firmware.test_actual_zero_tail_max_elf_rom_and_kernel_encoding) ... ok
test_elf_header_profile_load_and_opcode_mutations (test_dot8_firmware.Dot8Firmware.test_elf_header_profile_load_and_opcode_mutations) ... ok
test_pc_evidence_binds_actual_function_and_custom_instruction (test_dot8_firmware.Dot8Firmware.test_pc_evidence_binds_actual_function_and_custom_instruction) ... ok
test_wrong_rom_and_dimensions_rejected_before_execution (test_dot8_firmware.Dot8Firmware.test_wrong_rom_and_dimensions_rejected_before_execution) ... ok
test_each_private_region_cannot_overflow_its_stack (test_multicore_layout.MulticoreLayout.test_each_private_region_cannot_overflow_its_stack) ... ok
test_rom_limit (test_multicore_layout.MulticoreLayout.test_rom_limit) ... ok
test_shared_initialized_odd_bytes_have_rom_load_image (test_multicore_layout.MulticoreLayout.test_shared_initialized_odd_bytes_have_rom_load_image) ... ok
test_shared_size_and_no_stack_alias (test_multicore_layout.MulticoreLayout.test_shared_size_and_no_stack_alias) ... ok
test_stack_alignment_and_minimum (test_multicore_layout.MulticoreLayout.test_stack_alignment_and_minimum) ... ok
test_comparison_refuses_different_work (test_parallel.ParallelProvenance.test_comparison_refuses_different_work) ... ok
test_required_fields_and_raw_log_binding (test_parallel.ParallelProvenance.test_required_fields_and_raw_log_binding) ... ok
test_complete_job_stream_and_independent_oracle (test_parallel.ParallelRecords.test_complete_job_stream_and_independent_oracle) ... ok
test_python_cpp_malformed_corpus (test_parallel.ParallelRecords.test_python_cpp_malformed_corpus) ... ok
test_known_corners (test_phase1.ArithmeticReference.test_known_corners) ... ok
test_seed_reproducibility (test_phase1.ArithmeticReference.test_seed_reproducibility) ... ok
test_initialized_byte_segment (test_phase1.FirmwareLayout.test_initialized_byte_segment) ... ok
test_rom_overflow (test_phase1.FirmwareLayout.test_rom_overflow) ... ok
test_stack_reservation (test_phase1.FirmwareLayout.test_stack_reservation) ... ok
test_retained_physical_reports_and_mutations (test_phase5_evidence.Phase5Evidence.test_retained_physical_reports_and_mutations) ... ok
test_cross_package_sources_and_physical_programming_chain (test_phase6_closeout.Phase6Closeout.test_cross_package_sources_and_physical_programming_chain) ... ok
test_final_stopped_state_is_exact_and_typed (test_phase6_closeout.Phase6Closeout.test_final_stopped_state_is_exact_and_typed) ... ok
test_requirement_inventory_and_outer_summary_mutations (test_phase6_closeout.Phase6Closeout.test_requirement_inventory_and_outer_summary_mutations) ... ok
test_all_reference_operations_and_original_negative_control (test_phase6_regressions.Phase6Regressions.test_all_reference_operations_and_original_negative_control) ... ok
test_atomic_runtime_and_cache_cross_product (test_phase6_regressions.Phase6Regressions.test_atomic_runtime_and_cache_cross_product) ... ok
test_benchmark_plan_and_raw_paired_observers (test_phase6_regressions.Phase6Regressions.test_benchmark_plan_and_raw_paired_observers) ... ok
test_exact_parallel_unittest_prefix_preserves_strict_gates (test_phase6_regressions.Phase6Regressions.test_exact_parallel_unittest_prefix_preserves_strict_gates) ... ok
test_fresh_check_only_cannot_pass_as_complete_regressions (test_phase6_regressions.Phase6Regressions.test_fresh_check_only_cannot_pass_as_complete_regressions) ... ok
test_litmus_histogram_forbidden_outcomes_progress_and_retry_totals (test_phase6_regressions.Phase6Regressions.test_litmus_histogram_forbidden_outcomes_progress_and_retry_totals) ... ok
test_manifest_mutations_and_default_git_validation (test_phase6_regressions.Phase6Regressions.test_manifest_mutations_and_default_git_validation) ... ok
test_complete_failed_and_changed_source_evidence (test_phase6_runner.Phase6Runner.test_complete_failed_and_changed_source_evidence) ... ok
test_existing_output_and_dirty_source_are_nonmutating (test_phase6_runner.Phase6Runner.test_existing_output_and_dirty_source_are_nonmutating) ... ok
test_plan_contains_every_historical_and_new_matrix (test_phase6_runner.Phase6Runner.test_plan_contains_every_historical_and_new_matrix) ... ok
test_exact_final_cpu_dma_clock_identity_and_post_study (test_phase7_closeout.Phase7Closeout.test_exact_final_cpu_dma_clock_identity_and_post_study) ... ok
test_exact_implementation_reference_exporter_and_physical_programming_chain (test_phase7_closeout.Phase7Closeout.test_exact_implementation_reference_exporter_and_physical_programming_chain) ... ok
test_raw_board_log_schedule_boots_stops_and_missing_completion (test_phase7_closeout.Phase7Closeout.test_raw_board_log_schedule_boots_stops_and_missing_completion) ... ok
test_requirement_inventory_manifest_summary_and_no_overwrite (test_phase7_closeout.Phase7Closeout.test_requirement_inventory_manifest_summary_and_no_overwrite) ... ok
test_envelope_source_tools_hashes_plan_and_no_saved_command_execution (test_phase7_regressions.DmaRegressionAudit.test_envelope_source_tools_hashes_plan_and_no_saved_command_execution) ... ok
test_host_test_names_counts_no_skips_and_completion (test_phase7_regressions.DmaRegressionAudit.test_host_test_names_counts_no_skips_and_completion) ... ok
test_linux_runtime_programs_serial_boots_and_denials (test_phase7_regressions.DmaRegressionAudit.test_linux_runtime_programs_serial_boots_and_denials) ... ok
test_raw_paired_benchmarks_and_fixed_plans (test_phase7_regressions.DmaRegressionAudit.test_raw_paired_benchmarks_and_fixed_plans) ... ok
test_real_hart_runtime_reset_sequence_and_totals (test_phase7_regressions.DmaRegressionAudit.test_real_hart_runtime_reset_sequence_and_totals) ... ok
test_unit_seed_geometry_protocol_and_carry_gates (test_phase7_regressions.DmaRegressionAudit.test_unit_seed_geometry_protocol_and_carry_gates) ... ok
test_dirty_existing_and_symlink_targets_are_nonmutating (test_phase7_runner.Phase7Runner.test_dirty_existing_and_symlink_targets_are_nonmutating) ... ok
test_fixed_supplement_does_not_replace_historical_plan (test_phase7_runner.Phase7Runner.test_fixed_supplement_does_not_replace_historical_plan) ... ok
test_success_failure_silent_failure_source_and_tool_changes (test_phase7_runner.Phase7Runner.test_success_failure_silent_failure_source_and_tool_changes) ... ok
test_capture_warm_boot_stop_and_failure_preservation (test_pynq_coherent.PhysicalCollector.test_capture_warm_boot_stop_and_failure_preservation) ... ok
test_invalid_inputs_are_nonmutating_before_pynq_import (test_pynq_coherent.PhysicalCollector.test_invalid_inputs_are_nonmutating_before_pynq_import) ... ok
test_isolated_shipping_manifest_contains_transitive_imports (test_pynq_coherent.PhysicalCollector.test_isolated_shipping_manifest_contains_transitive_imports) ... ok
test_loaded_overlay_guard_and_firmware_recheck_before_writes (test_pynq_coherent.PhysicalCollector.test_loaded_overlay_guard_and_firmware_recheck_before_writes) ... ok
test_reference_hardware_compatibility (test_pynq_coherent.PhysicalCollector.test_reference_hardware_compatibility) ... ok
test_batch_audit_mutations (test_pynq_coherent_study.PhysicalStudy.test_batch_audit_mutations) ... ok
test_capture_failure_no_overwrite_and_pcapi_sequence (test_pynq_coherent_study.PhysicalStudy.test_capture_failure_no_overwrite_and_pcapi_sequence) ... ok
test_isolated_package_and_one_switch_schedule (test_pynq_coherent_study.PhysicalStudy.test_isolated_package_and_one_switch_schedule) ... ok
test_changed_preflight_inputs_and_second_guard_are_nonmutating (test_pynq_dma.PynqDma.test_changed_preflight_inputs_and_second_guard_are_nonmutating) ... ok
test_invalid_inputs_do_not_import_board_api (test_pynq_dma.PynqDma.test_invalid_inputs_do_not_import_board_api) ... ok
test_isolated_shipping_closure_never_imports_pynq (test_pynq_dma.PynqDma.test_isolated_shipping_closure_never_imports_pynq) ... ok
test_no_download_reuses_only_exact_idle_dma_image (test_pynq_dma.PynqDma.test_no_download_reuses_only_exact_idle_dma_image) ... ok
test_physical_configuration_and_hardware_source_contract (test_pynq_dma.PynqDma.test_physical_configuration_and_hardware_source_contract) ... ok
test_previous_guard_rejects_changes_without_writes_or_download (test_pynq_dma.PynqDma.test_previous_guard_rejects_changes_without_writes_or_download) ... ok
test_real_boot_flow_frozen_dma_and_safe_failure_cleanup (test_pynq_dma.PynqDma.test_real_boot_flow_frozen_dma_and_safe_failure_cleanup) ... ok
test_both_programs_cache_modes_boots_and_failure_cleanup (test_pynq_dma_functional.PhysicalDmaFunctional.test_both_programs_cache_modes_boots_and_failure_cleanup) ... ok
test_guard_and_recheck_prevent_unrelated_writes (test_pynq_dma_functional.PhysicalDmaFunctional.test_guard_and_recheck_prevent_unrelated_writes) ... ok
test_offline_preflight_and_isolated_source_closure (test_pynq_dma_functional.PhysicalDmaFunctional.test_offline_preflight_and_isolated_source_closure) ... ok
test_reuse_same_idle_image_and_no_overwrite (test_pynq_dma_functional.PhysicalDmaFunctional.test_reuse_same_idle_image_and_no_overwrite) ... ok
test_audit_coverage_summary_hashes_and_rehashed_sequence_mutations (test_pynq_dma_study.PhysicalDmaStudy.test_audit_coverage_summary_hashes_and_rehashed_sequence_mutations) ... ok
test_capture_all_cases_hash_chain_and_partial_failure_retention (test_pynq_dma_study.PhysicalDmaStudy.test_capture_all_cases_hash_chain_and_partial_failure_retention) ... ok
test_full_plan_and_isolated_imports (test_pynq_dma_study.PhysicalDmaStudy.test_full_plan_and_isolated_imports) ... ok
test_both_programs_caches_boots_cleanup_and_failures (test_pynq_functional.FunctionalCollector.test_both_programs_caches_boots_cleanup_and_failures) ... ok
test_invalid_options_and_preflight_do_not_import_pynq (test_pynq_functional.FunctionalCollector.test_invalid_options_and_preflight_do_not_import_pynq) ... ok
test_isolated_functional_package (test_pynq_functional.FunctionalCollector.test_isolated_functional_package) ... ok
test_coherent_isa_cache_and_reset_abi_must_match (test_pynq_handoff.HandoffSafety.test_coherent_isa_cache_and_reset_abi_must_match) ... ok
test_dot8_is_explicit_and_legacy_loaders_reject_it (test_pynq_handoff.HandoffSafety.test_dot8_is_explicit_and_legacy_loaders_reject_it) ... ok
test_missing_and_duplicate_modules_parameters_ports (test_pynq_handoff.HandoffSafety.test_missing_and_duplicate_modules_parameters_ports) ... ok
test_multicore_map_must_match_requested_harts (test_pynq_handoff.HandoffSafety.test_multicore_map_must_match_requested_harts) ... ok
test_mutated_exports_fail_closed (test_pynq_handoff.HandoffSafety.test_mutated_exports_fail_closed) ... ok
test_original_active_low_auxiliary_tied_zero_is_rejected (test_pynq_handoff.HandoffSafety.test_original_active_low_auxiliary_tied_zero_is_rejected) ... ok
test_valid_export (test_pynq_handoff.HandoffSafety.test_valid_export) ... ok
test_captured_reports_and_rejected_mutations (test_pynq_results.PhysicalResults.test_captured_reports_and_rejected_mutations) ... ok
test_owned_environment_does_not_imply_privileged_core (test_riscv_reference.UpstreamReference.test_owned_environment_does_not_imply_privileged_core) ... ok
test_pinned_complete_subset (test_riscv_reference.UpstreamReference.test_pinned_complete_subset) ... ok
test_bad_cli_preflight_never_imports_board_api (test_run_pynq.CollectorChecks.test_bad_cli_preflight_never_imports_board_api) ... ok
test_exact_runtime_and_complete_parallel_streams (test_run_pynq.CollectorChecks.test_exact_runtime_and_complete_parallel_streams) ... ok
test_lifetime_counter_rollover (test_run_pynq.CollectorChecks.test_lifetime_counter_rollover) ... ok

----------------------------------------------------------------------
Ran 163 tests in 52.439s

OK
mkdir -p /tmp/aster-phase8-legacy-regressions-5b9c175/build/soc_l11_sync1_wait1_w4_n16
verilator --cc --exe --build --timing --Wall --Wno-fatal \
	-DRISCV_FORMAL --Wno-DECLFILENAME --Wno-GENUNNAMED --Wno-UNUSEDSIGNAL --Wno-BLKSEQ --top-module aster_minimal \
	"-GENABLE_L1=1'b1" "-GSYNC_MEMORY=1'b1" \
	-GMEMORY_WAIT_CYCLES=1 -GL1_LINE_WORDS=4 -GL1_LINE_COUNT=16 \
	--Mdir /tmp/aster-phase8-legacy-regressions-5b9c175/build/soc_l11_sync1_wait1_w4_n16/obj -o /tmp/aster-phase8-legacy-regressions-5b9c175/build/soc_l11_sync1_wait1_w4_n16/aster_soc_sim \
	/tmp/aster-phase8-verified-source-x5U6xF/rtl/core/aster_picorv32.sv /tmp/aster-phase8-verified-source-x5U6xF/vendor/picorv32/picorv32.v /tmp/aster-phase8-verified-source-x5U6xF/rtl/cache/aster_l1_cache.sv /tmp/aster-phase8-verified-source-x5U6xF/rtl/memory/aster_rom.sv /tmp/aster-phase8-verified-source-x5U6xF/rtl/memory/aster_ram.sv /tmp/aster-phase8-verified-source-x5U6xF/rtl/peripherals/aster_uart.sv /tmp/aster-phase8-verified-source-x5U6xF/rtl/peripherals/aster_perf_counters.sv /tmp/aster-phase8-verified-source-x5U6xF/rtl/core/aster_hart.sv /tmp/aster-phase8-verified-source-x5U6xF/rtl/soc/aster_minimal.sv \
	/tmp/aster-phase8-verified-source-x5U6xF/verification/soc/tb_aster_soc.cpp
test_board_output_validation_uses_strict_parser (test_asterbench.ResultProvenance.test_board_output_validation_uses_strict_parser) ... ok
test_comparison_contract (test_asterbench.ResultProvenance.test_comparison_contract) ... ok
test_required_provenance (test_asterbench.ResultProvenance.test_required_provenance) ... ok
test_serial_and_typed_record_must_agree (test_asterbench.ResultProvenance.test_serial_and_typed_record_must_agree) ... ok
test_common_corpus (test_asterbench.StrictRecords.test_common_corpus) ... make[2]: warning: jobserver unavailable: using -j1.  Add '+' to parent make rule.
g++  -I.  -MMD -I/home/elfo/tools/verilator/root/include -I/home/elfo/tools/verilator/root/include/vltstd -DVM_COVERAGE=0 -DVM_SC=0 -DVM_TRACE=0 -DVM_TRACE_FST=0 -DVM_TRACE_VCD=0 -faligned-new -fcf-protection=none -Wno-bool-operation -Wno-overloaded-virtual -Wno-shadow -Wno-sign-compare -Wno-uninitialized -Wno-unused-but-set-parameter -Wno-unused-but-set-variable -Wno-unused-parameter -Wno-unused-variable       -Os -c -o tb_aster_soc.o /tmp/aster-phase8-verified-source-x5U6xF/verification/soc/tb_aster_soc.cpp
g++ -Os  -I.  -MMD -I/home/elfo/tools/verilator/root/include -I/home/elfo/tools/verilator/root/include/vltstd -DVM_COVERAGE=0 -DVM_SC=0 -DVM_TRACE=0 -DVM_TRACE_FST=0 -DVM_TRACE_VCD=0 -faligned-new -fcf-protection=none -Wno-bool-operation -Wno-overloaded-virtual -Wno-shadow -Wno-sign-compare -Wno-uninitialized -Wno-unused-but-set-parameter -Wno-unused-but-set-variable -Wno-unused-parameter -Wno-unused-variable       -c -o verilated.o /home/elfo/tools/verilator/root/include/verilated.cpp
g++ -Os  -I.  -MMD -I/home/elfo/tools/verilator/root/include -I/home/elfo/tools/verilator/root/include/vltstd -DVM_COVERAGE=0 -DVM_SC=0 -DVM_TRACE=0 -DVM_TRACE_FST=0 -DVM_TRACE_VCD=0 -faligned-new -fcf-protection=none -Wno-bool-operation -Wno-overloaded-virtual -Wno-shadow -Wno-sign-compare -Wno-uninitialized -Wno-unused-but-set-parameter -Wno-unused-but-set-variable -Wno-unused-parameter -Wno-unused-variable       -c -o verilated_threads.o /home/elfo/tools/verilator/root/include/verilated_threads.cpp
ok
test_counter_and_payload_maintenance_mutations (test_asterbench_dma.DmaRecordTests.test_counter_and_payload_maintenance_mutations) ... ok
test_fixed_sizes_alignments_caches_pairs (test_asterbench_dma.DmaRecordTests.test_fixed_sizes_alignments_caches_pairs) ... /usr/bin/python3 /home/elfo/tools/verilator/root/bin/verilator_includer -DVL_INCLUDE_OPT=include Vaster_minimal.cpp Vaster_minimal___024root__DepSet_h32747b0f__0.cpp Vaster_minimal___024root__DepSet_h1d8fc093__0.cpp Vaster_minimal___024root__Slow.cpp Vaster_minimal___024root__DepSet_h32747b0f__0__Slow.cpp Vaster_minimal___024root__DepSet_h1d8fc093__0__Slow.cpp Vaster_minimal__Syms.cpp > Vaster_minimal__ALL.cpp
g++ -Os  -I.  -MMD -I/home/elfo/tools/verilator/root/include -I/home/elfo/tools/verilator/root/include/vltstd -DVM_COVERAGE=0 -DVM_SC=0 -DVM_TRACE=0 -DVM_TRACE_FST=0 -DVM_TRACE_VCD=0 -faligned-new -fcf-protection=none -Wno-bool-operation -Wno-overloaded-virtual -Wno-shadow -Wno-sign-compare -Wno-uninitialized -Wno-unused-but-set-parameter -Wno-unused-but-set-variable -Wno-unused-parameter -Wno-unused-variable       -c -o Vaster_minimal__ALL.o Vaster_minimal__ALL.cpp
ok
test_full_stream_order_configuration_and_ack_history (test_asterbench_dma.DmaRecordTests.test_full_stream_order_configuration_and_ack_history) ... ok
test_independent_cpp_python_parity_mutation_corpus (test_asterbench_dma.DmaRecordTests.test_independent_cpp_python_parity_mutation_corpus) ... echo "" > Vaster_minimal__ALL.verilator_deplist.tmp
Archive ar -rcs Vaster_minimal__ALL.a Vaster_minimal__ALL.o
g++     tb_aster_soc.o verilated.o verilated_threads.o Vaster_minimal__ALL.a    -pthread -lpthread -latomic   -o /tmp/aster-phase8-legacy-regressions-5b9c175/build/soc_l11_sync1_wait1_w4_n16/aster_soc_sim
rm Vaster_minimal__ALL.verilator_deplist.tmp
RV32IM PASS
PASS: RV32IM PASS (1 boot(s))
RUNTIME PASS
RUNTIME PASS
PASS: RUNTIME PASS (2 boot(s))
MEMORY MAP PASS
PASS: MEMORY MAP PASS (1 boot(s))
Trap case 0
TRAP ARMED
TRAP ARMED
PASS: TRAP ARMED (2 boot(s))
Trap case 1
TRAP ARMED
TRAP ARMED
PASS: TRAP ARMED (2 boot(s))
Trap case 2
TRAP ARMED
TRAP ARMED
PASS: TRAP ARMED (2 boot(s))
Trap case 3
TRAP ARMED
TRAP ARMED
PASS: TRAP ARMED (2 boot(s))
Trap case 4
TRAP ARMED
TRAP ARMED
PASS: TRAP ARMED (2 boot(s))
Trap case 5
TRAP ARMED
TRAP ARMED
PASS: TRAP ARMED (2 boot(s))
Trap case 6
TRAP ARMED
TRAP ARMED
PASS: TRAP ARMED (2 boot(s))
Trap case 7
TRAP ARMED
TRAP ARMED
PASS: TRAP ARMED (2 boot(s))
Trap case 8
TRAP ARMED
TRAP ARMED
PASS: TRAP ARMED (2 boot(s))
Trap case 9
TRAP ARMED
TRAP ARMED
PASS: TRAP ARMED (2 boot(s))
Trap case 10
TRAP ARMED
TRAP ARMED
PASS: TRAP ARMED (2 boot(s))
Trap case 11
TRAP ARMED
TRAP ARMED
PASS: TRAP ARMED (2 boot(s))
ok
test_independent_known_bytes_and_chunk_counts (test_asterbench_dma.DmaRecordTests.test_independent_known_bytes_and_chunk_counts) ... ok
test_missing_unknown_duplicate_and_truncated_fields (test_asterbench_dma.DmaRecordTests.test_missing_unknown_duplicate_and_truncated_fields) ... ok
test_numeric_domain_and_typed_boolean_rejection (test_asterbench_dma.DmaRecordTests.test_numeric_domain_and_typed_boolean_rejection) ... ok
test_output_and_guard_corruption (test_asterbench_dma.DmaRecordTests.test_output_and_guard_corruption) ... ok
test_slowdowns_and_zero_bandwidth_not_hidden (test_asterbench_dma.DmaRecordTests.test_slowdowns_and_zero_bandwidth_not_hidden) ... ok
test_wrong_identity_topology_abi_buffers_and_driver (test_asterbench_dma.DmaRecordTests.test_wrong_identity_topology_abi_buffers_and_driver) ... ok
test_all_predeclared_sizes_alignments_orders_and_slowdowns (test_asterbench_dot8.Dot8Records.test_all_predeclared_sizes_alignments_orders_and_slowdowns) ... ok
test_each_saved_word_and_full_buffers_are_bound (test_asterbench_dot8.Dot8Records.test_each_saved_word_and_full_buffers_are_bound) ... ok
test_every_required_field_missing_duplicate_wrong_type (test_asterbench_dot8.Dot8Records.test_every_required_field_missing_duplicate_wrong_type) ... ok
test_exact_events_metadata_and_payload_mutations (test_asterbench_dot8.Dot8Records.test_exact_events_metadata_and_payload_mutations) ... ok
test_frozen_study_shape_count (test_asterbench_dot8.Dot8Records.test_frozen_study_shape_count) ... ok
test_raw_stream_boundaries_and_legacy_rejection (test_asterbench_dot8.Dot8Records.test_raw_stream_boundaries_and_legacy_rejection) ... ok
test_reference_against_signed_struct_unpack_and_matrix_indices (test_asterbench_dot8.Dot8Records.test_reference_against_signed_struct_unpack_and_matrix_indices) ... ok
test_simulation_full_sequence_and_each_line_removal_reorder_repeat (test_asterbench_dot8.Dot8Records.test_simulation_full_sequence_and_each_line_removal_reorder_repeat) ... ok
test_stop_exact_fields_types_counts_and_json_duplicates (test_asterbench_dot8.Dot8Records.test_stop_exact_fields_types_counts_and_json_duplicates) ... ok
test_bad_options_and_known_references (test_cache_experiments.CacheExperiments.test_bad_options_and_known_references) ... ok
test_missing_experiment_rejected (test_cache_experiments.CacheExperiments.test_missing_experiment_rejected) ... ok
test_pattern_kernels_and_data_addresses_match (test_cache_experiments.CacheExperiments.test_pattern_kernels_and_data_addresses_match) ... make[2]: warning: jobserver unavailable: using -j1.  Add '+' to parent make rule.
make[2]: warning: jobserver unavailable: using -j1.  Add '+' to parent make rule.
make[2]: warning: jobserver unavailable: using -j1.  Add '+' to parent make rule.
make[2]: warning: jobserver unavailable: using -j1.  Add '+' to parent make rule.
make[2]: warning: jobserver unavailable: using -j1.  Add '+' to parent make rule.
make[2]: warning: jobserver unavailable: using -j1.  Add '+' to parent make rule.
make[2]: warning: jobserver unavailable: using -j1.  Add '+' to parent make rule.
make[2]: warning: jobserver unavailable: using -j1.  Add '+' to parent make rule.
make[2]: warning: jobserver unavailable: using -j1.  Add '+' to parent make rule.
make[2]: warning: jobserver unavailable: using -j1.  Add '+' to parent make rule.
make[2]: warning: jobserver unavailable: using -j1.  Add '+' to parent make rule.
make[2]: warning: jobserver unavailable: using -j1.  Add '+' to parent make rule.
make[2]: warning: jobserver unavailable: using -j1.  Add '+' to parent make rule.
make[2]: warning: jobserver unavailable: using -j1.  Add '+' to parent make rule.
make[2]: warning: jobserver unavailable: using -j1.  Add '+' to parent make rule.
make[2]: warning: jobserver unavailable: using -j1.  Add '+' to parent make rule.
make[2]: warning: jobserver unavailable: using -j1.  Add '+' to parent make rule.
make[2]: warning: jobserver unavailable: using -j1.  Add '+' to parent make rule.
make[2]: warning: jobserver unavailable: using -j1.  Add '+' to parent make rule.
make[2]: warning: jobserver unavailable: using -j1.  Add '+' to parent make rule.
ok
test_plan_covers_all_readme_experiments (test_cache_experiments.CacheExperiments.test_plan_covers_all_readme_experiments) ... ok
test_study_audit_rejects_corruption (test_cache_experiments.CacheExperiments.test_study_audit_rejects_corruption) ... ok
test_artifact_hashes_and_readonly_ram_oracle (test_coherent_bench.CoherentProvenance.test_artifact_hashes_and_readonly_ram_oracle) ... ok
test_capture_envelope_mutations (test_coherent_bench.CoherentProvenance.test_capture_envelope_mutations) ... ok
test_complete_revision_source_manifest (test_coherent_bench.CoherentProvenance.test_complete_revision_source_manifest) ... ok
test_elf_binding_rejects_truncation_wrong_machine_and_symbols (test_coherent_bench.CoherentProvenance.test_elf_binding_rejects_truncation_wrong_machine_and_symbols) ... ok
test_boot_invariants_reuse_validated_streams (test_coherent_bench.CoherentRecords.test_boot_invariants_reuse_validated_streams) ... ok
test_full_log_requires_observed_jobs_and_stop (test_coherent_bench.CoherentRecords.test_full_log_requires_observed_jobs_and_stop) ... ok
test_observation_and_snapshot_mutations (test_coherent_bench.CoherentRecords.test_observation_and_snapshot_mutations) ... ok
test_python_cpp_mutation_corpus (test_coherent_bench.CoherentRecords.test_python_cpp_mutation_corpus) ... ok
test_stream_and_reference_scaling (test_coherent_bench.CoherentRecords.test_stream_and_reference_scaling) ... ok
test_fault_diagnostics_and_lifetime_counter (test_coherent_bridge.CoherentHostProtocol.test_fault_diagnostics_and_lifetime_counter) ... ok
test_identity_and_configuration_before_any_write (test_coherent_bridge.CoherentHostProtocol.test_identity_and_configuration_before_any_write) ... ok
test_invalid_timeout_and_configuration (test_coherent_bridge.CoherentHostProtocol.test_invalid_timeout_and_configuration) ... ok
test_load_drains_before_boot_words (test_coherent_bridge.CoherentHostProtocol.test_load_drains_before_boot_words) ... ok
test_malformed_input_does_not_even_stop (test_coherent_bridge.CoherentHostProtocol.test_malformed_input_does_not_even_stop) ... ok
test_ram_requires_acknowledgement_and_is_read_only (test_coherent_bridge.CoherentHostProtocol.test_ram_requires_acknowledgement_and_is_read_only) ... ok
test_timeout_does_not_proceed_to_boot (test_coherent_bridge.CoherentHostProtocol.test_timeout_does_not_proceed_to_boot) ... ok
test_capture_refuses_dirty_or_existing_output_without_changes (test_coherent_functional.FunctionalReference.test_capture_refuses_dirty_or_existing_output_without_changes) ... ok
test_complete_artifact_and_semantic_mutations (test_coherent_functional.FunctionalReference.test_complete_artifact_and_semantic_mutations) ... ok
test_profiles_and_every_independent_ram_word (test_coherent_functional.FunctionalReference.test_profiles_and_every_independent_ram_word) ... ok
test_full_offline_package_and_manifest_mutations (test_coherent_overlay.CoherentOverlay.test_full_offline_package_and_manifest_mutations) ... ok
test_routed_reset_signoff_and_rehashed_failures (test_coherent_overlay.CoherentOverlay.test_routed_reset_signoff_and_rehashed_failures) ... ok
test_capture_fresh_repeat_failure_and_no_overwrite (test_coherent_study.CoherentStudy.test_capture_fresh_repeat_failure_and_no_overwrite) ... ok
test_fixed_plan_and_honest_slowdown_aggregation (test_coherent_study.CoherentStudy.test_fixed_plan_and_honest_slowdown_aggregation) ... ok
test_readonly_audit_rejects_batch_mutations (test_coherent_study.CoherentStudy.test_readonly_audit_rejects_batch_mutations) ... ok
test_busy_counting_mutation_and_stopped_residue (test_dma_bridge.DmaHostTests.test_busy_counting_mutation_and_stopped_residue) ... ok
test_complete_identity_before_any_write (test_dma_bridge.DmaHostTests.test_complete_identity_before_any_write) ... ok
test_hwh_explicit_dma_identity_preserves_old_results (test_dma_bridge.DmaHostTests.test_hwh_explicit_dma_identity_preserves_old_results) ... ok
test_idle_frozen_snapshot_actual_64bit_values (test_dma_bridge.DmaHostTests.test_idle_frozen_snapshot_actual_64bit_values) ... ok
test_inherited_lifecycle_and_no_descriptor_writes (test_dma_bridge.DmaHostTests.test_inherited_lifecycle_and_no_descriptor_writes) ... ok
test_actual_functional_layout_and_distinct_profiles (test_dma_firmware.DmaFirmware.test_actual_functional_layout_and_distinct_profiles) ... ok
test_linux_runner_uses_audited_elf_and_canonical_rom (test_dma_firmware.DmaFirmware.test_linux_runner_uses_audited_elf_and_canonical_rom) ... ok
test_capture_safety (test_dma_functional.DmaFunctional.test_capture_safety) ... ok
test_complete_package_and_rehashed_mutations (test_dma_functional.DmaFunctional.test_complete_package_and_rehashed_mutations) ... ok
test_every_payload_guard_metadata_and_event_word (test_dma_functional.DmaFunctional.test_every_payload_guard_metadata_and_event_word) ... ok
test_independent_totals_and_profiles (test_dma_functional.DmaFunctional.test_independent_totals_and_profiles) ... ok
test_explicit_dma_package_and_unchanged_legacy_gate (test_dma_overlay.DmaOverlay.test_explicit_dma_package_and_unchanged_legacy_gate) ... ok
test_rehashed_dma_identity_and_signoff_mutations (test_dma_overlay.DmaOverlay.test_rehashed_dma_identity_and_signoff_mutations) ... ok
test_symlinks_and_missing_artifacts_rejected (test_dma_overlay.DmaOverlay.test_symlinks_and_missing_artifacts_rejected) ... ok
test_all_raw_events_and_implementation_ownership_mutations (test_dma_results.DmaCaptureTests.test_all_raw_events_and_implementation_ownership_mutations) ... ok
test_capture_missing_extra_and_typed_mutations (test_dma_results.DmaCaptureTests.test_capture_missing_extra_and_typed_mutations) ... ok
test_complete_artifacts_hashes_elf_rom_ram_and_safe_paths (test_dma_results.DmaCaptureTests.test_complete_artifacts_hashes_elf_rom_ram_and_safe_paths) ... ok
test_elf_profiles_and_runner_use_actual_typed_symbols_and_bytes (test_dma_results.DmaCaptureTests.test_elf_profiles_and_runner_use_actual_typed_symbols_and_bytes) ... ok
test_log_order_truncation_failure_and_duplicate_json (test_dma_results.DmaCaptureTests.test_log_order_truncation_failure_and_duplicate_json) ... ok
test_ram_all_metadata_counter_words_and_buffer_bytes (test_dma_results.DmaCaptureTests.test_ram_all_metadata_counter_words_and_buffer_bytes) ... ok
test_real_shape_and_fixed_boundary_configs (test_dma_results.DmaCaptureTests.test_real_shape_and_fixed_boundary_configs) ... ok
test_toolchain_build_and_symbol_mutations (test_dma_results.DmaCaptureTests.test_toolchain_build_and_symbol_mutations) ... ok
test_crossover_keeps_mixed_pairs_slowdowns_ties_reversals (test_dma_study.DmaStudyTests.test_crossover_keeps_mixed_pairs_slowdowns_ties_reversals) ... ok
test_frozen_full_coverage_and_independent_repeat_selection (test_dma_study.DmaStudyTests.test_frozen_full_coverage_and_independent_repeat_selection) ... ok
test_full_read_only_audit_and_manifest_mutations (test_dma_study.DmaStudyTests.test_full_read_only_audit_and_manifest_mutations) ... ok
test_mixed_capture_source_tools_geometry_and_builds (test_dma_study.DmaStudyTests.test_mixed_capture_source_tools_geometry_and_builds) ... ok
test_repeat_must_not_reuse_another_repeat_build (test_dma_study.DmaStudyTests.test_repeat_must_not_reuse_another_repeat_build) ... ok
test_actual_zero_tail_max_elf_rom_and_kernel_encoding (test_dot8_firmware.Dot8Firmware.test_actual_zero_tail_max_elf_rom_and_kernel_encoding) ... ok
test_elf_header_profile_load_and_opcode_mutations (test_dot8_firmware.Dot8Firmware.test_elf_header_profile_load_and_opcode_mutations) ... ok
test_pc_evidence_binds_actual_function_and_custom_instruction (test_dot8_firmware.Dot8Firmware.test_pc_evidence_binds_actual_function_and_custom_instruction) ... ok
test_wrong_rom_and_dimensions_rejected_before_execution (test_dot8_firmware.Dot8Firmware.test_wrong_rom_and_dimensions_rejected_before_execution) ... ok
test_each_private_region_cannot_overflow_its_stack (test_multicore_layout.MulticoreLayout.test_each_private_region_cannot_overflow_its_stack) ... ok
test_rom_limit (test_multicore_layout.MulticoreLayout.test_rom_limit) ... ok
test_shared_initialized_odd_bytes_have_rom_load_image (test_multicore_layout.MulticoreLayout.test_shared_initialized_odd_bytes_have_rom_load_image) ... ok
test_shared_size_and_no_stack_alias (test_multicore_layout.MulticoreLayout.test_shared_size_and_no_stack_alias) ... ok
test_stack_alignment_and_minimum (test_multicore_layout.MulticoreLayout.test_stack_alignment_and_minimum) ... ok
test_comparison_refuses_different_work (test_parallel.ParallelProvenance.test_comparison_refuses_different_work) ... ok
test_required_fields_and_raw_log_binding (test_parallel.ParallelProvenance.test_required_fields_and_raw_log_binding) ... ok
test_complete_job_stream_and_independent_oracle (test_parallel.ParallelRecords.test_complete_job_stream_and_independent_oracle) ... ok
test_python_cpp_malformed_corpus (test_parallel.ParallelRecords.test_python_cpp_malformed_corpus) ... ok
test_known_corners (test_phase1.ArithmeticReference.test_known_corners) ... ok
test_seed_reproducibility (test_phase1.ArithmeticReference.test_seed_reproducibility) ... ok
test_initialized_byte_segment (test_phase1.FirmwareLayout.test_initialized_byte_segment) ... ok
test_rom_overflow (test_phase1.FirmwareLayout.test_rom_overflow) ... ok
test_stack_reservation (test_phase1.FirmwareLayout.test_stack_reservation) ... ok
test_retained_physical_reports_and_mutations (test_phase5_evidence.Phase5Evidence.test_retained_physical_reports_and_mutations) ... ok
test_cross_package_sources_and_physical_programming_chain (test_phase6_closeout.Phase6Closeout.test_cross_package_sources_and_physical_programming_chain) ... ok
test_final_stopped_state_is_exact_and_typed (test_phase6_closeout.Phase6Closeout.test_final_stopped_state_is_exact_and_typed) ... ok
test_requirement_inventory_and_outer_summary_mutations (test_phase6_closeout.Phase6Closeout.test_requirement_inventory_and_outer_summary_mutations) ... ok
test_all_reference_operations_and_original_negative_control (test_phase6_regressions.Phase6Regressions.test_all_reference_operations_and_original_negative_control) ... ok
test_atomic_runtime_and_cache_cross_product (test_phase6_regressions.Phase6Regressions.test_atomic_runtime_and_cache_cross_product) ... ok
test_benchmark_plan_and_raw_paired_observers (test_phase6_regressions.Phase6Regressions.test_benchmark_plan_and_raw_paired_observers) ... ok
test_exact_parallel_unittest_prefix_preserves_strict_gates (test_phase6_regressions.Phase6Regressions.test_exact_parallel_unittest_prefix_preserves_strict_gates) ... ok
test_fresh_check_only_cannot_pass_as_complete_regressions (test_phase6_regressions.Phase6Regressions.test_fresh_check_only_cannot_pass_as_complete_regressions) ... ok
test_litmus_histogram_forbidden_outcomes_progress_and_retry_totals (test_phase6_regressions.Phase6Regressions.test_litmus_histogram_forbidden_outcomes_progress_and_retry_totals) ... ok
test_manifest_mutations_and_default_git_validation (test_phase6_regressions.Phase6Regressions.test_manifest_mutations_and_default_git_validation) ... ok
test_complete_failed_and_changed_source_evidence (test_phase6_runner.Phase6Runner.test_complete_failed_and_changed_source_evidence) ... ok
test_existing_output_and_dirty_source_are_nonmutating (test_phase6_runner.Phase6Runner.test_existing_output_and_dirty_source_are_nonmutating) ... ok
test_plan_contains_every_historical_and_new_matrix (test_phase6_runner.Phase6Runner.test_plan_contains_every_historical_and_new_matrix) ... ok
test_exact_final_cpu_dma_clock_identity_and_post_study (test_phase7_closeout.Phase7Closeout.test_exact_final_cpu_dma_clock_identity_and_post_study) ... ok
test_exact_implementation_reference_exporter_and_physical_programming_chain (test_phase7_closeout.Phase7Closeout.test_exact_implementation_reference_exporter_and_physical_programming_chain) ... ok
test_raw_board_log_schedule_boots_stops_and_missing_completion (test_phase7_closeout.Phase7Closeout.test_raw_board_log_schedule_boots_stops_and_missing_completion) ... ok
test_requirement_inventory_manifest_summary_and_no_overwrite (test_phase7_closeout.Phase7Closeout.test_requirement_inventory_manifest_summary_and_no_overwrite) ... ok
test_envelope_source_tools_hashes_plan_and_no_saved_command_execution (test_phase7_regressions.DmaRegressionAudit.test_envelope_source_tools_hashes_plan_and_no_saved_command_execution) ... ok
test_host_test_names_counts_no_skips_and_completion (test_phase7_regressions.DmaRegressionAudit.test_host_test_names_counts_no_skips_and_completion) ... ok
test_linux_runtime_programs_serial_boots_and_denials (test_phase7_regressions.DmaRegressionAudit.test_linux_runtime_programs_serial_boots_and_denials) ... ok
test_raw_paired_benchmarks_and_fixed_plans (test_phase7_regressions.DmaRegressionAudit.test_raw_paired_benchmarks_and_fixed_plans) ... ok
test_real_hart_runtime_reset_sequence_and_totals (test_phase7_regressions.DmaRegressionAudit.test_real_hart_runtime_reset_sequence_and_totals) ... ok
test_unit_seed_geometry_protocol_and_carry_gates (test_phase7_regressions.DmaRegressionAudit.test_unit_seed_geometry_protocol_and_carry_gates) ... ok
test_dirty_existing_and_symlink_targets_are_nonmutating (test_phase7_runner.Phase7Runner.test_dirty_existing_and_symlink_targets_are_nonmutating) ... ok
test_fixed_supplement_does_not_replace_historical_plan (test_phase7_runner.Phase7Runner.test_fixed_supplement_does_not_replace_historical_plan) ... ok
test_success_failure_silent_failure_source_and_tool_changes (test_phase7_runner.Phase7Runner.test_success_failure_silent_failure_source_and_tool_changes) ... ok
test_capture_warm_boot_stop_and_failure_preservation (test_pynq_coherent.PhysicalCollector.test_capture_warm_boot_stop_and_failure_preservation) ... ok
test_invalid_inputs_are_nonmutating_before_pynq_import (test_pynq_coherent.PhysicalCollector.test_invalid_inputs_are_nonmutating_before_pynq_import) ... ok
test_isolated_shipping_manifest_contains_transitive_imports (test_pynq_coherent.PhysicalCollector.test_isolated_shipping_manifest_contains_transitive_imports) ... ok
test_loaded_overlay_guard_and_firmware_recheck_before_writes (test_pynq_coherent.PhysicalCollector.test_loaded_overlay_guard_and_firmware_recheck_before_writes) ... ok
test_reference_hardware_compatibility (test_pynq_coherent.PhysicalCollector.test_reference_hardware_compatibility) ... ok
test_batch_audit_mutations (test_pynq_coherent_study.PhysicalStudy.test_batch_audit_mutations) ... ok
test_capture_failure_no_overwrite_and_pcapi_sequence (test_pynq_coherent_study.PhysicalStudy.test_capture_failure_no_overwrite_and_pcapi_sequence) ... ok
test_isolated_package_and_one_switch_schedule (test_pynq_coherent_study.PhysicalStudy.test_isolated_package_and_one_switch_schedule) ... ok
test_changed_preflight_inputs_and_second_guard_are_nonmutating (test_pynq_dma.PynqDma.test_changed_preflight_inputs_and_second_guard_are_nonmutating) ... ok
test_invalid_inputs_do_not_import_board_api (test_pynq_dma.PynqDma.test_invalid_inputs_do_not_import_board_api) ... ok
test_isolated_shipping_closure_never_imports_pynq (test_pynq_dma.PynqDma.test_isolated_shipping_closure_never_imports_pynq) ... ok
test_no_download_reuses_only_exact_idle_dma_image (test_pynq_dma.PynqDma.test_no_download_reuses_only_exact_idle_dma_image) ... ok
test_physical_configuration_and_hardware_source_contract (test_pynq_dma.PynqDma.test_physical_configuration_and_hardware_source_contract) ... ok
test_previous_guard_rejects_changes_without_writes_or_download (test_pynq_dma.PynqDma.test_previous_guard_rejects_changes_without_writes_or_download) ... ok
test_real_boot_flow_frozen_dma_and_safe_failure_cleanup (test_pynq_dma.PynqDma.test_real_boot_flow_frozen_dma_and_safe_failure_cleanup) ... ok
test_both_programs_cache_modes_boots_and_failure_cleanup (test_pynq_dma_functional.PhysicalDmaFunctional.test_both_programs_cache_modes_boots_and_failure_cleanup) ... ok
test_guard_and_recheck_prevent_unrelated_writes (test_pynq_dma_functional.PhysicalDmaFunctional.test_guard_and_recheck_prevent_unrelated_writes) ... ok
test_offline_preflight_and_isolated_source_closure (test_pynq_dma_functional.PhysicalDmaFunctional.test_offline_preflight_and_isolated_source_closure) ... ok
test_reuse_same_idle_image_and_no_overwrite (test_pynq_dma_functional.PhysicalDmaFunctional.test_reuse_same_idle_image_and_no_overwrite) ... ok
test_audit_coverage_summary_hashes_and_rehashed_sequence_mutations (test_pynq_dma_study.PhysicalDmaStudy.test_audit_coverage_summary_hashes_and_rehashed_sequence_mutations) ... ok
test_capture_all_cases_hash_chain_and_partial_failure_retention (test_pynq_dma_study.PhysicalDmaStudy.test_capture_all_cases_hash_chain_and_partial_failure_retention) ... ok
test_full_plan_and_isolated_imports (test_pynq_dma_study.PhysicalDmaStudy.test_full_plan_and_isolated_imports) ... ok
test_both_programs_caches_boots_cleanup_and_failures (test_pynq_functional.FunctionalCollector.test_both_programs_caches_boots_cleanup_and_failures) ... ok
test_invalid_options_and_preflight_do_not_import_pynq (test_pynq_functional.FunctionalCollector.test_invalid_options_and_preflight_do_not_import_pynq) ... ok
test_isolated_functional_package (test_pynq_functional.FunctionalCollector.test_isolated_functional_package) ... ok
test_coherent_isa_cache_and_reset_abi_must_match (test_pynq_handoff.HandoffSafety.test_coherent_isa_cache_and_reset_abi_must_match) ... ok
test_dot8_is_explicit_and_legacy_loaders_reject_it (test_pynq_handoff.HandoffSafety.test_dot8_is_explicit_and_legacy_loaders_reject_it) ... ok
test_missing_and_duplicate_modules_parameters_ports (test_pynq_handoff.HandoffSafety.test_missing_and_duplicate_modules_parameters_ports) ... ok
test_multicore_map_must_match_requested_harts (test_pynq_handoff.HandoffSafety.test_multicore_map_must_match_requested_harts) ... ok
test_mutated_exports_fail_closed (test_pynq_handoff.HandoffSafety.test_mutated_exports_fail_closed) ... ok
test_original_active_low_auxiliary_tied_zero_is_rejected (test_pynq_handoff.HandoffSafety.test_original_active_low_auxiliary_tied_zero_is_rejected) ... ok
test_valid_export (test_pynq_handoff.HandoffSafety.test_valid_export) ... ok
test_captured_reports_and_rejected_mutations (test_pynq_results.PhysicalResults.test_captured_reports_and_rejected_mutations) ... ok
test_owned_environment_does_not_imply_privileged_core (test_riscv_reference.UpstreamReference.test_owned_environment_does_not_imply_privileged_core) ... ok
test_pinned_complete_subset (test_riscv_reference.UpstreamReference.test_pinned_complete_subset) ... ok
test_bad_cli_preflight_never_imports_board_api (test_run_pynq.CollectorChecks.test_bad_cli_preflight_never_imports_board_api) ... ok
test_exact_runtime_and_complete_parallel_streams (test_run_pynq.CollectorChecks.test_exact_runtime_and_complete_parallel_streams) ... ok
test_lifetime_counter_rollover (test_run_pynq.CollectorChecks.test_lifetime_counter_rollover) ... ok

----------------------------------------------------------------------
Ran 163 tests in 51.192s

OK
