Copyright 1986-2022 Xilinx, Inc. All Rights Reserved. Copyright 2022-2025 Advanced Micro Devices, Inc. All Rights Reserved.
---------------------------------------------------------------------------------------------------------------------------------------------
| Tool Version : Vivado v.2025.1 (lin64) Build 6140274 Wed May 21 22:58:25 MDT 2025
| Date         : Wed Sep 30 17:02:00 2026
| Host         : gondor running 64-bit Ubuntu 24.04.5 LTS
| Command      : report_timing_summary -max_paths 10 -file /home/elfo/Documents/Aster/build/timing/fpga/aster/timing_summary.rpt
| Design       : timing_aster
| Device       : 7z020-clg400
| Speed File   : -1  PRODUCTION 1.12 2019-11-22
| Design State : Routed
---------------------------------------------------------------------------------------------------------------------------------------------

Timing Summary Report

------------------------------------------------------------------------------------------------
| Timer Settings
| --------------
------------------------------------------------------------------------------------------------

  Enable Multi Corner Analysis               :  Yes
  Enable Pessimism Removal                   :  Yes
  Pessimism Removal Resolution               :  Nearest Common Node
  Enable Input Delay Default Clock           :  No
  Enable Preset / Clear Arcs                 :  No
  Disable Flight Delays                      :  No
  Ignore I/O Paths                           :  No
  Timing Early Launch at Borrowing Latches   :  No
  Borrow Time for Max Delay Exceptions       :  Yes
  Merge Timing Exceptions                    :  Yes
  Inter-SLR Compensation                     :  Conservative

  Corner  Analyze    Analyze    
  Name    Max Paths  Min Paths  
  ------  ---------  ---------  
  Slow    Yes        Yes        
  Fast    Yes        Yes        


------------------------------------------------------------------------------------------------
| Report Methodology
| ------------------
------------------------------------------------------------------------------------------------

No report available as report_methodology has not been run prior. Run report_methodology on the current design for the summary of methodology violations.



check_timing report

Table of Contents
-----------------
1. checking no_clock (0)
2. checking constant_clock (0)
3. checking pulse_width_clock (0)
4. checking unconstrained_internal_endpoints (0)
5. checking no_input_delay (71)
6. checking no_output_delay (102)
7. checking multiple_clock (0)
8. checking generated_clocks (0)
9. checking loops (0)
10. checking partial_input_delay (0)
11. checking partial_output_delay (0)
12. checking latch_loops (0)

1. checking no_clock (0)
------------------------
 There are 0 register/latch pins with no clock.


2. checking constant_clock (0)
------------------------------
 There are 0 register/latch pins with constant_clock.


3. checking pulse_width_clock (0)
---------------------------------
 There are 0 register/latch pins which need pulse_width check


4. checking unconstrained_internal_endpoints (0)
------------------------------------------------
 There are 0 pins that are not constrained for maximum delay.

 There are 0 pins that are not constrained for maximum delay due to constant clock.


5. checking no_input_delay (71)
-------------------------------
 There are 71 input ports with no input delay specified. (HIGH)

 There are 0 input ports with no input delay but user has a false path constraint.


6. checking no_output_delay (102)
---------------------------------
 There are 102 ports with no output delay specified. (HIGH)

 There are 0 ports with no output delay but user has a false path constraint

 There are 0 ports with no output delay but with a timing clock defined on it or propagating through it


7. checking multiple_clock (0)
------------------------------
 There are 0 register/latch pins with multiple clocks.


8. checking generated_clocks (0)
--------------------------------
 There are 0 generated clocks that are not connected to a clock source.


9. checking loops (0)
---------------------
 There are 0 combinational loops in the design.


10. checking partial_input_delay (0)
------------------------------------
 There are 0 input ports with partial input delay specified.


11. checking partial_output_delay (0)
-------------------------------------
 There are 0 ports with partial output delay specified.


12. checking latch_loops (0)
----------------------------
 There are 0 combinational latch loops in the design through latch input



------------------------------------------------------------------------------------------------
| Design Timing Summary
| ---------------------
------------------------------------------------------------------------------------------------

    WNS(ns)      TNS(ns)  TNS Failing Endpoints  TNS Total Endpoints      WHS(ns)      THS(ns)  THS Failing Endpoints  THS Total Endpoints     WPWS(ns)     TPWS(ns)  TPWS Failing Endpoints  TPWS Total Endpoints  
    -------      -------  ---------------------  -------------------      -------      -------  ---------------------  -------------------     --------     --------  ----------------------  --------------------  
      0.529        0.000                      0                 2169        0.063        0.000                      0                 2169        3.750        0.000                       0                   749  


All user specified timing constraints are met.


------------------------------------------------------------------------------------------------
| Clock Summary
| -------------
------------------------------------------------------------------------------------------------

Clock  Waveform(ns)       Period(ns)      Frequency(MHz)
-----  ------------       ----------      --------------
clk    {0.000 5.000}      10.000          100.000         


------------------------------------------------------------------------------------------------
| Intra Clock Table
| -----------------
------------------------------------------------------------------------------------------------

Clock             WNS(ns)      TNS(ns)  TNS Failing Endpoints  TNS Total Endpoints      WHS(ns)      THS(ns)  THS Failing Endpoints  THS Total Endpoints     WPWS(ns)     TPWS(ns)  TPWS Failing Endpoints  TPWS Total Endpoints  
-----             -------      -------  ---------------------  -------------------      -------      -------  ---------------------  -------------------     --------     --------  ----------------------  --------------------  
clk                 0.529        0.000                      0                 2169        0.063        0.000                      0                 2169        3.750        0.000                       0                   749  


------------------------------------------------------------------------------------------------
| Inter Clock Table
| -----------------
------------------------------------------------------------------------------------------------

From Clock    To Clock          WNS(ns)      TNS(ns)  TNS Failing Endpoints  TNS Total Endpoints      WHS(ns)      THS(ns)  THS Failing Endpoints  THS Total Endpoints  
----------    --------          -------      -------  ---------------------  -------------------      -------      -------  ---------------------  -------------------  


------------------------------------------------------------------------------------------------
| Other Path Groups Table
| -----------------------
------------------------------------------------------------------------------------------------

Path Group    From Clock    To Clock          WNS(ns)      TNS(ns)  TNS Failing Endpoints  TNS Total Endpoints      WHS(ns)      THS(ns)  THS Failing Endpoints  THS Total Endpoints  
----------    ----------    --------          -------      -------  ---------------------  -------------------      -------      -------  ---------------------  -------------------  


------------------------------------------------------------------------------------------------
| Timing Details
| --------------
------------------------------------------------------------------------------------------------


---------------------------------------------------------------------------------------------------
From Clock:  clk
  To Clock:  clk

Setup :            0  Failing Endpoints,  Worst Slack        0.529ns,  Total Violation        0.000ns
Hold  :            0  Failing Endpoints,  Worst Slack        0.063ns,  Total Violation        0.000ns
PW    :            0  Failing Endpoints,  Worst Slack        3.750ns,  Total Violation        0.000ns
---------------------------------------------------------------------------------------------------


Max Delay Paths
--------------------------------------------------------------------------------------
Slack (MET) :             0.529ns  (required time - arrival time)
  Source:                 core/fsel2_reg[1]/C
                            (rising edge-triggered cell FDRE clocked by clk  {rise@0.000ns fall@5.000ns period=10.000ns})
  Destination:            core/fetch/e_pc_reg[20]/D
                            (rising edge-triggered cell FDRE clocked by clk  {rise@0.000ns fall@5.000ns period=10.000ns})
  Path Group:             clk
  Path Type:              Setup (Max at Slow Process Corner)
  Requirement:            10.000ns  (clk rise@10.000ns - clk rise@0.000ns)
  Data Path Delay:        9.416ns  (logic 3.230ns (34.302%)  route 6.186ns (65.698%))
  Logic Levels:           13  (CARRY4=5 LUT2=1 LUT3=2 LUT4=1 LUT5=2 LUT6=2)
  Clock Path Skew:        -0.049ns (DCD - SCD + CPR)
    Destination Clock Delay (DCD):    0.924ns = ( 10.924 - 10.000 ) 
    Source Clock Delay      (SCD):    0.973ns
    Clock Pessimism Removal (CPR):    0.000ns
  Clock Uncertainty:      0.035ns  ((TSJ^2 + TIJ^2)^1/2 + DJ) / 2 + PE
    Total System Jitter     (TSJ):    0.071ns
    Total Input Jitter      (TIJ):    0.000ns
    Discrete Jitter          (DJ):    0.000ns
    Phase Error              (PE):    0.000ns

    Location             Delay type                Incr(ns)  Path(ns)    Netlist Resource(s)
  -------------------------------------------------------------------    -------------------
                         (clock clk rise edge)        0.000     0.000 r  
                                                      0.000     0.000 r  clk (IN)
                         net (fo=748, unset)          0.973     0.973    core/clk
    SLICE_X26Y30         FDRE                                         r  core/fsel2_reg[1]/C
  -------------------------------------------------------------------    -------------------
    SLICE_X26Y30         FDRE (Prop_fdre_C_Q)         0.478     1.451 r  core/fsel2_reg[1]/Q
                         net (fo=35, routed)          0.922     2.373    core/fetch/sel[1]
    SLICE_X29Y29         LUT5 (Prop_lut5_I3_O)        0.301     2.674 r  core/fetch/d_req_wdata[6]_INST_0_i_1/O
                         net (fo=1, routed)           1.097     3.771    core/fetch/forward0[6]
    SLICE_X32Y34         LUT3 (Prop_lut3_I2_O)        0.146     3.917 r  core/fetch/d_req_wdata[6]_INST_0/O
                         net (fo=11, routed)          1.006     4.923    core/fetch/m1_reg[result][6]_0
    SLICE_X35Y37         LUT3 (Prop_lut3_I2_O)        0.356     5.279 r  core/fetch/e_pc[6]_i_9/O
                         net (fo=8, routed)           0.680     5.959    core/fetch/e_dec_reg[imm][6]
    SLICE_X36Y40         LUT2 (Prop_lut2_I0_O)        0.332     6.291 r  core/fetch/e_pc[4]_i_18/O
                         net (fo=1, routed)           0.000     6.291    core/fetch/e_pc[4]_i_18_n_0
    SLICE_X36Y40         CARRY4 (Prop_carry4_S[2]_CO[3])
                                                      0.380     6.671 r  core/fetch/e_pc_reg[4]_i_14/CO[3]
                         net (fo=1, routed)           0.000     6.671    core/fetch/e_pc_reg[4]_i_14_n_0
    SLICE_X36Y41         CARRY4 (Prop_carry4_CI_CO[3])
                                                      0.117     6.788 r  core/fetch/e_pc_reg[11]_i_16/CO[3]
                         net (fo=1, routed)           0.000     6.788    core/fetch/e_pc_reg[11]_i_16_n_0
    SLICE_X36Y42         CARRY4 (Prop_carry4_CI_CO[3])
                                                      0.117     6.905 r  core/fetch/e_pc_reg[15]_i_16/CO[3]
                         net (fo=1, routed)           0.000     6.905    core/fetch/e_pc_reg[15]_i_16_n_0
    SLICE_X36Y43         CARRY4 (Prop_carry4_CI_CO[3])
                                                      0.117     7.022 r  core/fetch/e_pc_reg[23]_i_22/CO[3]
                         net (fo=1, routed)           0.000     7.022    core/fetch/e_pc_reg[23]_i_22_n_0
    SLICE_X36Y44         CARRY4 (Prop_carry4_CI_O[0])
                                                      0.219     7.241 r  core/fetch/e_pc_reg[23]_i_18/O[0]
                         net (fo=1, routed)           0.815     8.055    core/fetch/e_pc_reg[23]_i_18_n_7
    SLICE_X35Y44         LUT4 (Prop_lut4_I0_O)        0.295     8.350 r  core/fetch/e_pc[20]_i_18/O
                         net (fo=1, routed)           0.426     8.777    core/fetch/e_pc[20]_i_18_n_0
    SLICE_X35Y45         LUT6 (Prop_lut6_I5_O)        0.124     8.901 r  core/fetch/e_pc[20]_i_11/O
                         net (fo=1, routed)           0.433     9.334    core/fetch/e_pc[20]_i_11_n_0
    SLICE_X35Y45         LUT6 (Prop_lut6_I4_O)        0.124     9.458 r  core/fetch/e_pc[20]_i_4/O
                         net (fo=2, routed)           0.808    10.265    core/fetch/alu[18]
    SLICE_X41Y39         LUT5 (Prop_lut5_I4_O)        0.124    10.389 r  core/fetch/e_pc[20]_i_1/O
                         net (fo=1, routed)           0.000    10.389    core/fetch/e_redirect_target[20]
    SLICE_X41Y39         FDRE                                         r  core/fetch/e_pc_reg[20]/D
  -------------------------------------------------------------------    -------------------

                         (clock clk rise edge)       10.000    10.000 r  
                                                      0.000    10.000 r  clk (IN)
                         net (fo=748, unset)          0.924    10.924    core/fetch/clk
    SLICE_X41Y39         FDRE                                         r  core/fetch/e_pc_reg[20]/C
                         clock pessimism              0.000    10.924    
                         clock uncertainty           -0.035    10.889    
    SLICE_X41Y39         FDRE (Setup_fdre_C_D)        0.029    10.918    core/fetch/e_pc_reg[20]
  -------------------------------------------------------------------
                         required time                         10.918    
                         arrival time                         -10.389    
  -------------------------------------------------------------------
                         slack                                  0.529    

Slack (MET) :             0.714ns  (required time - arrival time)
  Source:                 core/fsel2_reg[1]/C
                            (rising edge-triggered cell FDRE clocked by clk  {rise@0.000ns fall@5.000ns period=10.000ns})
  Destination:            core/m1_reg[result][20]/D
                            (rising edge-triggered cell FDRE clocked by clk  {rise@0.000ns fall@5.000ns period=10.000ns})
  Path Group:             clk
  Path Type:              Setup (Max at Slow Process Corner)
  Requirement:            10.000ns  (clk rise@10.000ns - clk rise@0.000ns)
  Data Path Delay:        9.233ns  (logic 3.230ns (34.985%)  route 6.003ns (65.015%))
  Logic Levels:           13  (CARRY4=5 LUT2=1 LUT3=2 LUT4=2 LUT5=1 LUT6=2)
  Clock Path Skew:        -0.049ns (DCD - SCD + CPR)
    Destination Clock Delay (DCD):    0.924ns = ( 10.924 - 10.000 ) 
    Source Clock Delay      (SCD):    0.973ns
    Clock Pessimism Removal (CPR):    0.000ns
  Clock Uncertainty:      0.035ns  ((TSJ^2 + TIJ^2)^1/2 + DJ) / 2 + PE
    Total System Jitter     (TSJ):    0.071ns
    Total Input Jitter      (TIJ):    0.000ns
    Discrete Jitter          (DJ):    0.000ns
    Phase Error              (PE):    0.000ns

    Location             Delay type                Incr(ns)  Path(ns)    Netlist Resource(s)
  -------------------------------------------------------------------    -------------------
                         (clock clk rise edge)        0.000     0.000 r  
                                                      0.000     0.000 r  clk (IN)
                         net (fo=748, unset)          0.973     0.973    core/clk
    SLICE_X26Y30         FDRE                                         r  core/fsel2_reg[1]/C
  -------------------------------------------------------------------    -------------------
    SLICE_X26Y30         FDRE (Prop_fdre_C_Q)         0.478     1.451 r  core/fsel2_reg[1]/Q
                         net (fo=35, routed)          0.922     2.373    core/fetch/sel[1]
    SLICE_X29Y29         LUT5 (Prop_lut5_I3_O)        0.301     2.674 r  core/fetch/d_req_wdata[6]_INST_0_i_1/O
                         net (fo=1, routed)           1.097     3.771    core/fetch/forward0[6]
    SLICE_X32Y34         LUT3 (Prop_lut3_I2_O)        0.146     3.917 r  core/fetch/d_req_wdata[6]_INST_0/O
                         net (fo=11, routed)          1.006     4.923    core/fetch/m1_reg[result][6]_0
    SLICE_X35Y37         LUT3 (Prop_lut3_I2_O)        0.356     5.279 r  core/fetch/e_pc[6]_i_9/O
                         net (fo=8, routed)           0.680     5.959    core/fetch/e_dec_reg[imm][6]
    SLICE_X36Y40         LUT2 (Prop_lut2_I0_O)        0.332     6.291 r  core/fetch/e_pc[4]_i_18/O
                         net (fo=1, routed)           0.000     6.291    core/fetch/e_pc[4]_i_18_n_0
    SLICE_X36Y40         CARRY4 (Prop_carry4_S[2]_CO[3])
                                                      0.380     6.671 r  core/fetch/e_pc_reg[4]_i_14/CO[3]
                         net (fo=1, routed)           0.000     6.671    core/fetch/e_pc_reg[4]_i_14_n_0
    SLICE_X36Y41         CARRY4 (Prop_carry4_CI_CO[3])
                                                      0.117     6.788 r  core/fetch/e_pc_reg[11]_i_16/CO[3]
                         net (fo=1, routed)           0.000     6.788    core/fetch/e_pc_reg[11]_i_16_n_0
    SLICE_X36Y42         CARRY4 (Prop_carry4_CI_CO[3])
                                                      0.117     6.905 r  core/fetch/e_pc_reg[15]_i_16/CO[3]
                         net (fo=1, routed)           0.000     6.905    core/fetch/e_pc_reg[15]_i_16_n_0
    SLICE_X36Y43         CARRY4 (Prop_carry4_CI_CO[3])
                                                      0.117     7.022 r  core/fetch/e_pc_reg[23]_i_22/CO[3]
                         net (fo=1, routed)           0.000     7.022    core/fetch/e_pc_reg[23]_i_22_n_0
    SLICE_X36Y44         CARRY4 (Prop_carry4_CI_O[0])
                                                      0.219     7.241 r  core/fetch/e_pc_reg[23]_i_18/O[0]
                         net (fo=1, routed)           0.815     8.055    core/fetch/e_pc_reg[23]_i_18_n_7
    SLICE_X35Y44         LUT4 (Prop_lut4_I0_O)        0.295     8.350 r  core/fetch/e_pc[20]_i_18/O
                         net (fo=1, routed)           0.426     8.777    core/fetch/e_pc[20]_i_18_n_0
    SLICE_X35Y45         LUT6 (Prop_lut6_I5_O)        0.124     8.901 r  core/fetch/e_pc[20]_i_11/O
                         net (fo=1, routed)           0.433     9.334    core/fetch/e_pc[20]_i_11_n_0
    SLICE_X35Y45         LUT6 (Prop_lut6_I4_O)        0.124     9.458 r  core/fetch/e_pc[20]_i_4/O
                         net (fo=2, routed)           0.624    10.082    core/alu[20]
    SLICE_X35Y39         LUT4 (Prop_lut4_I3_O)        0.124    10.206 r  core/m1[result][20]_i_1/O
                         net (fo=1, routed)           0.000    10.206    core/e_slot[result][20]
    SLICE_X35Y39         FDRE                                         r  core/m1_reg[result][20]/D
  -------------------------------------------------------------------    -------------------

                         (clock clk rise edge)       10.000    10.000 r  
                                                      0.000    10.000 r  clk (IN)
                         net (fo=748, unset)          0.924    10.924    core/clk
    SLICE_X35Y39         FDRE                                         r  core/m1_reg[result][20]/C
                         clock pessimism              0.000    10.924    
                         clock uncertainty           -0.035    10.889    
    SLICE_X35Y39         FDRE (Setup_fdre_C_D)        0.031    10.920    core/m1_reg[result][20]
  -------------------------------------------------------------------
                         required time                         10.920    
                         arrival time                         -10.206    
  -------------------------------------------------------------------
                         slack                                  0.714    

Slack (MET) :             0.805ns  (required time - arrival time)
  Source:                 core/fsel2_reg[1]/C
                            (rising edge-triggered cell FDRE clocked by clk  {rise@0.000ns fall@5.000ns period=10.000ns})
  Destination:            core/fetch/e_pc_reg[19]/D
                            (rising edge-triggered cell FDRE clocked by clk  {rise@0.000ns fall@5.000ns period=10.000ns})
  Path Group:             clk
  Path Type:              Setup (Max at Slow Process Corner)
  Requirement:            10.000ns  (clk rise@10.000ns - clk rise@0.000ns)
  Data Path Delay:        9.142ns  (logic 3.221ns (35.234%)  route 5.921ns (64.766%))
  Logic Levels:           12  (CARRY4=4 LUT2=1 LUT3=2 LUT4=1 LUT5=2 LUT6=2)
  Clock Path Skew:        -0.049ns (DCD - SCD + CPR)
    Destination Clock Delay (DCD):    0.924ns = ( 10.924 - 10.000 ) 
    Source Clock Delay      (SCD):    0.973ns
    Clock Pessimism Removal (CPR):    0.000ns
  Clock Uncertainty:      0.035ns  ((TSJ^2 + TIJ^2)^1/2 + DJ) / 2 + PE
    Total System Jitter     (TSJ):    0.071ns
    Total Input Jitter      (TIJ):    0.000ns
    Discrete Jitter          (DJ):    0.000ns
    Phase Error              (PE):    0.000ns

    Location             Delay type                Incr(ns)  Path(ns)    Netlist Resource(s)
  -------------------------------------------------------------------    -------------------
                         (clock clk rise edge)        0.000     0.000 r  
                                                      0.000     0.000 r  clk (IN)
                         net (fo=748, unset)          0.973     0.973    core/clk
    SLICE_X26Y30         FDRE                                         r  core/fsel2_reg[1]/C
  -------------------------------------------------------------------    -------------------
    SLICE_X26Y30         FDRE (Prop_fdre_C_Q)         0.478     1.451 r  core/fsel2_reg[1]/Q
                         net (fo=35, routed)          0.922     2.373    core/fetch/sel[1]
    SLICE_X29Y29         LUT5 (Prop_lut5_I3_O)        0.301     2.674 r  core/fetch/d_req_wdata[6]_INST_0_i_1/O
                         net (fo=1, routed)           1.097     3.771    core/fetch/forward0[6]
    SLICE_X32Y34         LUT3 (Prop_lut3_I2_O)        0.146     3.917 r  core/fetch/d_req_wdata[6]_INST_0/O
                         net (fo=11, routed)          1.006     4.923    core/fetch/m1_reg[result][6]_0
    SLICE_X35Y37         LUT3 (Prop_lut3_I2_O)        0.356     5.279 r  core/fetch/e_pc[6]_i_9/O
                         net (fo=8, routed)           0.680     5.959    core/fetch/e_dec_reg[imm][6]
    SLICE_X36Y40         LUT2 (Prop_lut2_I0_O)        0.332     6.291 r  core/fetch/e_pc[4]_i_18/O
                         net (fo=1, routed)           0.000     6.291    core/fetch/e_pc[4]_i_18_n_0
    SLICE_X36Y40         CARRY4 (Prop_carry4_S[2]_CO[3])
                                                      0.380     6.671 r  core/fetch/e_pc_reg[4]_i_14/CO[3]
                         net (fo=1, routed)           0.000     6.671    core/fetch/e_pc_reg[4]_i_14_n_0
    SLICE_X36Y41         CARRY4 (Prop_carry4_CI_CO[3])
                                                      0.117     6.788 r  core/fetch/e_pc_reg[11]_i_16/CO[3]
                         net (fo=1, routed)           0.000     6.788    core/fetch/e_pc_reg[11]_i_16_n_0
    SLICE_X36Y42         CARRY4 (Prop_carry4_CI_CO[3])
                                                      0.117     6.905 r  core/fetch/e_pc_reg[15]_i_16/CO[3]
                         net (fo=1, routed)           0.000     6.905    core/fetch/e_pc_reg[15]_i_16_n_0
    SLICE_X36Y43         CARRY4 (Prop_carry4_CI_O[3])
                                                      0.315     7.220 r  core/fetch/e_pc_reg[23]_i_22/O[3]
                         net (fo=1, routed)           0.557     7.776    core/fetch/e_pc_reg[23]_i_22_n_4
    SLICE_X35Y43         LUT4 (Prop_lut4_I0_O)        0.307     8.083 r  core/fetch/e_pc[19]_i_12/O
                         net (fo=1, routed)           0.450     8.534    core/fetch/e_pc[19]_i_12_n_0
    SLICE_X35Y45         LUT6 (Prop_lut6_I5_O)        0.124     8.658 r  core/fetch/e_pc[19]_i_5/O
                         net (fo=1, routed)           0.433     9.091    core/fetch/e_pc[19]_i_5_n_0
    SLICE_X35Y45         LUT6 (Prop_lut6_I4_O)        0.124     9.215 r  core/fetch/e_pc[19]_i_2/O
                         net (fo=2, routed)           0.776     9.991    core/fetch/alu[17]
    SLICE_X37Y38         LUT5 (Prop_lut5_I4_O)        0.124    10.115 r  core/fetch/e_pc[19]_i_1/O
                         net (fo=1, routed)           0.000    10.115    core/fetch/e_redirect_target[19]
    SLICE_X37Y38         FDRE                                         r  core/fetch/e_pc_reg[19]/D
  -------------------------------------------------------------------    -------------------

                         (clock clk rise edge)       10.000    10.000 r  
                                                      0.000    10.000 r  clk (IN)
                         net (fo=748, unset)          0.924    10.924    core/fetch/clk
    SLICE_X37Y38         FDRE                                         r  core/fetch/e_pc_reg[19]/C
                         clock pessimism              0.000    10.924    
                         clock uncertainty           -0.035    10.889    
    SLICE_X37Y38         FDRE (Setup_fdre_C_D)        0.031    10.920    core/fetch/e_pc_reg[19]
  -------------------------------------------------------------------
                         required time                         10.920    
                         arrival time                         -10.115    
  -------------------------------------------------------------------
                         slack                                  0.805    

Slack (MET) :             0.844ns  (required time - arrival time)
  Source:                 core/fsel2_reg[1]/C
                            (rising edge-triggered cell FDRE clocked by clk  {rise@0.000ns fall@5.000ns period=10.000ns})
  Destination:            core/m1_reg[result][29]/D
                            (rising edge-triggered cell FDRE clocked by clk  {rise@0.000ns fall@5.000ns period=10.000ns})
  Path Group:             clk
  Path Type:              Setup (Max at Slow Process Corner)
  Requirement:            10.000ns  (clk rise@10.000ns - clk rise@0.000ns)
  Data Path Delay:        9.104ns  (logic 3.696ns (40.598%)  route 5.408ns (59.402%))
  Logic Levels:           14  (CARRY4=7 LUT2=1 LUT3=2 LUT4=1 LUT5=1 LUT6=2)
  Clock Path Skew:        -0.049ns (DCD - SCD + CPR)
    Destination Clock Delay (DCD):    0.924ns = ( 10.924 - 10.000 ) 
    Source Clock Delay      (SCD):    0.973ns
    Clock Pessimism Removal (CPR):    0.000ns
  Clock Uncertainty:      0.035ns  ((TSJ^2 + TIJ^2)^1/2 + DJ) / 2 + PE
    Total System Jitter     (TSJ):    0.071ns
    Total Input Jitter      (TIJ):    0.000ns
    Discrete Jitter          (DJ):    0.000ns
    Phase Error              (PE):    0.000ns

    Location             Delay type                Incr(ns)  Path(ns)    Netlist Resource(s)
  -------------------------------------------------------------------    -------------------
                         (clock clk rise edge)        0.000     0.000 r  
                                                      0.000     0.000 r  clk (IN)
                         net (fo=748, unset)          0.973     0.973    core/clk
    SLICE_X26Y30         FDRE                                         r  core/fsel2_reg[1]/C
  -------------------------------------------------------------------    -------------------
    SLICE_X26Y30         FDRE (Prop_fdre_C_Q)         0.478     1.451 r  core/fsel2_reg[1]/Q
                         net (fo=35, routed)          0.922     2.373    core/fetch/sel[1]
    SLICE_X29Y29         LUT5 (Prop_lut5_I3_O)        0.301     2.674 r  core/fetch/d_req_wdata[6]_INST_0_i_1/O
                         net (fo=1, routed)           1.097     3.771    core/fetch/forward0[6]
    SLICE_X32Y34         LUT3 (Prop_lut3_I2_O)        0.146     3.917 r  core/fetch/d_req_wdata[6]_INST_0/O
                         net (fo=11, routed)          1.006     4.923    core/fetch/m1_reg[result][6]_0
    SLICE_X35Y37         LUT3 (Prop_lut3_I2_O)        0.356     5.279 r  core/fetch/e_pc[6]_i_9/O
                         net (fo=8, routed)           0.661     5.940    core/fetch/e_dec_reg[imm][6]
    SLICE_X37Y40         LUT2 (Prop_lut2_I1_O)        0.332     6.272 r  core/fetch/e_pc[7]_i_16/O
                         net (fo=1, routed)           0.000     6.272    core/fetch/e_pc[7]_i_16_n_0
    SLICE_X37Y40         CARRY4 (Prop_carry4_S[2]_CO[3])
                                                      0.398     6.670 r  core/fetch/e_pc_reg[7]_i_14/CO[3]
                         net (fo=1, routed)           0.000     6.670    core/fetch/e_pc_reg[7]_i_14_n_0
    SLICE_X37Y41         CARRY4 (Prop_carry4_CI_CO[3])
                                                      0.114     6.784 r  core/fetch/e_pc_reg[11]_i_17/CO[3]
                         net (fo=1, routed)           0.000     6.784    core/fetch/e_pc_reg[11]_i_17_n_0
    SLICE_X37Y42         CARRY4 (Prop_carry4_CI_CO[3])
                                                      0.114     6.898 r  core/fetch/e_pc_reg[15]_i_17/CO[3]
                         net (fo=1, routed)           0.000     6.898    core/fetch/e_pc_reg[15]_i_17_n_0
    SLICE_X37Y43         CARRY4 (Prop_carry4_CI_CO[3])
                                                      0.114     7.012 r  core/fetch/e_pc_reg[23]_i_27/CO[3]
                         net (fo=1, routed)           0.000     7.012    core/fetch/e_pc_reg[23]_i_27_n_0
    SLICE_X37Y44         CARRY4 (Prop_carry4_CI_CO[3])
                                                      0.114     7.126 r  core/fetch/e_pc_reg[23]_i_19/CO[3]
                         net (fo=1, routed)           0.000     7.126    core/fetch/e_pc_reg[23]_i_19_n_0
    SLICE_X37Y45         CARRY4 (Prop_carry4_CI_CO[3])
                                                      0.114     7.240 r  core/fetch/e_pc_reg[27]_i_15/CO[3]
                         net (fo=1, routed)           0.000     7.240    core/fetch/e_pc_reg[27]_i_15_n_0
    SLICE_X37Y46         CARRY4 (Prop_carry4_CI_O[1])
                                                      0.334     7.574 r  core/fetch/e_pc_reg[31]_i_22/O[1]
                         net (fo=1, routed)           0.825     8.399    core/fetch/e_pc_reg[31]_i_22_n_6
    SLICE_X36Y47         LUT4 (Prop_lut4_I1_O)        0.329     8.728 r  core/fetch/e_pc[29]_i_10/O
                         net (fo=1, routed)           0.439     9.167    core/fetch/e_pc[29]_i_10_n_0
    SLICE_X38Y46         LUT6 (Prop_lut6_I5_O)        0.328     9.495 r  core/fetch/e_pc[29]_i_4/O
                         net (fo=2, routed)           0.458     9.953    core/fetch_n_310
    SLICE_X39Y45         LUT6 (Prop_lut6_I4_O)        0.124    10.077 r  core/m1[result][29]_i_1/O
                         net (fo=1, routed)           0.000    10.077    core/e_slot[result][29]
    SLICE_X39Y45         FDRE                                         r  core/m1_reg[result][29]/D
  -------------------------------------------------------------------    -------------------

                         (clock clk rise edge)       10.000    10.000 r  
                                                      0.000    10.000 r  clk (IN)
                         net (fo=748, unset)          0.924    10.924    core/clk
    SLICE_X39Y45         FDRE                                         r  core/m1_reg[result][29]/C
                         clock pessimism              0.000    10.924    
                         clock uncertainty           -0.035    10.889    
    SLICE_X39Y45         FDRE (Setup_fdre_C_D)        0.032    10.921    core/m1_reg[result][29]
  -------------------------------------------------------------------
                         required time                         10.921    
                         arrival time                         -10.077    
  -------------------------------------------------------------------
                         slack                                  0.844    

Slack (MET) :             0.882ns  (required time - arrival time)
  Source:                 core/fsel2_reg[1]/C
                            (rising edge-triggered cell FDRE clocked by clk  {rise@0.000ns fall@5.000ns period=10.000ns})
  Destination:            core/fetch/e_pc_reg[18]/D
                            (rising edge-triggered cell FDRE clocked by clk  {rise@0.000ns fall@5.000ns period=10.000ns})
  Path Group:             clk
  Path Type:              Setup (Max at Slow Process Corner)
  Requirement:            10.000ns  (clk rise@10.000ns - clk rise@0.000ns)
  Data Path Delay:        9.063ns  (logic 3.139ns (34.637%)  route 5.924ns (65.363%))
  Logic Levels:           12  (CARRY4=4 LUT2=1 LUT3=2 LUT4=1 LUT5=2 LUT6=2)
  Clock Path Skew:        -0.049ns (DCD - SCD + CPR)
    Destination Clock Delay (DCD):    0.924ns = ( 10.924 - 10.000 ) 
    Source Clock Delay      (SCD):    0.973ns
    Clock Pessimism Removal (CPR):    0.000ns
  Clock Uncertainty:      0.035ns  ((TSJ^2 + TIJ^2)^1/2 + DJ) / 2 + PE
    Total System Jitter     (TSJ):    0.071ns
    Total Input Jitter      (TIJ):    0.000ns
    Discrete Jitter          (DJ):    0.000ns
    Phase Error              (PE):    0.000ns

    Location             Delay type                Incr(ns)  Path(ns)    Netlist Resource(s)
  -------------------------------------------------------------------    -------------------
                         (clock clk rise edge)        0.000     0.000 r  
                                                      0.000     0.000 r  clk (IN)
                         net (fo=748, unset)          0.973     0.973    core/clk
    SLICE_X26Y30         FDRE                                         r  core/fsel2_reg[1]/C
  -------------------------------------------------------------------    -------------------
    SLICE_X26Y30         FDRE (Prop_fdre_C_Q)         0.478     1.451 r  core/fsel2_reg[1]/Q
                         net (fo=35, routed)          0.922     2.373    core/fetch/sel[1]
    SLICE_X29Y29         LUT5 (Prop_lut5_I3_O)        0.301     2.674 r  core/fetch/d_req_wdata[6]_INST_0_i_1/O
                         net (fo=1, routed)           1.097     3.771    core/fetch/forward0[6]
    SLICE_X32Y34         LUT3 (Prop_lut3_I2_O)        0.146     3.917 r  core/fetch/d_req_wdata[6]_INST_0/O
                         net (fo=11, routed)          1.006     4.923    core/fetch/m1_reg[result][6]_0
    SLICE_X35Y37         LUT3 (Prop_lut3_I2_O)        0.356     5.279 r  core/fetch/e_pc[6]_i_9/O
                         net (fo=8, routed)           0.680     5.959    core/fetch/e_dec_reg[imm][6]
    SLICE_X36Y40         LUT2 (Prop_lut2_I0_O)        0.332     6.291 r  core/fetch/e_pc[4]_i_18/O
                         net (fo=1, routed)           0.000     6.291    core/fetch/e_pc[4]_i_18_n_0
    SLICE_X36Y40         CARRY4 (Prop_carry4_S[2]_CO[3])
                                                      0.380     6.671 r  core/fetch/e_pc_reg[4]_i_14/CO[3]
                         net (fo=1, routed)           0.000     6.671    core/fetch/e_pc_reg[4]_i_14_n_0
    SLICE_X36Y41         CARRY4 (Prop_carry4_CI_CO[3])
                                                      0.117     6.788 r  core/fetch/e_pc_reg[11]_i_16/CO[3]
                         net (fo=1, routed)           0.000     6.788    core/fetch/e_pc_reg[11]_i_16_n_0
    SLICE_X36Y42         CARRY4 (Prop_carry4_CI_CO[3])
                                                      0.117     6.905 r  core/fetch/e_pc_reg[15]_i_16/CO[3]
                         net (fo=1, routed)           0.000     6.905    core/fetch/e_pc_reg[15]_i_16_n_0
    SLICE_X36Y43         CARRY4 (Prop_carry4_CI_O[2])
                                                      0.239     7.144 r  core/fetch/e_pc_reg[23]_i_22/O[2]
                         net (fo=1, routed)           0.608     7.752    core/fetch/e_pc_reg[23]_i_22_n_5
    SLICE_X34Y44         LUT4 (Prop_lut4_I0_O)        0.301     8.053 r  core/fetch/e_pc[18]_i_12/O
                         net (fo=1, routed)           0.598     8.651    core/fetch/e_pc[18]_i_12_n_0
    SLICE_X34Y44         LUT6 (Prop_lut6_I5_O)        0.124     8.775 r  core/fetch/e_pc[18]_i_5/O
                         net (fo=1, routed)           0.340     9.115    core/fetch/e_pc[18]_i_5_n_0
    SLICE_X35Y44         LUT6 (Prop_lut6_I4_O)        0.124     9.239 r  core/fetch/e_pc[18]_i_2/O
                         net (fo=2, routed)           0.672     9.912    core/fetch/alu[16]
    SLICE_X37Y38         LUT5 (Prop_lut5_I4_O)        0.124    10.036 r  core/fetch/e_pc[18]_i_1/O
                         net (fo=1, routed)           0.000    10.036    core/fetch/e_redirect_target[18]
    SLICE_X37Y38         FDRE                                         r  core/fetch/e_pc_reg[18]/D
  -------------------------------------------------------------------    -------------------

                         (clock clk rise edge)       10.000    10.000 r  
                                                      0.000    10.000 r  clk (IN)
                         net (fo=748, unset)          0.924    10.924    core/fetch/clk
    SLICE_X37Y38         FDRE                                         r  core/fetch/e_pc_reg[18]/C
                         clock pessimism              0.000    10.924    
                         clock uncertainty           -0.035    10.889    
    SLICE_X37Y38         FDRE (Setup_fdre_C_D)        0.029    10.918    core/fetch/e_pc_reg[18]
  -------------------------------------------------------------------
                         required time                         10.918    
                         arrival time                         -10.036    
  -------------------------------------------------------------------
                         slack                                  0.882    

Slack (MET) :             0.900ns  (required time - arrival time)
  Source:                 core/fsel2_reg[1]/C
                            (rising edge-triggered cell FDRE clocked by clk  {rise@0.000ns fall@5.000ns period=10.000ns})
  Destination:            core/fetch/e_pc_reg[14]/D
                            (rising edge-triggered cell FDRE clocked by clk  {rise@0.000ns fall@5.000ns period=10.000ns})
  Path Group:             clk
  Path Type:              Setup (Max at Slow Process Corner)
  Requirement:            10.000ns  (clk rise@10.000ns - clk rise@0.000ns)
  Data Path Delay:        9.048ns  (logic 3.022ns (33.401%)  route 6.026ns (66.599%))
  Logic Levels:           11  (CARRY4=3 LUT2=1 LUT3=2 LUT4=1 LUT5=2 LUT6=2)
  Clock Path Skew:        -0.049ns (DCD - SCD + CPR)
    Destination Clock Delay (DCD):    0.924ns = ( 10.924 - 10.000 ) 
    Source Clock Delay      (SCD):    0.973ns
    Clock Pessimism Removal (CPR):    0.000ns
  Clock Uncertainty:      0.035ns  ((TSJ^2 + TIJ^2)^1/2 + DJ) / 2 + PE
    Total System Jitter     (TSJ):    0.071ns
    Total Input Jitter      (TIJ):    0.000ns
    Discrete Jitter          (DJ):    0.000ns
    Phase Error              (PE):    0.000ns

    Location             Delay type                Incr(ns)  Path(ns)    Netlist Resource(s)
  -------------------------------------------------------------------    -------------------
                         (clock clk rise edge)        0.000     0.000 r  
                                                      0.000     0.000 r  clk (IN)
                         net (fo=748, unset)          0.973     0.973    core/clk
    SLICE_X26Y30         FDRE                                         r  core/fsel2_reg[1]/C
  -------------------------------------------------------------------    -------------------
    SLICE_X26Y30         FDRE (Prop_fdre_C_Q)         0.478     1.451 r  core/fsel2_reg[1]/Q
                         net (fo=35, routed)          0.922     2.373    core/fetch/sel[1]
    SLICE_X29Y29         LUT5 (Prop_lut5_I3_O)        0.301     2.674 r  core/fetch/d_req_wdata[6]_INST_0_i_1/O
                         net (fo=1, routed)           1.097     3.771    core/fetch/forward0[6]
    SLICE_X32Y34         LUT3 (Prop_lut3_I2_O)        0.146     3.917 r  core/fetch/d_req_wdata[6]_INST_0/O
                         net (fo=11, routed)          1.006     4.923    core/fetch/m1_reg[result][6]_0
    SLICE_X35Y37         LUT3 (Prop_lut3_I2_O)        0.356     5.279 r  core/fetch/e_pc[6]_i_9/O
                         net (fo=8, routed)           0.680     5.959    core/fetch/e_dec_reg[imm][6]
    SLICE_X36Y40         LUT2 (Prop_lut2_I0_O)        0.332     6.291 r  core/fetch/e_pc[4]_i_18/O
                         net (fo=1, routed)           0.000     6.291    core/fetch/e_pc[4]_i_18_n_0
    SLICE_X36Y40         CARRY4 (Prop_carry4_S[2]_CO[3])
                                                      0.380     6.671 r  core/fetch/e_pc_reg[4]_i_14/CO[3]
                         net (fo=1, routed)           0.000     6.671    core/fetch/e_pc_reg[4]_i_14_n_0
    SLICE_X36Y41         CARRY4 (Prop_carry4_CI_CO[3])
                                                      0.117     6.788 r  core/fetch/e_pc_reg[11]_i_16/CO[3]
                         net (fo=1, routed)           0.000     6.788    core/fetch/e_pc_reg[11]_i_16_n_0
    SLICE_X36Y42         CARRY4 (Prop_carry4_CI_O[2])
                                                      0.239     7.027 r  core/fetch/e_pc_reg[15]_i_16/O[2]
                         net (fo=1, routed)           0.699     7.726    core/fetch/e_pc_reg[15]_i_16_n_5
    SLICE_X35Y42         LUT4 (Prop_lut4_I0_O)        0.301     8.027 r  core/fetch/e_pc[14]_i_12/O
                         net (fo=1, routed)           0.407     8.434    core/fetch/e_pc[14]_i_12_n_0
    SLICE_X35Y42         LUT6 (Prop_lut6_I5_O)        0.124     8.558 r  core/fetch/e_pc[14]_i_5/O
                         net (fo=1, routed)           0.433     8.991    core/fetch/e_pc[14]_i_5_n_0
    SLICE_X35Y42         LUT6 (Prop_lut6_I4_O)        0.124     9.115 r  core/fetch/e_pc[14]_i_2/O
                         net (fo=2, routed)           0.782     9.897    core/fetch/alu[12]
    SLICE_X41Y36         LUT5 (Prop_lut5_I4_O)        0.124    10.021 r  core/fetch/e_pc[14]_i_1/O
                         net (fo=1, routed)           0.000    10.021    core/fetch/e_redirect_target[14]
    SLICE_X41Y36         FDRE                                         r  core/fetch/e_pc_reg[14]/D
  -------------------------------------------------------------------    -------------------

                         (clock clk rise edge)       10.000    10.000 r  
                                                      0.000    10.000 r  clk (IN)
                         net (fo=748, unset)          0.924    10.924    core/fetch/clk
    SLICE_X41Y36         FDRE                                         r  core/fetch/e_pc_reg[14]/C
                         clock pessimism              0.000    10.924    
                         clock uncertainty           -0.035    10.889    
    SLICE_X41Y36         FDRE (Setup_fdre_C_D)        0.032    10.921    core/fetch/e_pc_reg[14]
  -------------------------------------------------------------------
                         required time                         10.921    
                         arrival time                         -10.021    
  -------------------------------------------------------------------
                         slack                                  0.900    

Slack (MET) :             0.945ns  (required time - arrival time)
  Source:                 core/fsel2_reg[1]/C
                            (rising edge-triggered cell FDRE clocked by clk  {rise@0.000ns fall@5.000ns period=10.000ns})
  Destination:            core/m1_reg[result][19]/D
                            (rising edge-triggered cell FDRE clocked by clk  {rise@0.000ns fall@5.000ns period=10.000ns})
  Path Group:             clk
  Path Type:              Setup (Max at Slow Process Corner)
  Requirement:            10.000ns  (clk rise@10.000ns - clk rise@0.000ns)
  Data Path Delay:        9.050ns  (logic 3.221ns (35.591%)  route 5.829ns (64.409%))
  Logic Levels:           12  (CARRY4=4 LUT2=1 LUT3=2 LUT4=2 LUT5=1 LUT6=2)
  Clock Path Skew:        -0.049ns (DCD - SCD + CPR)
    Destination Clock Delay (DCD):    0.924ns = ( 10.924 - 10.000 ) 
    Source Clock Delay      (SCD):    0.973ns
    Clock Pessimism Removal (CPR):    0.000ns
  Clock Uncertainty:      0.035ns  ((TSJ^2 + TIJ^2)^1/2 + DJ) / 2 + PE
    Total System Jitter     (TSJ):    0.071ns
    Total Input Jitter      (TIJ):    0.000ns
    Discrete Jitter          (DJ):    0.000ns
    Phase Error              (PE):    0.000ns

    Location             Delay type                Incr(ns)  Path(ns)    Netlist Resource(s)
  -------------------------------------------------------------------    -------------------
                         (clock clk rise edge)        0.000     0.000 r  
                                                      0.000     0.000 r  clk (IN)
                         net (fo=748, unset)          0.973     0.973    core/clk
    SLICE_X26Y30         FDRE                                         r  core/fsel2_reg[1]/C
  -------------------------------------------------------------------    -------------------
    SLICE_X26Y30         FDRE (Prop_fdre_C_Q)         0.478     1.451 r  core/fsel2_reg[1]/Q
                         net (fo=35, routed)          0.922     2.373    core/fetch/sel[1]
    SLICE_X29Y29         LUT5 (Prop_lut5_I3_O)        0.301     2.674 r  core/fetch/d_req_wdata[6]_INST_0_i_1/O
                         net (fo=1, routed)           1.097     3.771    core/fetch/forward0[6]
    SLICE_X32Y34         LUT3 (Prop_lut3_I2_O)        0.146     3.917 r  core/fetch/d_req_wdata[6]_INST_0/O
                         net (fo=11, routed)          1.006     4.923    core/fetch/m1_reg[result][6]_0
    SLICE_X35Y37         LUT3 (Prop_lut3_I2_O)        0.356     5.279 r  core/fetch/e_pc[6]_i_9/O
                         net (fo=8, routed)           0.680     5.959    core/fetch/e_dec_reg[imm][6]
    SLICE_X36Y40         LUT2 (Prop_lut2_I0_O)        0.332     6.291 r  core/fetch/e_pc[4]_i_18/O
                         net (fo=1, routed)           0.000     6.291    core/fetch/e_pc[4]_i_18_n_0
    SLICE_X36Y40         CARRY4 (Prop_carry4_S[2]_CO[3])
                                                      0.380     6.671 r  core/fetch/e_pc_reg[4]_i_14/CO[3]
                         net (fo=1, routed)           0.000     6.671    core/fetch/e_pc_reg[4]_i_14_n_0
    SLICE_X36Y41         CARRY4 (Prop_carry4_CI_CO[3])
                                                      0.117     6.788 r  core/fetch/e_pc_reg[11]_i_16/CO[3]
                         net (fo=1, routed)           0.000     6.788    core/fetch/e_pc_reg[11]_i_16_n_0
    SLICE_X36Y42         CARRY4 (Prop_carry4_CI_CO[3])
                                                      0.117     6.905 r  core/fetch/e_pc_reg[15]_i_16/CO[3]
                         net (fo=1, routed)           0.000     6.905    core/fetch/e_pc_reg[15]_i_16_n_0
    SLICE_X36Y43         CARRY4 (Prop_carry4_CI_O[3])
                                                      0.315     7.220 r  core/fetch/e_pc_reg[23]_i_22/O[3]
                         net (fo=1, routed)           0.557     7.776    core/fetch/e_pc_reg[23]_i_22_n_4
    SLICE_X35Y43         LUT4 (Prop_lut4_I0_O)        0.307     8.083 r  core/fetch/e_pc[19]_i_12/O
                         net (fo=1, routed)           0.450     8.534    core/fetch/e_pc[19]_i_12_n_0
    SLICE_X35Y45         LUT6 (Prop_lut6_I5_O)        0.124     8.658 r  core/fetch/e_pc[19]_i_5/O
                         net (fo=1, routed)           0.433     9.091    core/fetch/e_pc[19]_i_5_n_0
    SLICE_X35Y45         LUT6 (Prop_lut6_I4_O)        0.124     9.215 r  core/fetch/e_pc[19]_i_2/O
                         net (fo=2, routed)           0.684     9.899    core/alu[19]
    SLICE_X36Y38         LUT4 (Prop_lut4_I3_O)        0.124    10.023 r  core/m1[result][19]_i_1/O
                         net (fo=1, routed)           0.000    10.023    core/e_slot[result][19]
    SLICE_X36Y38         FDRE                                         r  core/m1_reg[result][19]/D
  -------------------------------------------------------------------    -------------------

                         (clock clk rise edge)       10.000    10.000 r  
                                                      0.000    10.000 r  clk (IN)
                         net (fo=748, unset)          0.924    10.924    core/clk
    SLICE_X36Y38         FDRE                                         r  core/m1_reg[result][19]/C
                         clock pessimism              0.000    10.924    
                         clock uncertainty           -0.035    10.889    
    SLICE_X36Y38         FDRE (Setup_fdre_C_D)        0.079    10.968    core/m1_reg[result][19]
  -------------------------------------------------------------------
                         required time                         10.968    
                         arrival time                         -10.023    
  -------------------------------------------------------------------
                         slack                                  0.945    

Slack (MET) :             0.965ns  (required time - arrival time)
  Source:                 core/fsel2_reg[0]/C
                            (rising edge-triggered cell FDRE clocked by clk  {rise@0.000ns fall@5.000ns period=10.000ns})
  Destination:            core/fetch/e_pending_reg_inv/D
                            (rising edge-triggered cell FDSE clocked by clk  {rise@0.000ns fall@5.000ns period=10.000ns})
  Path Group:             clk
  Path Type:              Setup (Max at Slow Process Corner)
  Requirement:            10.000ns  (clk rise@10.000ns - clk rise@0.000ns)
  Data Path Delay:        8.935ns  (logic 2.666ns (29.839%)  route 6.269ns (70.161%))
  Logic Levels:           10  (CARRY4=3 LUT2=1 LUT3=1 LUT5=1 LUT6=4)
  Clock Path Skew:        -0.049ns (DCD - SCD + CPR)
    Destination Clock Delay (DCD):    0.924ns = ( 10.924 - 10.000 ) 
    Source Clock Delay      (SCD):    0.973ns
    Clock Pessimism Removal (CPR):    0.000ns
  Clock Uncertainty:      0.035ns  ((TSJ^2 + TIJ^2)^1/2 + DJ) / 2 + PE
    Total System Jitter     (TSJ):    0.071ns
    Total Input Jitter      (TIJ):    0.000ns
    Discrete Jitter          (DJ):    0.000ns
    Phase Error              (PE):    0.000ns

    Location             Delay type                Incr(ns)  Path(ns)    Netlist Resource(s)
  -------------------------------------------------------------------    -------------------
                         (clock clk rise edge)        0.000     0.000 r  
                                                      0.000     0.000 r  clk (IN)
                         net (fo=748, unset)          0.973     0.973    core/clk
    SLICE_X26Y30         FDRE                                         r  core/fsel2_reg[0]/C
  -------------------------------------------------------------------    -------------------
    SLICE_X26Y30         FDRE (Prop_fdre_C_Q)         0.518     1.491 r  core/fsel2_reg[0]/Q
                         net (fo=32, routed)          1.279     2.770    core/fetch/sel[0]
    SLICE_X33Y31         LUT5 (Prop_lut5_I0_O)        0.124     2.894 r  core/fetch/d_req_wdata[2]_INST_0_i_1/O
                         net (fo=2, routed)           0.612     3.506    core/fetch/forward0[2]
    SLICE_X32Y33         LUT3 (Prop_lut3_I2_O)        0.117     3.623 r  core/fetch/d_req_wdata[2]_INST_0/O
                         net (fo=10, routed)          1.306     4.929    core/fetch/m1_reg[result][2]
    SLICE_X31Y39         LUT6 (Prop_lut6_I3_O)        0.348     5.277 r  core/fetch/squash_i_82/O
                         net (fo=1, routed)           0.000     5.277    core/fetch/squash_i_82_n_0
    SLICE_X31Y39         CARRY4 (Prop_carry4_S[0]_CO[3])
                                                      0.532     5.809 r  core/fetch/squash_reg_i_51/CO[3]
                         net (fo=1, routed)           0.000     5.809    core/fetch/squash_reg_i_51_n_0
    SLICE_X31Y40         CARRY4 (Prop_carry4_CI_CO[3])
                                                      0.114     5.923 r  core/fetch/squash_reg_i_25/CO[3]
                         net (fo=1, routed)           0.000     5.923    core/fetch/squash_reg_i_25_n_0
    SLICE_X31Y41         CARRY4 (Prop_carry4_CI_CO[2])
                                                      0.228     6.151 r  core/fetch/squash_reg_i_10/CO[2]
                         net (fo=1, routed)           0.755     6.906    core/fetch/squash_reg_i_10_n_1
    SLICE_X31Y35         LUT6 (Prop_lut6_I1_O)        0.313     7.219 r  core/fetch/squash_i_4/O
                         net (fo=1, routed)           0.846     8.065    core/fetch/squash_i_4_n_0
    SLICE_X35Y32         LUT6 (Prop_lut6_I0_O)        0.124     8.189 r  core/fetch/squash_i_2/O
                         net (fo=2, routed)           0.468     8.656    core/fetch/e_taken
    SLICE_X37Y31         LUT6 (Prop_lut6_I2_O)        0.124     8.780 f  core/fetch/squash_i_1/O
                         net (fo=2, routed)           0.435     9.215    core/fetch/e_flush
    SLICE_X38Y30         LUT2 (Prop_lut2_I0_O)        0.124     9.339 r  core/fetch/e_pending_inv_i_1/O
                         net (fo=1, routed)           0.568     9.908    core/fetch/e_pending
    SLICE_X38Y30         FDSE                                         r  core/fetch/e_pending_reg_inv/D
  -------------------------------------------------------------------    -------------------

                         (clock clk rise edge)       10.000    10.000 r  
                                                      0.000    10.000 r  clk (IN)
                         net (fo=748, unset)          0.924    10.924    core/fetch/clk
    SLICE_X38Y30         FDSE                                         r  core/fetch/e_pending_reg_inv/C
                         clock pessimism              0.000    10.924    
                         clock uncertainty           -0.035    10.889    
    SLICE_X38Y30         FDSE (Setup_fdse_C_D)       -0.016    10.873    core/fetch/e_pending_reg_inv
  -------------------------------------------------------------------
                         required time                         10.873    
                         arrival time                          -9.908    
  -------------------------------------------------------------------
                         slack                                  0.965    

Slack (MET) :             0.968ns  (required time - arrival time)
  Source:                 core/fsel2_reg[1]/C
                            (rising edge-triggered cell FDRE clocked by clk  {rise@0.000ns fall@5.000ns period=10.000ns})
  Destination:            core/m1_reg[result][11]/D
                            (rising edge-triggered cell FDRE clocked by clk  {rise@0.000ns fall@5.000ns period=10.000ns})
  Path Group:             clk
  Path Type:              Setup (Max at Slow Process Corner)
  Requirement:            10.000ns  (clk rise@10.000ns - clk rise@0.000ns)
  Data Path Delay:        9.025ns  (logic 2.987ns (33.098%)  route 6.038ns (66.902%))
  Logic Levels:           10  (CARRY4=2 LUT2=1 LUT3=2 LUT4=2 LUT5=1 LUT6=2)
  Clock Path Skew:        -0.049ns (DCD - SCD + CPR)
    Destination Clock Delay (DCD):    0.924ns = ( 10.924 - 10.000 ) 
    Source Clock Delay      (SCD):    0.973ns
    Clock Pessimism Removal (CPR):    0.000ns
  Clock Uncertainty:      0.035ns  ((TSJ^2 + TIJ^2)^1/2 + DJ) / 2 + PE
    Total System Jitter     (TSJ):    0.071ns
    Total Input Jitter      (TIJ):    0.000ns
    Discrete Jitter          (DJ):    0.000ns
    Phase Error              (PE):    0.000ns

    Location             Delay type                Incr(ns)  Path(ns)    Netlist Resource(s)
  -------------------------------------------------------------------    -------------------
                         (clock clk rise edge)        0.000     0.000 r  
                                                      0.000     0.000 r  clk (IN)
                         net (fo=748, unset)          0.973     0.973    core/clk
    SLICE_X26Y30         FDRE                                         r  core/fsel2_reg[1]/C
  -------------------------------------------------------------------    -------------------
    SLICE_X26Y30         FDRE (Prop_fdre_C_Q)         0.478     1.451 r  core/fsel2_reg[1]/Q
                         net (fo=35, routed)          0.922     2.373    core/fetch/sel[1]
    SLICE_X29Y29         LUT5 (Prop_lut5_I3_O)        0.301     2.674 r  core/fetch/d_req_wdata[6]_INST_0_i_1/O
                         net (fo=1, routed)           1.097     3.771    core/fetch/forward0[6]
    SLICE_X32Y34         LUT3 (Prop_lut3_I2_O)        0.146     3.917 r  core/fetch/d_req_wdata[6]_INST_0/O
                         net (fo=11, routed)          1.006     4.923    core/fetch/m1_reg[result][6]_0
    SLICE_X35Y37         LUT3 (Prop_lut3_I2_O)        0.356     5.279 r  core/fetch/e_pc[6]_i_9/O
                         net (fo=8, routed)           0.680     5.959    core/fetch/e_dec_reg[imm][6]
    SLICE_X36Y40         LUT2 (Prop_lut2_I0_O)        0.332     6.291 r  core/fetch/e_pc[4]_i_18/O
                         net (fo=1, routed)           0.000     6.291    core/fetch/e_pc[4]_i_18_n_0
    SLICE_X36Y40         CARRY4 (Prop_carry4_S[2]_CO[3])
                                                      0.380     6.671 r  core/fetch/e_pc_reg[4]_i_14/CO[3]
                         net (fo=1, routed)           0.000     6.671    core/fetch/e_pc_reg[4]_i_14_n_0
    SLICE_X36Y41         CARRY4 (Prop_carry4_CI_O[3])
                                                      0.315     6.986 r  core/fetch/e_pc_reg[11]_i_16/O[3]
                         net (fo=1, routed)           0.708     7.694    core/fetch/e_pc_reg[11]_i_16_n_4
    SLICE_X40Y42         LUT4 (Prop_lut4_I0_O)        0.307     8.001 r  core/fetch/e_pc[11]_i_12/O
                         net (fo=1, routed)           0.414     8.415    core/fetch/e_pc[11]_i_12_n_0
    SLICE_X42Y42         LUT6 (Prop_lut6_I5_O)        0.124     8.539 r  core/fetch/e_pc[11]_i_5/O
                         net (fo=1, routed)           0.447     8.986    core/fetch/e_pc[11]_i_5_n_0
    SLICE_X42Y40         LUT6 (Prop_lut6_I4_O)        0.124     9.110 r  core/fetch/e_pc[11]_i_2/O
                         net (fo=2, routed)           0.764     9.874    core/alu[11]
    SLICE_X38Y36         LUT4 (Prop_lut4_I3_O)        0.124     9.998 r  core/m1[result][11]_i_1/O
                         net (fo=1, routed)           0.000     9.998    core/e_slot[result][11]
    SLICE_X38Y36         FDRE                                         r  core/m1_reg[result][11]/D
  -------------------------------------------------------------------    -------------------

                         (clock clk rise edge)       10.000    10.000 r  
                                                      0.000    10.000 r  clk (IN)
                         net (fo=748, unset)          0.924    10.924    core/clk
    SLICE_X38Y36         FDRE                                         r  core/m1_reg[result][11]/C
                         clock pessimism              0.000    10.924    
                         clock uncertainty           -0.035    10.889    
    SLICE_X38Y36         FDRE (Setup_fdre_C_D)        0.077    10.966    core/m1_reg[result][11]
  -------------------------------------------------------------------
                         required time                         10.966    
                         arrival time                          -9.998    
  -------------------------------------------------------------------
                         slack                                  0.968    

Slack (MET) :             0.969ns  (required time - arrival time)
  Source:                 core/fsel2_reg[1]/C
                            (rising edge-triggered cell FDRE clocked by clk  {rise@0.000ns fall@5.000ns period=10.000ns})
  Destination:            core/fetch/e_pc_reg[29]/D
                            (rising edge-triggered cell FDRE clocked by clk  {rise@0.000ns fall@5.000ns period=10.000ns})
  Path Group:             clk
  Path Type:              Setup (Max at Slow Process Corner)
  Requirement:            10.000ns  (clk rise@10.000ns - clk rise@0.000ns)
  Data Path Delay:        8.978ns  (logic 3.696ns (41.166%)  route 5.282ns (58.834%))
  Logic Levels:           14  (CARRY4=7 LUT2=1 LUT3=2 LUT4=1 LUT5=2 LUT6=1)
  Clock Path Skew:        -0.049ns (DCD - SCD + CPR)
    Destination Clock Delay (DCD):    0.924ns = ( 10.924 - 10.000 ) 
    Source Clock Delay      (SCD):    0.973ns
    Clock Pessimism Removal (CPR):    0.000ns
  Clock Uncertainty:      0.035ns  ((TSJ^2 + TIJ^2)^1/2 + DJ) / 2 + PE
    Total System Jitter     (TSJ):    0.071ns
    Total Input Jitter      (TIJ):    0.000ns
    Discrete Jitter          (DJ):    0.000ns
    Phase Error              (PE):    0.000ns

    Location             Delay type                Incr(ns)  Path(ns)    Netlist Resource(s)
  -------------------------------------------------------------------    -------------------
                         (clock clk rise edge)        0.000     0.000 r  
                                                      0.000     0.000 r  clk (IN)
                         net (fo=748, unset)          0.973     0.973    core/clk
    SLICE_X26Y30         FDRE                                         r  core/fsel2_reg[1]/C
  -------------------------------------------------------------------    -------------------
    SLICE_X26Y30         FDRE (Prop_fdre_C_Q)         0.478     1.451 r  core/fsel2_reg[1]/Q
                         net (fo=35, routed)          0.922     2.373    core/fetch/sel[1]
    SLICE_X29Y29         LUT5 (Prop_lut5_I3_O)        0.301     2.674 r  core/fetch/d_req_wdata[6]_INST_0_i_1/O
                         net (fo=1, routed)           1.097     3.771    core/fetch/forward0[6]
    SLICE_X32Y34         LUT3 (Prop_lut3_I2_O)        0.146     3.917 r  core/fetch/d_req_wdata[6]_INST_0/O
                         net (fo=11, routed)          1.006     4.923    core/fetch/m1_reg[result][6]_0
    SLICE_X35Y37         LUT3 (Prop_lut3_I2_O)        0.356     5.279 r  core/fetch/e_pc[6]_i_9/O
                         net (fo=8, routed)           0.661     5.940    core/fetch/e_dec_reg[imm][6]
    SLICE_X37Y40         LUT2 (Prop_lut2_I1_O)        0.332     6.272 r  core/fetch/e_pc[7]_i_16/O
                         net (fo=1, routed)           0.000     6.272    core/fetch/e_pc[7]_i_16_n_0
    SLICE_X37Y40         CARRY4 (Prop_carry4_S[2]_CO[3])
                                                      0.398     6.670 r  core/fetch/e_pc_reg[7]_i_14/CO[3]
                         net (fo=1, routed)           0.000     6.670    core/fetch/e_pc_reg[7]_i_14_n_0
    SLICE_X37Y41         CARRY4 (Prop_carry4_CI_CO[3])
                                                      0.114     6.784 r  core/fetch/e_pc_reg[11]_i_17/CO[3]
                         net (fo=1, routed)           0.000     6.784    core/fetch/e_pc_reg[11]_i_17_n_0
    SLICE_X37Y42         CARRY4 (Prop_carry4_CI_CO[3])
                                                      0.114     6.898 r  core/fetch/e_pc_reg[15]_i_17/CO[3]
                         net (fo=1, routed)           0.000     6.898    core/fetch/e_pc_reg[15]_i_17_n_0
    SLICE_X37Y43         CARRY4 (Prop_carry4_CI_CO[3])
                                                      0.114     7.012 r  core/fetch/e_pc_reg[23]_i_27/CO[3]
                         net (fo=1, routed)           0.000     7.012    core/fetch/e_pc_reg[23]_i_27_n_0
    SLICE_X37Y44         CARRY4 (Prop_carry4_CI_CO[3])
                                                      0.114     7.126 r  core/fetch/e_pc_reg[23]_i_19/CO[3]
                         net (fo=1, routed)           0.000     7.126    core/fetch/e_pc_reg[23]_i_19_n_0
    SLICE_X37Y45         CARRY4 (Prop_carry4_CI_CO[3])
                                                      0.114     7.240 r  core/fetch/e_pc_reg[27]_i_15/CO[3]
                         net (fo=1, routed)           0.000     7.240    core/fetch/e_pc_reg[27]_i_15_n_0
    SLICE_X37Y46         CARRY4 (Prop_carry4_CI_O[1])
                                                      0.334     7.574 r  core/fetch/e_pc_reg[31]_i_22/O[1]
                         net (fo=1, routed)           0.825     8.399    core/fetch/e_pc_reg[31]_i_22_n_6
    SLICE_X36Y47         LUT4 (Prop_lut4_I1_O)        0.329     8.728 r  core/fetch/e_pc[29]_i_10/O
                         net (fo=1, routed)           0.439     9.167    core/fetch/e_pc[29]_i_10_n_0
    SLICE_X38Y46         LUT6 (Prop_lut6_I5_O)        0.328     9.495 r  core/fetch/e_pc[29]_i_4/O
                         net (fo=2, routed)           0.332     9.827    core/fetch/e_dec_reg[alu_op][3]_7
    SLICE_X40Y45         LUT5 (Prop_lut5_I3_O)        0.124     9.951 r  core/fetch/e_pc[29]_i_1/O
                         net (fo=1, routed)           0.000     9.951    core/fetch/e_redirect_target[29]
    SLICE_X40Y45         FDRE                                         r  core/fetch/e_pc_reg[29]/D
  -------------------------------------------------------------------    -------------------

                         (clock clk rise edge)       10.000    10.000 r  
                                                      0.000    10.000 r  clk (IN)
                         net (fo=748, unset)          0.924    10.924    core/fetch/clk
    SLICE_X40Y45         FDRE                                         r  core/fetch/e_pc_reg[29]/C
                         clock pessimism              0.000    10.924    
                         clock uncertainty           -0.035    10.889    
    SLICE_X40Y45         FDRE (Setup_fdre_C_D)        0.031    10.920    core/fetch/e_pc_reg[29]
  -------------------------------------------------------------------
                         required time                         10.920    
                         arrival time                          -9.951    
  -------------------------------------------------------------------
                         slack                                  0.969    





Min Delay Paths
--------------------------------------------------------------------------------------
Slack (MET) :             0.063ns  (arrival time - required time)
  Source:                 core/fetch/rsp_pc_reg[2]/C
                            (rising edge-triggered cell FDRE clocked by clk  {rise@0.000ns fall@5.000ns period=10.000ns})
  Destination:            core/fetch/buf_pc_reg_0_3_0_5/RAMA/I
                            (rising edge-triggered cell RAMD32 clocked by clk  {rise@0.000ns fall@5.000ns period=10.000ns})
  Path Group:             clk
  Path Type:              Hold (Min at Fast Process Corner)
  Requirement:            0.000ns  (clk rise@0.000ns - clk rise@0.000ns)
  Data Path Delay:        0.231ns  (logic 0.141ns (60.975%)  route 0.090ns (39.025%))
  Logic Levels:           0  
  Clock Path Skew:        0.022ns (DCD - SCD - CPR)
    Destination Clock Delay (DCD):    0.432ns
    Source Clock Delay      (SCD):    0.410ns
    Clock Pessimism Removal (CPR):    -0.000ns

    Location             Delay type                Incr(ns)  Path(ns)    Netlist Resource(s)
  -------------------------------------------------------------------    -------------------
                         (clock clk rise edge)        0.000     0.000 r  
                                                      0.000     0.000 r  clk (IN)
                         net (fo=748, unset)          0.410     0.410    core/fetch/clk
    SLICE_X51Y33         FDRE                                         r  core/fetch/rsp_pc_reg[2]/C
  -------------------------------------------------------------------    -------------------
    SLICE_X51Y33         FDRE (Prop_fdre_C_Q)         0.141     0.551 r  core/fetch/rsp_pc_reg[2]/Q
                         net (fo=4, routed)           0.090     0.641    core/fetch/buf_pc_reg_0_3_0_5/DIA0
    SLICE_X50Y33         RAMD32                                       r  core/fetch/buf_pc_reg_0_3_0_5/RAMA/I
  -------------------------------------------------------------------    -------------------

                         (clock clk rise edge)        0.000     0.000 r  
                                                      0.000     0.000 r  clk (IN)
                         net (fo=748, unset)          0.432     0.432    core/fetch/buf_pc_reg_0_3_0_5/WCLK
    SLICE_X50Y33         RAMD32                                       r  core/fetch/buf_pc_reg_0_3_0_5/RAMA/CLK
                         clock pessimism              0.000     0.432    
    SLICE_X50Y33         RAMD32 (Hold_ramd32_CLK_I)
                                                      0.147     0.579    core/fetch/buf_pc_reg_0_3_0_5/RAMA
  -------------------------------------------------------------------
                         required time                         -0.579    
                         arrival time                           0.641    
  -------------------------------------------------------------------
                         slack                                  0.063    

Slack (MET) :             0.088ns  (arrival time - required time)
  Source:                 core/w_reg[rd][0]/C
                            (rising edge-triggered cell FDRE clocked by clk  {rise@0.000ns fall@5.000ns period=10.000ns})
  Destination:            core/rf_reg_r1_0_31_0_5/RAMA/WADR0
                            (rising edge-triggered cell RAMD32 clocked by clk  {rise@0.000ns fall@5.000ns period=10.000ns})
  Path Group:             clk
  Path Type:              Hold (Min at Fast Process Corner)
  Requirement:            0.000ns  (clk rise@0.000ns - clk rise@0.000ns)
  Data Path Delay:        0.420ns  (logic 0.141ns (33.579%)  route 0.279ns (66.421%))
  Logic Levels:           0  
  Clock Path Skew:        0.022ns (DCD - SCD - CPR)
    Destination Clock Delay (DCD):    0.432ns
    Source Clock Delay      (SCD):    0.410ns
    Clock Pessimism Removal (CPR):    -0.000ns

    Location             Delay type                Incr(ns)  Path(ns)    Netlist Resource(s)
  -------------------------------------------------------------------    -------------------
                         (clock clk rise edge)        0.000     0.000 r  
                                                      0.000     0.000 r  clk (IN)
                         net (fo=748, unset)          0.410     0.410    core/clk
    SLICE_X31Y30         FDRE                                         r  core/w_reg[rd][0]/C
  -------------------------------------------------------------------    -------------------
    SLICE_X31Y30         FDRE (Prop_fdre_C_Q)         0.141     0.551 r  core/w_reg[rd][0]/Q
                         net (fo=92, routed)          0.279     0.830    core/rf_reg_r1_0_31_0_5/ADDRD0
    SLICE_X30Y32         RAMD32                                       r  core/rf_reg_r1_0_31_0_5/RAMA/WADR0
  -------------------------------------------------------------------    -------------------

                         (clock clk rise edge)        0.000     0.000 r  
                                                      0.000     0.000 r  clk (IN)
                         net (fo=748, unset)          0.432     0.432    core/rf_reg_r1_0_31_0_5/WCLK
    SLICE_X30Y32         RAMD32                                       r  core/rf_reg_r1_0_31_0_5/RAMA/CLK
                         clock pessimism              0.000     0.432    
    SLICE_X30Y32         RAMD32 (Hold_ramd32_CLK_WADR0)
                                                      0.310     0.742    core/rf_reg_r1_0_31_0_5/RAMA
  -------------------------------------------------------------------
                         required time                         -0.742    
                         arrival time                           0.830    
  -------------------------------------------------------------------
                         slack                                  0.088    

Slack (MET) :             0.088ns  (arrival time - required time)
  Source:                 core/w_reg[rd][0]/C
                            (rising edge-triggered cell FDRE clocked by clk  {rise@0.000ns fall@5.000ns period=10.000ns})
  Destination:            core/rf_reg_r1_0_31_0_5/RAMA_D1/WADR0
                            (rising edge-triggered cell RAMD32 clocked by clk  {rise@0.000ns fall@5.000ns period=10.000ns})
  Path Group:             clk
  Path Type:              Hold (Min at Fast Process Corner)
  Requirement:            0.000ns  (clk rise@0.000ns - clk rise@0.000ns)
  Data Path Delay:        0.420ns  (logic 0.141ns (33.579%)  route 0.279ns (66.421%))
  Logic Levels:           0  
  Clock Path Skew:        0.022ns (DCD - SCD - CPR)
    Destination Clock Delay (DCD):    0.432ns
    Source Clock Delay      (SCD):    0.410ns
    Clock Pessimism Removal (CPR):    -0.000ns

    Location             Delay type                Incr(ns)  Path(ns)    Netlist Resource(s)
  -------------------------------------------------------------------    -------------------
                         (clock clk rise edge)        0.000     0.000 r  
                                                      0.000     0.000 r  clk (IN)
                         net (fo=748, unset)          0.410     0.410    core/clk
    SLICE_X31Y30         FDRE                                         r  core/w_reg[rd][0]/C
  -------------------------------------------------------------------    -------------------
    SLICE_X31Y30         FDRE (Prop_fdre_C_Q)         0.141     0.551 r  core/w_reg[rd][0]/Q
                         net (fo=92, routed)          0.279     0.830    core/rf_reg_r1_0_31_0_5/ADDRD0
    SLICE_X30Y32         RAMD32                                       r  core/rf_reg_r1_0_31_0_5/RAMA_D1/WADR0
  -------------------------------------------------------------------    -------------------

                         (clock clk rise edge)        0.000     0.000 r  
                                                      0.000     0.000 r  clk (IN)
                         net (fo=748, unset)          0.432     0.432    core/rf_reg_r1_0_31_0_5/WCLK
    SLICE_X30Y32         RAMD32                                       r  core/rf_reg_r1_0_31_0_5/RAMA_D1/CLK
                         clock pessimism              0.000     0.432    
    SLICE_X30Y32         RAMD32 (Hold_ramd32_CLK_WADR0)
                                                      0.310     0.742    core/rf_reg_r1_0_31_0_5/RAMA_D1
  -------------------------------------------------------------------
                         required time                         -0.742    
                         arrival time                           0.830    
  -------------------------------------------------------------------
                         slack                                  0.088    

Slack (MET) :             0.088ns  (arrival time - required time)
  Source:                 core/w_reg[rd][0]/C
                            (rising edge-triggered cell FDRE clocked by clk  {rise@0.000ns fall@5.000ns period=10.000ns})
  Destination:            core/rf_reg_r1_0_31_0_5/RAMB/WADR0
                            (rising edge-triggered cell RAMD32 clocked by clk  {rise@0.000ns fall@5.000ns period=10.000ns})
  Path Group:             clk
  Path Type:              Hold (Min at Fast Process Corner)
  Requirement:            0.000ns  (clk rise@0.000ns - clk rise@0.000ns)
  Data Path Delay:        0.420ns  (logic 0.141ns (33.579%)  route 0.279ns (66.421%))
  Logic Levels:           0  
  Clock Path Skew:        0.022ns (DCD - SCD - CPR)
    Destination Clock Delay (DCD):    0.432ns
    Source Clock Delay      (SCD):    0.410ns
    Clock Pessimism Removal (CPR):    -0.000ns

    Location             Delay type                Incr(ns)  Path(ns)    Netlist Resource(s)
  -------------------------------------------------------------------    -------------------
                         (clock clk rise edge)        0.000     0.000 r  
                                                      0.000     0.000 r  clk (IN)
                         net (fo=748, unset)          0.410     0.410    core/clk
    SLICE_X31Y30         FDRE                                         r  core/w_reg[rd][0]/C
  -------------------------------------------------------------------    -------------------
    SLICE_X31Y30         FDRE (Prop_fdre_C_Q)         0.141     0.551 r  core/w_reg[rd][0]/Q
                         net (fo=92, routed)          0.279     0.830    core/rf_reg_r1_0_31_0_5/ADDRD0
    SLICE_X30Y32         RAMD32                                       r  core/rf_reg_r1_0_31_0_5/RAMB/WADR0
  -------------------------------------------------------------------    -------------------

                         (clock clk rise edge)        0.000     0.000 r  
                                                      0.000     0.000 r  clk (IN)
                         net (fo=748, unset)          0.432     0.432    core/rf_reg_r1_0_31_0_5/WCLK
    SLICE_X30Y32         RAMD32                                       r  core/rf_reg_r1_0_31_0_5/RAMB/CLK
                         clock pessimism              0.000     0.432    
    SLICE_X30Y32         RAMD32 (Hold_ramd32_CLK_WADR0)
                                                      0.310     0.742    core/rf_reg_r1_0_31_0_5/RAMB
  -------------------------------------------------------------------
                         required time                         -0.742    
                         arrival time                           0.830    
  -------------------------------------------------------------------
                         slack                                  0.088    

Slack (MET) :             0.088ns  (arrival time - required time)
  Source:                 core/w_reg[rd][0]/C
                            (rising edge-triggered cell FDRE clocked by clk  {rise@0.000ns fall@5.000ns period=10.000ns})
  Destination:            core/rf_reg_r1_0_31_0_5/RAMB_D1/WADR0
                            (rising edge-triggered cell RAMD32 clocked by clk  {rise@0.000ns fall@5.000ns period=10.000ns})
  Path Group:             clk
  Path Type:              Hold (Min at Fast Process Corner)
  Requirement:            0.000ns  (clk rise@0.000ns - clk rise@0.000ns)
  Data Path Delay:        0.420ns  (logic 0.141ns (33.579%)  route 0.279ns (66.421%))
  Logic Levels:           0  
  Clock Path Skew:        0.022ns (DCD - SCD - CPR)
    Destination Clock Delay (DCD):    0.432ns
    Source Clock Delay      (SCD):    0.410ns
    Clock Pessimism Removal (CPR):    -0.000ns

    Location             Delay type                Incr(ns)  Path(ns)    Netlist Resource(s)
  -------------------------------------------------------------------    -------------------
                         (clock clk rise edge)        0.000     0.000 r  
                                                      0.000     0.000 r  clk (IN)
                         net (fo=748, unset)          0.410     0.410    core/clk
    SLICE_X31Y30         FDRE                                         r  core/w_reg[rd][0]/C
  -------------------------------------------------------------------    -------------------
    SLICE_X31Y30         FDRE (Prop_fdre_C_Q)         0.141     0.551 r  core/w_reg[rd][0]/Q
                         net (fo=92, routed)          0.279     0.830    core/rf_reg_r1_0_31_0_5/ADDRD0
    SLICE_X30Y32         RAMD32                                       r  core/rf_reg_r1_0_31_0_5/RAMB_D1/WADR0
  -------------------------------------------------------------------    -------------------

                         (clock clk rise edge)        0.000     0.000 r  
                                                      0.000     0.000 r  clk (IN)
                         net (fo=748, unset)          0.432     0.432    core/rf_reg_r1_0_31_0_5/WCLK
    SLICE_X30Y32         RAMD32                                       r  core/rf_reg_r1_0_31_0_5/RAMB_D1/CLK
                         clock pessimism              0.000     0.432    
    SLICE_X30Y32         RAMD32 (Hold_ramd32_CLK_WADR0)
                                                      0.310     0.742    core/rf_reg_r1_0_31_0_5/RAMB_D1
  -------------------------------------------------------------------
                         required time                         -0.742    
                         arrival time                           0.830    
  -------------------------------------------------------------------
                         slack                                  0.088    

Slack (MET) :             0.088ns  (arrival time - required time)
  Source:                 core/w_reg[rd][0]/C
                            (rising edge-triggered cell FDRE clocked by clk  {rise@0.000ns fall@5.000ns period=10.000ns})
  Destination:            core/rf_reg_r1_0_31_0_5/RAMC/WADR0
                            (rising edge-triggered cell RAMD32 clocked by clk  {rise@0.000ns fall@5.000ns period=10.000ns})
  Path Group:             clk
  Path Type:              Hold (Min at Fast Process Corner)
  Requirement:            0.000ns  (clk rise@0.000ns - clk rise@0.000ns)
  Data Path Delay:        0.420ns  (logic 0.141ns (33.579%)  route 0.279ns (66.421%))
  Logic Levels:           0  
  Clock Path Skew:        0.022ns (DCD - SCD - CPR)
    Destination Clock Delay (DCD):    0.432ns
    Source Clock Delay      (SCD):    0.410ns
    Clock Pessimism Removal (CPR):    -0.000ns

    Location             Delay type                Incr(ns)  Path(ns)    Netlist Resource(s)
  -------------------------------------------------------------------    -------------------
                         (clock clk rise edge)        0.000     0.000 r  
                                                      0.000     0.000 r  clk (IN)
                         net (fo=748, unset)          0.410     0.410    core/clk
    SLICE_X31Y30         FDRE                                         r  core/w_reg[rd][0]/C
  -------------------------------------------------------------------    -------------------
    SLICE_X31Y30         FDRE (Prop_fdre_C_Q)         0.141     0.551 r  core/w_reg[rd][0]/Q
                         net (fo=92, routed)          0.279     0.830    core/rf_reg_r1_0_31_0_5/ADDRD0
    SLICE_X30Y32         RAMD32                                       r  core/rf_reg_r1_0_31_0_5/RAMC/WADR0
  -------------------------------------------------------------------    -------------------

                         (clock clk rise edge)        0.000     0.000 r  
                                                      0.000     0.000 r  clk (IN)
                         net (fo=748, unset)          0.432     0.432    core/rf_reg_r1_0_31_0_5/WCLK
    SLICE_X30Y32         RAMD32                                       r  core/rf_reg_r1_0_31_0_5/RAMC/CLK
                         clock pessimism              0.000     0.432    
    SLICE_X30Y32         RAMD32 (Hold_ramd32_CLK_WADR0)
                                                      0.310     0.742    core/rf_reg_r1_0_31_0_5/RAMC
  -------------------------------------------------------------------
                         required time                         -0.742    
                         arrival time                           0.830    
  -------------------------------------------------------------------
                         slack                                  0.088    

Slack (MET) :             0.088ns  (arrival time - required time)
  Source:                 core/w_reg[rd][0]/C
                            (rising edge-triggered cell FDRE clocked by clk  {rise@0.000ns fall@5.000ns period=10.000ns})
  Destination:            core/rf_reg_r1_0_31_0_5/RAMC_D1/WADR0
                            (rising edge-triggered cell RAMD32 clocked by clk  {rise@0.000ns fall@5.000ns period=10.000ns})
  Path Group:             clk
  Path Type:              Hold (Min at Fast Process Corner)
  Requirement:            0.000ns  (clk rise@0.000ns - clk rise@0.000ns)
  Data Path Delay:        0.420ns  (logic 0.141ns (33.579%)  route 0.279ns (66.421%))
  Logic Levels:           0  
  Clock Path Skew:        0.022ns (DCD - SCD - CPR)
    Destination Clock Delay (DCD):    0.432ns
    Source Clock Delay      (SCD):    0.410ns
    Clock Pessimism Removal (CPR):    -0.000ns

    Location             Delay type                Incr(ns)  Path(ns)    Netlist Resource(s)
  -------------------------------------------------------------------    -------------------
                         (clock clk rise edge)        0.000     0.000 r  
                                                      0.000     0.000 r  clk (IN)
                         net (fo=748, unset)          0.410     0.410    core/clk
    SLICE_X31Y30         FDRE                                         r  core/w_reg[rd][0]/C
  -------------------------------------------------------------------    -------------------
    SLICE_X31Y30         FDRE (Prop_fdre_C_Q)         0.141     0.551 r  core/w_reg[rd][0]/Q
                         net (fo=92, routed)          0.279     0.830    core/rf_reg_r1_0_31_0_5/ADDRD0
    SLICE_X30Y32         RAMD32                                       r  core/rf_reg_r1_0_31_0_5/RAMC_D1/WADR0
  -------------------------------------------------------------------    -------------------

                         (clock clk rise edge)        0.000     0.000 r  
                                                      0.000     0.000 r  clk (IN)
                         net (fo=748, unset)          0.432     0.432    core/rf_reg_r1_0_31_0_5/WCLK
    SLICE_X30Y32         RAMD32                                       r  core/rf_reg_r1_0_31_0_5/RAMC_D1/CLK
                         clock pessimism              0.000     0.432    
    SLICE_X30Y32         RAMD32 (Hold_ramd32_CLK_WADR0)
                                                      0.310     0.742    core/rf_reg_r1_0_31_0_5/RAMC_D1
  -------------------------------------------------------------------
                         required time                         -0.742    
                         arrival time                           0.830    
  -------------------------------------------------------------------
                         slack                                  0.088    

Slack (MET) :             0.088ns  (arrival time - required time)
  Source:                 core/w_reg[rd][0]/C
                            (rising edge-triggered cell FDRE clocked by clk  {rise@0.000ns fall@5.000ns period=10.000ns})
  Destination:            core/rf_reg_r1_0_31_0_5/RAMD/ADR0
                            (rising edge-triggered cell RAMS32 clocked by clk  {rise@0.000ns fall@5.000ns period=10.000ns})
  Path Group:             clk
  Path Type:              Hold (Min at Fast Process Corner)
  Requirement:            0.000ns  (clk rise@0.000ns - clk rise@0.000ns)
  Data Path Delay:        0.420ns  (logic 0.141ns (33.579%)  route 0.279ns (66.421%))
  Logic Levels:           0  
  Clock Path Skew:        0.022ns (DCD - SCD - CPR)
    Destination Clock Delay (DCD):    0.432ns
    Source Clock Delay      (SCD):    0.410ns
    Clock Pessimism Removal (CPR):    -0.000ns

    Location             Delay type                Incr(ns)  Path(ns)    Netlist Resource(s)
  -------------------------------------------------------------------    -------------------
                         (clock clk rise edge)        0.000     0.000 r  
                                                      0.000     0.000 r  clk (IN)
                         net (fo=748, unset)          0.410     0.410    core/clk
    SLICE_X31Y30         FDRE                                         r  core/w_reg[rd][0]/C
  -------------------------------------------------------------------    -------------------
    SLICE_X31Y30         FDRE (Prop_fdre_C_Q)         0.141     0.551 r  core/w_reg[rd][0]/Q
                         net (fo=92, routed)          0.279     0.830    core/rf_reg_r1_0_31_0_5/ADDRD0
    SLICE_X30Y32         RAMS32                                       r  core/rf_reg_r1_0_31_0_5/RAMD/ADR0
  -------------------------------------------------------------------    -------------------

                         (clock clk rise edge)        0.000     0.000 r  
                                                      0.000     0.000 r  clk (IN)
                         net (fo=748, unset)          0.432     0.432    core/rf_reg_r1_0_31_0_5/WCLK
    SLICE_X30Y32         RAMS32                                       r  core/rf_reg_r1_0_31_0_5/RAMD/CLK
                         clock pessimism              0.000     0.432    
    SLICE_X30Y32         RAMS32 (Hold_rams32_CLK_ADR0)
                                                      0.310     0.742    core/rf_reg_r1_0_31_0_5/RAMD
  -------------------------------------------------------------------
                         required time                         -0.742    
                         arrival time                           0.830    
  -------------------------------------------------------------------
                         slack                                  0.088    

Slack (MET) :             0.088ns  (arrival time - required time)
  Source:                 core/w_reg[rd][0]/C
                            (rising edge-triggered cell FDRE clocked by clk  {rise@0.000ns fall@5.000ns period=10.000ns})
  Destination:            core/rf_reg_r1_0_31_0_5/RAMD_D1/ADR0
                            (rising edge-triggered cell RAMS32 clocked by clk  {rise@0.000ns fall@5.000ns period=10.000ns})
  Path Group:             clk
  Path Type:              Hold (Min at Fast Process Corner)
  Requirement:            0.000ns  (clk rise@0.000ns - clk rise@0.000ns)
  Data Path Delay:        0.420ns  (logic 0.141ns (33.579%)  route 0.279ns (66.421%))
  Logic Levels:           0  
  Clock Path Skew:        0.022ns (DCD - SCD - CPR)
    Destination Clock Delay (DCD):    0.432ns
    Source Clock Delay      (SCD):    0.410ns
    Clock Pessimism Removal (CPR):    -0.000ns

    Location             Delay type                Incr(ns)  Path(ns)    Netlist Resource(s)
  -------------------------------------------------------------------    -------------------
                         (clock clk rise edge)        0.000     0.000 r  
                                                      0.000     0.000 r  clk (IN)
                         net (fo=748, unset)          0.410     0.410    core/clk
    SLICE_X31Y30         FDRE                                         r  core/w_reg[rd][0]/C
  -------------------------------------------------------------------    -------------------
    SLICE_X31Y30         FDRE (Prop_fdre_C_Q)         0.141     0.551 r  core/w_reg[rd][0]/Q
                         net (fo=92, routed)          0.279     0.830    core/rf_reg_r1_0_31_0_5/ADDRD0
    SLICE_X30Y32         RAMS32                                       r  core/rf_reg_r1_0_31_0_5/RAMD_D1/ADR0
  -------------------------------------------------------------------    -------------------

                         (clock clk rise edge)        0.000     0.000 r  
                                                      0.000     0.000 r  clk (IN)
                         net (fo=748, unset)          0.432     0.432    core/rf_reg_r1_0_31_0_5/WCLK
    SLICE_X30Y32         RAMS32                                       r  core/rf_reg_r1_0_31_0_5/RAMD_D1/CLK
                         clock pessimism              0.000     0.432    
    SLICE_X30Y32         RAMS32 (Hold_rams32_CLK_ADR0)
                                                      0.310     0.742    core/rf_reg_r1_0_31_0_5/RAMD_D1
  -------------------------------------------------------------------
                         required time                         -0.742    
                         arrival time                           0.830    
  -------------------------------------------------------------------
                         slack                                  0.088    

Slack (MET) :             0.102ns  (arrival time - required time)
  Source:                 core/w_reg[result][10]/C
                            (rising edge-triggered cell FDRE clocked by clk  {rise@0.000ns fall@5.000ns period=10.000ns})
  Destination:            core/rf_reg_r1_0_31_6_11/RAMC/I
                            (rising edge-triggered cell RAMD32 clocked by clk  {rise@0.000ns fall@5.000ns period=10.000ns})
  Path Group:             clk
  Path Type:              Hold (Min at Fast Process Corner)
  Requirement:            0.000ns  (clk rise@0.000ns - clk rise@0.000ns)
  Data Path Delay:        0.267ns  (logic 0.141ns (52.760%)  route 0.126ns (47.240%))
  Logic Levels:           0  
  Clock Path Skew:        0.022ns (DCD - SCD - CPR)
    Destination Clock Delay (DCD):    0.432ns
    Source Clock Delay      (SCD):    0.410ns
    Clock Pessimism Removal (CPR):    -0.000ns

    Location             Delay type                Incr(ns)  Path(ns)    Netlist Resource(s)
  -------------------------------------------------------------------    -------------------
                         (clock clk rise edge)        0.000     0.000 r  
                                                      0.000     0.000 r  clk (IN)
                         net (fo=748, unset)          0.410     0.410    core/clk
    SLICE_X29Y33         FDRE                                         r  core/w_reg[result][10]/C
  -------------------------------------------------------------------    -------------------
    SLICE_X29Y33         FDRE (Prop_fdre_C_Q)         0.141     0.551 r  core/w_reg[result][10]/Q
                         net (fo=6, routed)           0.126     0.677    core/rf_reg_r1_0_31_6_11/DIC0
    SLICE_X30Y33         RAMD32                                       r  core/rf_reg_r1_0_31_6_11/RAMC/I
  -------------------------------------------------------------------    -------------------

                         (clock clk rise edge)        0.000     0.000 r  
                                                      0.000     0.000 r  clk (IN)
                         net (fo=748, unset)          0.432     0.432    core/rf_reg_r1_0_31_6_11/WCLK
    SLICE_X30Y33         RAMD32                                       r  core/rf_reg_r1_0_31_6_11/RAMC/CLK
                         clock pessimism              0.000     0.432    
    SLICE_X30Y33         RAMD32 (Hold_ramd32_CLK_I)
                                                      0.144     0.576    core/rf_reg_r1_0_31_6_11/RAMC
  -------------------------------------------------------------------
                         required time                         -0.576    
                         arrival time                           0.677    
  -------------------------------------------------------------------
                         slack                                  0.102    





Pulse Width Checks
--------------------------------------------------------------------------------------
Clock Name:         clk
Waveform(ns):       { 0.000 5.000 }
Period(ns):         10.000
Sources:            { clk }

Check Type        Corner  Lib Pin     Reference Pin  Required(ns)  Actual(ns)  Slack(ns)  Location      Pin
Min Period        n/a     FDRE/C      n/a            1.000         10.000      9.000      SLICE_X36Y30  core/d_acc_last_reg/C
Min Period        n/a     FDRE/C      n/a            1.000         10.000      9.000      SLICE_X47Y30  core/d_err_reg/C
Min Period        n/a     FDRE/C      n/a            1.000         10.000      9.000      SLICE_X48Y29  core/d_insn_reg[0]/C
Min Period        n/a     FDRE/C      n/a            1.000         10.000      9.000      SLICE_X47Y32  core/d_insn_reg[10]/C
Min Period        n/a     FDRE/C      n/a            1.000         10.000      9.000      SLICE_X47Y33  core/d_insn_reg[11]/C
Min Period        n/a     FDRE/C      n/a            1.000         10.000      9.000      SLICE_X48Y32  core/d_insn_reg[12]/C
Min Period        n/a     FDRE/C      n/a            1.000         10.000      9.000      SLICE_X47Y32  core/d_insn_reg[13]/C
Min Period        n/a     FDRE/C      n/a            1.000         10.000      9.000      SLICE_X47Y32  core/d_insn_reg[14]/C
Min Period        n/a     FDRE/C      n/a            1.000         10.000      9.000      SLICE_X39Y31  core/d_insn_reg[15]/C
Min Period        n/a     FDRE/C      n/a            1.000         10.000      9.000      SLICE_X45Y31  core/d_insn_reg[16]/C
Low Pulse Width   Slow    RAMD32/CLK  n/a            1.250         5.000       3.750      SLICE_X46Y34  core/fetch/buf_err_reg_0_3_0_0/DP/CLK
Low Pulse Width   Fast    RAMD32/CLK  n/a            1.250         5.000       3.750      SLICE_X46Y34  core/fetch/buf_err_reg_0_3_0_0/DP/CLK
Low Pulse Width   Slow    RAMD32/CLK  n/a            1.250         5.000       3.750      SLICE_X46Y34  core/fetch/buf_err_reg_0_3_0_0/SP/CLK
Low Pulse Width   Fast    RAMD32/CLK  n/a            1.250         5.000       3.750      SLICE_X46Y34  core/fetch/buf_err_reg_0_3_0_0/SP/CLK
Low Pulse Width   Slow    RAMD32/CLK  n/a            1.250         5.000       3.750      SLICE_X50Y30  core/fetch/buf_insn_reg_0_3_0_5/RAMA/CLK
Low Pulse Width   Fast    RAMD32/CLK  n/a            1.250         5.000       3.750      SLICE_X50Y30  core/fetch/buf_insn_reg_0_3_0_5/RAMA/CLK
Low Pulse Width   Slow    RAMD32/CLK  n/a            1.250         5.000       3.750      SLICE_X50Y30  core/fetch/buf_insn_reg_0_3_0_5/RAMA_D1/CLK
Low Pulse Width   Fast    RAMD32/CLK  n/a            1.250         5.000       3.750      SLICE_X50Y30  core/fetch/buf_insn_reg_0_3_0_5/RAMA_D1/CLK
Low Pulse Width   Slow    RAMD32/CLK  n/a            1.250         5.000       3.750      SLICE_X50Y30  core/fetch/buf_insn_reg_0_3_0_5/RAMB/CLK
Low Pulse Width   Fast    RAMD32/CLK  n/a            1.250         5.000       3.750      SLICE_X50Y30  core/fetch/buf_insn_reg_0_3_0_5/RAMB/CLK
High Pulse Width  Slow    RAMD32/CLK  n/a            1.250         5.000       3.750      SLICE_X46Y34  core/fetch/buf_err_reg_0_3_0_0/DP/CLK
High Pulse Width  Fast    RAMD32/CLK  n/a            1.250         5.000       3.750      SLICE_X46Y34  core/fetch/buf_err_reg_0_3_0_0/DP/CLK
High Pulse Width  Slow    RAMD32/CLK  n/a            1.250         5.000       3.750      SLICE_X46Y34  core/fetch/buf_err_reg_0_3_0_0/SP/CLK
High Pulse Width  Fast    RAMD32/CLK  n/a            1.250         5.000       3.750      SLICE_X46Y34  core/fetch/buf_err_reg_0_3_0_0/SP/CLK
High Pulse Width  Slow    RAMD32/CLK  n/a            1.250         5.000       3.750      SLICE_X50Y30  core/fetch/buf_insn_reg_0_3_0_5/RAMA/CLK
High Pulse Width  Fast    RAMD32/CLK  n/a            1.250         5.000       3.750      SLICE_X50Y30  core/fetch/buf_insn_reg_0_3_0_5/RAMA/CLK
High Pulse Width  Slow    RAMD32/CLK  n/a            1.250         5.000       3.750      SLICE_X50Y30  core/fetch/buf_insn_reg_0_3_0_5/RAMA_D1/CLK
High Pulse Width  Fast    RAMD32/CLK  n/a            1.250         5.000       3.750      SLICE_X50Y30  core/fetch/buf_insn_reg_0_3_0_5/RAMA_D1/CLK
High Pulse Width  Slow    RAMD32/CLK  n/a            1.250         5.000       3.750      SLICE_X50Y30  core/fetch/buf_insn_reg_0_3_0_5/RAMB/CLK
High Pulse Width  Fast    RAMD32/CLK  n/a            1.250         5.000       3.750      SLICE_X50Y30  core/fetch/buf_insn_reg_0_3_0_5/RAMB/CLK



