mkdir -p /home/elfo/Documents/Aster/build/phase6-215b2d0/regressions/build
mkdir -p /home/elfo/Documents/Aster/build/phase6-215b2d0/regressions/build/software
OK   verilator                      /home/elfo/tools/verilator/usr/bin/verilator
OK   python3                        /usr/bin/python3
OK   make                           /usr/bin/make
mkdir -p /home/elfo/Documents/Aster/build/phase6-215b2d0/regressions/build/soc_l11_sync0_wait0_w4_n16
OK   riscv32-unknown-elf-gcc        /home/elfo/tools/riscv/bin/riscv32-unknown-elf-gcc
OK   riscv32-unknown-elf-objcopy    /home/elfo/tools/riscv/bin/riscv32-unknown-elf-objcopy
OK   riscv32-unknown-elf-objdump    /home/elfo/tools/riscv/bin/riscv32-unknown-elf-objdump
Aster Phase 0 toolchain is available.
riscv32-unknown-elf-gcc -march=rv32im -mabi=ilp32 -nostdlib -nostartfiles -nodefaultlibs -ffreestanding -Wall -Wextra -Werror -O2 -fno-pic -fno-stack-protector -msmall-data-limit=0 -Isoftware/runtime -T software/boot/link.ld -o /home/elfo/Documents/Aster/build/phase6-215b2d0/regressions/build/software/runtime.elf software/runtime/start.S software/tests/runtime.c
verilator --cc --exe --build --timing --Wall --Wno-fatal \
	-DRISCV_FORMAL --Wno-DECLFILENAME --Wno-GENUNNAMED --Wno-UNUSEDSIGNAL --Wno-BLKSEQ --top-module aster_minimal \
	"-GENABLE_L1=1'b1" "-GSYNC_MEMORY=1'b0" \
	-GMEMORY_WAIT_CYCLES=0 -GL1_LINE_WORDS=4 -GL1_LINE_COUNT=16 \
	--Mdir /home/elfo/Documents/Aster/build/phase6-215b2d0/regressions/build/soc_l11_sync0_wait0_w4_n16/obj -o /home/elfo/Documents/Aster/build/phase6-215b2d0/regressions/build/soc_l11_sync0_wait0_w4_n16/aster_soc_sim \
	/tmp/aster-phase6-verify-PHy1Sn/rtl/core/aster_picorv32.sv /tmp/aster-phase6-verify-PHy1Sn/vendor/picorv32/picorv32.v /tmp/aster-phase6-verify-PHy1Sn/rtl/cache/aster_l1_cache.sv /tmp/aster-phase6-verify-PHy1Sn/rtl/memory/aster_rom.sv /tmp/aster-phase6-verify-PHy1Sn/rtl/memory/aster_ram.sv /tmp/aster-phase6-verify-PHy1Sn/rtl/peripherals/aster_uart.sv /tmp/aster-phase6-verify-PHy1Sn/rtl/peripherals/aster_perf_counters.sv /tmp/aster-phase6-verify-PHy1Sn/rtl/core/aster_hart.sv /tmp/aster-phase6-verify-PHy1Sn/rtl/soc/aster_minimal.sv \
	/tmp/aster-phase6-verify-PHy1Sn/verification/soc/tb_aster_soc.cpp
riscv32-unknown-elf-gcc -march=rv32im -mabi=ilp32 -nostdlib -nostartfiles -nodefaultlibs -ffreestanding -Wall -Wextra -Werror -O2 -fno-pic -fno-stack-protector -msmall-data-limit=0 -Isoftware/runtime -T software/boot/link.ld -o /home/elfo/Documents/Aster/build/phase6-215b2d0/regressions/build/software/memory_map.elf software/runtime/start.S software/tests/memory_map.c
riscv32-unknown-elf-gcc -march=rv32im -mabi=ilp32 -nostdlib -ffreestanding -DTRAP_CASE=0 -T software/tests/link_directed.ld -o /home/elfo/Documents/Aster/build/phase6-215b2d0/regressions/build/software/trap_0.elf software/tests/traps.S
make[1]: warning: jobserver unavailable: using -j1.  Add '+' to parent make rule.
riscv32-unknown-elf-gcc -march=rv32im -mabi=ilp32 -nostdlib -ffreestanding -DTRAP_CASE=1 -T software/tests/link_directed.ld -o /home/elfo/Documents/Aster/build/phase6-215b2d0/regressions/build/software/trap_1.elf software/tests/traps.S
g++  -I.  -MMD -I/home/elfo/tools/verilator/root/include -I/home/elfo/tools/verilator/root/include/vltstd -DVM_COVERAGE=0 -DVM_SC=0 -DVM_TRACE=0 -DVM_TRACE_FST=0 -DVM_TRACE_VCD=0 -faligned-new -fcf-protection=none -Wno-bool-operation -Wno-overloaded-virtual -Wno-shadow -Wno-sign-compare -Wno-uninitialized -Wno-unused-but-set-parameter -Wno-unused-but-set-variable -Wno-unused-parameter -Wno-unused-variable       -Os -c -o tb_aster_soc.o /tmp/aster-phase6-verify-PHy1Sn/verification/soc/tb_aster_soc.cpp
riscv32-unknown-elf-gcc -march=rv32im -mabi=ilp32 -nostdlib -ffreestanding -DTRAP_CASE=2 -T software/tests/link_directed.ld -o /home/elfo/Documents/Aster/build/phase6-215b2d0/regressions/build/software/trap_2.elf software/tests/traps.S
riscv32-unknown-elf-gcc -march=rv32im -mabi=ilp32 -nostdlib -ffreestanding -DTRAP_CASE=3 -T software/tests/link_directed.ld -o /home/elfo/Documents/Aster/build/phase6-215b2d0/regressions/build/software/trap_3.elf software/tests/traps.S
riscv32-unknown-elf-gcc -march=rv32im -mabi=ilp32 -nostdlib -ffreestanding -DTRAP_CASE=4 -T software/tests/link_directed.ld -o /home/elfo/Documents/Aster/build/phase6-215b2d0/regressions/build/software/trap_4.elf software/tests/traps.S
riscv32-unknown-elf-gcc -march=rv32im -mabi=ilp32 -nostdlib -ffreestanding -DTRAP_CASE=5 -T software/tests/link_directed.ld -o /home/elfo/Documents/Aster/build/phase6-215b2d0/regressions/build/software/trap_5.elf software/tests/traps.S
riscv32-unknown-elf-gcc -march=rv32im -mabi=ilp32 -nostdlib -ffreestanding -DTRAP_CASE=6 -T software/tests/link_directed.ld -o /home/elfo/Documents/Aster/build/phase6-215b2d0/regressions/build/software/trap_6.elf software/tests/traps.S
riscv32-unknown-elf-gcc -march=rv32im -mabi=ilp32 -nostdlib -ffreestanding -DTRAP_CASE=7 -T software/tests/link_directed.ld -o /home/elfo/Documents/Aster/build/phase6-215b2d0/regressions/build/software/trap_7.elf software/tests/traps.S
riscv32-unknown-elf-gcc -march=rv32im -mabi=ilp32 -nostdlib -ffreestanding -DTRAP_CASE=8 -T software/tests/link_directed.ld -o /home/elfo/Documents/Aster/build/phase6-215b2d0/regressions/build/software/trap_8.elf software/tests/traps.S
riscv32-unknown-elf-gcc -march=rv32im -mabi=ilp32 -nostdlib -ffreestanding -DTRAP_CASE=9 -T software/tests/link_directed.ld -o /home/elfo/Documents/Aster/build/phase6-215b2d0/regressions/build/software/trap_9.elf software/tests/traps.S
riscv32-unknown-elf-gcc -march=rv32im -mabi=ilp32 -nostdlib -ffreestanding -DTRAP_CASE=10 -T software/tests/link_directed.ld -o /home/elfo/Documents/Aster/build/phase6-215b2d0/regressions/build/software/trap_10.elf software/tests/traps.S
riscv32-unknown-elf-gcc -march=rv32im -mabi=ilp32 -nostdlib -ffreestanding -DTRAP_CASE=11 -T software/tests/link_directed.ld -o /home/elfo/Documents/Aster/build/phase6-215b2d0/regressions/build/software/trap_11.elf software/tests/traps.S
test_board_output_validation_uses_strict_parser (test_asterbench.ResultProvenance.test_board_output_validation_uses_strict_parser) ... ok
test_comparison_contract (test_asterbench.ResultProvenance.test_comparison_contract) ... ok
test_required_provenance (test_asterbench.ResultProvenance.test_required_provenance) ... ok
test_serial_and_typed_record_must_agree (test_asterbench.ResultProvenance.test_serial_and_typed_record_must_agree) ... ok
test_common_corpus (test_asterbench.StrictRecords.test_common_corpus) ... g++ -Os  -I.  -MMD -I/home/elfo/tools/verilator/root/include -I/home/elfo/tools/verilator/root/include/vltstd -DVM_COVERAGE=0 -DVM_SC=0 -DVM_TRACE=0 -DVM_TRACE_FST=0 -DVM_TRACE_VCD=0 -faligned-new -fcf-protection=none -Wno-bool-operation -Wno-overloaded-virtual -Wno-shadow -Wno-sign-compare -Wno-uninitialized -Wno-unused-but-set-parameter -Wno-unused-but-set-variable -Wno-unused-parameter -Wno-unused-variable       -c -o verilated.o /home/elfo/tools/verilator/root/include/verilated.cpp
g++ -Os  -I.  -MMD -I/home/elfo/tools/verilator/root/include -I/home/elfo/tools/verilator/root/include/vltstd -DVM_COVERAGE=0 -DVM_SC=0 -DVM_TRACE=0 -DVM_TRACE_FST=0 -DVM_TRACE_VCD=0 -faligned-new -fcf-protection=none -Wno-bool-operation -Wno-overloaded-virtual -Wno-shadow -Wno-sign-compare -Wno-uninitialized -Wno-unused-but-set-parameter -Wno-unused-but-set-variable -Wno-unused-parameter -Wno-unused-variable       -c -o verilated_threads.o /home/elfo/tools/verilator/root/include/verilated_threads.cpp
ok
test_bad_options_and_known_references (test_cache_experiments.CacheExperiments.test_bad_options_and_known_references) ... ok
test_missing_experiment_rejected (test_cache_experiments.CacheExperiments.test_missing_experiment_rejected) ... ok
test_pattern_kernels_and_data_addresses_match (test_cache_experiments.CacheExperiments.test_pattern_kernels_and_data_addresses_match) ... make[1]: warning: jobserver unavailable: using -j1.  Add '+' to parent make rule.
make[1]: warning: jobserver unavailable: using -j1.  Add '+' to parent make rule.
make[1]: warning: jobserver unavailable: using -j1.  Add '+' to parent make rule.
/usr/bin/python3 /home/elfo/tools/verilator/root/bin/verilator_includer -DVL_INCLUDE_OPT=include Vaster_minimal.cpp Vaster_minimal___024root__DepSet_h32747b0f__0.cpp Vaster_minimal___024root__DepSet_h1d8fc093__0.cpp Vaster_minimal___024root__Slow.cpp Vaster_minimal___024root__DepSet_h32747b0f__0__Slow.cpp Vaster_minimal___024root__DepSet_h1d8fc093__0__Slow.cpp Vaster_minimal__Syms.cpp > Vaster_minimal__ALL.cpp
make[1]: warning: jobserver unavailable: using -j1.  Add '+' to parent make rule.
g++ -Os  -I.  -MMD -I/home/elfo/tools/verilator/root/include -I/home/elfo/tools/verilator/root/include/vltstd -DVM_COVERAGE=0 -DVM_SC=0 -DVM_TRACE=0 -DVM_TRACE_FST=0 -DVM_TRACE_VCD=0 -faligned-new -fcf-protection=none -Wno-bool-operation -Wno-overloaded-virtual -Wno-shadow -Wno-sign-compare -Wno-uninitialized -Wno-unused-but-set-parameter -Wno-unused-but-set-variable -Wno-unused-parameter -Wno-unused-variable       -c -o Vaster_minimal__ALL.o Vaster_minimal__ALL.cpp
make[1]: warning: jobserver unavailable: using -j1.  Add '+' to parent make rule.
make[1]: warning: jobserver unavailable: using -j1.  Add '+' to parent make rule.
make[1]: warning: jobserver unavailable: using -j1.  Add '+' to parent make rule.
make[1]: warning: jobserver unavailable: using -j1.  Add '+' to parent make rule.
make[1]: warning: jobserver unavailable: using -j1.  Add '+' to parent make rule.
make[1]: warning: jobserver unavailable: using -j1.  Add '+' to parent make rule.
make[1]: warning: jobserver unavailable: using -j1.  Add '+' to parent make rule.
make[1]: warning: jobserver unavailable: using -j1.  Add '+' to parent make rule.
make[1]: warning: jobserver unavailable: using -j1.  Add '+' to parent make rule.
make[1]: warning: jobserver unavailable: using -j1.  Add '+' to parent make rule.
echo "" > Vaster_minimal__ALL.verilator_deplist.tmp
Archive ar -rcs Vaster_minimal__ALL.a Vaster_minimal__ALL.o
g++     tb_aster_soc.o verilated.o verilated_threads.o Vaster_minimal__ALL.a    -pthread -lpthread -latomic   -o /home/elfo/Documents/Aster/build/phase6-215b2d0/regressions/build/soc_l11_sync0_wait0_w4_n16/aster_soc_sim
rm Vaster_minimal__ALL.verilator_deplist.tmp
python3 scripts/gen_rv32im_vectors.py /home/elfo/Documents/Aster/build/phase6-215b2d0/regressions/build/software/rv32im_vectors.inc
Generated 1584 RV32IM vector groups, seed=42366
python3 scripts/elf_to_hex.py --rom-bytes 65536 /home/elfo/Documents/Aster/build/phase6-215b2d0/regressions/build/software/runtime.elf /home/elfo/Documents/Aster/build/phase6-215b2d0/regressions/build/software/runtime.hex
make[1]: warning: jobserver unavailable: using -j1.  Add '+' to parent make rule.
python3 scripts/elf_to_hex.py --rom-bytes 65536 /home/elfo/Documents/Aster/build/phase6-215b2d0/regressions/build/software/memory_map.elf /home/elfo/Documents/Aster/build/phase6-215b2d0/regressions/build/software/memory_map.hex
python3 scripts/elf_to_hex.py --rom-bytes 65536 /home/elfo/Documents/Aster/build/phase6-215b2d0/regressions/build/software/trap_0.elf /home/elfo/Documents/Aster/build/phase6-215b2d0/regressions/build/software/trap_0.hex
python3 scripts/elf_to_hex.py --rom-bytes 65536 /home/elfo/Documents/Aster/build/phase6-215b2d0/regressions/build/software/trap_1.elf /home/elfo/Documents/Aster/build/phase6-215b2d0/regressions/build/software/trap_1.hex
make[1]: warning: jobserver unavailable: using -j1.  Add '+' to parent make rule.
python3 scripts/elf_to_hex.py --rom-bytes 65536 /home/elfo/Documents/Aster/build/phase6-215b2d0/regressions/build/software/trap_2.elf /home/elfo/Documents/Aster/build/phase6-215b2d0/regressions/build/software/trap_2.hex
python3 scripts/elf_to_hex.py --rom-bytes 65536 /home/elfo/Documents/Aster/build/phase6-215b2d0/regressions/build/software/trap_3.elf /home/elfo/Documents/Aster/build/phase6-215b2d0/regressions/build/software/trap_3.hex
python3 scripts/elf_to_hex.py --rom-bytes 65536 /home/elfo/Documents/Aster/build/phase6-215b2d0/regressions/build/software/trap_4.elf /home/elfo/Documents/Aster/build/phase6-215b2d0/regressions/build/software/trap_4.hex
python3 scripts/elf_to_hex.py --rom-bytes 65536 /home/elfo/Documents/Aster/build/phase6-215b2d0/regressions/build/software/trap_5.elf /home/elfo/Documents/Aster/build/phase6-215b2d0/regressions/build/software/trap_5.hex
make[1]: warning: jobserver unavailable: using -j1.  Add '+' to parent make rule.
python3 scripts/elf_to_hex.py --rom-bytes 65536 /home/elfo/Documents/Aster/build/phase6-215b2d0/regressions/build/software/trap_6.elf /home/elfo/Documents/Aster/build/phase6-215b2d0/regressions/build/software/trap_6.hex
python3 scripts/elf_to_hex.py --rom-bytes 65536 /home/elfo/Documents/Aster/build/phase6-215b2d0/regressions/build/software/trap_7.elf /home/elfo/Documents/Aster/build/phase6-215b2d0/regressions/build/software/trap_7.hex
python3 scripts/elf_to_hex.py --rom-bytes 65536 /home/elfo/Documents/Aster/build/phase6-215b2d0/regressions/build/software/trap_8.elf /home/elfo/Documents/Aster/build/phase6-215b2d0/regressions/build/software/trap_8.hex
make[1]: warning: jobserver unavailable: using -j1.  Add '+' to parent make rule.
python3 scripts/elf_to_hex.py --rom-bytes 65536 /home/elfo/Documents/Aster/build/phase6-215b2d0/regressions/build/software/trap_9.elf /home/elfo/Documents/Aster/build/phase6-215b2d0/regressions/build/software/trap_9.hex
python3 scripts/elf_to_hex.py --rom-bytes 65536 /home/elfo/Documents/Aster/build/phase6-215b2d0/regressions/build/software/trap_10.elf /home/elfo/Documents/Aster/build/phase6-215b2d0/regressions/build/software/trap_10.hex
python3 scripts/elf_to_hex.py --rom-bytes 65536 /home/elfo/Documents/Aster/build/phase6-215b2d0/regressions/build/software/trap_11.elf /home/elfo/Documents/Aster/build/phase6-215b2d0/regressions/build/software/trap_11.hex
riscv32-unknown-elf-gcc -march=rv32im -mabi=ilp32 -nostdlib -nostartfiles -nodefaultlibs -ffreestanding -Wall -Wextra -Werror -O2 -fno-pic -fno-stack-protector -msmall-data-limit=0 -Isoftware/runtime -c -o /home/elfo/Documents/Aster/build/phase6-215b2d0/regressions/build/software/start.o software/runtime/start.S
riscv32-unknown-elf-gcc -march=rv32im -mabi=ilp32 -nostdlib -nostartfiles -nodefaultlibs -ffreestanding -Wall -Wextra -Werror -O2 -fno-pic -fno-stack-protector -msmall-data-limit=0 -Isoftware/runtime -c -o /home/elfo/Documents/Aster/build/phase6-215b2d0/regressions/build/software/hello.o software/boot/hello.c
make[1]: warning: jobserver unavailable: using -j1.  Add '+' to parent make rule.
mkdir -p /home/elfo/Documents/Aster/build/phase6-215b2d0/regressions/build/software/bench_memcpy_w64_r4_s0x13570000
mkdir -p /home/elfo/Documents/Aster/build/phase6-215b2d0/regressions/build/bench_l11_sync0_wait0_w4_n16
verilator --cc --exe --build --timing --Wall --Wno-fatal \
	-DRISCV_FORMAL --Wno-DECLFILENAME --Wno-GENUNNAMED --Wno-UNUSEDSIGNAL --Wno-BLKSEQ \
	--top-module aster_minimal \
	"-GENABLE_L1=1'b1" "-GSYNC_MEMORY=1'b0" \
	-GMEMORY_WAIT_CYCLES=0 -GL1_LINE_WORDS=4 -GL1_LINE_COUNT=16 \
	--Mdir /home/elfo/Documents/Aster/build/phase6-215b2d0/regressions/build/bench_l11_sync0_wait0_w4_n16/obj \
	-o /home/elfo/Documents/Aster/build/phase6-215b2d0/regressions/build/bench_l11_sync0_wait0_w4_n16/asterbench_sim \
	/tmp/aster-phase6-verify-PHy1Sn/rtl/core/aster_picorv32.sv /tmp/aster-phase6-verify-PHy1Sn/vendor/picorv32/picorv32.v /tmp/aster-phase6-verify-PHy1Sn/rtl/cache/aster_l1_cache.sv \
	/tmp/aster-phase6-verify-PHy1Sn/rtl/memory/aster_rom.sv /tmp/aster-phase6-verify-PHy1Sn/rtl/memory/aster_ram.sv \
	/tmp/aster-phase6-verify-PHy1Sn/rtl/peripherals/aster_uart.sv /tmp/aster-phase6-verify-PHy1Sn/rtl/peripherals/aster_perf_counters.sv /tmp/aster-phase6-verify-PHy1Sn/rtl/core/aster_hart.sv /tmp/aster-phase6-verify-PHy1Sn/rtl/soc/aster_minimal.sv \
	/tmp/aster-phase6-verify-PHy1Sn/verification/soc/tb_asterbench.cpp
make[1]: warning: jobserver unavailable: using -j1.  Add '+' to parent make rule.
make[1]: warning: jobserver unavailable: using -j1.  Add '+' to parent make rule.
g++  -I.  -MMD -I/home/elfo/tools/verilator/root/include -I/home/elfo/tools/verilator/root/include/vltstd -DVM_COVERAGE=0 -DVM_SC=0 -DVM_TRACE=0 -DVM_TRACE_FST=0 -DVM_TRACE_VCD=0 -faligned-new -fcf-protection=none -Wno-bool-operation -Wno-overloaded-virtual -Wno-shadow -Wno-sign-compare -Wno-uninitialized -Wno-unused-but-set-parameter -Wno-unused-but-set-variable -Wno-unused-parameter -Wno-unused-variable       -Os -c -o tb_asterbench.o /tmp/aster-phase6-verify-PHy1Sn/verification/soc/tb_asterbench.cpp
ok
test_plan_covers_all_readme_experiments (test_cache_experiments.CacheExperiments.test_plan_covers_all_readme_experiments) ... ok
test_study_audit_rejects_corruption (test_cache_experiments.CacheExperiments.test_study_audit_rejects_corruption) ... ok
test_artifact_hashes_and_readonly_ram_oracle (test_coherent_bench.CoherentProvenance.test_artifact_hashes_and_readonly_ram_oracle) ... ok
test_capture_envelope_mutations (test_coherent_bench.CoherentProvenance.test_capture_envelope_mutations) ... ok
test_complete_revision_source_manifest (test_coherent_bench.CoherentProvenance.test_complete_revision_source_manifest) ... ok
test_elf_binding_rejects_truncation_wrong_machine_and_symbols (test_coherent_bench.CoherentProvenance.test_elf_binding_rejects_truncation_wrong_machine_and_symbols) ... ok
test_full_log_requires_observed_jobs_and_stop (test_coherent_bench.CoherentRecords.test_full_log_requires_observed_jobs_and_stop) ... ok
test_observation_and_snapshot_mutations (test_coherent_bench.CoherentRecords.test_observation_and_snapshot_mutations) ... ok
test_python_cpp_mutation_corpus (test_coherent_bench.CoherentRecords.test_python_cpp_mutation_corpus) ... ok
test_stream_and_reference_scaling (test_coherent_bench.CoherentRecords.test_stream_and_reference_scaling) ... ok
test_fault_diagnostics_and_lifetime_counter (test_coherent_bridge.CoherentHostProtocol.test_fault_diagnostics_and_lifetime_counter) ... ok
test_identity_and_configuration_before_any_write (test_coherent_bridge.CoherentHostProtocol.test_identity_and_configuration_before_any_write) ... ok
test_invalid_timeout_and_configuration (test_coherent_bridge.CoherentHostProtocol.test_invalid_timeout_and_configuration) ... ok
test_load_drains_before_boot_words (test_coherent_bridge.CoherentHostProtocol.test_load_drains_before_boot_words) ... ok
test_malformed_input_does_not_even_stop (test_coherent_bridge.CoherentHostProtocol.test_malformed_input_does_not_even_stop) ... ok
test_ram_requires_acknowledgement_and_is_read_only (test_coherent_bridge.CoherentHostProtocol.test_ram_requires_acknowledgement_and_is_read_only) ... ok
test_timeout_does_not_proceed_to_boot (test_coherent_bridge.CoherentHostProtocol.test_timeout_does_not_proceed_to_boot) ... ok
test_each_private_region_cannot_overflow_its_stack (test_multicore_layout.MulticoreLayout.test_each_private_region_cannot_overflow_its_stack) ... ok
test_rom_limit (test_multicore_layout.MulticoreLayout.test_rom_limit) ... ok
test_shared_initialized_odd_bytes_have_rom_load_image (test_multicore_layout.MulticoreLayout.test_shared_initialized_odd_bytes_have_rom_load_image) ... ok
test_shared_size_and_no_stack_alias (test_multicore_layout.MulticoreLayout.test_shared_size_and_no_stack_alias) ... ok
test_stack_alignment_and_minimum (test_multicore_layout.MulticoreLayout.test_stack_alignment_and_minimum) ... ok
test_comparison_refuses_different_work (test_parallel.ParallelProvenance.test_comparison_refuses_different_work) ... ok
test_required_fields_and_raw_log_binding (test_parallel.ParallelProvenance.test_required_fields_and_raw_log_binding) ... ok
test_complete_job_stream_and_independent_oracle (test_parallel.ParallelRecords.test_complete_job_stream_and_independent_oracle) ... ok
test_python_cpp_malformed_corpus (test_parallel.ParallelRecords.test_python_cpp_malformed_corpus) ... g++ -Os  -I.  -MMD -I/home/elfo/tools/verilator/root/include -I/home/elfo/tools/verilator/root/include/vltstd -DVM_COVERAGE=0 -DVM_SC=0 -DVM_TRACE=0 -DVM_TRACE_FST=0 -DVM_TRACE_VCD=0 -faligned-new -fcf-protection=none -Wno-bool-operation -Wno-overloaded-virtual -Wno-shadow -Wno-sign-compare -Wno-uninitialized -Wno-unused-but-set-parameter -Wno-unused-but-set-variable -Wno-unused-parameter -Wno-unused-variable       -c -o verilated.o /home/elfo/tools/verilator/root/include/verilated.cpp
ok
test_known_corners (test_phase1.ArithmeticReference.test_known_corners) ... ok
test_seed_reproducibility (test_phase1.ArithmeticReference.test_seed_reproducibility) ... ok
test_initialized_byte_segment (test_phase1.FirmwareLayout.test_initialized_byte_segment) ... g++ -Os  -I.  -MMD -I/home/elfo/tools/verilator/root/include -I/home/elfo/tools/verilator/root/include/vltstd -DVM_COVERAGE=0 -DVM_SC=0 -DVM_TRACE=0 -DVM_TRACE_FST=0 -DVM_TRACE_VCD=0 -faligned-new -fcf-protection=none -Wno-bool-operation -Wno-overloaded-virtual -Wno-shadow -Wno-sign-compare -Wno-uninitialized -Wno-unused-but-set-parameter -Wno-unused-but-set-variable -Wno-unused-parameter -Wno-unused-variable       -c -o verilated_threads.o /home/elfo/tools/verilator/root/include/verilated_threads.cpp
ok
test_rom_overflow (test_phase1.FirmwareLayout.test_rom_overflow) ... ok
test_stack_reservation (test_phase1.FirmwareLayout.test_stack_reservation) ... ok
test_retained_physical_reports_and_mutations (test_phase5_evidence.Phase5Evidence.test_retained_physical_reports_and_mutations) ... /usr/bin/python3 /home/elfo/tools/verilator/root/bin/verilator_includer -DVL_INCLUDE_OPT=include Vaster_minimal.cpp Vaster_minimal___024root__DepSet_h32747b0f__0.cpp Vaster_minimal___024root__DepSet_h1d8fc093__0.cpp Vaster_minimal___024root__Slow.cpp Vaster_minimal___024root__DepSet_h32747b0f__0__Slow.cpp Vaster_minimal___024root__DepSet_h1d8fc093__0__Slow.cpp Vaster_minimal__Syms.cpp > Vaster_minimal__ALL.cpp
g++ -Os  -I.  -MMD -I/home/elfo/tools/verilator/root/include -I/home/elfo/tools/verilator/root/include/vltstd -DVM_COVERAGE=0 -DVM_SC=0 -DVM_TRACE=0 -DVM_TRACE_FST=0 -DVM_TRACE_VCD=0 -faligned-new -fcf-protection=none -Wno-bool-operation -Wno-overloaded-virtual -Wno-shadow -Wno-sign-compare -Wno-uninitialized -Wno-unused-but-set-parameter -Wno-unused-but-set-variable -Wno-unused-parameter -Wno-unused-variable       -c -o Vaster_minimal__ALL.o Vaster_minimal__ALL.cpp
ok
test_complete_failed_and_changed_source_evidence (test_phase6_runner.Phase6Runner.test_complete_failed_and_changed_source_evidence) ... ok
test_existing_output_and_dirty_source_are_nonmutating (test_phase6_runner.Phase6Runner.test_existing_output_and_dirty_source_are_nonmutating) ... ok
test_plan_contains_every_historical_and_new_matrix (test_phase6_runner.Phase6Runner.test_plan_contains_every_historical_and_new_matrix) ... ok
test_coherent_isa_cache_and_reset_abi_must_match (test_pynq_handoff.HandoffSafety.test_coherent_isa_cache_and_reset_abi_must_match) ... ok
test_missing_and_duplicate_modules_parameters_ports (test_pynq_handoff.HandoffSafety.test_missing_and_duplicate_modules_parameters_ports) ... ok
test_multicore_map_must_match_requested_harts (test_pynq_handoff.HandoffSafety.test_multicore_map_must_match_requested_harts) ... ok
test_mutated_exports_fail_closed (test_pynq_handoff.HandoffSafety.test_mutated_exports_fail_closed) ... ok
test_original_active_low_auxiliary_tied_zero_is_rejected (test_pynq_handoff.HandoffSafety.test_original_active_low_auxiliary_tied_zero_is_rejected) ... ok
test_valid_export (test_pynq_handoff.HandoffSafety.test_valid_export) ... ok
test_captured_reports_and_rejected_mutations (test_pynq_results.PhysicalResults.test_captured_reports_and_rejected_mutations) ... ok
test_owned_environment_does_not_imply_privileged_core (test_riscv_reference.UpstreamReference.test_owned_environment_does_not_imply_privileged_core) ... ok
test_pinned_complete_subset (test_riscv_reference.UpstreamReference.test_pinned_complete_subset) ... ok
test_bad_cli_preflight_never_imports_board_api (test_run_pynq.CollectorChecks.test_bad_cli_preflight_never_imports_board_api) ... ok
test_exact_runtime_and_complete_parallel_streams (test_run_pynq.CollectorChecks.test_exact_runtime_and_complete_parallel_streams) ... ok
test_lifetime_counter_rollover (test_run_pynq.CollectorChecks.test_lifetime_counter_rollover) ... ok

----------------------------------------------------------------------
Ran 55 tests in 6.778s

OK
mkdir -p /home/elfo/Documents/Aster/build/phase6-215b2d0/regressions/build/cache_w4_n16
verilator --cc --exe --build --timing --Wall --Wno-fatal \
	-DRISCV_FORMAL --Wno-DECLFILENAME --Wno-GENUNNAMED --Wno-UNUSEDSIGNAL --Wno-BLKSEQ --top-module aster_l1_cache \
	-GLINE_WORDS=4 -GLINE_COUNT=16 \
	-CFLAGS '-DASTER_LINE_WORDS=4 -DASTER_LINE_COUNT=16' \
	--Mdir /home/elfo/Documents/Aster/build/phase6-215b2d0/regressions/build/cache_w4_n16/obj -o /home/elfo/Documents/Aster/build/phase6-215b2d0/regressions/build/cache_w4_n16/aster_cache_random_sim \
	/tmp/aster-phase6-verify-PHy1Sn/rtl/cache/aster_l1_cache.sv /tmp/aster-phase6-verify-PHy1Sn/verification/unit/tb_aster_l1_random.cpp
make[1]: warning: jobserver unavailable: using -j1.  Add '+' to parent make rule.
g++  -I.  -MMD -I/home/elfo/tools/verilator/root/include -I/home/elfo/tools/verilator/root/include/vltstd -DVM_COVERAGE=0 -DVM_SC=0 -DVM_TRACE=0 -DVM_TRACE_FST=0 -DVM_TRACE_VCD=0 -faligned-new -fcf-protection=none -Wno-bool-operation -Wno-overloaded-virtual -Wno-shadow -Wno-sign-compare -Wno-uninitialized -Wno-unused-but-set-parameter -Wno-unused-but-set-variable -Wno-unused-parameter -Wno-unused-variable     -DASTER_LINE_WORDS=4 -DASTER_LINE_COUNT=16   -Os -c -o tb_aster_l1_random.o /tmp/aster-phase6-verify-PHy1Sn/verification/unit/tb_aster_l1_random.cpp
echo "" > Vaster_minimal__ALL.verilator_deplist.tmp
Archive ar -rcs Vaster_minimal__ALL.a Vaster_minimal__ALL.o
g++     tb_asterbench.o verilated.o verilated_threads.o Vaster_minimal__ALL.a    -pthread -lpthread -latomic   -o /home/elfo/Documents/Aster/build/phase6-215b2d0/regressions/build/bench_l11_sync0_wait0_w4_n16/asterbench_sim
rm Vaster_minimal__ALL.verilator_deplist.tmp
verilator --cc --exe --build --timing --Wall --Wno-fatal \
	-DRISCV_FORMAL --Wno-DECLFILENAME --Wno-GENUNNAMED --Wno-UNUSEDSIGNAL --Wno-BLKSEQ \
	--top-module aster_l1_cache \
	--Mdir /home/elfo/Documents/Aster/build/phase6-215b2d0/regressions/build/obj_cache \
	-o /home/elfo/Documents/Aster/build/phase6-215b2d0/regressions/build/aster_l1_cache_sim \
	/tmp/aster-phase6-verify-PHy1Sn/rtl/cache/aster_l1_cache.sv /tmp/aster-phase6-verify-PHy1Sn/verification/unit/tb_aster_l1_cache.cpp
make[1]: warning: jobserver unavailable: using -j1.  Add '+' to parent make rule.
g++  -I.  -MMD -I/home/elfo/tools/verilator/root/include -I/home/elfo/tools/verilator/root/include/vltstd -DVM_COVERAGE=0 -DVM_SC=0 -DVM_TRACE=0 -DVM_TRACE_FST=0 -DVM_TRACE_VCD=0 -faligned-new -fcf-protection=none -Wno-bool-operation -Wno-overloaded-virtual -Wno-shadow -Wno-sign-compare -Wno-uninitialized -Wno-unused-but-set-parameter -Wno-unused-but-set-variable -Wno-unused-parameter -Wno-unused-variable       -Os -c -o tb_aster_l1_cache.o /tmp/aster-phase6-verify-PHy1Sn/verification/unit/tb_aster_l1_cache.cpp
g++ -Os  -I.  -MMD -I/home/elfo/tools/verilator/root/include -I/home/elfo/tools/verilator/root/include/vltstd -DVM_COVERAGE=0 -DVM_SC=0 -DVM_TRACE=0 -DVM_TRACE_FST=0 -DVM_TRACE_VCD=0 -faligned-new -fcf-protection=none -Wno-bool-operation -Wno-overloaded-virtual -Wno-shadow -Wno-sign-compare -Wno-uninitialized -Wno-unused-but-set-parameter -Wno-unused-but-set-variable -Wno-unused-parameter -Wno-unused-variable     -DASTER_LINE_WORDS=4 -DASTER_LINE_COUNT=16   -c -o verilated.o /home/elfo/tools/verilator/root/include/verilated.cpp
g++ -Os  -I.  -MMD -I/home/elfo/tools/verilator/root/include -I/home/elfo/tools/verilator/root/include/vltstd -DVM_COVERAGE=0 -DVM_SC=0 -DVM_TRACE=0 -DVM_TRACE_FST=0 -DVM_TRACE_VCD=0 -faligned-new -fcf-protection=none -Wno-bool-operation -Wno-overloaded-virtual -Wno-shadow -Wno-sign-compare -Wno-uninitialized -Wno-unused-but-set-parameter -Wno-unused-but-set-variable -Wno-unused-parameter -Wno-unused-variable       -c -o verilated.o /home/elfo/tools/verilator/root/include/verilated.cpp
g++ -Os  -I.  -MMD -I/home/elfo/tools/verilator/root/include -I/home/elfo/tools/verilator/root/include/vltstd -DVM_COVERAGE=0 -DVM_SC=0 -DVM_TRACE=0 -DVM_TRACE_FST=0 -DVM_TRACE_VCD=0 -faligned-new -fcf-protection=none -Wno-bool-operation -Wno-overloaded-virtual -Wno-shadow -Wno-sign-compare -Wno-uninitialized -Wno-unused-but-set-parameter -Wno-unused-but-set-variable -Wno-unused-parameter -Wno-unused-variable     -DASTER_LINE_WORDS=4 -DASTER_LINE_COUNT=16   -c -o verilated_threads.o /home/elfo/tools/verilator/root/include/verilated_threads.cpp
g++ -Os  -I.  -MMD -I/home/elfo/tools/verilator/root/include -I/home/elfo/tools/verilator/root/include/vltstd -DVM_COVERAGE=0 -DVM_SC=0 -DVM_TRACE=0 -DVM_TRACE_FST=0 -DVM_TRACE_VCD=0 -faligned-new -fcf-protection=none -Wno-bool-operation -Wno-overloaded-virtual -Wno-shadow -Wno-sign-compare -Wno-uninitialized -Wno-unused-but-set-parameter -Wno-unused-but-set-variable -Wno-unused-parameter -Wno-unused-variable       -c -o verilated_threads.o /home/elfo/tools/verilator/root/include/verilated_threads.cpp
/usr/bin/python3 /home/elfo/tools/verilator/root/bin/verilator_includer -DVL_INCLUDE_OPT=include Vaster_l1_cache.cpp Vaster_l1_cache___024root__DepSet_h78ad57e8__0.cpp Vaster_l1_cache___024root__DepSet_h6c6b1863__0.cpp Vaster_l1_cache___024root__Slow.cpp Vaster_l1_cache___024root__DepSet_h78ad57e8__0__Slow.cpp Vaster_l1_cache___024root__DepSet_h6c6b1863__0__Slow.cpp Vaster_l1_cache__Syms.cpp > Vaster_l1_cache__ALL.cpp
g++ -Os  -I.  -MMD -I/home/elfo/tools/verilator/root/include -I/home/elfo/tools/verilator/root/include/vltstd -DVM_COVERAGE=0 -DVM_SC=0 -DVM_TRACE=0 -DVM_TRACE_FST=0 -DVM_TRACE_VCD=0 -faligned-new -fcf-protection=none -Wno-bool-operation -Wno-overloaded-virtual -Wno-shadow -Wno-sign-compare -Wno-uninitialized -Wno-unused-but-set-parameter -Wno-unused-but-set-variable -Wno-unused-parameter -Wno-unused-variable     -DASTER_LINE_WORDS=4 -DASTER_LINE_COUNT=16   -c -o Vaster_l1_cache__ALL.o Vaster_l1_cache__ALL.cpp
/usr/bin/python3 /home/elfo/tools/verilator/root/bin/verilator_includer -DVL_INCLUDE_OPT=include Vaster_l1_cache.cpp Vaster_l1_cache___024root__DepSet_h78ad57e8__0.cpp Vaster_l1_cache___024root__DepSet_h6c6b1863__0.cpp Vaster_l1_cache___024root__Slow.cpp Vaster_l1_cache___024root__DepSet_h78ad57e8__0__Slow.cpp Vaster_l1_cache___024root__DepSet_h6c6b1863__0__Slow.cpp Vaster_l1_cache__Syms.cpp > Vaster_l1_cache__ALL.cpp
g++ -Os  -I.  -MMD -I/home/elfo/tools/verilator/root/include -I/home/elfo/tools/verilator/root/include/vltstd -DVM_COVERAGE=0 -DVM_SC=0 -DVM_TRACE=0 -DVM_TRACE_FST=0 -DVM_TRACE_VCD=0 -faligned-new -fcf-protection=none -Wno-bool-operation -Wno-overloaded-virtual -Wno-shadow -Wno-sign-compare -Wno-uninitialized -Wno-unused-but-set-parameter -Wno-unused-but-set-variable -Wno-unused-parameter -Wno-unused-variable       -c -o Vaster_l1_cache__ALL.o Vaster_l1_cache__ALL.cpp
echo "" > Vaster_l1_cache__ALL.verilator_deplist.tmp
Archive ar -rcs Vaster_l1_cache__ALL.a Vaster_l1_cache__ALL.o
g++     tb_aster_l1_random.o verilated.o verilated_threads.o Vaster_l1_cache__ALL.a    -pthread -lpthread -latomic   -o /home/elfo/Documents/Aster/build/phase6-215b2d0/regressions/build/cache_w4_n16/aster_cache_random_sim
rm Vaster_l1_cache__ALL.verilator_deplist.tmp
verilator --cc --exe --build --timing --Wall --Wno-fatal \
	--top-module aster_uart_tx -GCLK_HZ=40 -GBAUD=10 -GFIFO_DEPTH=3 \
	--Mdir /home/elfo/Documents/Aster/build/phase6-215b2d0/regressions/build/obj_uart_3 -o /home/elfo/Documents/Aster/build/phase6-215b2d0/regressions/build/aster_uart_tx_3_sim \
	/tmp/aster-phase6-verify-PHy1Sn/rtl/peripherals/aster_uart_tx.sv /tmp/aster-phase6-verify-PHy1Sn/verification/unit/tb_aster_uart_tx.cpp
make[1]: warning: jobserver unavailable: using -j1.  Add '+' to parent make rule.
g++  -I.  -MMD -I/home/elfo/tools/verilator/root/include -I/home/elfo/tools/verilator/root/include/vltstd -DVM_COVERAGE=0 -DVM_SC=0 -DVM_TRACE=0 -DVM_TRACE_FST=0 -DVM_TRACE_VCD=0 -faligned-new -fcf-protection=none -Wno-bool-operation -Wno-overloaded-virtual -Wno-shadow -Wno-sign-compare -Wno-uninitialized -Wno-unused-but-set-parameter -Wno-unused-but-set-variable -Wno-unused-parameter -Wno-unused-variable       -Os -c -o tb_aster_uart_tx.o /tmp/aster-phase6-verify-PHy1Sn/verification/unit/tb_aster_uart_tx.cpp
echo "" > Vaster_l1_cache__ALL.verilator_deplist.tmp
Archive ar -rcs Vaster_l1_cache__ALL.a Vaster_l1_cache__ALL.o
g++     tb_aster_l1_cache.o verilated.o verilated_threads.o Vaster_l1_cache__ALL.a    -pthread -lpthread -latomic   -o /home/elfo/Documents/Aster/build/phase6-215b2d0/regressions/build/aster_l1_cache_sim
rm Vaster_l1_cache__ALL.verilator_deplist.tmp
verilator --cc --exe --build --timing --Wall --Wno-fatal \
	--top-module aster_uart_rx -GCLK_HZ=400 -GBAUD=10 \
	--Mdir /home/elfo/Documents/Aster/build/phase6-215b2d0/regressions/build/obj_uart_rx -o /home/elfo/Documents/Aster/build/phase6-215b2d0/regressions/build/aster_uart_rx_sim \
	/tmp/aster-phase6-verify-PHy1Sn/rtl/peripherals/aster_uart_rx.sv /tmp/aster-phase6-verify-PHy1Sn/verification/unit/tb_aster_uart_rx.cpp
make[1]: warning: jobserver unavailable: using -j1.  Add '+' to parent make rule.
g++  -I.  -MMD -I/home/elfo/tools/verilator/root/include -I/home/elfo/tools/verilator/root/include/vltstd -DVM_COVERAGE=0 -DVM_SC=0 -DVM_TRACE=0 -DVM_TRACE_FST=0 -DVM_TRACE_VCD=0 -faligned-new -fcf-protection=none -Wno-bool-operation -Wno-overloaded-virtual -Wno-shadow -Wno-sign-compare -Wno-uninitialized -Wno-unused-but-set-parameter -Wno-unused-but-set-variable -Wno-unused-parameter -Wno-unused-variable       -Os -c -o tb_aster_uart_rx.o /tmp/aster-phase6-verify-PHy1Sn/verification/unit/tb_aster_uart_rx.cpp
g++ -Os  -I.  -MMD -I/home/elfo/tools/verilator/root/include -I/home/elfo/tools/verilator/root/include/vltstd -DVM_COVERAGE=0 -DVM_SC=0 -DVM_TRACE=0 -DVM_TRACE_FST=0 -DVM_TRACE_VCD=0 -faligned-new -fcf-protection=none -Wno-bool-operation -Wno-overloaded-virtual -Wno-shadow -Wno-sign-compare -Wno-uninitialized -Wno-unused-but-set-parameter -Wno-unused-but-set-variable -Wno-unused-parameter -Wno-unused-variable       -c -o verilated.o /home/elfo/tools/verilator/root/include/verilated.cpp
g++ -Os  -I.  -MMD -I/home/elfo/tools/verilator/root/include -I/home/elfo/tools/verilator/root/include/vltstd -DVM_COVERAGE=0 -DVM_SC=0 -DVM_TRACE=0 -DVM_TRACE_FST=0 -DVM_TRACE_VCD=0 -faligned-new -fcf-protection=none -Wno-bool-operation -Wno-overloaded-virtual -Wno-shadow -Wno-sign-compare -Wno-uninitialized -Wno-unused-but-set-parameter -Wno-unused-but-set-variable -Wno-unused-parameter -Wno-unused-variable       -c -o verilated.o /home/elfo/tools/verilator/root/include/verilated.cpp
g++ -Os  -I.  -MMD -I/home/elfo/tools/verilator/root/include -I/home/elfo/tools/verilator/root/include/vltstd -DVM_COVERAGE=0 -DVM_SC=0 -DVM_TRACE=0 -DVM_TRACE_FST=0 -DVM_TRACE_VCD=0 -faligned-new -fcf-protection=none -Wno-bool-operation -Wno-overloaded-virtual -Wno-shadow -Wno-sign-compare -Wno-uninitialized -Wno-unused-but-set-parameter -Wno-unused-but-set-variable -Wno-unused-parameter -Wno-unused-variable       -c -o verilated_threads.o /home/elfo/tools/verilator/root/include/verilated_threads.cpp
g++ -Os  -I.  -MMD -I/home/elfo/tools/verilator/root/include -I/home/elfo/tools/verilator/root/include/vltstd -DVM_COVERAGE=0 -DVM_SC=0 -DVM_TRACE=0 -DVM_TRACE_FST=0 -DVM_TRACE_VCD=0 -faligned-new -fcf-protection=none -Wno-bool-operation -Wno-overloaded-virtual -Wno-shadow -Wno-sign-compare -Wno-uninitialized -Wno-unused-but-set-parameter -Wno-unused-but-set-variable -Wno-unused-parameter -Wno-unused-variable       -c -o verilated_threads.o /home/elfo/tools/verilator/root/include/verilated_threads.cpp
/usr/bin/python3 /home/elfo/tools/verilator/root/bin/verilator_includer -DVL_INCLUDE_OPT=include Vaster_uart_tx.cpp Vaster_uart_tx___024root__DepSet_h1414e768__0.cpp Vaster_uart_tx___024root__DepSet_h34a59516__0.cpp Vaster_uart_tx___024root__Slow.cpp Vaster_uart_tx___024root__DepSet_h1414e768__0__Slow.cpp Vaster_uart_tx___024root__DepSet_h34a59516__0__Slow.cpp Vaster_uart_tx__Syms.cpp > Vaster_uart_tx__ALL.cpp
g++ -Os  -I.  -MMD -I/home/elfo/tools/verilator/root/include -I/home/elfo/tools/verilator/root/include/vltstd -DVM_COVERAGE=0 -DVM_SC=0 -DVM_TRACE=0 -DVM_TRACE_FST=0 -DVM_TRACE_VCD=0 -faligned-new -fcf-protection=none -Wno-bool-operation -Wno-overloaded-virtual -Wno-shadow -Wno-sign-compare -Wno-uninitialized -Wno-unused-but-set-parameter -Wno-unused-but-set-variable -Wno-unused-parameter -Wno-unused-variable       -c -o Vaster_uart_tx__ALL.o Vaster_uart_tx__ALL.cpp
/usr/bin/python3 /home/elfo/tools/verilator/root/bin/verilator_includer -DVL_INCLUDE_OPT=include Vaster_uart_rx.cpp Vaster_uart_rx___024root__DepSet_h436a5f88__0.cpp Vaster_uart_rx___024root__DepSet_h40c2336c__0.cpp Vaster_uart_rx___024root__Slow.cpp Vaster_uart_rx___024root__DepSet_h40c2336c__0__Slow.cpp Vaster_uart_rx__Syms.cpp > Vaster_uart_rx__ALL.cpp
g++ -Os  -I.  -MMD -I/home/elfo/tools/verilator/root/include -I/home/elfo/tools/verilator/root/include/vltstd -DVM_COVERAGE=0 -DVM_SC=0 -DVM_TRACE=0 -DVM_TRACE_FST=0 -DVM_TRACE_VCD=0 -faligned-new -fcf-protection=none -Wno-bool-operation -Wno-overloaded-virtual -Wno-shadow -Wno-sign-compare -Wno-uninitialized -Wno-unused-but-set-parameter -Wno-unused-but-set-variable -Wno-unused-parameter -Wno-unused-variable       -c -o Vaster_uart_rx__ALL.o Vaster_uart_rx__ALL.cpp
echo "" > Vaster_uart_tx__ALL.verilator_deplist.tmp
Archive ar -rcs Vaster_uart_tx__ALL.a Vaster_uart_tx__ALL.o
g++     tb_aster_uart_tx.o verilated.o verilated_threads.o Vaster_uart_tx__ALL.a    -pthread -lpthread -latomic   -o /home/elfo/Documents/Aster/build/phase6-215b2d0/regressions/build/aster_uart_tx_3_sim
rm Vaster_uart_tx__ALL.verilator_deplist.tmp
riscv32-unknown-elf-gcc -march=rv32im -mabi=ilp32 -nostdlib -nostartfiles -nodefaultlibs -ffreestanding -Wall -Wextra -Werror -O2 -fno-pic -fno-stack-protector -msmall-data-limit=0 -Isoftware/runtime -T software/boot/link.ld -Wl,--gc-sections -Wl,-Map,/home/elfo/Documents/Aster/build/phase6-215b2d0/regressions/build/software/hello.map -o /home/elfo/Documents/Aster/build/phase6-215b2d0/regressions/build/software/hello.elf /home/elfo/Documents/Aster/build/phase6-215b2d0/regressions/build/software/start.o /home/elfo/Documents/Aster/build/phase6-215b2d0/regressions/build/software/hello.o
riscv32-unknown-elf-gcc -march=rv32im -mabi=ilp32 -nostdlib -nostartfiles -nodefaultlibs -ffreestanding -Wall -Wextra -Werror -O2 -fno-pic -fno-stack-protector -msmall-data-limit=0 -Isoftware/runtime -T software/boot/link.ld -o /home/elfo/Documents/Aster/build/phase6-215b2d0/regressions/build/software/uart_stress.elf software/runtime/start.S software/tests/uart_stress.c
riscv32-unknown-elf-gcc -march=rv32im -mabi=ilp32 -nostdlib -nostartfiles -nodefaultlibs -ffreestanding -Wall -Wextra -Werror -O2 -fno-pic -fno-stack-protector -msmall-data-limit=0 -Isoftware/runtime -DBENCHMARK_WORDS=64 -DBENCHMARK_REPETITIONS=4 -DBENCHMARK_SEED=0x13570000 -DBENCH_RANDOM=0 -c -o /home/elfo/Documents/Aster/build/phase6-215b2d0/regressions/build/software/bench_memcpy_w64_r4_s0x13570000/benchmark.o software/benchmarks/memcpy_bench.c
verilator --cc --exe --build --timing --Wall --Wno-fatal \
	-DRISCV_FORMAL --Wno-DECLFILENAME --Wno-GENUNNAMED --Wno-UNUSEDSIGNAL --Wno-BLKSEQ --top-module aster_pynq_linux \
	-GCLK_HZ=400 -GBAUD=10 -GRX_DEPTH=128 \
	--Mdir /home/elfo/Documents/Aster/build/phase6-215b2d0/regressions/build/obj_linux -o /home/elfo/Documents/Aster/build/phase6-215b2d0/regressions/build/aster_pynq_linux_sim \
	/tmp/aster-phase6-verify-PHy1Sn/rtl/cache/aster_coherent_cache.sv /tmp/aster-phase6-verify-PHy1Sn/rtl/cache/aster_l1_cache.sv /tmp/aster-phase6-verify-PHy1Sn/rtl/core/aster_atomic_hart.sv /tmp/aster-phase6-verify-PHy1Sn/rtl/core/aster_hart.sv /tmp/aster-phase6-verify-PHy1Sn/rtl/core/aster_pcpi_atomic.sv /tmp/aster-phase6-verify-PHy1Sn/rtl/core/aster_picorv32.sv /tmp/aster-phase6-verify-PHy1Sn/rtl/interconnect/aster_arbiter2.sv /tmp/aster-phase6-verify-PHy1Sn/rtl/interconnect/aster_atomic_fabric.sv /tmp/aster-phase6-verify-PHy1Sn/rtl/memory/aster_ram.sv /tmp/aster-phase6-verify-PHy1Sn/rtl/memory/aster_rom.sv /tmp/aster-phase6-verify-PHy1Sn/rtl/peripherals/aster_coherent_perf.sv /tmp/aster-phase6-verify-PHy1Sn/rtl/peripherals/aster_perf_counters.sv /tmp/aster-phase6-verify-PHy1Sn/rtl/peripherals/aster_uart.sv /tmp/aster-phase6-verify-PHy1Sn/rtl/soc/aster_coherent_soc.sv /tmp/aster-phase6-verify-PHy1Sn/rtl/soc/aster_minimal.sv /tmp/aster-phase6-verify-PHy1Sn/rtl/soc/aster_multicore.sv /tmp/aster-phase6-verify-PHy1Sn/rtl/soc/aster_shared_fabric.sv /tmp/aster-phase6-verify-PHy1Sn/rtl/soc/aster_warm_stop.sv /tmp/aster-phase6-verify-PHy1Sn/vendor/picorv32/picorv32.v \
	/tmp/aster-phase6-verify-PHy1Sn/rtl/peripherals/aster_uart_tx.sv /tmp/aster-phase6-verify-PHy1Sn/rtl/peripherals/aster_uart_rx.sv \
	/tmp/aster-phase6-verify-PHy1Sn/rtl/soc/aster_pynq_linux.sv /tmp/aster-phase6-verify-PHy1Sn/verification/soc/tb_pynq_linux.cpp
echo "" > Vaster_uart_rx__ALL.verilator_deplist.tmp
Archive ar -rcs Vaster_uart_rx__ALL.a Vaster_uart_rx__ALL.o
g++     tb_aster_uart_rx.o verilated.o verilated_threads.o Vaster_uart_rx__ALL.a    -pthread -lpthread -latomic   -o /home/elfo/Documents/Aster/build/phase6-215b2d0/regressions/build/aster_uart_rx_sim
rm Vaster_uart_rx__ALL.verilator_deplist.tmp
python3 scripts/elf_to_hex.py --rom-bytes 65536 /home/elfo/Documents/Aster/build/phase6-215b2d0/regressions/build/software/hello.elf /home/elfo/Documents/Aster/build/phase6-215b2d0/regressions/build/software/hello.hex
riscv32-unknown-elf-gcc -march=rv32im -mabi=ilp32 -nostdlib -nostartfiles -nodefaultlibs -ffreestanding -Wall -Wextra -Werror -O2 -fno-pic -fno-stack-protector -msmall-data-limit=0 -Isoftware/runtime -DBENCHMARK_WORDS=64 -DBENCHMARK_REPETITIONS=4 -DBENCHMARK_SEED=0x13570000 -DBENCH_RANDOM=0 -T software/boot/link.ld -Wl,--gc-sections -Wl,-Map,/home/elfo/Documents/Aster/build/phase6-215b2d0/regressions/build/software/bench_memcpy_w64_r4_s0x13570000/benchmark.map -o /home/elfo/Documents/Aster/build/phase6-215b2d0/regressions/build/software/bench_memcpy_w64_r4_s0x13570000/benchmark.elf /home/elfo/Documents/Aster/build/phase6-215b2d0/regressions/build/software/start.o /home/elfo/Documents/Aster/build/phase6-215b2d0/regressions/build/software/bench_memcpy_w64_r4_s0x13570000/benchmark.o
python3 scripts/elf_to_hex.py --rom-bytes 65536 /home/elfo/Documents/Aster/build/phase6-215b2d0/regressions/build/software/uart_stress.elf /home/elfo/Documents/Aster/build/phase6-215b2d0/regressions/build/software/uart_stress.hex
make[1]: warning: jobserver unavailable: using -j1.  Add '+' to parent make rule.
g++  -I.  -MMD -I/home/elfo/tools/verilator/root/include -I/home/elfo/tools/verilator/root/include/vltstd -DVM_COVERAGE=0 -DVM_SC=0 -DVM_TRACE=0 -DVM_TRACE_FST=0 -DVM_TRACE_VCD=0 -faligned-new -fcf-protection=none -Wno-bool-operation -Wno-overloaded-virtual -Wno-shadow -Wno-sign-compare -Wno-uninitialized -Wno-unused-but-set-parameter -Wno-unused-but-set-variable -Wno-unused-parameter -Wno-unused-variable       -Os -c -o tb_pynq_linux.o /tmp/aster-phase6-verify-PHy1Sn/verification/soc/tb_pynq_linux.cpp
verilator --cc --exe --build --timing --Wall -DRISCV_FORMAL --Wno-DECLFILENAME --Wno-GENUNNAMED --Wno-UNUSEDSIGNAL --Wno-BLKSEQ \
	--top-module aster_pynq_linux -GHART_COUNT=2 -GCLK_HZ=400 -GBAUD=10 -GRX_DEPTH=128 \
	--Mdir /home/elfo/Documents/Aster/build/phase6-215b2d0/regressions/build/obj_linux_dual -o /home/elfo/Documents/Aster/build/phase6-215b2d0/regressions/build/aster_pynq_linux_dual_sim \
	/tmp/aster-phase6-verify-PHy1Sn/rtl/cache/aster_coherent_cache.sv /tmp/aster-phase6-verify-PHy1Sn/rtl/cache/aster_l1_cache.sv /tmp/aster-phase6-verify-PHy1Sn/rtl/core/aster_atomic_hart.sv /tmp/aster-phase6-verify-PHy1Sn/rtl/core/aster_hart.sv /tmp/aster-phase6-verify-PHy1Sn/rtl/core/aster_pcpi_atomic.sv /tmp/aster-phase6-verify-PHy1Sn/rtl/core/aster_picorv32.sv /tmp/aster-phase6-verify-PHy1Sn/rtl/interconnect/aster_arbiter2.sv /tmp/aster-phase6-verify-PHy1Sn/rtl/interconnect/aster_atomic_fabric.sv /tmp/aster-phase6-verify-PHy1Sn/rtl/memory/aster_ram.sv /tmp/aster-phase6-verify-PHy1Sn/rtl/memory/aster_rom.sv /tmp/aster-phase6-verify-PHy1Sn/rtl/peripherals/aster_coherent_perf.sv /tmp/aster-phase6-verify-PHy1Sn/rtl/peripherals/aster_perf_counters.sv /tmp/aster-phase6-verify-PHy1Sn/rtl/peripherals/aster_uart.sv /tmp/aster-phase6-verify-PHy1Sn/rtl/soc/aster_coherent_soc.sv /tmp/aster-phase6-verify-PHy1Sn/rtl/soc/aster_minimal.sv /tmp/aster-phase6-verify-PHy1Sn/rtl/soc/aster_multicore.sv /tmp/aster-phase6-verify-PHy1Sn/rtl/soc/aster_shared_fabric.sv /tmp/aster-phase6-verify-PHy1Sn/rtl/soc/aster_warm_stop.sv /tmp/aster-phase6-verify-PHy1Sn/vendor/picorv32/picorv32.v \
	/tmp/aster-phase6-verify-PHy1Sn/rtl/peripherals/aster_uart_tx.sv /tmp/aster-phase6-verify-PHy1Sn/rtl/peripherals/aster_uart_rx.sv \
	/tmp/aster-phase6-verify-PHy1Sn/rtl/soc/aster_pynq_linux.sv /tmp/aster-phase6-verify-PHy1Sn/verification/soc/tb_pynq_linux_dual.cpp
make[1]: warning: jobserver unavailable: using -j1.  Add '+' to parent make rule.
g++  -I.  -MMD -I/home/elfo/tools/verilator/root/include -I/home/elfo/tools/verilator/root/include/vltstd -DVM_COVERAGE=0 -DVM_SC=0 -DVM_TRACE=0 -DVM_TRACE_FST=0 -DVM_TRACE_VCD=0 -faligned-new -fcf-protection=none -Wno-bool-operation -Wno-overloaded-virtual -Wno-shadow -Wno-sign-compare -Wno-uninitialized -Wno-unused-but-set-parameter -Wno-unused-but-set-variable -Wno-unused-parameter -Wno-unused-variable       -Os -c -o tb_pynq_linux_dual.o /tmp/aster-phase6-verify-PHy1Sn/verification/soc/tb_pynq_linux_dual.cpp
g++ -Os  -I.  -MMD -I/home/elfo/tools/verilator/root/include -I/home/elfo/tools/verilator/root/include/vltstd -DVM_COVERAGE=0 -DVM_SC=0 -DVM_TRACE=0 -DVM_TRACE_FST=0 -DVM_TRACE_VCD=0 -faligned-new -fcf-protection=none -Wno-bool-operation -Wno-overloaded-virtual -Wno-shadow -Wno-sign-compare -Wno-uninitialized -Wno-unused-but-set-parameter -Wno-unused-but-set-variable -Wno-unused-parameter -Wno-unused-variable       -c -o verilated.o /home/elfo/tools/verilator/root/include/verilated.cpp
g++ -Os  -I.  -MMD -I/home/elfo/tools/verilator/root/include -I/home/elfo/tools/verilator/root/include/vltstd -DVM_COVERAGE=0 -DVM_SC=0 -DVM_TRACE=0 -DVM_TRACE_FST=0 -DVM_TRACE_VCD=0 -faligned-new -fcf-protection=none -Wno-bool-operation -Wno-overloaded-virtual -Wno-shadow -Wno-sign-compare -Wno-uninitialized -Wno-unused-but-set-parameter -Wno-unused-but-set-variable -Wno-unused-parameter -Wno-unused-variable       -c -o verilated.o /home/elfo/tools/verilator/root/include/verilated.cpp
g++ -Os  -I.  -MMD -I/home/elfo/tools/verilator/root/include -I/home/elfo/tools/verilator/root/include/vltstd -DVM_COVERAGE=0 -DVM_SC=0 -DVM_TRACE=0 -DVM_TRACE_FST=0 -DVM_TRACE_VCD=0 -faligned-new -fcf-protection=none -Wno-bool-operation -Wno-overloaded-virtual -Wno-shadow -Wno-sign-compare -Wno-uninitialized -Wno-unused-but-set-parameter -Wno-unused-but-set-variable -Wno-unused-parameter -Wno-unused-variable       -c -o verilated_threads.o /home/elfo/tools/verilator/root/include/verilated_threads.cpp
g++ -Os  -I.  -MMD -I/home/elfo/tools/verilator/root/include -I/home/elfo/tools/verilator/root/include/vltstd -DVM_COVERAGE=0 -DVM_SC=0 -DVM_TRACE=0 -DVM_TRACE_FST=0 -DVM_TRACE_VCD=0 -faligned-new -fcf-protection=none -Wno-bool-operation -Wno-overloaded-virtual -Wno-shadow -Wno-sign-compare -Wno-uninitialized -Wno-unused-but-set-parameter -Wno-unused-but-set-variable -Wno-unused-parameter -Wno-unused-variable       -c -o verilated_threads.o /home/elfo/tools/verilator/root/include/verilated_threads.cpp
/usr/bin/python3 /home/elfo/tools/verilator/root/bin/verilator_includer -DVL_INCLUDE_OPT=include Vaster_pynq_linux.cpp Vaster_pynq_linux___024root__DepSet_h5a538cb5__0.cpp Vaster_pynq_linux___024root__DepSet_hcaf910c3__0.cpp Vaster_pynq_linux___024root__Slow.cpp Vaster_pynq_linux___024root__DepSet_h5a538cb5__0__Slow.cpp Vaster_pynq_linux___024root__DepSet_hcaf910c3__0__Slow.cpp Vaster_pynq_linux__Syms.cpp > Vaster_pynq_linux__ALL.cpp
g++ -Os  -I.  -MMD -I/home/elfo/tools/verilator/root/include -I/home/elfo/tools/verilator/root/include/vltstd -DVM_COVERAGE=0 -DVM_SC=0 -DVM_TRACE=0 -DVM_TRACE_FST=0 -DVM_TRACE_VCD=0 -faligned-new -fcf-protection=none -Wno-bool-operation -Wno-overloaded-virtual -Wno-shadow -Wno-sign-compare -Wno-uninitialized -Wno-unused-but-set-parameter -Wno-unused-but-set-variable -Wno-unused-parameter -Wno-unused-variable       -c -o Vaster_pynq_linux__ALL.o Vaster_pynq_linux__ALL.cpp
/usr/bin/python3 /home/elfo/tools/verilator/root/bin/verilator_includer -DVL_INCLUDE_OPT=include Vaster_pynq_linux.cpp Vaster_pynq_linux___024root__DepSet_h5a538cb5__0.cpp Vaster_pynq_linux___024root__DepSet_hcaf910c3__0.cpp Vaster_pynq_linux_aster_picorv32__DepSet_h867fa0a7__0.cpp Vaster_pynq_linux___024root__Slow.cpp Vaster_pynq_linux___024root__DepSet_h5a538cb5__0__Slow.cpp Vaster_pynq_linux___024root__DepSet_hcaf910c3__0__Slow.cpp Vaster_pynq_linux_aster_picorv32__Slow.cpp Vaster_pynq_linux_aster_picorv32__DepSet_h867fa0a7__0__Slow.cpp Vaster_pynq_linux_aster_picorv32__DepSet_h8f252cd1__0__Slow.cpp Vaster_pynq_linux__Syms.cpp > Vaster_pynq_linux__ALL.cpp
g++ -Os  -I.  -MMD -I/home/elfo/tools/verilator/root/include -I/home/elfo/tools/verilator/root/include/vltstd -DVM_COVERAGE=0 -DVM_SC=0 -DVM_TRACE=0 -DVM_TRACE_FST=0 -DVM_TRACE_VCD=0 -faligned-new -fcf-protection=none -Wno-bool-operation -Wno-overloaded-virtual -Wno-shadow -Wno-sign-compare -Wno-uninitialized -Wno-unused-but-set-parameter -Wno-unused-but-set-variable -Wno-unused-parameter -Wno-unused-variable       -c -o Vaster_pynq_linux__ALL.o Vaster_pynq_linux__ALL.cpp
echo "" > Vaster_pynq_linux__ALL.verilator_deplist.tmp
Archive ar -rcs Vaster_pynq_linux__ALL.a Vaster_pynq_linux__ALL.o
g++     tb_pynq_linux.o verilated.o verilated_threads.o Vaster_pynq_linux__ALL.a    -pthread -lpthread -latomic   -o /home/elfo/Documents/Aster/build/phase6-215b2d0/regressions/build/aster_pynq_linux_sim
rm Vaster_pynq_linux__ALL.verilator_deplist.tmp
riscv32-unknown-elf-gcc -march=rv32im -mabi=ilp32 -nostdlib -nostartfiles -nodefaultlibs -ffreestanding -Wall -Wextra -Werror -O2 -fno-pic -fno-stack-protector -msmall-data-limit=0 -Isoftware/runtime -T software/boot/link_multicore.ld -Wl,-Map,/home/elfo/Documents/Aster/build/phase6-215b2d0/regressions/build/software/multicore_runtime.map \
	-o /home/elfo/Documents/Aster/build/phase6-215b2d0/regressions/build/software/multicore_runtime.elf software/runtime/start_multicore.S software/tests/multicore_runtime.c
mkdir -p /home/elfo/Documents/Aster/build/phase6-215b2d0/regressions/build/linux_coherent_h2_l11
verilator --cc --exe --build --timing --Wall -DRISCV_FORMAL --Wno-DECLFILENAME --Wno-GENUNNAMED --Wno-UNUSEDSIGNAL --Wno-BLKSEQ --unroll-count 2048 --unroll-stmts 100000 --assert -DASTER_COHERENCE_ASSERT --public-flat-rw \
	--top-module aster_pynq_linux -GHART_COUNT=2 "-GENABLE_COHERENCE=1'b1" "-GCOHERENT_L1=1'b1" \
	-GCLK_HZ=400 -GBAUD=10 -GRX_DEPTH=128 -CFLAGS '-DASTER_HART_COUNT=2 -DASTER_L1=1' \
	--Mdir /home/elfo/Documents/Aster/build/phase6-215b2d0/regressions/build/linux_coherent_h2_l11/obj -o /home/elfo/Documents/Aster/build/phase6-215b2d0/regressions/build/linux_coherent_h2_l11/aster_linux_coherent_sim \
	/tmp/aster-phase6-verify-PHy1Sn/rtl/cache/aster_coherent_cache.sv /tmp/aster-phase6-verify-PHy1Sn/rtl/cache/aster_l1_cache.sv /tmp/aster-phase6-verify-PHy1Sn/rtl/core/aster_atomic_hart.sv /tmp/aster-phase6-verify-PHy1Sn/rtl/core/aster_hart.sv /tmp/aster-phase6-verify-PHy1Sn/rtl/core/aster_pcpi_atomic.sv /tmp/aster-phase6-verify-PHy1Sn/rtl/core/aster_picorv32.sv /tmp/aster-phase6-verify-PHy1Sn/rtl/interconnect/aster_arbiter2.sv /tmp/aster-phase6-verify-PHy1Sn/rtl/interconnect/aster_atomic_fabric.sv /tmp/aster-phase6-verify-PHy1Sn/rtl/memory/aster_ram.sv /tmp/aster-phase6-verify-PHy1Sn/rtl/memory/aster_rom.sv /tmp/aster-phase6-verify-PHy1Sn/rtl/peripherals/aster_coherent_perf.sv /tmp/aster-phase6-verify-PHy1Sn/rtl/peripherals/aster_perf_counters.sv /tmp/aster-phase6-verify-PHy1Sn/rtl/peripherals/aster_uart.sv /tmp/aster-phase6-verify-PHy1Sn/rtl/soc/aster_coherent_soc.sv /tmp/aster-phase6-verify-PHy1Sn/rtl/soc/aster_minimal.sv /tmp/aster-phase6-verify-PHy1Sn/rtl/soc/aster_multicore.sv /tmp/aster-phase6-verify-PHy1Sn/rtl/soc/aster_shared_fabric.sv /tmp/aster-phase6-verify-PHy1Sn/rtl/soc/aster_warm_stop.sv /tmp/aster-phase6-verify-PHy1Sn/vendor/picorv32/picorv32.v \
	/tmp/aster-phase6-verify-PHy1Sn/rtl/peripherals/aster_uart_tx.sv /tmp/aster-phase6-verify-PHy1Sn/rtl/peripherals/aster_uart_rx.sv \
	/tmp/aster-phase6-verify-PHy1Sn/rtl/soc/aster_pynq_linux.sv /tmp/aster-phase6-verify-PHy1Sn/verification/soc/tb_pynq_linux_coherent.cpp
make[1]: warning: jobserver unavailable: using -j1.  Add '+' to parent make rule.
g++  -I.  -MMD -I/home/elfo/tools/verilator/root/include -I/home/elfo/tools/verilator/root/include/vltstd -DVM_COVERAGE=0 -DVM_SC=0 -DVM_TRACE=0 -DVM_TRACE_FST=0 -DVM_TRACE_VCD=0 -faligned-new -fcf-protection=none -Wno-bool-operation -Wno-overloaded-virtual -Wno-shadow -Wno-sign-compare -Wno-uninitialized -Wno-unused-but-set-parameter -Wno-unused-but-set-variable -Wno-unused-parameter -Wno-unused-variable     -DASTER_HART_COUNT=2 -DASTER_L1=1   -Os -c -o tb_pynq_linux_coherent.o /tmp/aster-phase6-verify-PHy1Sn/verification/soc/tb_pynq_linux_coherent.cpp
echo "" > Vaster_pynq_linux__ALL.verilator_deplist.tmp
Archive ar -rcs Vaster_pynq_linux__ALL.a Vaster_pynq_linux__ALL.o
g++     tb_pynq_linux_dual.o verilated.o verilated_threads.o Vaster_pynq_linux__ALL.a    -pthread -lpthread -latomic   -o /home/elfo/Documents/Aster/build/phase6-215b2d0/regressions/build/aster_pynq_linux_dual_sim
rm Vaster_pynq_linux__ALL.verilator_deplist.tmp
riscv32-unknown-elf-gcc -mabi=ilp32 -nostdlib -nostartfiles -nodefaultlibs -ffreestanding -Wall -Wextra -Werror -O2 -fno-pic -fno-stack-protector -msmall-data-limit=0 -Isoftware/runtime -march=rv32ima \
	-T software/boot/link_multicore.ld -Wl,-Map,/home/elfo/Documents/Aster/build/phase6-215b2d0/regressions/build/software/atomic_runtime.map \
	-o /home/elfo/Documents/Aster/build/phase6-215b2d0/regressions/build/software/atomic_runtime.elf software/runtime/start_multicore.S software/tests/atomic_runtime.c
riscv32-unknown-elf-objdump -d /home/elfo/Documents/Aster/build/phase6-215b2d0/regressions/build/software/atomic_runtime.elf > /home/elfo/Documents/Aster/build/phase6-215b2d0/regressions/build/software/atomic_runtime.dis
riscv32-unknown-elf-gcc -mabi=ilp32 -nostdlib -nostartfiles -nodefaultlibs -ffreestanding -Wall -Wextra -Werror -O2 -fno-pic -fno-stack-protector -msmall-data-limit=0 -Isoftware/runtime -march=rv32ima \
	-T software/boot/link_multicore.ld -Wl,-Map,/home/elfo/Documents/Aster/build/phase6-215b2d0/regressions/build/software/coherent_lifecycle.map \
	-o /home/elfo/Documents/Aster/build/phase6-215b2d0/regressions/build/software/coherent_lifecycle.elf software/runtime/start_multicore.S software/tests/coherent_lifecycle.c
verilator --cc --exe --build --timing --Wall --Wno-fatal --public-flat-rw \
	--top-module aster_perf_counters --Mdir /home/elfo/Documents/Aster/build/phase6-215b2d0/regressions/build/obj_perf -o /home/elfo/Documents/Aster/build/phase6-215b2d0/regressions/build/aster_perf_sim \
	/tmp/aster-phase6-verify-PHy1Sn/rtl/peripherals/aster_perf_counters.sv /tmp/aster-phase6-verify-PHy1Sn/verification/unit/tb_aster_perf_counters.cpp
make[1]: warning: jobserver unavailable: using -j1.  Add '+' to parent make rule.
g++  -I.  -MMD -I/home/elfo/tools/verilator/root/include -I/home/elfo/tools/verilator/root/include/vltstd -DVM_COVERAGE=0 -DVM_SC=0 -DVM_TRACE=0 -DVM_TRACE_FST=0 -DVM_TRACE_VCD=0 -faligned-new -fcf-protection=none -Wno-bool-operation -Wno-overloaded-virtual -Wno-shadow -Wno-sign-compare -Wno-uninitialized -Wno-unused-but-set-parameter -Wno-unused-but-set-variable -Wno-unused-parameter -Wno-unused-variable       -Os -c -o tb_aster_perf_counters.o /tmp/aster-phase6-verify-PHy1Sn/verification/unit/tb_aster_perf_counters.cpp
g++ -Os  -I.  -MMD -I/home/elfo/tools/verilator/root/include -I/home/elfo/tools/verilator/root/include/vltstd -DVM_COVERAGE=0 -DVM_SC=0 -DVM_TRACE=0 -DVM_TRACE_FST=0 -DVM_TRACE_VCD=0 -faligned-new -fcf-protection=none -Wno-bool-operation -Wno-overloaded-virtual -Wno-shadow -Wno-sign-compare -Wno-uninitialized -Wno-unused-but-set-parameter -Wno-unused-but-set-variable -Wno-unused-parameter -Wno-unused-variable     -DASTER_HART_COUNT=2 -DASTER_L1=1   -c -o verilated.o /home/elfo/tools/verilator/root/include/verilated.cpp
g++ -Os  -I.  -MMD -I/home/elfo/tools/verilator/root/include -I/home/elfo/tools/verilator/root/include/vltstd -DVM_COVERAGE=0 -DVM_SC=0 -DVM_TRACE=0 -DVM_TRACE_FST=0 -DVM_TRACE_VCD=0 -faligned-new -fcf-protection=none -Wno-bool-operation -Wno-overloaded-virtual -Wno-shadow -Wno-sign-compare -Wno-uninitialized -Wno-unused-but-set-parameter -Wno-unused-but-set-variable -Wno-unused-parameter -Wno-unused-variable       -c -o verilated.o /home/elfo/tools/verilator/root/include/verilated.cpp
g++ -Os  -I.  -MMD -I/home/elfo/tools/verilator/root/include -I/home/elfo/tools/verilator/root/include/vltstd -DVM_COVERAGE=0 -DVM_SC=0 -DVM_TRACE=0 -DVM_TRACE_FST=0 -DVM_TRACE_VCD=0 -faligned-new -fcf-protection=none -Wno-bool-operation -Wno-overloaded-virtual -Wno-shadow -Wno-sign-compare -Wno-uninitialized -Wno-unused-but-set-parameter -Wno-unused-but-set-variable -Wno-unused-parameter -Wno-unused-variable     -DASTER_HART_COUNT=2 -DASTER_L1=1   -c -o verilated_dpi.o /home/elfo/tools/verilator/root/include/verilated_dpi.cpp
g++ -Os  -I.  -MMD -I/home/elfo/tools/verilator/root/include -I/home/elfo/tools/verilator/root/include/vltstd -DVM_COVERAGE=0 -DVM_SC=0 -DVM_TRACE=0 -DVM_TRACE_FST=0 -DVM_TRACE_VCD=0 -faligned-new -fcf-protection=none -Wno-bool-operation -Wno-overloaded-virtual -Wno-shadow -Wno-sign-compare -Wno-uninitialized -Wno-unused-but-set-parameter -Wno-unused-but-set-variable -Wno-unused-parameter -Wno-unused-variable       -c -o verilated_dpi.o /home/elfo/tools/verilator/root/include/verilated_dpi.cpp
g++ -Os  -I.  -MMD -I/home/elfo/tools/verilator/root/include -I/home/elfo/tools/verilator/root/include/vltstd -DVM_COVERAGE=0 -DVM_SC=0 -DVM_TRACE=0 -DVM_TRACE_FST=0 -DVM_TRACE_VCD=0 -faligned-new -fcf-protection=none -Wno-bool-operation -Wno-overloaded-virtual -Wno-shadow -Wno-sign-compare -Wno-uninitialized -Wno-unused-but-set-parameter -Wno-unused-but-set-variable -Wno-unused-parameter -Wno-unused-variable     -DASTER_HART_COUNT=2 -DASTER_L1=1   -c -o verilated_threads.o /home/elfo/tools/verilator/root/include/verilated_threads.cpp
g++ -Os  -I.  -MMD -I/home/elfo/tools/verilator/root/include -I/home/elfo/tools/verilator/root/include/vltstd -DVM_COVERAGE=0 -DVM_SC=0 -DVM_TRACE=0 -DVM_TRACE_FST=0 -DVM_TRACE_VCD=0 -faligned-new -fcf-protection=none -Wno-bool-operation -Wno-overloaded-virtual -Wno-shadow -Wno-sign-compare -Wno-uninitialized -Wno-unused-but-set-parameter -Wno-unused-but-set-variable -Wno-unused-parameter -Wno-unused-variable       -c -o verilated_threads.o /home/elfo/tools/verilator/root/include/verilated_threads.cpp
g++ -Os  -I.  -MMD -I/home/elfo/tools/verilator/root/include -I/home/elfo/tools/verilator/root/include/vltstd -DVM_COVERAGE=0 -DVM_SC=0 -DVM_TRACE=0 -DVM_TRACE_FST=0 -DVM_TRACE_VCD=0 -faligned-new -fcf-protection=none -Wno-bool-operation -Wno-overloaded-virtual -Wno-shadow -Wno-sign-compare -Wno-uninitialized -Wno-unused-but-set-parameter -Wno-unused-but-set-variable -Wno-unused-parameter -Wno-unused-variable     -DASTER_HART_COUNT=2 -DASTER_L1=1   -x c++-header Vaster_pynq_linux__pch.h -o Vaster_pynq_linux__pch.h.fast.gch
/usr/bin/python3 /home/elfo/tools/verilator/root/bin/verilator_includer -DVL_INCLUDE_OPT=include Vaster_perf_counters.cpp Vaster_perf_counters___024root__DepSet_h26d6ddd9__0.cpp Vaster_perf_counters___024root__DepSet_h37027d7b__0.cpp Vaster_perf_counters__Dpi.cpp Vaster_perf_counters___024root__Slow.cpp Vaster_perf_counters___024root__DepSet_h26d6ddd9__0__Slow.cpp Vaster_perf_counters___024root__DepSet_h37027d7b__0__Slow.cpp Vaster_perf_counters__Syms.cpp > Vaster_perf_counters__ALL.cpp
g++ -Os  -I.  -MMD -I/home/elfo/tools/verilator/root/include -I/home/elfo/tools/verilator/root/include/vltstd -DVM_COVERAGE=0 -DVM_SC=0 -DVM_TRACE=0 -DVM_TRACE_FST=0 -DVM_TRACE_VCD=0 -faligned-new -fcf-protection=none -Wno-bool-operation -Wno-overloaded-virtual -Wno-shadow -Wno-sign-compare -Wno-uninitialized -Wno-unused-but-set-parameter -Wno-unused-but-set-variable -Wno-unused-parameter -Wno-unused-variable       -c -o Vaster_perf_counters__ALL.o Vaster_perf_counters__ALL.cpp
echo "" > Vaster_perf_counters__ALL.verilator_deplist.tmp
Archive ar -rcs Vaster_perf_counters__ALL.a Vaster_perf_counters__ALL.o
g++     tb_aster_perf_counters.o verilated.o verilated_dpi.o verilated_threads.o Vaster_perf_counters__ALL.a    -pthread -lpthread -latomic   -o /home/elfo/Documents/Aster/build/phase6-215b2d0/regressions/build/aster_perf_sim
rm Vaster_perf_counters__ALL.verilator_deplist.tmp
verilator --cc --exe --build --timing --Wall --Wno-fatal \
	-DRISCV_FORMAL --Wno-DECLFILENAME --Wno-GENUNNAMED --Wno-UNUSEDSIGNAL --Wno-BLKSEQ --top-module aster_picorv32 \
	--Mdir /home/elfo/Documents/Aster/build/phase6-215b2d0/regressions/build/obj_retirement -o /home/elfo/Documents/Aster/build/phase6-215b2d0/regressions/build/aster_retirement_sim \
	/tmp/aster-phase6-verify-PHy1Sn/rtl/core/aster_picorv32.sv /tmp/aster-phase6-verify-PHy1Sn/vendor/picorv32/picorv32.v /tmp/aster-phase6-verify-PHy1Sn/verification/unit/tb_aster_retirement.cpp
make[1]: warning: jobserver unavailable: using -j1.  Add '+' to parent make rule.
g++  -I.  -MMD -I/home/elfo/tools/verilator/root/include -I/home/elfo/tools/verilator/root/include/vltstd -DVM_COVERAGE=0 -DVM_SC=0 -DVM_TRACE=0 -DVM_TRACE_FST=0 -DVM_TRACE_VCD=0 -faligned-new -fcf-protection=none -Wno-bool-operation -Wno-overloaded-virtual -Wno-shadow -Wno-sign-compare -Wno-uninitialized -Wno-unused-but-set-parameter -Wno-unused-but-set-variable -Wno-unused-parameter -Wno-unused-variable       -Os -c -o tb_aster_retirement.o /tmp/aster-phase6-verify-PHy1Sn/verification/unit/tb_aster_retirement.cpp
g++ -Os  -I.  -MMD -I/home/elfo/tools/verilator/root/include -I/home/elfo/tools/verilator/root/include/vltstd -DVM_COVERAGE=0 -DVM_SC=0 -DVM_TRACE=0 -DVM_TRACE_FST=0 -DVM_TRACE_VCD=0 -faligned-new -fcf-protection=none -Wno-bool-operation -Wno-overloaded-virtual -Wno-shadow -Wno-sign-compare -Wno-uninitialized -Wno-unused-but-set-parameter -Wno-unused-but-set-variable -Wno-unused-parameter -Wno-unused-variable     -DASTER_HART_COUNT=2 -DASTER_L1=1   -include Vaster_pynq_linux__pch.h.fast -c -o Vaster_pynq_linux.o Vaster_pynq_linux.cpp
g++ -Os  -I.  -MMD -I/home/elfo/tools/verilator/root/include -I/home/elfo/tools/verilator/root/include/vltstd -DVM_COVERAGE=0 -DVM_SC=0 -DVM_TRACE=0 -DVM_TRACE_FST=0 -DVM_TRACE_VCD=0 -faligned-new -fcf-protection=none -Wno-bool-operation -Wno-overloaded-virtual -Wno-shadow -Wno-sign-compare -Wno-uninitialized -Wno-unused-but-set-parameter -Wno-unused-but-set-variable -Wno-unused-parameter -Wno-unused-variable     -DASTER_HART_COUNT=2 -DASTER_L1=1   -include Vaster_pynq_linux__pch.h.fast -c -o Vaster_pynq_linux___024root__DepSet_h5a538cb5__0.o Vaster_pynq_linux___024root__DepSet_h5a538cb5__0.cpp
g++ -Os  -I.  -MMD -I/home/elfo/tools/verilator/root/include -I/home/elfo/tools/verilator/root/include/vltstd -DVM_COVERAGE=0 -DVM_SC=0 -DVM_TRACE=0 -DVM_TRACE_FST=0 -DVM_TRACE_VCD=0 -faligned-new -fcf-protection=none -Wno-bool-operation -Wno-overloaded-virtual -Wno-shadow -Wno-sign-compare -Wno-uninitialized -Wno-unused-but-set-parameter -Wno-unused-but-set-variable -Wno-unused-parameter -Wno-unused-variable       -c -o verilated.o /home/elfo/tools/verilator/root/include/verilated.cpp
g++ -Os  -I.  -MMD -I/home/elfo/tools/verilator/root/include -I/home/elfo/tools/verilator/root/include/vltstd -DVM_COVERAGE=0 -DVM_SC=0 -DVM_TRACE=0 -DVM_TRACE_FST=0 -DVM_TRACE_VCD=0 -faligned-new -fcf-protection=none -Wno-bool-operation -Wno-overloaded-virtual -Wno-shadow -Wno-sign-compare -Wno-uninitialized -Wno-unused-but-set-parameter -Wno-unused-but-set-variable -Wno-unused-parameter -Wno-unused-variable     -DASTER_HART_COUNT=2 -DASTER_L1=1   -include Vaster_pynq_linux__pch.h.fast -c -o Vaster_pynq_linux___024root__DepSet_h5a538cb5__1.o Vaster_pynq_linux___024root__DepSet_h5a538cb5__1.cpp
g++ -Os  -I.  -MMD -I/home/elfo/tools/verilator/root/include -I/home/elfo/tools/verilator/root/include/vltstd -DVM_COVERAGE=0 -DVM_SC=0 -DVM_TRACE=0 -DVM_TRACE_FST=0 -DVM_TRACE_VCD=0 -faligned-new -fcf-protection=none -Wno-bool-operation -Wno-overloaded-virtual -Wno-shadow -Wno-sign-compare -Wno-uninitialized -Wno-unused-but-set-parameter -Wno-unused-but-set-variable -Wno-unused-parameter -Wno-unused-variable     -DASTER_HART_COUNT=2 -DASTER_L1=1   -include Vaster_pynq_linux__pch.h.fast -c -o Vaster_pynq_linux___024root__DepSet_hcaf910c3__0.o Vaster_pynq_linux___024root__DepSet_hcaf910c3__0.cpp
g++ -Os  -I.  -MMD -I/home/elfo/tools/verilator/root/include -I/home/elfo/tools/verilator/root/include/vltstd -DVM_COVERAGE=0 -DVM_SC=0 -DVM_TRACE=0 -DVM_TRACE_FST=0 -DVM_TRACE_VCD=0 -faligned-new -fcf-protection=none -Wno-bool-operation -Wno-overloaded-virtual -Wno-shadow -Wno-sign-compare -Wno-uninitialized -Wno-unused-but-set-parameter -Wno-unused-but-set-variable -Wno-unused-parameter -Wno-unused-variable     -DASTER_HART_COUNT=2 -DASTER_L1=1   -include Vaster_pynq_linux__pch.h.fast -c -o Vaster_pynq_linux_aster_atomic_hart__Ez2_L4_LB10__DepSet_h65e4e949__0.o Vaster_pynq_linux_aster_atomic_hart__Ez2_L4_LB10__DepSet_h65e4e949__0.cpp
g++ -Os  -I.  -MMD -I/home/elfo/tools/verilator/root/include -I/home/elfo/tools/verilator/root/include/vltstd -DVM_COVERAGE=0 -DVM_SC=0 -DVM_TRACE=0 -DVM_TRACE_FST=0 -DVM_TRACE_VCD=0 -faligned-new -fcf-protection=none -Wno-bool-operation -Wno-overloaded-virtual -Wno-shadow -Wno-sign-compare -Wno-uninitialized -Wno-unused-but-set-parameter -Wno-unused-but-set-variable -Wno-unused-parameter -Wno-unused-variable       -c -o verilated_threads.o /home/elfo/tools/verilator/root/include/verilated_threads.cpp
g++ -Os  -I.  -MMD -I/home/elfo/tools/verilator/root/include -I/home/elfo/tools/verilator/root/include/vltstd -DVM_COVERAGE=0 -DVM_SC=0 -DVM_TRACE=0 -DVM_TRACE_FST=0 -DVM_TRACE_VCD=0 -faligned-new -fcf-protection=none -Wno-bool-operation -Wno-overloaded-virtual -Wno-shadow -Wno-sign-compare -Wno-uninitialized -Wno-unused-but-set-parameter -Wno-unused-but-set-variable -Wno-unused-parameter -Wno-unused-variable     -DASTER_HART_COUNT=2 -DASTER_L1=1   -include Vaster_pynq_linux__pch.h.fast -c -o Vaster_pynq_linux__Dpi.o Vaster_pynq_linux__Dpi.cpp
g++   -I.  -MMD -I/home/elfo/tools/verilator/root/include -I/home/elfo/tools/verilator/root/include/vltstd -DVM_COVERAGE=0 -DVM_SC=0 -DVM_TRACE=0 -DVM_TRACE_FST=0 -DVM_TRACE_VCD=0 -faligned-new -fcf-protection=none -Wno-bool-operation -Wno-overloaded-virtual -Wno-shadow -Wno-sign-compare -Wno-uninitialized -Wno-unused-but-set-parameter -Wno-unused-but-set-variable -Wno-unused-parameter -Wno-unused-variable     -DASTER_HART_COUNT=2 -DASTER_L1=1   -x c++-header Vaster_pynq_linux__pch.h -o Vaster_pynq_linux__pch.h.slow.gch
/usr/bin/python3 /home/elfo/tools/verilator/root/bin/verilator_includer -DVL_INCLUDE_OPT=include Vaster_picorv32.cpp Vaster_picorv32___024root__DepSet_h19ae85db__0.cpp Vaster_picorv32___024root__DepSet_ha0b6e078__0.cpp Vaster_picorv32___024root__Slow.cpp Vaster_picorv32___024root__DepSet_h19ae85db__0__Slow.cpp Vaster_picorv32___024root__DepSet_ha0b6e078__0__Slow.cpp Vaster_picorv32__Syms.cpp > Vaster_picorv32__ALL.cpp
g++ -Os  -I.  -MMD -I/home/elfo/tools/verilator/root/include -I/home/elfo/tools/verilator/root/include/vltstd -DVM_COVERAGE=0 -DVM_SC=0 -DVM_TRACE=0 -DVM_TRACE_FST=0 -DVM_TRACE_VCD=0 -faligned-new -fcf-protection=none -Wno-bool-operation -Wno-overloaded-virtual -Wno-shadow -Wno-sign-compare -Wno-uninitialized -Wno-unused-but-set-parameter -Wno-unused-but-set-variable -Wno-unused-parameter -Wno-unused-variable       -c -o Vaster_picorv32__ALL.o Vaster_picorv32__ALL.cpp
echo "" > Vaster_picorv32__ALL.verilator_deplist.tmp
Archive ar -rcs Vaster_picorv32__ALL.a Vaster_picorv32__ALL.o
g++     tb_aster_retirement.o verilated.o verilated_threads.o Vaster_picorv32__ALL.a    -pthread -lpthread -latomic   -o /home/elfo/Documents/Aster/build/phase6-215b2d0/regressions/build/aster_retirement_sim
rm Vaster_picorv32__ALL.verilator_deplist.tmp
verilator --cc --exe --build --timing --Wall \
	-DRISCV_FORMAL --Wno-DECLFILENAME --Wno-GENUNNAMED --Wno-UNUSEDSIGNAL --Wno-BLKSEQ --top-module aster_pcpi_probe \
	--Mdir /home/elfo/Documents/Aster/build/phase6-215b2d0/regressions/build/obj_pcpi_probe -o /home/elfo/Documents/Aster/build/phase6-215b2d0/regressions/build/aster_pcpi_probe_sim \
	/tmp/aster-phase6-verify-PHy1Sn/rtl/core/aster_picorv32.sv /tmp/aster-phase6-verify-PHy1Sn/vendor/picorv32/picorv32.v /tmp/aster-phase6-verify-PHy1Sn/rtl/core/aster_pcpi_atomic.sv \
	/tmp/aster-phase6-verify-PHy1Sn/verification/unit/aster_pcpi_probe.sv /tmp/aster-phase6-verify-PHy1Sn/verification/unit/tb_aster_pcpi_probe.cpp
make[1]: warning: jobserver unavailable: using -j1.  Add '+' to parent make rule.
g++  -I.  -MMD -I/home/elfo/tools/verilator/root/include -I/home/elfo/tools/verilator/root/include/vltstd -DVM_COVERAGE=0 -DVM_SC=0 -DVM_TRACE=0 -DVM_TRACE_FST=0 -DVM_TRACE_VCD=0 -faligned-new -fcf-protection=none -Wno-bool-operation -Wno-overloaded-virtual -Wno-shadow -Wno-sign-compare -Wno-uninitialized -Wno-unused-but-set-parameter -Wno-unused-but-set-variable -Wno-unused-parameter -Wno-unused-variable       -Os -c -o tb_aster_pcpi_probe.o /tmp/aster-phase6-verify-PHy1Sn/verification/unit/tb_aster_pcpi_probe.cpp
g++   -I.  -MMD -I/home/elfo/tools/verilator/root/include -I/home/elfo/tools/verilator/root/include/vltstd -DVM_COVERAGE=0 -DVM_SC=0 -DVM_TRACE=0 -DVM_TRACE_FST=0 -DVM_TRACE_VCD=0 -faligned-new -fcf-protection=none -Wno-bool-operation -Wno-overloaded-virtual -Wno-shadow -Wno-sign-compare -Wno-uninitialized -Wno-unused-but-set-parameter -Wno-unused-but-set-variable -Wno-unused-parameter -Wno-unused-variable     -DASTER_HART_COUNT=2 -DASTER_L1=1   -include Vaster_pynq_linux__pch.h.slow -c -o Vaster_pynq_linux__ConstPool_0.o Vaster_pynq_linux__ConstPool_0.cpp
g++   -I.  -MMD -I/home/elfo/tools/verilator/root/include -I/home/elfo/tools/verilator/root/include/vltstd -DVM_COVERAGE=0 -DVM_SC=0 -DVM_TRACE=0 -DVM_TRACE_FST=0 -DVM_TRACE_VCD=0 -faligned-new -fcf-protection=none -Wno-bool-operation -Wno-overloaded-virtual -Wno-shadow -Wno-sign-compare -Wno-uninitialized -Wno-unused-but-set-parameter -Wno-unused-but-set-variable -Wno-unused-parameter -Wno-unused-variable     -DASTER_HART_COUNT=2 -DASTER_L1=1   -include Vaster_pynq_linux__pch.h.slow -c -o Vaster_pynq_linux___024root__Slow.o Vaster_pynq_linux___024root__Slow.cpp
g++   -I.  -MMD -I/home/elfo/tools/verilator/root/include -I/home/elfo/tools/verilator/root/include/vltstd -DVM_COVERAGE=0 -DVM_SC=0 -DVM_TRACE=0 -DVM_TRACE_FST=0 -DVM_TRACE_VCD=0 -faligned-new -fcf-protection=none -Wno-bool-operation -Wno-overloaded-virtual -Wno-shadow -Wno-sign-compare -Wno-uninitialized -Wno-unused-but-set-parameter -Wno-unused-but-set-variable -Wno-unused-parameter -Wno-unused-variable     -DASTER_HART_COUNT=2 -DASTER_L1=1   -include Vaster_pynq_linux__pch.h.slow -c -o Vaster_pynq_linux___024root__DepSet_h5a538cb5__0__Slow.o Vaster_pynq_linux___024root__DepSet_h5a538cb5__0__Slow.cpp
g++   -I.  -MMD -I/home/elfo/tools/verilator/root/include -I/home/elfo/tools/verilator/root/include/vltstd -DVM_COVERAGE=0 -DVM_SC=0 -DVM_TRACE=0 -DVM_TRACE_FST=0 -DVM_TRACE_VCD=0 -faligned-new -fcf-protection=none -Wno-bool-operation -Wno-overloaded-virtual -Wno-shadow -Wno-sign-compare -Wno-uninitialized -Wno-unused-but-set-parameter -Wno-unused-but-set-variable -Wno-unused-parameter -Wno-unused-variable     -DASTER_HART_COUNT=2 -DASTER_L1=1   -include Vaster_pynq_linux__pch.h.slow -c -o Vaster_pynq_linux___024root__DepSet_hcaf910c3__0__Slow.o Vaster_pynq_linux___024root__DepSet_hcaf910c3__0__Slow.cpp
g++   -I.  -MMD -I/home/elfo/tools/verilator/root/include -I/home/elfo/tools/verilator/root/include/vltstd -DVM_COVERAGE=0 -DVM_SC=0 -DVM_TRACE=0 -DVM_TRACE_FST=0 -DVM_TRACE_VCD=0 -faligned-new -fcf-protection=none -Wno-bool-operation -Wno-overloaded-virtual -Wno-shadow -Wno-sign-compare -Wno-uninitialized -Wno-unused-but-set-parameter -Wno-unused-but-set-variable -Wno-unused-parameter -Wno-unused-variable     -DASTER_HART_COUNT=2 -DASTER_L1=1   -include Vaster_pynq_linux__pch.h.slow -c -o Vaster_pynq_linux_aster_atomic_hart__Ez2_L4_LB10__Slow.o Vaster_pynq_linux_aster_atomic_hart__Ez2_L4_LB10__Slow.cpp
g++ -Os  -I.  -MMD -I/home/elfo/tools/verilator/root/include -I/home/elfo/tools/verilator/root/include/vltstd -DVM_COVERAGE=0 -DVM_SC=0 -DVM_TRACE=0 -DVM_TRACE_FST=0 -DVM_TRACE_VCD=0 -faligned-new -fcf-protection=none -Wno-bool-operation -Wno-overloaded-virtual -Wno-shadow -Wno-sign-compare -Wno-uninitialized -Wno-unused-but-set-parameter -Wno-unused-but-set-variable -Wno-unused-parameter -Wno-unused-variable       -c -o verilated.o /home/elfo/tools/verilator/root/include/verilated.cpp
g++   -I.  -MMD -I/home/elfo/tools/verilator/root/include -I/home/elfo/tools/verilator/root/include/vltstd -DVM_COVERAGE=0 -DVM_SC=0 -DVM_TRACE=0 -DVM_TRACE_FST=0 -DVM_TRACE_VCD=0 -faligned-new -fcf-protection=none -Wno-bool-operation -Wno-overloaded-virtual -Wno-shadow -Wno-sign-compare -Wno-uninitialized -Wno-unused-but-set-parameter -Wno-unused-but-set-variable -Wno-unused-parameter -Wno-unused-variable     -DASTER_HART_COUNT=2 -DASTER_L1=1   -include Vaster_pynq_linux__pch.h.slow -c -o Vaster_pynq_linux_aster_atomic_hart__Ez2_L4_LB10__DepSet_h65e4e949__0__Slow.o Vaster_pynq_linux_aster_atomic_hart__Ez2_L4_LB10__DepSet_h65e4e949__0__Slow.cpp
g++   -I.  -MMD -I/home/elfo/tools/verilator/root/include -I/home/elfo/tools/verilator/root/include/vltstd -DVM_COVERAGE=0 -DVM_SC=0 -DVM_TRACE=0 -DVM_TRACE_FST=0 -DVM_TRACE_VCD=0 -faligned-new -fcf-protection=none -Wno-bool-operation -Wno-overloaded-virtual -Wno-shadow -Wno-sign-compare -Wno-uninitialized -Wno-unused-but-set-parameter -Wno-unused-but-set-variable -Wno-unused-parameter -Wno-unused-variable     -DASTER_HART_COUNT=2 -DASTER_L1=1   -include Vaster_pynq_linux__pch.h.slow -c -o Vaster_pynq_linux__Syms.o Vaster_pynq_linux__Syms.cpp
echo "" > Vaster_pynq_linux__ALL.verilator_deplist.tmp
Archive ar -rcs Vaster_pynq_linux__ALL.a Vaster_pynq_linux.o Vaster_pynq_linux___024root__DepSet_h5a538cb5__0.o Vaster_pynq_linux___024root__DepSet_h5a538cb5__1.o Vaster_pynq_linux___024root__DepSet_hcaf910c3__0.o Vaster_pynq_linux_aster_atomic_hart__Ez2_L4_LB10__DepSet_h65e4e949__0.o Vaster_pynq_linux__Dpi.o Vaster_pynq_linux__ConstPool_0.o Vaster_pynq_linux___024root__Slow.o Vaster_pynq_linux___024root__DepSet_h5a538cb5__0__Slow.o Vaster_pynq_linux___024root__DepSet_hcaf910c3__0__Slow.o Vaster_pynq_linux_aster_atomic_hart__Ez2_L4_LB10__Slow.o Vaster_pynq_linux_aster_atomic_hart__Ez2_L4_LB10__DepSet_h65e4e949__0__Slow.o Vaster_pynq_linux__Syms.o
g++     tb_pynq_linux_coherent.o verilated.o verilated_dpi.o verilated_threads.o Vaster_pynq_linux__ALL.a    -pthread -lpthread -latomic   -o /home/elfo/Documents/Aster/build/phase6-215b2d0/regressions/build/linux_coherent_h2_l11/aster_linux_coherent_sim
rm Vaster_pynq_linux__ALL.verilator_deplist.tmp
verilator --cc --exe --build --timing --Wall --Wno-UNUSEDSIGNAL \
	--top-module aster_pcpi_atomic --Mdir /home/elfo/Documents/Aster/build/phase6-215b2d0/regressions/build/obj_pcpi_atomic -o /home/elfo/Documents/Aster/build/phase6-215b2d0/regressions/build/aster_pcpi_atomic_sim \
	/tmp/aster-phase6-verify-PHy1Sn/rtl/core/aster_pcpi_atomic.sv /tmp/aster-phase6-verify-PHy1Sn/verification/unit/tb_aster_pcpi_atomic.cpp
make[1]: warning: jobserver unavailable: using -j1.  Add '+' to parent make rule.
g++  -I.  -MMD -I/home/elfo/tools/verilator/root/include -I/home/elfo/tools/verilator/root/include/vltstd -DVM_COVERAGE=0 -DVM_SC=0 -DVM_TRACE=0 -DVM_TRACE_FST=0 -DVM_TRACE_VCD=0 -faligned-new -fcf-protection=none -Wno-bool-operation -Wno-overloaded-virtual -Wno-shadow -Wno-sign-compare -Wno-uninitialized -Wno-unused-but-set-parameter -Wno-unused-but-set-variable -Wno-unused-parameter -Wno-unused-variable       -Os -c -o tb_aster_pcpi_atomic.o /tmp/aster-phase6-verify-PHy1Sn/verification/unit/tb_aster_pcpi_atomic.cpp
g++ -Os  -I.  -MMD -I/home/elfo/tools/verilator/root/include -I/home/elfo/tools/verilator/root/include/vltstd -DVM_COVERAGE=0 -DVM_SC=0 -DVM_TRACE=0 -DVM_TRACE_FST=0 -DVM_TRACE_VCD=0 -faligned-new -fcf-protection=none -Wno-bool-operation -Wno-overloaded-virtual -Wno-shadow -Wno-sign-compare -Wno-uninitialized -Wno-unused-but-set-parameter -Wno-unused-but-set-variable -Wno-unused-parameter -Wno-unused-variable       -c -o verilated.o /home/elfo/tools/verilator/root/include/verilated.cpp
g++ -Os  -I.  -MMD -I/home/elfo/tools/verilator/root/include -I/home/elfo/tools/verilator/root/include/vltstd -DVM_COVERAGE=0 -DVM_SC=0 -DVM_TRACE=0 -DVM_TRACE_FST=0 -DVM_TRACE_VCD=0 -faligned-new -fcf-protection=none -Wno-bool-operation -Wno-overloaded-virtual -Wno-shadow -Wno-sign-compare -Wno-uninitialized -Wno-unused-but-set-parameter -Wno-unused-but-set-variable -Wno-unused-parameter -Wno-unused-variable       -c -o verilated_threads.o /home/elfo/tools/verilator/root/include/verilated_threads.cpp
/usr/bin/python3 /home/elfo/tools/verilator/root/bin/verilator_includer -DVL_INCLUDE_OPT=include Vaster_pcpi_probe.cpp Vaster_pcpi_probe___024root__DepSet_h53ea7414__0.cpp Vaster_pcpi_probe___024root__DepSet_h81faf773__0.cpp Vaster_pcpi_probe___024root__Slow.cpp Vaster_pcpi_probe___024root__DepSet_h53ea7414__0__Slow.cpp Vaster_pcpi_probe___024root__DepSet_h81faf773__0__Slow.cpp Vaster_pcpi_probe__Syms.cpp > Vaster_pcpi_probe__ALL.cpp
g++ -Os  -I.  -MMD -I/home/elfo/tools/verilator/root/include -I/home/elfo/tools/verilator/root/include/vltstd -DVM_COVERAGE=0 -DVM_SC=0 -DVM_TRACE=0 -DVM_TRACE_FST=0 -DVM_TRACE_VCD=0 -faligned-new -fcf-protection=none -Wno-bool-operation -Wno-overloaded-virtual -Wno-shadow -Wno-sign-compare -Wno-uninitialized -Wno-unused-but-set-parameter -Wno-unused-but-set-variable -Wno-unused-parameter -Wno-unused-variable       -c -o Vaster_pcpi_probe__ALL.o Vaster_pcpi_probe__ALL.cpp
g++ -Os  -I.  -MMD -I/home/elfo/tools/verilator/root/include -I/home/elfo/tools/verilator/root/include/vltstd -DVM_COVERAGE=0 -DVM_SC=0 -DVM_TRACE=0 -DVM_TRACE_FST=0 -DVM_TRACE_VCD=0 -faligned-new -fcf-protection=none -Wno-bool-operation -Wno-overloaded-virtual -Wno-shadow -Wno-sign-compare -Wno-uninitialized -Wno-unused-but-set-parameter -Wno-unused-but-set-variable -Wno-unused-parameter -Wno-unused-variable       -c -o verilated_threads.o /home/elfo/tools/verilator/root/include/verilated_threads.cpp
echo "" > Vaster_pcpi_probe__ALL.verilator_deplist.tmp
Archive ar -rcs Vaster_pcpi_probe__ALL.a Vaster_pcpi_probe__ALL.o
g++     tb_aster_pcpi_probe.o verilated.o verilated_threads.o Vaster_pcpi_probe__ALL.a    -pthread -lpthread -latomic   -o /home/elfo/Documents/Aster/build/phase6-215b2d0/regressions/build/aster_pcpi_probe_sim
rm Vaster_pcpi_probe__ALL.verilator_deplist.tmp
verilator --cc --exe --build --timing --Wall --Wno-UNUSEDSIGNAL \
	--top-module aster_atomic_fabric --Mdir /home/elfo/Documents/Aster/build/phase6-215b2d0/regressions/build/obj_atomic_fabric -o /home/elfo/Documents/Aster/build/phase6-215b2d0/regressions/build/aster_atomic_fabric_sim \
	/tmp/aster-phase6-verify-PHy1Sn/rtl/interconnect/aster_atomic_fabric.sv /tmp/aster-phase6-verify-PHy1Sn/verification/unit/tb_aster_atomic_fabric.cpp
make[1]: warning: jobserver unavailable: using -j1.  Add '+' to parent make rule.
g++  -I.  -MMD -I/home/elfo/tools/verilator/root/include -I/home/elfo/tools/verilator/root/include/vltstd -DVM_COVERAGE=0 -DVM_SC=0 -DVM_TRACE=0 -DVM_TRACE_FST=0 -DVM_TRACE_VCD=0 -faligned-new -fcf-protection=none -Wno-bool-operation -Wno-overloaded-virtual -Wno-shadow -Wno-sign-compare -Wno-uninitialized -Wno-unused-but-set-parameter -Wno-unused-but-set-variable -Wno-unused-parameter -Wno-unused-variable       -Os -c -o tb_aster_atomic_fabric.o /tmp/aster-phase6-verify-PHy1Sn/verification/unit/tb_aster_atomic_fabric.cpp
/usr/bin/python3 /home/elfo/tools/verilator/root/bin/verilator_includer -DVL_INCLUDE_OPT=include Vaster_pcpi_atomic.cpp Vaster_pcpi_atomic___024root__DepSet_hd2457780__0.cpp Vaster_pcpi_atomic___024root__DepSet_h5f4d3f58__0.cpp Vaster_pcpi_atomic___024root__Slow.cpp Vaster_pcpi_atomic___024root__DepSet_hd2457780__0__Slow.cpp Vaster_pcpi_atomic___024root__DepSet_h5f4d3f58__0__Slow.cpp Vaster_pcpi_atomic__Syms.cpp > Vaster_pcpi_atomic__ALL.cpp
g++ -Os  -I.  -MMD -I/home/elfo/tools/verilator/root/include -I/home/elfo/tools/verilator/root/include/vltstd -DVM_COVERAGE=0 -DVM_SC=0 -DVM_TRACE=0 -DVM_TRACE_FST=0 -DVM_TRACE_VCD=0 -faligned-new -fcf-protection=none -Wno-bool-operation -Wno-overloaded-virtual -Wno-shadow -Wno-sign-compare -Wno-uninitialized -Wno-unused-but-set-parameter -Wno-unused-but-set-variable -Wno-unused-parameter -Wno-unused-variable       -c -o Vaster_pcpi_atomic__ALL.o Vaster_pcpi_atomic__ALL.cpp
/tmp/aster-phase6-verify-PHy1Sn/verification/unit/tb_aster_atomic_fabric.cpp: In function ‘int main(int, char**)’:
/tmp/aster-phase6-verify-PHy1Sn/verification/unit/tb_aster_atomic_fabric.cpp:264:79: warning: narrowing conversion of ‘(long unsigned int)address’ from ‘long unsigned int’ to ‘uint32_t’ {aka ‘unsigned int’} [-Wnarrowing]
  264 |                 else if (type == 1) q[h].push_back({false, bool(b.rng() & 1), address, 0, 0, 0});
      |                                                                               ^~~~~~~
echo "" > Vaster_pcpi_atomic__ALL.verilator_deplist.tmp
Archive ar -rcs Vaster_pcpi_atomic__ALL.a Vaster_pcpi_atomic__ALL.o
g++     tb_aster_pcpi_atomic.o verilated.o verilated_threads.o Vaster_pcpi_atomic__ALL.a    -pthread -lpthread -latomic   -o /home/elfo/Documents/Aster/build/phase6-215b2d0/regressions/build/aster_pcpi_atomic_sim
rm Vaster_pcpi_atomic__ALL.verilator_deplist.tmp
mkdir -p /home/elfo/Documents/Aster/build/phase6-215b2d0/regressions/build/atomic_h2_c0_w4_n16
verilator --cc --exe --build --timing --Wall -DRISCV_FORMAL --Wno-DECLFILENAME --Wno-GENUNNAMED --Wno-UNUSEDSIGNAL --Wno-BLKSEQ --unroll-count 2048 --unroll-stmts 100000 --assert -DASTER_COHERENCE_ASSERT \
	--top-module aster_atomic_probe -GHART_COUNT=2 \
	"-GENABLE_CACHE=1'b0" -GLINE_WORDS=4 -GLINE_COUNT=16 \
	-CFLAGS '-DASTER_HART_COUNT=2 -DASTER_ATOMIC_CACHE=0 -DASTER_LINE_WORDS=4 -DASTER_LINE_COUNT=16' \
	--Mdir /home/elfo/Documents/Aster/build/phase6-215b2d0/regressions/build/atomic_h2_c0_w4_n16/obj -o /home/elfo/Documents/Aster/build/phase6-215b2d0/regressions/build/atomic_h2_c0_w4_n16/aster_atomic_probe_sim \
	/tmp/aster-phase6-verify-PHy1Sn/rtl/core/aster_picorv32.sv /tmp/aster-phase6-verify-PHy1Sn/vendor/picorv32/picorv32.v /tmp/aster-phase6-verify-PHy1Sn/rtl/cache/aster_l1_cache.sv /tmp/aster-phase6-verify-PHy1Sn/rtl/core/aster_pcpi_atomic.sv \
	/tmp/aster-phase6-verify-PHy1Sn/rtl/cache/aster_coherent_cache.sv \
	/tmp/aster-phase6-verify-PHy1Sn/rtl/core/aster_atomic_hart.sv /tmp/aster-phase6-verify-PHy1Sn/rtl/interconnect/aster_atomic_fabric.sv \
	/tmp/aster-phase6-verify-PHy1Sn/verification/soc/aster_atomic_probe.sv /tmp/aster-phase6-verify-PHy1Sn/verification/soc/tb_aster_atomic_probe.cpp
g++ -Os  -I.  -MMD -I/home/elfo/tools/verilator/root/include -I/home/elfo/tools/verilator/root/include/vltstd -DVM_COVERAGE=0 -DVM_SC=0 -DVM_TRACE=0 -DVM_TRACE_FST=0 -DVM_TRACE_VCD=0 -faligned-new -fcf-protection=none -Wno-bool-operation -Wno-overloaded-virtual -Wno-shadow -Wno-sign-compare -Wno-uninitialized -Wno-unused-but-set-parameter -Wno-unused-but-set-variable -Wno-unused-parameter -Wno-unused-variable       -c -o verilated.o /home/elfo/tools/verilator/root/include/verilated.cpp
make[1]: warning: jobserver unavailable: using -j1.  Add '+' to parent make rule.
g++  -I.  -MMD -I/home/elfo/tools/verilator/root/include -I/home/elfo/tools/verilator/root/include/vltstd -DVM_COVERAGE=0 -DVM_SC=0 -DVM_TRACE=0 -DVM_TRACE_FST=0 -DVM_TRACE_VCD=0 -faligned-new -fcf-protection=none -Wno-bool-operation -Wno-overloaded-virtual -Wno-shadow -Wno-sign-compare -Wno-uninitialized -Wno-unused-but-set-parameter -Wno-unused-but-set-variable -Wno-unused-parameter -Wno-unused-variable     -DASTER_HART_COUNT=2 -DASTER_ATOMIC_CACHE=0 -DASTER_LINE_WORDS=4 -DASTER_LINE_COUNT=16   -Os -c -o tb_aster_atomic_probe.o /tmp/aster-phase6-verify-PHy1Sn/verification/soc/tb_aster_atomic_probe.cpp
g++ -Os  -I.  -MMD -I/home/elfo/tools/verilator/root/include -I/home/elfo/tools/verilator/root/include/vltstd -DVM_COVERAGE=0 -DVM_SC=0 -DVM_TRACE=0 -DVM_TRACE_FST=0 -DVM_TRACE_VCD=0 -faligned-new -fcf-protection=none -Wno-bool-operation -Wno-overloaded-virtual -Wno-shadow -Wno-sign-compare -Wno-uninitialized -Wno-unused-but-set-parameter -Wno-unused-but-set-variable -Wno-unused-parameter -Wno-unused-variable     -DASTER_HART_COUNT=2 -DASTER_ATOMIC_CACHE=0 -DASTER_LINE_WORDS=4 -DASTER_LINE_COUNT=16   -c -o verilated.o /home/elfo/tools/verilator/root/include/verilated.cpp
g++ -Os  -I.  -MMD -I/home/elfo/tools/verilator/root/include -I/home/elfo/tools/verilator/root/include/vltstd -DVM_COVERAGE=0 -DVM_SC=0 -DVM_TRACE=0 -DVM_TRACE_FST=0 -DVM_TRACE_VCD=0 -faligned-new -fcf-protection=none -Wno-bool-operation -Wno-overloaded-virtual -Wno-shadow -Wno-sign-compare -Wno-uninitialized -Wno-unused-but-set-parameter -Wno-unused-but-set-variable -Wno-unused-parameter -Wno-unused-variable       -c -o verilated_threads.o /home/elfo/tools/verilator/root/include/verilated_threads.cpp
/usr/bin/python3 /home/elfo/tools/verilator/root/bin/verilator_includer -DVL_INCLUDE_OPT=include Vaster_atomic_fabric.cpp Vaster_atomic_fabric___024root__DepSet_hcd09f501__0.cpp Vaster_atomic_fabric___024root__DepSet_h646bda2b__0.cpp Vaster_atomic_fabric___024root__Slow.cpp Vaster_atomic_fabric___024root__DepSet_hcd09f501__0__Slow.cpp Vaster_atomic_fabric___024root__DepSet_h646bda2b__0__Slow.cpp Vaster_atomic_fabric__Syms.cpp > Vaster_atomic_fabric__ALL.cpp
g++ -Os  -I.  -MMD -I/home/elfo/tools/verilator/root/include -I/home/elfo/tools/verilator/root/include/vltstd -DVM_COVERAGE=0 -DVM_SC=0 -DVM_TRACE=0 -DVM_TRACE_FST=0 -DVM_TRACE_VCD=0 -faligned-new -fcf-protection=none -Wno-bool-operation -Wno-overloaded-virtual -Wno-shadow -Wno-sign-compare -Wno-uninitialized -Wno-unused-but-set-parameter -Wno-unused-but-set-variable -Wno-unused-parameter -Wno-unused-variable       -c -o Vaster_atomic_fabric__ALL.o Vaster_atomic_fabric__ALL.cpp
g++ -Os  -I.  -MMD -I/home/elfo/tools/verilator/root/include -I/home/elfo/tools/verilator/root/include/vltstd -DVM_COVERAGE=0 -DVM_SC=0 -DVM_TRACE=0 -DVM_TRACE_FST=0 -DVM_TRACE_VCD=0 -faligned-new -fcf-protection=none -Wno-bool-operation -Wno-overloaded-virtual -Wno-shadow -Wno-sign-compare -Wno-uninitialized -Wno-unused-but-set-parameter -Wno-unused-but-set-variable -Wno-unused-parameter -Wno-unused-variable     -DASTER_HART_COUNT=2 -DASTER_ATOMIC_CACHE=0 -DASTER_LINE_WORDS=4 -DASTER_LINE_COUNT=16   -c -o verilated_threads.o /home/elfo/tools/verilator/root/include/verilated_threads.cpp
echo "" > Vaster_atomic_fabric__ALL.verilator_deplist.tmp
Archive ar -rcs Vaster_atomic_fabric__ALL.a Vaster_atomic_fabric__ALL.o
g++     tb_aster_atomic_fabric.o verilated.o verilated_threads.o Vaster_atomic_fabric__ALL.a    -pthread -lpthread -latomic   -o /home/elfo/Documents/Aster/build/phase6-215b2d0/regressions/build/aster_atomic_fabric_sim
rm Vaster_atomic_fabric__ALL.verilator_deplist.tmp
riscv32-unknown-elf-objcopy -O binary /home/elfo/Documents/Aster/build/phase6-215b2d0/regressions/build/software/atomic_runtime.elf /home/elfo/Documents/Aster/build/phase6-215b2d0/regressions/build/software/atomic_runtime.bin
mkdir -p /home/elfo/Documents/Aster/build/phase6-215b2d0/regressions/build/atomic_faults_c0_w4_n16
verilator --cc --exe --build --timing --Wall -DRISCV_FORMAL --Wno-DECLFILENAME --Wno-GENUNNAMED --Wno-UNUSEDSIGNAL --Wno-BLKSEQ --unroll-count 2048 --unroll-stmts 100000 --assert -DASTER_COHERENCE_ASSERT \
	--top-module aster_atomic_probe -GHART_COUNT=2 "-GENABLE_CACHE=1'b0" \
	-GLINE_WORDS=4 -GLINE_COUNT=16 \
	-CFLAGS '-DASTER_ATOMIC_CACHE=0 -DASTER_LINE_WORDS=4 -DASTER_LINE_COUNT=16' \
	--Mdir /home/elfo/Documents/Aster/build/phase6-215b2d0/regressions/build/atomic_faults_c0_w4_n16/obj -o /home/elfo/Documents/Aster/build/phase6-215b2d0/regressions/build/atomic_faults_c0_w4_n16/aster_atomic_faults_sim \
	/tmp/aster-phase6-verify-PHy1Sn/rtl/core/aster_picorv32.sv /tmp/aster-phase6-verify-PHy1Sn/vendor/picorv32/picorv32.v /tmp/aster-phase6-verify-PHy1Sn/rtl/cache/aster_l1_cache.sv /tmp/aster-phase6-verify-PHy1Sn/rtl/core/aster_pcpi_atomic.sv \
	/tmp/aster-phase6-verify-PHy1Sn/rtl/cache/aster_coherent_cache.sv /tmp/aster-phase6-verify-PHy1Sn/rtl/core/aster_atomic_hart.sv \
	/tmp/aster-phase6-verify-PHy1Sn/rtl/interconnect/aster_atomic_fabric.sv /tmp/aster-phase6-verify-PHy1Sn/verification/soc/aster_atomic_probe.sv \
	/tmp/aster-phase6-verify-PHy1Sn/verification/soc/tb_aster_atomic_faults.cpp
make[1]: warning: jobserver unavailable: using -j1.  Add '+' to parent make rule.
g++  -I.  -MMD -I/home/elfo/tools/verilator/root/include -I/home/elfo/tools/verilator/root/include/vltstd -DVM_COVERAGE=0 -DVM_SC=0 -DVM_TRACE=0 -DVM_TRACE_FST=0 -DVM_TRACE_VCD=0 -faligned-new -fcf-protection=none -Wno-bool-operation -Wno-overloaded-virtual -Wno-shadow -Wno-sign-compare -Wno-uninitialized -Wno-unused-but-set-parameter -Wno-unused-but-set-variable -Wno-unused-parameter -Wno-unused-variable     -DASTER_ATOMIC_CACHE=0 -DASTER_LINE_WORDS=4 -DASTER_LINE_COUNT=16   -Os -c -o tb_aster_atomic_faults.o /tmp/aster-phase6-verify-PHy1Sn/verification/soc/tb_aster_atomic_faults.cpp
/usr/bin/python3 /home/elfo/tools/verilator/root/bin/verilator_includer -DVL_INCLUDE_OPT=include Vaster_atomic_probe.cpp Vaster_atomic_probe___024root__DepSet_he5b56ba3__0.cpp Vaster_atomic_probe___024root__DepSet_hfb246586__0.cpp Vaster_atomic_probe_aster_atomic_hart__Ez1_L4_LB10__DepSet_h1b52d51f__0.cpp Vaster_atomic_probe___024root__Slow.cpp Vaster_atomic_probe___024root__DepSet_he5b56ba3__0__Slow.cpp Vaster_atomic_probe___024root__DepSet_hfb246586__0__Slow.cpp Vaster_atomic_probe_aster_atomic_hart__Ez1_L4_LB10__Slow.cpp Vaster_atomic_probe_aster_atomic_hart__Ez1_L4_LB10__DepSet_h1b52d51f__0__Slow.cpp Vaster_atomic_probe_aster_atomic_hart__Ez1_L4_LB10__DepSet_h0d43c7ca__0__Slow.cpp Vaster_atomic_probe__Syms.cpp > Vaster_atomic_probe__ALL.cpp
g++ -Os  -I.  -MMD -I/home/elfo/tools/verilator/root/include -I/home/elfo/tools/verilator/root/include/vltstd -DVM_COVERAGE=0 -DVM_SC=0 -DVM_TRACE=0 -DVM_TRACE_FST=0 -DVM_TRACE_VCD=0 -faligned-new -fcf-protection=none -Wno-bool-operation -Wno-overloaded-virtual -Wno-shadow -Wno-sign-compare -Wno-uninitialized -Wno-unused-but-set-parameter -Wno-unused-but-set-variable -Wno-unused-parameter -Wno-unused-variable     -DASTER_HART_COUNT=2 -DASTER_ATOMIC_CACHE=0 -DASTER_LINE_WORDS=4 -DASTER_LINE_COUNT=16   -c -o Vaster_atomic_probe__ALL.o Vaster_atomic_probe__ALL.cpp
g++ -Os  -I.  -MMD -I/home/elfo/tools/verilator/root/include -I/home/elfo/tools/verilator/root/include/vltstd -DVM_COVERAGE=0 -DVM_SC=0 -DVM_TRACE=0 -DVM_TRACE_FST=0 -DVM_TRACE_VCD=0 -faligned-new -fcf-protection=none -Wno-bool-operation -Wno-overloaded-virtual -Wno-shadow -Wno-sign-compare -Wno-uninitialized -Wno-unused-but-set-parameter -Wno-unused-but-set-variable -Wno-unused-parameter -Wno-unused-variable     -DASTER_ATOMIC_CACHE=0 -DASTER_LINE_WORDS=4 -DASTER_LINE_COUNT=16   -c -o verilated.o /home/elfo/tools/verilator/root/include/verilated.cpp
echo "" > Vaster_atomic_probe__ALL.verilator_deplist.tmp
Archive ar -rcs Vaster_atomic_probe__ALL.a Vaster_atomic_probe__ALL.o
g++     tb_aster_atomic_probe.o verilated.o verilated_threads.o Vaster_atomic_probe__ALL.a    -pthread -lpthread -latomic   -o /home/elfo/Documents/Aster/build/phase6-215b2d0/regressions/build/atomic_h2_c0_w4_n16/aster_atomic_probe_sim
rm Vaster_atomic_probe__ALL.verilator_deplist.tmp
mkdir -p /home/elfo/Documents/Aster/build/phase6-215b2d0/regressions/build/coherent_l11_w4_n16
verilator --cc --exe --build --timing --Wall --Wno-UNUSEDSIGNAL --unroll-count 2048 --unroll-stmts 100000 --assert -DASTER_COHERENCE_ASSERT \
	--top-module aster_coherent_cache "-GENABLE_CACHE=1'b1" \
	-GLINE_WORDS=4 -GLINE_COUNT=16 \
	-CFLAGS '-DASTER_CACHE_ENABLE=1 -DASTER_LINE_WORDS=4 -DASTER_LINE_COUNT=16' \
	--Mdir /home/elfo/Documents/Aster/build/phase6-215b2d0/regressions/build/coherent_l11_w4_n16/obj -o /home/elfo/Documents/Aster/build/phase6-215b2d0/regressions/build/coherent_l11_w4_n16/aster_coherent_cache_sim \
	/tmp/aster-phase6-verify-PHy1Sn/rtl/cache/aster_coherent_cache.sv /tmp/aster-phase6-verify-PHy1Sn/verification/unit/tb_aster_coherent_cache.cpp
make[1]: warning: jobserver unavailable: using -j1.  Add '+' to parent make rule.
g++  -I.  -MMD -I/home/elfo/tools/verilator/root/include -I/home/elfo/tools/verilator/root/include/vltstd -DVM_COVERAGE=0 -DVM_SC=0 -DVM_TRACE=0 -DVM_TRACE_FST=0 -DVM_TRACE_VCD=0 -faligned-new -fcf-protection=none -Wno-bool-operation -Wno-overloaded-virtual -Wno-shadow -Wno-sign-compare -Wno-uninitialized -Wno-unused-but-set-parameter -Wno-unused-but-set-variable -Wno-unused-parameter -Wno-unused-variable     -DASTER_CACHE_ENABLE=1 -DASTER_LINE_WORDS=4 -DASTER_LINE_COUNT=16   -Os -c -o tb_aster_coherent_cache.o /tmp/aster-phase6-verify-PHy1Sn/verification/unit/tb_aster_coherent_cache.cpp
g++ -Os  -I.  -MMD -I/home/elfo/tools/verilator/root/include -I/home/elfo/tools/verilator/root/include/vltstd -DVM_COVERAGE=0 -DVM_SC=0 -DVM_TRACE=0 -DVM_TRACE_FST=0 -DVM_TRACE_VCD=0 -faligned-new -fcf-protection=none -Wno-bool-operation -Wno-overloaded-virtual -Wno-shadow -Wno-sign-compare -Wno-uninitialized -Wno-unused-but-set-parameter -Wno-unused-but-set-variable -Wno-unused-parameter -Wno-unused-variable     -DASTER_CACHE_ENABLE=1 -DASTER_LINE_WORDS=4 -DASTER_LINE_COUNT=16   -c -o verilated.o /home/elfo/tools/verilator/root/include/verilated.cpp
g++ -Os  -I.  -MMD -I/home/elfo/tools/verilator/root/include -I/home/elfo/tools/verilator/root/include/vltstd -DVM_COVERAGE=0 -DVM_SC=0 -DVM_TRACE=0 -DVM_TRACE_FST=0 -DVM_TRACE_VCD=0 -faligned-new -fcf-protection=none -Wno-bool-operation -Wno-overloaded-virtual -Wno-shadow -Wno-sign-compare -Wno-uninitialized -Wno-unused-but-set-parameter -Wno-unused-but-set-variable -Wno-unused-parameter -Wno-unused-variable     -DASTER_ATOMIC_CACHE=0 -DASTER_LINE_WORDS=4 -DASTER_LINE_COUNT=16   -c -o verilated_threads.o /home/elfo/tools/verilator/root/include/verilated_threads.cpp
/usr/bin/python3 /home/elfo/tools/verilator/root/bin/verilator_includer -DVL_INCLUDE_OPT=include Vaster_atomic_probe.cpp Vaster_atomic_probe___024root__DepSet_he5b56ba3__0.cpp Vaster_atomic_probe___024root__DepSet_hfb246586__0.cpp Vaster_atomic_probe_aster_atomic_hart__Ez1_L4_LB10__DepSet_h1b52d51f__0.cpp Vaster_atomic_probe___024root__Slow.cpp Vaster_atomic_probe___024root__DepSet_he5b56ba3__0__Slow.cpp Vaster_atomic_probe___024root__DepSet_hfb246586__0__Slow.cpp Vaster_atomic_probe_aster_atomic_hart__Ez1_L4_LB10__Slow.cpp Vaster_atomic_probe_aster_atomic_hart__Ez1_L4_LB10__DepSet_h1b52d51f__0__Slow.cpp Vaster_atomic_probe_aster_atomic_hart__Ez1_L4_LB10__DepSet_h0d43c7ca__0__Slow.cpp Vaster_atomic_probe__Syms.cpp > Vaster_atomic_probe__ALL.cpp
g++ -Os  -I.  -MMD -I/home/elfo/tools/verilator/root/include -I/home/elfo/tools/verilator/root/include/vltstd -DVM_COVERAGE=0 -DVM_SC=0 -DVM_TRACE=0 -DVM_TRACE_FST=0 -DVM_TRACE_VCD=0 -faligned-new -fcf-protection=none -Wno-bool-operation -Wno-overloaded-virtual -Wno-shadow -Wno-sign-compare -Wno-uninitialized -Wno-unused-but-set-parameter -Wno-unused-but-set-variable -Wno-unused-parameter -Wno-unused-variable     -DASTER_ATOMIC_CACHE=0 -DASTER_LINE_WORDS=4 -DASTER_LINE_COUNT=16   -c -o Vaster_atomic_probe__ALL.o Vaster_atomic_probe__ALL.cpp
g++ -Os  -I.  -MMD -I/home/elfo/tools/verilator/root/include -I/home/elfo/tools/verilator/root/include/vltstd -DVM_COVERAGE=0 -DVM_SC=0 -DVM_TRACE=0 -DVM_TRACE_FST=0 -DVM_TRACE_VCD=0 -faligned-new -fcf-protection=none -Wno-bool-operation -Wno-overloaded-virtual -Wno-shadow -Wno-sign-compare -Wno-uninitialized -Wno-unused-but-set-parameter -Wno-unused-but-set-variable -Wno-unused-parameter -Wno-unused-variable     -DASTER_CACHE_ENABLE=1 -DASTER_LINE_WORDS=4 -DASTER_LINE_COUNT=16   -c -o verilated_threads.o /home/elfo/tools/verilator/root/include/verilated_threads.cpp
echo "" > Vaster_atomic_probe__ALL.verilator_deplist.tmp
Archive ar -rcs Vaster_atomic_probe__ALL.a Vaster_atomic_probe__ALL.o
g++     tb_aster_atomic_faults.o verilated.o verilated_threads.o Vaster_atomic_probe__ALL.a    -pthread -lpthread -latomic   -o /home/elfo/Documents/Aster/build/phase6-215b2d0/regressions/build/atomic_faults_c0_w4_n16/aster_atomic_faults_sim
rm Vaster_atomic_probe__ALL.verilator_deplist.tmp
verilator --cc --exe --build --timing --Wall --top-module aster_warm_stop \
	--Mdir /home/elfo/Documents/Aster/build/phase6-215b2d0/regressions/build/obj_warm_stop -o /home/elfo/Documents/Aster/build/phase6-215b2d0/regressions/build/aster_warm_stop_sim \
	/tmp/aster-phase6-verify-PHy1Sn/rtl/soc/aster_warm_stop.sv /tmp/aster-phase6-verify-PHy1Sn/verification/unit/tb_aster_warm_stop.cpp
make[1]: warning: jobserver unavailable: using -j1.  Add '+' to parent make rule.
g++  -I.  -MMD -I/home/elfo/tools/verilator/root/include -I/home/elfo/tools/verilator/root/include/vltstd -DVM_COVERAGE=0 -DVM_SC=0 -DVM_TRACE=0 -DVM_TRACE_FST=0 -DVM_TRACE_VCD=0 -faligned-new -fcf-protection=none -Wno-bool-operation -Wno-overloaded-virtual -Wno-shadow -Wno-sign-compare -Wno-uninitialized -Wno-unused-but-set-parameter -Wno-unused-but-set-variable -Wno-unused-parameter -Wno-unused-variable       -Os -c -o tb_aster_warm_stop.o /tmp/aster-phase6-verify-PHy1Sn/verification/unit/tb_aster_warm_stop.cpp
/usr/bin/python3 /home/elfo/tools/verilator/root/bin/verilator_includer -DVL_INCLUDE_OPT=include Vaster_coherent_cache.cpp Vaster_coherent_cache___024root__DepSet_h70c9d35b__0.cpp Vaster_coherent_cache___024root__DepSet_ha6ca8359__0.cpp Vaster_coherent_cache___024root__Slow.cpp Vaster_coherent_cache___024root__DepSet_h70c9d35b__0__Slow.cpp Vaster_coherent_cache___024root__DepSet_ha6ca8359__0__Slow.cpp Vaster_coherent_cache__Syms.cpp > Vaster_coherent_cache__ALL.cpp
g++ -Os  -I.  -MMD -I/home/elfo/tools/verilator/root/include -I/home/elfo/tools/verilator/root/include/vltstd -DVM_COVERAGE=0 -DVM_SC=0 -DVM_TRACE=0 -DVM_TRACE_FST=0 -DVM_TRACE_VCD=0 -faligned-new -fcf-protection=none -Wno-bool-operation -Wno-overloaded-virtual -Wno-shadow -Wno-sign-compare -Wno-uninitialized -Wno-unused-but-set-parameter -Wno-unused-but-set-variable -Wno-unused-parameter -Wno-unused-variable     -DASTER_CACHE_ENABLE=1 -DASTER_LINE_WORDS=4 -DASTER_LINE_COUNT=16   -c -o Vaster_coherent_cache__ALL.o Vaster_coherent_cache__ALL.cpp
g++ -Os  -I.  -MMD -I/home/elfo/tools/verilator/root/include -I/home/elfo/tools/verilator/root/include/vltstd -DVM_COVERAGE=0 -DVM_SC=0 -DVM_TRACE=0 -DVM_TRACE_FST=0 -DVM_TRACE_VCD=0 -faligned-new -fcf-protection=none -Wno-bool-operation -Wno-overloaded-virtual -Wno-shadow -Wno-sign-compare -Wno-uninitialized -Wno-unused-but-set-parameter -Wno-unused-but-set-variable -Wno-unused-parameter -Wno-unused-variable       -c -o verilated.o /home/elfo/tools/verilator/root/include/verilated.cpp
echo "" > Vaster_coherent_cache__ALL.verilator_deplist.tmp
Archive ar -rcs Vaster_coherent_cache__ALL.a Vaster_coherent_cache__ALL.o
g++     tb_aster_coherent_cache.o verilated.o verilated_threads.o Vaster_coherent_cache__ALL.a    -pthread -lpthread -latomic   -o /home/elfo/Documents/Aster/build/phase6-215b2d0/regressions/build/coherent_l11_w4_n16/aster_coherent_cache_sim
rm Vaster_coherent_cache__ALL.verilator_deplist.tmp
verilator --cc --exe --build --timing --Wall --public-flat-rw --top-module aster_coherent_perf \
	--Mdir /home/elfo/Documents/Aster/build/phase6-215b2d0/regressions/build/obj_coherent_perf -o /home/elfo/Documents/Aster/build/phase6-215b2d0/regressions/build/aster_coherent_perf_sim \
	/tmp/aster-phase6-verify-PHy1Sn/rtl/peripherals/aster_coherent_perf.sv /tmp/aster-phase6-verify-PHy1Sn/verification/unit/tb_aster_coherent_perf.cpp
make[1]: warning: jobserver unavailable: using -j1.  Add '+' to parent make rule.
g++  -I.  -MMD -I/home/elfo/tools/verilator/root/include -I/home/elfo/tools/verilator/root/include/vltstd -DVM_COVERAGE=0 -DVM_SC=0 -DVM_TRACE=0 -DVM_TRACE_FST=0 -DVM_TRACE_VCD=0 -faligned-new -fcf-protection=none -Wno-bool-operation -Wno-overloaded-virtual -Wno-shadow -Wno-sign-compare -Wno-uninitialized -Wno-unused-but-set-parameter -Wno-unused-but-set-variable -Wno-unused-parameter -Wno-unused-variable       -Os -c -o tb_aster_coherent_perf.o /tmp/aster-phase6-verify-PHy1Sn/verification/unit/tb_aster_coherent_perf.cpp
g++ -Os  -I.  -MMD -I/home/elfo/tools/verilator/root/include -I/home/elfo/tools/verilator/root/include/vltstd -DVM_COVERAGE=0 -DVM_SC=0 -DVM_TRACE=0 -DVM_TRACE_FST=0 -DVM_TRACE_VCD=0 -faligned-new -fcf-protection=none -Wno-bool-operation -Wno-overloaded-virtual -Wno-shadow -Wno-sign-compare -Wno-uninitialized -Wno-unused-but-set-parameter -Wno-unused-but-set-variable -Wno-unused-parameter -Wno-unused-variable       -c -o verilated.o /home/elfo/tools/verilator/root/include/verilated.cpp
g++ -Os  -I.  -MMD -I/home/elfo/tools/verilator/root/include -I/home/elfo/tools/verilator/root/include/vltstd -DVM_COVERAGE=0 -DVM_SC=0 -DVM_TRACE=0 -DVM_TRACE_FST=0 -DVM_TRACE_VCD=0 -faligned-new -fcf-protection=none -Wno-bool-operation -Wno-overloaded-virtual -Wno-shadow -Wno-sign-compare -Wno-uninitialized -Wno-unused-but-set-parameter -Wno-unused-but-set-variable -Wno-unused-parameter -Wno-unused-variable       -c -o verilated_threads.o /home/elfo/tools/verilator/root/include/verilated_threads.cpp
/usr/bin/python3 /home/elfo/tools/verilator/root/bin/verilator_includer -DVL_INCLUDE_OPT=include Vaster_warm_stop.cpp Vaster_warm_stop___024root__DepSet_hf9c7bb0e__0.cpp Vaster_warm_stop___024root__DepSet_hc123ebd3__0.cpp Vaster_warm_stop___024root__Slow.cpp Vaster_warm_stop___024root__DepSet_hf9c7bb0e__0__Slow.cpp Vaster_warm_stop___024root__DepSet_hc123ebd3__0__Slow.cpp Vaster_warm_stop__Syms.cpp > Vaster_warm_stop__ALL.cpp
g++ -Os  -I.  -MMD -I/home/elfo/tools/verilator/root/include -I/home/elfo/tools/verilator/root/include/vltstd -DVM_COVERAGE=0 -DVM_SC=0 -DVM_TRACE=0 -DVM_TRACE_FST=0 -DVM_TRACE_VCD=0 -faligned-new -fcf-protection=none -Wno-bool-operation -Wno-overloaded-virtual -Wno-shadow -Wno-sign-compare -Wno-uninitialized -Wno-unused-but-set-parameter -Wno-unused-but-set-variable -Wno-unused-parameter -Wno-unused-variable       -c -o Vaster_warm_stop__ALL.o Vaster_warm_stop__ALL.cpp
echo "" > Vaster_warm_stop__ALL.verilator_deplist.tmp
Archive ar -rcs Vaster_warm_stop__ALL.a Vaster_warm_stop__ALL.o
g++     tb_aster_warm_stop.o verilated.o verilated_threads.o Vaster_warm_stop__ALL.a    -pthread -lpthread -latomic   -o /home/elfo/Documents/Aster/build/phase6-215b2d0/regressions/build/aster_warm_stop_sim
rm Vaster_warm_stop__ALL.verilator_deplist.tmp
mkdir -p /home/elfo/Documents/Aster/build/phase6-215b2d0/regressions/build/coherent_soc_h2_l11_sync0_wait0_w4_n16
verilator --cc --exe --build --timing --Wall -DRISCV_FORMAL --Wno-DECLFILENAME --Wno-GENUNNAMED --Wno-UNUSEDSIGNAL --Wno-BLKSEQ --unroll-count 2048 --unroll-stmts 100000 --assert -DASTER_COHERENCE_ASSERT \
	--top-module aster_coherent_soc -GHART_COUNT=2 "-GENABLE_L1=1'b1" \
	"-GSYNC_MEMORY=1'b0" -GMEMORY_WAIT_CYCLES=0 "-GHOST_BOOT=1'b1" \
	-GLINE_WORDS=4 -GLINE_COUNT=16 \
	-CFLAGS '-DASTER_HART_COUNT=2 -DASTER_L1=1 -DASTER_MEMORY_WAIT=0' \
	--Mdir /home/elfo/Documents/Aster/build/phase6-215b2d0/regressions/build/coherent_soc_h2_l11_sync0_wait0_w4_n16/obj -o /home/elfo/Documents/Aster/build/phase6-215b2d0/regressions/build/coherent_soc_h2_l11_sync0_wait0_w4_n16/aster_coherent_soc_sim \
	/tmp/aster-phase6-verify-PHy1Sn/rtl/core/aster_picorv32.sv /tmp/aster-phase6-verify-PHy1Sn/vendor/picorv32/picorv32.v /tmp/aster-phase6-verify-PHy1Sn/rtl/cache/aster_l1_cache.sv /tmp/aster-phase6-verify-PHy1Sn/rtl/memory/aster_rom.sv /tmp/aster-phase6-verify-PHy1Sn/rtl/memory/aster_ram.sv /tmp/aster-phase6-verify-PHy1Sn/rtl/core/aster_pcpi_atomic.sv /tmp/aster-phase6-verify-PHy1Sn/rtl/core/aster_atomic_hart.sv /tmp/aster-phase6-verify-PHy1Sn/rtl/cache/aster_coherent_cache.sv /tmp/aster-phase6-verify-PHy1Sn/rtl/interconnect/aster_atomic_fabric.sv /tmp/aster-phase6-verify-PHy1Sn/rtl/soc/aster_warm_stop.sv /tmp/aster-phase6-verify-PHy1Sn/rtl/peripherals/aster_uart.sv /tmp/aster-phase6-verify-PHy1Sn/rtl/peripherals/aster_coherent_perf.sv /tmp/aster-phase6-verify-PHy1Sn/rtl/soc/aster_coherent_soc.sv /tmp/aster-phase6-verify-PHy1Sn/verification/soc/tb_aster_coherent_soc.cpp
make[1]: warning: jobserver unavailable: using -j1.  Add '+' to parent make rule.
g++  -I.  -MMD -I/home/elfo/tools/verilator/root/include -I/home/elfo/tools/verilator/root/include/vltstd -DVM_COVERAGE=0 -DVM_SC=0 -DVM_TRACE=0 -DVM_TRACE_FST=0 -DVM_TRACE_VCD=0 -faligned-new -fcf-protection=none -Wno-bool-operation -Wno-overloaded-virtual -Wno-shadow -Wno-sign-compare -Wno-uninitialized -Wno-unused-but-set-parameter -Wno-unused-but-set-variable -Wno-unused-parameter -Wno-unused-variable     -DASTER_HART_COUNT=2 -DASTER_L1=1 -DASTER_MEMORY_WAIT=0   -Os -c -o tb_aster_coherent_soc.o /tmp/aster-phase6-verify-PHy1Sn/verification/soc/tb_aster_coherent_soc.cpp
g++ -Os  -I.  -MMD -I/home/elfo/tools/verilator/root/include -I/home/elfo/tools/verilator/root/include/vltstd -DVM_COVERAGE=0 -DVM_SC=0 -DVM_TRACE=0 -DVM_TRACE_FST=0 -DVM_TRACE_VCD=0 -faligned-new -fcf-protection=none -Wno-bool-operation -Wno-overloaded-virtual -Wno-shadow -Wno-sign-compare -Wno-uninitialized -Wno-unused-but-set-parameter -Wno-unused-but-set-variable -Wno-unused-parameter -Wno-unused-variable       -c -o verilated_dpi.o /home/elfo/tools/verilator/root/include/verilated_dpi.cpp
g++ -Os  -I.  -MMD -I/home/elfo/tools/verilator/root/include -I/home/elfo/tools/verilator/root/include/vltstd -DVM_COVERAGE=0 -DVM_SC=0 -DVM_TRACE=0 -DVM_TRACE_FST=0 -DVM_TRACE_VCD=0 -faligned-new -fcf-protection=none -Wno-bool-operation -Wno-overloaded-virtual -Wno-shadow -Wno-sign-compare -Wno-uninitialized -Wno-unused-but-set-parameter -Wno-unused-but-set-variable -Wno-unused-parameter -Wno-unused-variable     -DASTER_HART_COUNT=2 -DASTER_L1=1 -DASTER_MEMORY_WAIT=0   -c -o verilated.o /home/elfo/tools/verilator/root/include/verilated.cpp
g++ -Os  -I.  -MMD -I/home/elfo/tools/verilator/root/include -I/home/elfo/tools/verilator/root/include/vltstd -DVM_COVERAGE=0 -DVM_SC=0 -DVM_TRACE=0 -DVM_TRACE_FST=0 -DVM_TRACE_VCD=0 -faligned-new -fcf-protection=none -Wno-bool-operation -Wno-overloaded-virtual -Wno-shadow -Wno-sign-compare -Wno-uninitialized -Wno-unused-but-set-parameter -Wno-unused-but-set-variable -Wno-unused-parameter -Wno-unused-variable       -c -o verilated_threads.o /home/elfo/tools/verilator/root/include/verilated_threads.cpp
/usr/bin/python3 /home/elfo/tools/verilator/root/bin/verilator_includer -DVL_INCLUDE_OPT=include Vaster_coherent_perf.cpp Vaster_coherent_perf___024root__DepSet_hba736127__0.cpp Vaster_coherent_perf___024root__DepSet_h58e31328__0.cpp Vaster_coherent_perf__Dpi.cpp Vaster_coherent_perf___024root__Slow.cpp Vaster_coherent_perf___024root__DepSet_hba736127__0__Slow.cpp Vaster_coherent_perf___024root__DepSet_h58e31328__0__Slow.cpp Vaster_coherent_perf__Syms.cpp > Vaster_coherent_perf__ALL.cpp
g++ -Os  -I.  -MMD -I/home/elfo/tools/verilator/root/include -I/home/elfo/tools/verilator/root/include/vltstd -DVM_COVERAGE=0 -DVM_SC=0 -DVM_TRACE=0 -DVM_TRACE_FST=0 -DVM_TRACE_VCD=0 -faligned-new -fcf-protection=none -Wno-bool-operation -Wno-overloaded-virtual -Wno-shadow -Wno-sign-compare -Wno-uninitialized -Wno-unused-but-set-parameter -Wno-unused-but-set-variable -Wno-unused-parameter -Wno-unused-variable       -c -o Vaster_coherent_perf__ALL.o Vaster_coherent_perf__ALL.cpp
echo "" > Vaster_coherent_perf__ALL.verilator_deplist.tmp
Archive ar -rcs Vaster_coherent_perf__ALL.a Vaster_coherent_perf__ALL.o
g++     tb_aster_coherent_perf.o verilated.o verilated_dpi.o verilated_threads.o Vaster_coherent_perf__ALL.a    -pthread -lpthread -latomic   -o /home/elfo/Documents/Aster/build/phase6-215b2d0/regressions/build/aster_coherent_perf_sim
rm Vaster_coherent_perf__ALL.verilator_deplist.tmp
python3 scripts/elf_to_hex.py --rom-bytes 65536 /home/elfo/Documents/Aster/build/phase6-215b2d0/regressions/build/software/atomic_runtime.elf /home/elfo/Documents/Aster/build/phase6-215b2d0/regressions/build/software/atomic_runtime.hex
python3 scripts/elf_to_hex.py --rom-bytes 65536 /home/elfo/Documents/Aster/build/phase6-215b2d0/regressions/build/software/coherent_lifecycle.elf /home/elfo/Documents/Aster/build/phase6-215b2d0/regressions/build/software/coherent_lifecycle.hex
mkdir -p /home/elfo/Documents/Aster/build/phase6-215b2d0/regressions/build/software/coherent_atomic_add_i64_r4_j3_p2_s0x13570000
riscv32-unknown-elf-gcc -nostdlib -nostartfiles -nodefaultlibs -ffreestanding -Wall -Wextra -Werror -O2 -fno-pic -fno-stack-protector -msmall-data-limit=0 -Isoftware/runtime -march=rv32ima -mabi=ilp32 -DCOHERENT_KIND=0 -DCOHERENT_ITEMS=64 -DCOHERENT_ROUNDS=4 -DCOHERENT_JOBS=3 -DCOHERENT_WORKERS=2 -DCOHERENT_SEED=0x13570000 -T software/boot/link_multicore.ld -Wl,-Map,/home/elfo/Documents/Aster/build/phase6-215b2d0/regressions/build/software/coherent_atomic_add_i64_r4_j3_p2_s0x13570000/coherent.map -o /home/elfo/Documents/Aster/build/phase6-215b2d0/regressions/build/software/coherent_atomic_add_i64_r4_j3_p2_s0x13570000/coherent.elf software/runtime/start_multicore.S software/benchmarks/coherent.c
mkdir -p /home/elfo/Documents/Aster/build/phase6-215b2d0/regressions/build/coherent_soc_h2_l11_sync0_wait0_w4_n16
verilator --cc --exe --build --timing --Wall -DRISCV_FORMAL --Wno-DECLFILENAME --Wno-GENUNNAMED --Wno-UNUSEDSIGNAL --Wno-BLKSEQ --unroll-count 2048 --unroll-stmts 100000 --assert -DASTER_COHERENCE_ASSERT \
	--top-module aster_coherent_soc -GHART_COUNT=2 "-GENABLE_L1=1'b1" \
	"-GSYNC_MEMORY=1'b0" -GMEMORY_WAIT_CYCLES=0 "-GHOST_BOOT=1'b1" \
	-GLINE_WORDS=4 -GLINE_COUNT=16 \
	--Mdir /home/elfo/Documents/Aster/build/phase6-215b2d0/regressions/build/coherent_soc_h2_l11_sync0_wait0_w4_n16/bench_obj -o /home/elfo/Documents/Aster/build/phase6-215b2d0/regressions/build/coherent_soc_h2_l11_sync0_wait0_w4_n16/aster_coherent_bench_sim \
	/tmp/aster-phase6-verify-PHy1Sn/rtl/core/aster_picorv32.sv /tmp/aster-phase6-verify-PHy1Sn/vendor/picorv32/picorv32.v /tmp/aster-phase6-verify-PHy1Sn/rtl/cache/aster_l1_cache.sv /tmp/aster-phase6-verify-PHy1Sn/rtl/memory/aster_rom.sv /tmp/aster-phase6-verify-PHy1Sn/rtl/memory/aster_ram.sv /tmp/aster-phase6-verify-PHy1Sn/rtl/core/aster_pcpi_atomic.sv /tmp/aster-phase6-verify-PHy1Sn/rtl/core/aster_atomic_hart.sv /tmp/aster-phase6-verify-PHy1Sn/rtl/cache/aster_coherent_cache.sv /tmp/aster-phase6-verify-PHy1Sn/rtl/interconnect/aster_atomic_fabric.sv /tmp/aster-phase6-verify-PHy1Sn/rtl/soc/aster_warm_stop.sv /tmp/aster-phase6-verify-PHy1Sn/rtl/peripherals/aster_uart.sv /tmp/aster-phase6-verify-PHy1Sn/rtl/peripherals/aster_coherent_perf.sv /tmp/aster-phase6-verify-PHy1Sn/rtl/soc/aster_coherent_soc.sv /tmp/aster-phase6-verify-PHy1Sn/verification/soc/tb_aster_coherent_bench.cpp
make[1]: warning: jobserver unavailable: using -j1.  Add '+' to parent make rule.
g++  -I.  -MMD -I/home/elfo/tools/verilator/root/include -I/home/elfo/tools/verilator/root/include/vltstd -DVM_COVERAGE=0 -DVM_SC=0 -DVM_TRACE=0 -DVM_TRACE_FST=0 -DVM_TRACE_VCD=0 -faligned-new -fcf-protection=none -Wno-bool-operation -Wno-overloaded-virtual -Wno-shadow -Wno-sign-compare -Wno-uninitialized -Wno-unused-but-set-parameter -Wno-unused-but-set-variable -Wno-unused-parameter -Wno-unused-variable       -Os -c -o tb_aster_coherent_bench.o /tmp/aster-phase6-verify-PHy1Sn/verification/soc/tb_aster_coherent_bench.cpp
g++ -Os  -I.  -MMD -I/home/elfo/tools/verilator/root/include -I/home/elfo/tools/verilator/root/include/vltstd -DVM_COVERAGE=0 -DVM_SC=0 -DVM_TRACE=0 -DVM_TRACE_FST=0 -DVM_TRACE_VCD=0 -faligned-new -fcf-protection=none -Wno-bool-operation -Wno-overloaded-virtual -Wno-shadow -Wno-sign-compare -Wno-uninitialized -Wno-unused-but-set-parameter -Wno-unused-but-set-variable -Wno-unused-parameter -Wno-unused-variable     -DASTER_HART_COUNT=2 -DASTER_L1=1 -DASTER_MEMORY_WAIT=0   -c -o verilated_threads.o /home/elfo/tools/verilator/root/include/verilated_threads.cpp
/usr/bin/python3 /home/elfo/tools/verilator/root/bin/verilator_includer -DVL_INCLUDE_OPT=include Vaster_coherent_soc.cpp Vaster_coherent_soc___024root__DepSet_hc6677697__0.cpp Vaster_coherent_soc___024root__DepSet_h9074b246__0.cpp Vaster_coherent_soc_aster_atomic_hart__Ez1_L4_LB10__DepSet_ha8ecfc2c__0.cpp Vaster_coherent_soc___024root__Slow.cpp Vaster_coherent_soc___024root__DepSet_hc6677697__0__Slow.cpp Vaster_coherent_soc___024root__DepSet_h9074b246__0__Slow.cpp Vaster_coherent_soc_aster_atomic_hart__Ez1_L4_LB10__Slow.cpp Vaster_coherent_soc_aster_atomic_hart__Ez1_L4_LB10__DepSet_ha8ecfc2c__0__Slow.cpp Vaster_coherent_soc_aster_atomic_hart__Ez1_L4_LB10__DepSet_heaed37cf__0__Slow.cpp Vaster_coherent_soc__Syms.cpp > Vaster_coherent_soc__ALL.cpp
g++ -Os  -I.  -MMD -I/home/elfo/tools/verilator/root/include -I/home/elfo/tools/verilator/root/include/vltstd -DVM_COVERAGE=0 -DVM_SC=0 -DVM_TRACE=0 -DVM_TRACE_FST=0 -DVM_TRACE_VCD=0 -faligned-new -fcf-protection=none -Wno-bool-operation -Wno-overloaded-virtual -Wno-shadow -Wno-sign-compare -Wno-uninitialized -Wno-unused-but-set-parameter -Wno-unused-but-set-variable -Wno-unused-parameter -Wno-unused-variable     -DASTER_HART_COUNT=2 -DASTER_L1=1 -DASTER_MEMORY_WAIT=0   -c -o Vaster_coherent_soc__ALL.o Vaster_coherent_soc__ALL.cpp
g++ -Os  -I.  -MMD -I/home/elfo/tools/verilator/root/include -I/home/elfo/tools/verilator/root/include/vltstd -DVM_COVERAGE=0 -DVM_SC=0 -DVM_TRACE=0 -DVM_TRACE_FST=0 -DVM_TRACE_VCD=0 -faligned-new -fcf-protection=none -Wno-bool-operation -Wno-overloaded-virtual -Wno-shadow -Wno-sign-compare -Wno-uninitialized -Wno-unused-but-set-parameter -Wno-unused-but-set-variable -Wno-unused-parameter -Wno-unused-variable       -c -o verilated.o /home/elfo/tools/verilator/root/include/verilated.cpp
echo "" > Vaster_coherent_soc__ALL.verilator_deplist.tmp
Archive ar -rcs Vaster_coherent_soc__ALL.a Vaster_coherent_soc__ALL.o
g++     tb_aster_coherent_soc.o verilated.o verilated_threads.o Vaster_coherent_soc__ALL.a    -pthread -lpthread -latomic   -o /home/elfo/Documents/Aster/build/phase6-215b2d0/regressions/build/coherent_soc_h2_l11_sync0_wait0_w4_n16/aster_coherent_soc_sim
rm Vaster_coherent_soc__ALL.verilator_deplist.tmp
mkdir -p /home/elfo/Documents/Aster/build/phase6-215b2d0/regressions/build/software/riscv_reference
riscv32-unknown-elf-gcc -nostdlib -nostartfiles -nodefaultlibs -ffreestanding -Wall -Wextra -Werror -O2 -fno-pic -fno-stack-protector -msmall-data-limit=0 -Isoftware/runtime -march=rv32ima -mabi=ilp32 -DREFERENCE_HART=0 \
	-Isoftware/tests/riscv_reference -Ivendor/riscv-tests/isa/macros/scalar -T software/boot/link_multicore.ld \
	-Wl,-Map,/home/elfo/Documents/Aster/build/phase6-215b2d0/regressions/build/software/riscv_reference/amoadd_w_h0.map -o /home/elfo/Documents/Aster/build/phase6-215b2d0/regressions/build/software/riscv_reference/amoadd_w_h0.elf software/tests/riscv_reference/start.S vendor/riscv-tests/isa/rv32ua/amoadd_w.S
mkdir -p /home/elfo/Documents/Aster/build/phase6-215b2d0/regressions/build/software/riscv_reference
riscv32-unknown-elf-gcc -nostdlib -nostartfiles -nodefaultlibs -ffreestanding -Wall -Wextra -Werror -O2 -fno-pic -fno-stack-protector -msmall-data-limit=0 -Isoftware/runtime -march=rv32ima -mabi=ilp32 -DREFERENCE_HART=0 \
	-Isoftware/tests/riscv_reference -Ivendor/riscv-tests/isa/macros/scalar -T software/boot/link_multicore.ld \
	-Wl,-Map,/home/elfo/Documents/Aster/build/phase6-215b2d0/regressions/build/software/riscv_reference/amoand_w_h0.map -o /home/elfo/Documents/Aster/build/phase6-215b2d0/regressions/build/software/riscv_reference/amoand_w_h0.elf software/tests/riscv_reference/start.S vendor/riscv-tests/isa/rv32ua/amoand_w.S
mkdir -p /home/elfo/Documents/Aster/build/phase6-215b2d0/regressions/build/software/riscv_reference
riscv32-unknown-elf-gcc -nostdlib -nostartfiles -nodefaultlibs -ffreestanding -Wall -Wextra -Werror -O2 -fno-pic -fno-stack-protector -msmall-data-limit=0 -Isoftware/runtime -march=rv32ima -mabi=ilp32 -DREFERENCE_HART=0 \
	-Isoftware/tests/riscv_reference -Ivendor/riscv-tests/isa/macros/scalar -T software/boot/link_multicore.ld \
	-Wl,-Map,/home/elfo/Documents/Aster/build/phase6-215b2d0/regressions/build/software/riscv_reference/amomax_w_h0.map -o /home/elfo/Documents/Aster/build/phase6-215b2d0/regressions/build/software/riscv_reference/amomax_w_h0.elf software/tests/riscv_reference/start.S vendor/riscv-tests/isa/rv32ua/amomax_w.S
mkdir -p /home/elfo/Documents/Aster/build/phase6-215b2d0/regressions/build/software/riscv_reference
riscv32-unknown-elf-gcc -nostdlib -nostartfiles -nodefaultlibs -ffreestanding -Wall -Wextra -Werror -O2 -fno-pic -fno-stack-protector -msmall-data-limit=0 -Isoftware/runtime -march=rv32ima -mabi=ilp32 -DREFERENCE_HART=0 \
	-Isoftware/tests/riscv_reference -Ivendor/riscv-tests/isa/macros/scalar -T software/boot/link_multicore.ld \
	-Wl,-Map,/home/elfo/Documents/Aster/build/phase6-215b2d0/regressions/build/software/riscv_reference/amomaxu_w_h0.map -o /home/elfo/Documents/Aster/build/phase6-215b2d0/regressions/build/software/riscv_reference/amomaxu_w_h0.elf software/tests/riscv_reference/start.S vendor/riscv-tests/isa/rv32ua/amomaxu_w.S
mkdir -p /home/elfo/Documents/Aster/build/phase6-215b2d0/regressions/build/software/riscv_reference
riscv32-unknown-elf-gcc -nostdlib -nostartfiles -nodefaultlibs -ffreestanding -Wall -Wextra -Werror -O2 -fno-pic -fno-stack-protector -msmall-data-limit=0 -Isoftware/runtime -march=rv32ima -mabi=ilp32 -DREFERENCE_HART=0 \
	-Isoftware/tests/riscv_reference -Ivendor/riscv-tests/isa/macros/scalar -T software/boot/link_multicore.ld \
	-Wl,-Map,/home/elfo/Documents/Aster/build/phase6-215b2d0/regressions/build/software/riscv_reference/amomin_w_h0.map -o /home/elfo/Documents/Aster/build/phase6-215b2d0/regressions/build/software/riscv_reference/amomin_w_h0.elf software/tests/riscv_reference/start.S vendor/riscv-tests/isa/rv32ua/amomin_w.S
mkdir -p /home/elfo/Documents/Aster/build/phase6-215b2d0/regressions/build/software/riscv_reference
riscv32-unknown-elf-gcc -nostdlib -nostartfiles -nodefaultlibs -ffreestanding -Wall -Wextra -Werror -O2 -fno-pic -fno-stack-protector -msmall-data-limit=0 -Isoftware/runtime -march=rv32ima -mabi=ilp32 -DREFERENCE_HART=0 \
	-Isoftware/tests/riscv_reference -Ivendor/riscv-tests/isa/macros/scalar -T software/boot/link_multicore.ld \
	-Wl,-Map,/home/elfo/Documents/Aster/build/phase6-215b2d0/regressions/build/software/riscv_reference/amominu_w_h0.map -o /home/elfo/Documents/Aster/build/phase6-215b2d0/regressions/build/software/riscv_reference/amominu_w_h0.elf software/tests/riscv_reference/start.S vendor/riscv-tests/isa/rv32ua/amominu_w.S
mkdir -p /home/elfo/Documents/Aster/build/phase6-215b2d0/regressions/build/software/riscv_reference
riscv32-unknown-elf-gcc -nostdlib -nostartfiles -nodefaultlibs -ffreestanding -Wall -Wextra -Werror -O2 -fno-pic -fno-stack-protector -msmall-data-limit=0 -Isoftware/runtime -march=rv32ima -mabi=ilp32 -DREFERENCE_HART=0 \
	-Isoftware/tests/riscv_reference -Ivendor/riscv-tests/isa/macros/scalar -T software/boot/link_multicore.ld \
	-Wl,-Map,/home/elfo/Documents/Aster/build/phase6-215b2d0/regressions/build/software/riscv_reference/amoor_w_h0.map -o /home/elfo/Documents/Aster/build/phase6-215b2d0/regressions/build/software/riscv_reference/amoor_w_h0.elf software/tests/riscv_reference/start.S vendor/riscv-tests/isa/rv32ua/amoor_w.S
mkdir -p /home/elfo/Documents/Aster/build/phase6-215b2d0/regressions/build/software/riscv_reference
riscv32-unknown-elf-gcc -nostdlib -nostartfiles -nodefaultlibs -ffreestanding -Wall -Wextra -Werror -O2 -fno-pic -fno-stack-protector -msmall-data-limit=0 -Isoftware/runtime -march=rv32ima -mabi=ilp32 -DREFERENCE_HART=0 \
	-Isoftware/tests/riscv_reference -Ivendor/riscv-tests/isa/macros/scalar -T software/boot/link_multicore.ld \
	-Wl,-Map,/home/elfo/Documents/Aster/build/phase6-215b2d0/regressions/build/software/riscv_reference/amoswap_w_h0.map -o /home/elfo/Documents/Aster/build/phase6-215b2d0/regressions/build/software/riscv_reference/amoswap_w_h0.elf software/tests/riscv_reference/start.S vendor/riscv-tests/isa/rv32ua/amoswap_w.S
mkdir -p /home/elfo/Documents/Aster/build/phase6-215b2d0/regressions/build/software/riscv_reference
riscv32-unknown-elf-gcc -nostdlib -nostartfiles -nodefaultlibs -ffreestanding -Wall -Wextra -Werror -O2 -fno-pic -fno-stack-protector -msmall-data-limit=0 -Isoftware/runtime -march=rv32ima -mabi=ilp32 -DREFERENCE_HART=0 \
	-Isoftware/tests/riscv_reference -Ivendor/riscv-tests/isa/macros/scalar -T software/boot/link_multicore.ld \
	-Wl,-Map,/home/elfo/Documents/Aster/build/phase6-215b2d0/regressions/build/software/riscv_reference/amoxor_w_h0.map -o /home/elfo/Documents/Aster/build/phase6-215b2d0/regressions/build/software/riscv_reference/amoxor_w_h0.elf software/tests/riscv_reference/start.S vendor/riscv-tests/isa/rv32ua/amoxor_w.S
mkdir -p /home/elfo/Documents/Aster/build/phase6-215b2d0/regressions/build/software/riscv_reference
riscv32-unknown-elf-gcc -nostdlib -nostartfiles -nodefaultlibs -ffreestanding -Wall -Wextra -Werror -O2 -fno-pic -fno-stack-protector -msmall-data-limit=0 -Isoftware/runtime -march=rv32ima -mabi=ilp32 -DREFERENCE_HART=0 \
	-Isoftware/tests/riscv_reference -Ivendor/riscv-tests/isa/macros/scalar -T software/boot/link_multicore.ld \
	-Wl,-Map,/home/elfo/Documents/Aster/build/phase6-215b2d0/regressions/build/software/riscv_reference/lrsc_h0.map -o /home/elfo/Documents/Aster/build/phase6-215b2d0/regressions/build/software/riscv_reference/lrsc_h0.elf software/tests/riscv_reference/start.S vendor/riscv-tests/isa/rv32ua/lrsc.S
mkdir -p /home/elfo/Documents/Aster/build/phase6-215b2d0/regressions/build/software/riscv_reference
riscv32-unknown-elf-gcc -nostdlib -nostartfiles -nodefaultlibs -ffreestanding -Wall -Wextra -Werror -O2 -fno-pic -fno-stack-protector -msmall-data-limit=0 -Isoftware/runtime -march=rv32ima -mabi=ilp32 -DREFERENCE_HART=1 \
	-Isoftware/tests/riscv_reference -Ivendor/riscv-tests/isa/macros/scalar -T software/boot/link_multicore.ld \
	-Wl,-Map,/home/elfo/Documents/Aster/build/phase6-215b2d0/regressions/build/software/riscv_reference/amoadd_w_h1.map -o /home/elfo/Documents/Aster/build/phase6-215b2d0/regressions/build/software/riscv_reference/amoadd_w_h1.elf software/tests/riscv_reference/start.S vendor/riscv-tests/isa/rv32ua/amoadd_w.S
mkdir -p /home/elfo/Documents/Aster/build/phase6-215b2d0/regressions/build/software/riscv_reference
riscv32-unknown-elf-gcc -nostdlib -nostartfiles -nodefaultlibs -ffreestanding -Wall -Wextra -Werror -O2 -fno-pic -fno-stack-protector -msmall-data-limit=0 -Isoftware/runtime -march=rv32ima -mabi=ilp32 -DREFERENCE_HART=1 \
	-Isoftware/tests/riscv_reference -Ivendor/riscv-tests/isa/macros/scalar -T software/boot/link_multicore.ld \
	-Wl,-Map,/home/elfo/Documents/Aster/build/phase6-215b2d0/regressions/build/software/riscv_reference/amoand_w_h1.map -o /home/elfo/Documents/Aster/build/phase6-215b2d0/regressions/build/software/riscv_reference/amoand_w_h1.elf software/tests/riscv_reference/start.S vendor/riscv-tests/isa/rv32ua/amoand_w.S
g++ -Os  -I.  -MMD -I/home/elfo/tools/verilator/root/include -I/home/elfo/tools/verilator/root/include/vltstd -DVM_COVERAGE=0 -DVM_SC=0 -DVM_TRACE=0 -DVM_TRACE_FST=0 -DVM_TRACE_VCD=0 -faligned-new -fcf-protection=none -Wno-bool-operation -Wno-overloaded-virtual -Wno-shadow -Wno-sign-compare -Wno-uninitialized -Wno-unused-but-set-parameter -Wno-unused-but-set-variable -Wno-unused-parameter -Wno-unused-variable       -c -o verilated_threads.o /home/elfo/tools/verilator/root/include/verilated_threads.cpp
mkdir -p /home/elfo/Documents/Aster/build/phase6-215b2d0/regressions/build/software/riscv_reference
riscv32-unknown-elf-gcc -nostdlib -nostartfiles -nodefaultlibs -ffreestanding -Wall -Wextra -Werror -O2 -fno-pic -fno-stack-protector -msmall-data-limit=0 -Isoftware/runtime -march=rv32ima -mabi=ilp32 -DREFERENCE_HART=1 \
	-Isoftware/tests/riscv_reference -Ivendor/riscv-tests/isa/macros/scalar -T software/boot/link_multicore.ld \
	-Wl,-Map,/home/elfo/Documents/Aster/build/phase6-215b2d0/regressions/build/software/riscv_reference/amomax_w_h1.map -o /home/elfo/Documents/Aster/build/phase6-215b2d0/regressions/build/software/riscv_reference/amomax_w_h1.elf software/tests/riscv_reference/start.S vendor/riscv-tests/isa/rv32ua/amomax_w.S
mkdir -p /home/elfo/Documents/Aster/build/phase6-215b2d0/regressions/build/software/riscv_reference
riscv32-unknown-elf-gcc -nostdlib -nostartfiles -nodefaultlibs -ffreestanding -Wall -Wextra -Werror -O2 -fno-pic -fno-stack-protector -msmall-data-limit=0 -Isoftware/runtime -march=rv32ima -mabi=ilp32 -DREFERENCE_HART=1 \
	-Isoftware/tests/riscv_reference -Ivendor/riscv-tests/isa/macros/scalar -T software/boot/link_multicore.ld \
	-Wl,-Map,/home/elfo/Documents/Aster/build/phase6-215b2d0/regressions/build/software/riscv_reference/amomaxu_w_h1.map -o /home/elfo/Documents/Aster/build/phase6-215b2d0/regressions/build/software/riscv_reference/amomaxu_w_h1.elf software/tests/riscv_reference/start.S vendor/riscv-tests/isa/rv32ua/amomaxu_w.S
mkdir -p /home/elfo/Documents/Aster/build/phase6-215b2d0/regressions/build/software/riscv_reference
riscv32-unknown-elf-gcc -nostdlib -nostartfiles -nodefaultlibs -ffreestanding -Wall -Wextra -Werror -O2 -fno-pic -fno-stack-protector -msmall-data-limit=0 -Isoftware/runtime -march=rv32ima -mabi=ilp32 -DREFERENCE_HART=1 \
	-Isoftware/tests/riscv_reference -Ivendor/riscv-tests/isa/macros/scalar -T software/boot/link_multicore.ld \
	-Wl,-Map,/home/elfo/Documents/Aster/build/phase6-215b2d0/regressions/build/software/riscv_reference/amomin_w_h1.map -o /home/elfo/Documents/Aster/build/phase6-215b2d0/regressions/build/software/riscv_reference/amomin_w_h1.elf software/tests/riscv_reference/start.S vendor/riscv-tests/isa/rv32ua/amomin_w.S
mkdir -p /home/elfo/Documents/Aster/build/phase6-215b2d0/regressions/build/software/riscv_reference
riscv32-unknown-elf-gcc -nostdlib -nostartfiles -nodefaultlibs -ffreestanding -Wall -Wextra -Werror -O2 -fno-pic -fno-stack-protector -msmall-data-limit=0 -Isoftware/runtime -march=rv32ima -mabi=ilp32 -DREFERENCE_HART=1 \
	-Isoftware/tests/riscv_reference -Ivendor/riscv-tests/isa/macros/scalar -T software/boot/link_multicore.ld \
	-Wl,-Map,/home/elfo/Documents/Aster/build/phase6-215b2d0/regressions/build/software/riscv_reference/amominu_w_h1.map -o /home/elfo/Documents/Aster/build/phase6-215b2d0/regressions/build/software/riscv_reference/amominu_w_h1.elf software/tests/riscv_reference/start.S vendor/riscv-tests/isa/rv32ua/amominu_w.S
mkdir -p /home/elfo/Documents/Aster/build/phase6-215b2d0/regressions/build/software/riscv_reference
riscv32-unknown-elf-gcc -nostdlib -nostartfiles -nodefaultlibs -ffreestanding -Wall -Wextra -Werror -O2 -fno-pic -fno-stack-protector -msmall-data-limit=0 -Isoftware/runtime -march=rv32ima -mabi=ilp32 -DREFERENCE_HART=1 \
	-Isoftware/tests/riscv_reference -Ivendor/riscv-tests/isa/macros/scalar -T software/boot/link_multicore.ld \
	-Wl,-Map,/home/elfo/Documents/Aster/build/phase6-215b2d0/regressions/build/software/riscv_reference/amoor_w_h1.map -o /home/elfo/Documents/Aster/build/phase6-215b2d0/regressions/build/software/riscv_reference/amoor_w_h1.elf software/tests/riscv_reference/start.S vendor/riscv-tests/isa/rv32ua/amoor_w.S
mkdir -p /home/elfo/Documents/Aster/build/phase6-215b2d0/regressions/build/software/riscv_reference
riscv32-unknown-elf-gcc -nostdlib -nostartfiles -nodefaultlibs -ffreestanding -Wall -Wextra -Werror -O2 -fno-pic -fno-stack-protector -msmall-data-limit=0 -Isoftware/runtime -march=rv32ima -mabi=ilp32 -DREFERENCE_HART=1 \
	-Isoftware/tests/riscv_reference -Ivendor/riscv-tests/isa/macros/scalar -T software/boot/link_multicore.ld \
	-Wl,-Map,/home/elfo/Documents/Aster/build/phase6-215b2d0/regressions/build/software/riscv_reference/amoswap_w_h1.map -o /home/elfo/Documents/Aster/build/phase6-215b2d0/regressions/build/software/riscv_reference/amoswap_w_h1.elf software/tests/riscv_reference/start.S vendor/riscv-tests/isa/rv32ua/amoswap_w.S
mkdir -p /home/elfo/Documents/Aster/build/phase6-215b2d0/regressions/build/software/riscv_reference
riscv32-unknown-elf-gcc -nostdlib -nostartfiles -nodefaultlibs -ffreestanding -Wall -Wextra -Werror -O2 -fno-pic -fno-stack-protector -msmall-data-limit=0 -Isoftware/runtime -march=rv32ima -mabi=ilp32 -DREFERENCE_HART=1 \
	-Isoftware/tests/riscv_reference -Ivendor/riscv-tests/isa/macros/scalar -T software/boot/link_multicore.ld \
	-Wl,-Map,/home/elfo/Documents/Aster/build/phase6-215b2d0/regressions/build/software/riscv_reference/amoxor_w_h1.map -o /home/elfo/Documents/Aster/build/phase6-215b2d0/regressions/build/software/riscv_reference/amoxor_w_h1.elf software/tests/riscv_reference/start.S vendor/riscv-tests/isa/rv32ua/amoxor_w.S
mkdir -p /home/elfo/Documents/Aster/build/phase6-215b2d0/regressions/build/software/riscv_reference
riscv32-unknown-elf-gcc -nostdlib -nostartfiles -nodefaultlibs -ffreestanding -Wall -Wextra -Werror -O2 -fno-pic -fno-stack-protector -msmall-data-limit=0 -Isoftware/runtime -march=rv32ima -mabi=ilp32 -DREFERENCE_HART=1 \
	-Isoftware/tests/riscv_reference -Ivendor/riscv-tests/isa/macros/scalar -T software/boot/link_multicore.ld \
	-Wl,-Map,/home/elfo/Documents/Aster/build/phase6-215b2d0/regressions/build/software/riscv_reference/lrsc_h1.map -o /home/elfo/Documents/Aster/build/phase6-215b2d0/regressions/build/software/riscv_reference/lrsc_h1.elf software/tests/riscv_reference/start.S vendor/riscv-tests/isa/rv32ua/lrsc.S
mkdir -p /home/elfo/Documents/Aster/build/phase6-215b2d0/regressions/build/riscv_reference_l11_sync0_wait0_w4_n16
verilator --cc --exe --build --timing --Wall -DRISCV_FORMAL --Wno-DECLFILENAME --Wno-GENUNNAMED --Wno-UNUSEDSIGNAL --Wno-BLKSEQ --unroll-count 2048 --unroll-stmts 100000 --assert -DASTER_COHERENCE_ASSERT \
	--top-module aster_coherent_soc -GHART_COUNT=2 "-GENABLE_L1=1'b1" \
	"-GSYNC_MEMORY=1'b0" -GMEMORY_WAIT_CYCLES=0 "-GHOST_BOOT=1'b1" \
	-GLINE_WORDS=4 -GLINE_COUNT=16 \
	--Mdir /home/elfo/Documents/Aster/build/phase6-215b2d0/regressions/build/riscv_reference_l11_sync0_wait0_w4_n16/obj -o /home/elfo/Documents/Aster/build/phase6-215b2d0/regressions/build/riscv_reference_l11_sync0_wait0_w4_n16/aster_riscv_reference_sim \
	/tmp/aster-phase6-verify-PHy1Sn/rtl/core/aster_picorv32.sv /tmp/aster-phase6-verify-PHy1Sn/vendor/picorv32/picorv32.v /tmp/aster-phase6-verify-PHy1Sn/rtl/cache/aster_l1_cache.sv /tmp/aster-phase6-verify-PHy1Sn/rtl/memory/aster_rom.sv /tmp/aster-phase6-verify-PHy1Sn/rtl/memory/aster_ram.sv /tmp/aster-phase6-verify-PHy1Sn/rtl/core/aster_pcpi_atomic.sv /tmp/aster-phase6-verify-PHy1Sn/rtl/core/aster_atomic_hart.sv /tmp/aster-phase6-verify-PHy1Sn/rtl/cache/aster_coherent_cache.sv /tmp/aster-phase6-verify-PHy1Sn/rtl/interconnect/aster_atomic_fabric.sv /tmp/aster-phase6-verify-PHy1Sn/rtl/soc/aster_warm_stop.sv /tmp/aster-phase6-verify-PHy1Sn/rtl/peripherals/aster_uart.sv /tmp/aster-phase6-verify-PHy1Sn/rtl/peripherals/aster_coherent_perf.sv /tmp/aster-phase6-verify-PHy1Sn/rtl/soc/aster_coherent_soc.sv /tmp/aster-phase6-verify-PHy1Sn/verification/soc/tb_riscv_reference.cpp
make[1]: warning: jobserver unavailable: using -j1.  Add '+' to parent make rule.
g++  -I.  -MMD -I/home/elfo/tools/verilator/root/include -I/home/elfo/tools/verilator/root/include/vltstd -DVM_COVERAGE=0 -DVM_SC=0 -DVM_TRACE=0 -DVM_TRACE_FST=0 -DVM_TRACE_VCD=0 -faligned-new -fcf-protection=none -Wno-bool-operation -Wno-overloaded-virtual -Wno-shadow -Wno-sign-compare -Wno-uninitialized -Wno-unused-but-set-parameter -Wno-unused-but-set-variable -Wno-unused-parameter -Wno-unused-variable       -Os -c -o tb_riscv_reference.o /tmp/aster-phase6-verify-PHy1Sn/verification/soc/tb_riscv_reference.cpp
/usr/bin/python3 /home/elfo/tools/verilator/root/bin/verilator_includer -DVL_INCLUDE_OPT=include Vaster_coherent_soc.cpp Vaster_coherent_soc___024root__DepSet_hc6677697__0.cpp Vaster_coherent_soc___024root__DepSet_h9074b246__0.cpp Vaster_coherent_soc_aster_atomic_hart__Ez1_L4_LB10__DepSet_ha8ecfc2c__0.cpp Vaster_coherent_soc___024root__Slow.cpp Vaster_coherent_soc___024root__DepSet_hc6677697__0__Slow.cpp Vaster_coherent_soc___024root__DepSet_h9074b246__0__Slow.cpp Vaster_coherent_soc_aster_atomic_hart__Ez1_L4_LB10__Slow.cpp Vaster_coherent_soc_aster_atomic_hart__Ez1_L4_LB10__DepSet_ha8ecfc2c__0__Slow.cpp Vaster_coherent_soc_aster_atomic_hart__Ez1_L4_LB10__DepSet_heaed37cf__0__Slow.cpp Vaster_coherent_soc__Syms.cpp > Vaster_coherent_soc__ALL.cpp
g++ -Os  -I.  -MMD -I/home/elfo/tools/verilator/root/include -I/home/elfo/tools/verilator/root/include/vltstd -DVM_COVERAGE=0 -DVM_SC=0 -DVM_TRACE=0 -DVM_TRACE_FST=0 -DVM_TRACE_VCD=0 -faligned-new -fcf-protection=none -Wno-bool-operation -Wno-overloaded-virtual -Wno-shadow -Wno-sign-compare -Wno-uninitialized -Wno-unused-but-set-parameter -Wno-unused-but-set-variable -Wno-unused-parameter -Wno-unused-variable       -c -o Vaster_coherent_soc__ALL.o Vaster_coherent_soc__ALL.cpp
g++ -Os  -I.  -MMD -I/home/elfo/tools/verilator/root/include -I/home/elfo/tools/verilator/root/include/vltstd -DVM_COVERAGE=0 -DVM_SC=0 -DVM_TRACE=0 -DVM_TRACE_FST=0 -DVM_TRACE_VCD=0 -faligned-new -fcf-protection=none -Wno-bool-operation -Wno-overloaded-virtual -Wno-shadow -Wno-sign-compare -Wno-uninitialized -Wno-unused-but-set-parameter -Wno-unused-but-set-variable -Wno-unused-parameter -Wno-unused-variable       -c -o verilated.o /home/elfo/tools/verilator/root/include/verilated.cpp
echo "" > Vaster_coherent_soc__ALL.verilator_deplist.tmp
Archive ar -rcs Vaster_coherent_soc__ALL.a Vaster_coherent_soc__ALL.o
g++     tb_aster_coherent_bench.o verilated.o verilated_threads.o Vaster_coherent_soc__ALL.a    -pthread -lpthread -latomic   -o /home/elfo/Documents/Aster/build/phase6-215b2d0/regressions/build/coherent_soc_h2_l11_sync0_wait0_w4_n16/aster_coherent_bench_sim
rm Vaster_coherent_soc__ALL.verilator_deplist.tmp
python3 scripts/elf_to_hex.py --rom-bytes 65536 /home/elfo/Documents/Aster/build/phase6-215b2d0/regressions/build/software/riscv_reference/amoadd_w_h0.elf /home/elfo/Documents/Aster/build/phase6-215b2d0/regressions/build/software/riscv_reference/amoadd_w_h0.hex
python3 scripts/elf_to_hex.py --rom-bytes 65536 /home/elfo/Documents/Aster/build/phase6-215b2d0/regressions/build/software/riscv_reference/amoadd_w_h1.elf /home/elfo/Documents/Aster/build/phase6-215b2d0/regressions/build/software/riscv_reference/amoadd_w_h1.hex
mkdir -p /home/elfo/Documents/Aster/build/phase6-215b2d0/regressions/build/software/litmus_e128_n64_s0xa57e6
riscv32-unknown-elf-gcc -nostdlib -nostartfiles -nodefaultlibs -ffreestanding -Wall -Wextra -Werror -O2 -fno-pic -fno-stack-protector -msmall-data-limit=0 -Isoftware/runtime -march=rv32ima -mabi=ilp32 \
	-DLITMUS_EPOCHS=128 -DLITMUS_STEPS=64 -DLITMUS_SEED=0xa57e6 \
	-T software/boot/link_multicore.ld -Wl,-Map,/home/elfo/Documents/Aster/build/phase6-215b2d0/regressions/build/software/litmus_e128_n64_s0xa57e6/litmus.map -o /home/elfo/Documents/Aster/build/phase6-215b2d0/regressions/build/software/litmus_e128_n64_s0xa57e6/litmus.elf software/runtime/start_multicore.S software/tests/coherent_litmus.c
mkdir -p /home/elfo/Documents/Aster/build/phase6-215b2d0/regressions/build/litmus_l11_sync0_wait0_w4_n16
verilator --cc --exe --build --timing --Wall -DRISCV_FORMAL --Wno-DECLFILENAME --Wno-GENUNNAMED --Wno-UNUSEDSIGNAL --Wno-BLKSEQ --unroll-count 2048 --unroll-stmts 100000 --assert -DASTER_COHERENCE_ASSERT \
	--top-module aster_coherent_soc -GHART_COUNT=2 "-GENABLE_L1=1'b1" \
	"-GSYNC_MEMORY=1'b0" -GMEMORY_WAIT_CYCLES=0 "-GHOST_BOOT=1'b1" \
	-GLINE_WORDS=4 -GLINE_COUNT=16 \
	--Mdir /home/elfo/Documents/Aster/build/phase6-215b2d0/regressions/build/litmus_l11_sync0_wait0_w4_n16/obj -o /home/elfo/Documents/Aster/build/phase6-215b2d0/regressions/build/litmus_l11_sync0_wait0_w4_n16/aster_coherent_litmus_sim \
	/tmp/aster-phase6-verify-PHy1Sn/rtl/core/aster_picorv32.sv /tmp/aster-phase6-verify-PHy1Sn/vendor/picorv32/picorv32.v /tmp/aster-phase6-verify-PHy1Sn/rtl/cache/aster_l1_cache.sv /tmp/aster-phase6-verify-PHy1Sn/rtl/memory/aster_rom.sv /tmp/aster-phase6-verify-PHy1Sn/rtl/memory/aster_ram.sv /tmp/aster-phase6-verify-PHy1Sn/rtl/core/aster_pcpi_atomic.sv /tmp/aster-phase6-verify-PHy1Sn/rtl/core/aster_atomic_hart.sv /tmp/aster-phase6-verify-PHy1Sn/rtl/cache/aster_coherent_cache.sv /tmp/aster-phase6-verify-PHy1Sn/rtl/interconnect/aster_atomic_fabric.sv /tmp/aster-phase6-verify-PHy1Sn/rtl/soc/aster_warm_stop.sv /tmp/aster-phase6-verify-PHy1Sn/rtl/peripherals/aster_uart.sv /tmp/aster-phase6-verify-PHy1Sn/rtl/peripherals/aster_coherent_perf.sv /tmp/aster-phase6-verify-PHy1Sn/rtl/soc/aster_coherent_soc.sv /tmp/aster-phase6-verify-PHy1Sn/verification/soc/tb_coherent_litmus.cpp
make[1]: warning: jobserver unavailable: using -j1.  Add '+' to parent make rule.
g++  -I.  -MMD -I/home/elfo/tools/verilator/root/include -I/home/elfo/tools/verilator/root/include/vltstd -DVM_COVERAGE=0 -DVM_SC=0 -DVM_TRACE=0 -DVM_TRACE_FST=0 -DVM_TRACE_VCD=0 -faligned-new -fcf-protection=none -Wno-bool-operation -Wno-overloaded-virtual -Wno-shadow -Wno-sign-compare -Wno-uninitialized -Wno-unused-but-set-parameter -Wno-unused-but-set-variable -Wno-unused-parameter -Wno-unused-variable       -Os -c -o tb_coherent_litmus.o /tmp/aster-phase6-verify-PHy1Sn/verification/soc/tb_coherent_litmus.cpp
g++ -Os  -I.  -MMD -I/home/elfo/tools/verilator/root/include -I/home/elfo/tools/verilator/root/include/vltstd -DVM_COVERAGE=0 -DVM_SC=0 -DVM_TRACE=0 -DVM_TRACE_FST=0 -DVM_TRACE_VCD=0 -faligned-new -fcf-protection=none -Wno-bool-operation -Wno-overloaded-virtual -Wno-shadow -Wno-sign-compare -Wno-uninitialized -Wno-unused-but-set-parameter -Wno-unused-but-set-variable -Wno-unused-parameter -Wno-unused-variable       -c -o verilated_threads.o /home/elfo/tools/verilator/root/include/verilated_threads.cpp
g++ -Os  -I.  -MMD -I/home/elfo/tools/verilator/root/include -I/home/elfo/tools/verilator/root/include/vltstd -DVM_COVERAGE=0 -DVM_SC=0 -DVM_TRACE=0 -DVM_TRACE_FST=0 -DVM_TRACE_VCD=0 -faligned-new -fcf-protection=none -Wno-bool-operation -Wno-overloaded-virtual -Wno-shadow -Wno-sign-compare -Wno-uninitialized -Wno-unused-but-set-parameter -Wno-unused-but-set-variable -Wno-unused-parameter -Wno-unused-variable       -c -o verilated.o /home/elfo/tools/verilator/root/include/verilated.cpp
/usr/bin/python3 /home/elfo/tools/verilator/root/bin/verilator_includer -DVL_INCLUDE_OPT=include Vaster_coherent_soc.cpp Vaster_coherent_soc___024root__DepSet_hc6677697__0.cpp Vaster_coherent_soc___024root__DepSet_h9074b246__0.cpp Vaster_coherent_soc_aster_atomic_hart__Ez1_L4_LB10__DepSet_ha8ecfc2c__0.cpp Vaster_coherent_soc___024root__Slow.cpp Vaster_coherent_soc___024root__DepSet_hc6677697__0__Slow.cpp Vaster_coherent_soc___024root__DepSet_h9074b246__0__Slow.cpp Vaster_coherent_soc_aster_atomic_hart__Ez1_L4_LB10__Slow.cpp Vaster_coherent_soc_aster_atomic_hart__Ez1_L4_LB10__DepSet_ha8ecfc2c__0__Slow.cpp Vaster_coherent_soc_aster_atomic_hart__Ez1_L4_LB10__DepSet_heaed37cf__0__Slow.cpp Vaster_coherent_soc__Syms.cpp > Vaster_coherent_soc__ALL.cpp
g++ -Os  -I.  -MMD -I/home/elfo/tools/verilator/root/include -I/home/elfo/tools/verilator/root/include/vltstd -DVM_COVERAGE=0 -DVM_SC=0 -DVM_TRACE=0 -DVM_TRACE_FST=0 -DVM_TRACE_VCD=0 -faligned-new -fcf-protection=none -Wno-bool-operation -Wno-overloaded-virtual -Wno-shadow -Wno-sign-compare -Wno-uninitialized -Wno-unused-but-set-parameter -Wno-unused-but-set-variable -Wno-unused-parameter -Wno-unused-variable       -c -o Vaster_coherent_soc__ALL.o Vaster_coherent_soc__ALL.cpp
echo "" > Vaster_coherent_soc__ALL.verilator_deplist.tmp
Archive ar -rcs Vaster_coherent_soc__ALL.a Vaster_coherent_soc__ALL.o
g++     tb_riscv_reference.o verilated.o verilated_threads.o Vaster_coherent_soc__ALL.a    -pthread -lpthread -latomic   -o /home/elfo/Documents/Aster/build/phase6-215b2d0/regressions/build/riscv_reference_l11_sync0_wait0_w4_n16/aster_riscv_reference_sim
g++ -Os  -I.  -MMD -I/home/elfo/tools/verilator/root/include -I/home/elfo/tools/verilator/root/include/vltstd -DVM_COVERAGE=0 -DVM_SC=0 -DVM_TRACE=0 -DVM_TRACE_FST=0 -DVM_TRACE_VCD=0 -faligned-new -fcf-protection=none -Wno-bool-operation -Wno-overloaded-virtual -Wno-shadow -Wno-sign-compare -Wno-uninitialized -Wno-unused-but-set-parameter -Wno-unused-but-set-variable -Wno-unused-parameter -Wno-unused-variable       -c -o verilated_threads.o /home/elfo/tools/verilator/root/include/verilated_threads.cpp
rm Vaster_coherent_soc__ALL.verilator_deplist.tmp
verilator --cc --exe --build --timing --Wall \
	--top-module aster_arbiter2 --Mdir /home/elfo/Documents/Aster/build/phase6-215b2d0/regressions/build/obj_arbiter -o /home/elfo/Documents/Aster/build/phase6-215b2d0/regressions/build/aster_arbiter2_sim \
	/tmp/aster-phase6-verify-PHy1Sn/rtl/interconnect/aster_arbiter2.sv /tmp/aster-phase6-verify-PHy1Sn/verification/unit/tb_aster_arbiter2.cpp
make[1]: warning: jobserver unavailable: using -j1.  Add '+' to parent make rule.
g++  -I.  -MMD -I/home/elfo/tools/verilator/root/include -I/home/elfo/tools/verilator/root/include/vltstd -DVM_COVERAGE=0 -DVM_SC=0 -DVM_TRACE=0 -DVM_TRACE_FST=0 -DVM_TRACE_VCD=0 -faligned-new -fcf-protection=none -Wno-bool-operation -Wno-overloaded-virtual -Wno-shadow -Wno-sign-compare -Wno-uninitialized -Wno-unused-but-set-parameter -Wno-unused-but-set-variable -Wno-unused-parameter -Wno-unused-variable       -Os -c -o tb_aster_arbiter2.o /tmp/aster-phase6-verify-PHy1Sn/verification/unit/tb_aster_arbiter2.cpp
/usr/bin/python3 /home/elfo/tools/verilator/root/bin/verilator_includer -DVL_INCLUDE_OPT=include Vaster_coherent_soc.cpp Vaster_coherent_soc___024root__DepSet_hc6677697__0.cpp Vaster_coherent_soc___024root__DepSet_h9074b246__0.cpp Vaster_coherent_soc_aster_atomic_hart__Ez1_L4_LB10__DepSet_ha8ecfc2c__0.cpp Vaster_coherent_soc___024root__Slow.cpp Vaster_coherent_soc___024root__DepSet_hc6677697__0__Slow.cpp Vaster_coherent_soc___024root__DepSet_h9074b246__0__Slow.cpp Vaster_coherent_soc_aster_atomic_hart__Ez1_L4_LB10__Slow.cpp Vaster_coherent_soc_aster_atomic_hart__Ez1_L4_LB10__DepSet_ha8ecfc2c__0__Slow.cpp Vaster_coherent_soc_aster_atomic_hart__Ez1_L4_LB10__DepSet_heaed37cf__0__Slow.cpp Vaster_coherent_soc__Syms.cpp > Vaster_coherent_soc__ALL.cpp
g++ -Os  -I.  -MMD -I/home/elfo/tools/verilator/root/include -I/home/elfo/tools/verilator/root/include/vltstd -DVM_COVERAGE=0 -DVM_SC=0 -DVM_TRACE=0 -DVM_TRACE_FST=0 -DVM_TRACE_VCD=0 -faligned-new -fcf-protection=none -Wno-bool-operation -Wno-overloaded-virtual -Wno-shadow -Wno-sign-compare -Wno-uninitialized -Wno-unused-but-set-parameter -Wno-unused-but-set-variable -Wno-unused-parameter -Wno-unused-variable       -c -o Vaster_coherent_soc__ALL.o Vaster_coherent_soc__ALL.cpp
g++ -Os  -I.  -MMD -I/home/elfo/tools/verilator/root/include -I/home/elfo/tools/verilator/root/include/vltstd -DVM_COVERAGE=0 -DVM_SC=0 -DVM_TRACE=0 -DVM_TRACE_FST=0 -DVM_TRACE_VCD=0 -faligned-new -fcf-protection=none -Wno-bool-operation -Wno-overloaded-virtual -Wno-shadow -Wno-sign-compare -Wno-uninitialized -Wno-unused-but-set-parameter -Wno-unused-but-set-variable -Wno-unused-parameter -Wno-unused-variable       -c -o verilated.o /home/elfo/tools/verilator/root/include/verilated.cpp
echo "" > Vaster_coherent_soc__ALL.verilator_deplist.tmp
Archive ar -rcs Vaster_coherent_soc__ALL.a Vaster_coherent_soc__ALL.o
g++     tb_coherent_litmus.o verilated.o verilated_threads.o Vaster_coherent_soc__ALL.a    -pthread -lpthread -latomic   -o /home/elfo/Documents/Aster/build/phase6-215b2d0/regressions/build/litmus_l11_sync0_wait0_w4_n16/aster_coherent_litmus_sim
rm Vaster_coherent_soc__ALL.verilator_deplist.tmp
mkdir -p /home/elfo/Documents/Aster/build/phase6-215b2d0/regressions/build/fabric_h2_l11_sync0_wait0_w4_n16
verilator --cc --exe --build --timing --Wall --Wno-UNUSEDSIGNAL \
	--top-module aster_shared_fabric --Mdir /home/elfo/Documents/Aster/build/phase6-215b2d0/regressions/build/fabric_h2_l11_sync0_wait0_w4_n16/obj -o /home/elfo/Documents/Aster/build/phase6-215b2d0/regressions/build/fabric_h2_l11_sync0_wait0_w4_n16/aster_fabric_sim \
	-GHART_COUNT=2 "-GSYNC_MEMORY=1'b0" \
	"-GENABLE_L1=1'b1" -GL1_LINE_WORDS=4 -GL1_LINE_COUNT=16 \
	-GMEMORY_WAIT_CYCLES=0 "-GHOST_BOOT=1'b1" \
	-CFLAGS '-DASTER_HART_COUNT=2 -DASTER_MEMORY_WAIT=0 -DASTER_SYNC_MEMORY=0 -DASTER_ENABLE_L1=1 -DASTER_LINE_WORDS=4 -DASTER_LINE_COUNT=16' \
	/tmp/aster-phase6-verify-PHy1Sn/rtl/interconnect/aster_arbiter2.sv /tmp/aster-phase6-verify-PHy1Sn/rtl/soc/aster_shared_fabric.sv /tmp/aster-phase6-verify-PHy1Sn/rtl/memory/aster_rom.sv /tmp/aster-phase6-verify-PHy1Sn/rtl/memory/aster_ram.sv /tmp/aster-phase6-verify-PHy1Sn/rtl/peripherals/aster_uart.sv /tmp/aster-phase6-verify-PHy1Sn/rtl/peripherals/aster_perf_counters.sv \
	/tmp/aster-phase6-verify-PHy1Sn/verification/soc/tb_aster_shared_fabric.cpp
make[1]: warning: jobserver unavailable: using -j1.  Add '+' to parent make rule.
g++  -I.  -MMD -I/home/elfo/tools/verilator/root/include -I/home/elfo/tools/verilator/root/include/vltstd -DVM_COVERAGE=0 -DVM_SC=0 -DVM_TRACE=0 -DVM_TRACE_FST=0 -DVM_TRACE_VCD=0 -faligned-new -fcf-protection=none -Wno-bool-operation -Wno-overloaded-virtual -Wno-shadow -Wno-sign-compare -Wno-uninitialized -Wno-unused-but-set-parameter -Wno-unused-but-set-variable -Wno-unused-parameter -Wno-unused-variable     -DASTER_HART_COUNT=2 -DASTER_MEMORY_WAIT=0 -DASTER_SYNC_MEMORY=0 -DASTER_ENABLE_L1=1 -DASTER_LINE_WORDS=4 -DASTER_LINE_COUNT=16   -Os -c -o tb_aster_shared_fabric.o /tmp/aster-phase6-verify-PHy1Sn/verification/soc/tb_aster_shared_fabric.cpp
g++ -Os  -I.  -MMD -I/home/elfo/tools/verilator/root/include -I/home/elfo/tools/verilator/root/include/vltstd -DVM_COVERAGE=0 -DVM_SC=0 -DVM_TRACE=0 -DVM_TRACE_FST=0 -DVM_TRACE_VCD=0 -faligned-new -fcf-protection=none -Wno-bool-operation -Wno-overloaded-virtual -Wno-shadow -Wno-sign-compare -Wno-uninitialized -Wno-unused-but-set-parameter -Wno-unused-but-set-variable -Wno-unused-parameter -Wno-unused-variable       -c -o verilated_threads.o /home/elfo/tools/verilator/root/include/verilated_threads.cpp
g++ -Os  -I.  -MMD -I/home/elfo/tools/verilator/root/include -I/home/elfo/tools/verilator/root/include/vltstd -DVM_COVERAGE=0 -DVM_SC=0 -DVM_TRACE=0 -DVM_TRACE_FST=0 -DVM_TRACE_VCD=0 -faligned-new -fcf-protection=none -Wno-bool-operation -Wno-overloaded-virtual -Wno-shadow -Wno-sign-compare -Wno-uninitialized -Wno-unused-but-set-parameter -Wno-unused-but-set-variable -Wno-unused-parameter -Wno-unused-variable     -DASTER_HART_COUNT=2 -DASTER_MEMORY_WAIT=0 -DASTER_SYNC_MEMORY=0 -DASTER_ENABLE_L1=1 -DASTER_LINE_WORDS=4 -DASTER_LINE_COUNT=16   -c -o verilated.o /home/elfo/tools/verilator/root/include/verilated.cpp
/usr/bin/python3 /home/elfo/tools/verilator/root/bin/verilator_includer -DVL_INCLUDE_OPT=include Vaster_arbiter2.cpp Vaster_arbiter2___024root__DepSet_h3befc4ee__0.cpp Vaster_arbiter2___024root__DepSet_h30216faf__0.cpp Vaster_arbiter2___024root__Slow.cpp Vaster_arbiter2___024root__DepSet_h3befc4ee__0__Slow.cpp Vaster_arbiter2___024root__DepSet_h30216faf__0__Slow.cpp Vaster_arbiter2__Syms.cpp > Vaster_arbiter2__ALL.cpp
g++ -Os  -I.  -MMD -I/home/elfo/tools/verilator/root/include -I/home/elfo/tools/verilator/root/include/vltstd -DVM_COVERAGE=0 -DVM_SC=0 -DVM_TRACE=0 -DVM_TRACE_FST=0 -DVM_TRACE_VCD=0 -faligned-new -fcf-protection=none -Wno-bool-operation -Wno-overloaded-virtual -Wno-shadow -Wno-sign-compare -Wno-uninitialized -Wno-unused-but-set-parameter -Wno-unused-but-set-variable -Wno-unused-parameter -Wno-unused-variable       -c -o Vaster_arbiter2__ALL.o Vaster_arbiter2__ALL.cpp
echo "" > Vaster_arbiter2__ALL.verilator_deplist.tmp
Archive ar -rcs Vaster_arbiter2__ALL.a Vaster_arbiter2__ALL.o
g++     tb_aster_arbiter2.o verilated.o verilated_threads.o Vaster_arbiter2__ALL.a    -pthread -lpthread -latomic   -o /home/elfo/Documents/Aster/build/phase6-215b2d0/regressions/build/aster_arbiter2_sim
rm Vaster_arbiter2__ALL.verilator_deplist.tmp
python3 scripts/elf_to_hex.py --rom-bytes 65536 /home/elfo/Documents/Aster/build/phase6-215b2d0/regressions/build/software/multicore_runtime.elf /home/elfo/Documents/Aster/build/phase6-215b2d0/regressions/build/software/multicore_runtime.hex
mkdir -p /home/elfo/Documents/Aster/build/phase6-215b2d0/regressions/build/multicore_h2_l11_sync0_wait0_w4_n16
verilator --cc --exe --build --timing --Wall -DRISCV_FORMAL --Wno-DECLFILENAME --Wno-GENUNNAMED --Wno-UNUSEDSIGNAL --Wno-BLKSEQ \
	--top-module aster_multicore --Mdir /home/elfo/Documents/Aster/build/phase6-215b2d0/regressions/build/multicore_h2_l11_sync0_wait0_w4_n16/obj -o /home/elfo/Documents/Aster/build/phase6-215b2d0/regressions/build/multicore_h2_l11_sync0_wait0_w4_n16/aster_multicore_sim \
	-GHART_COUNT=2 "-GSYNC_MEMORY=1'b0" "-GENABLE_L1=1'b1" \
	-GMEMORY_WAIT_CYCLES=0 -GL1_LINE_WORDS=4 -GL1_LINE_COUNT=16 \
	-CFLAGS '-DASTER_HART_COUNT=2' \
	/tmp/aster-phase6-verify-PHy1Sn/rtl/core/aster_picorv32.sv /tmp/aster-phase6-verify-PHy1Sn/vendor/picorv32/picorv32.v /tmp/aster-phase6-verify-PHy1Sn/rtl/cache/aster_l1_cache.sv /tmp/aster-phase6-verify-PHy1Sn/rtl/memory/aster_rom.sv /tmp/aster-phase6-verify-PHy1Sn/rtl/memory/aster_ram.sv /tmp/aster-phase6-verify-PHy1Sn/rtl/peripherals/aster_uart.sv /tmp/aster-phase6-verify-PHy1Sn/rtl/peripherals/aster_perf_counters.sv /tmp/aster-phase6-verify-PHy1Sn/rtl/interconnect/aster_arbiter2.sv /tmp/aster-phase6-verify-PHy1Sn/rtl/soc/aster_shared_fabric.sv /tmp/aster-phase6-verify-PHy1Sn/rtl/core/aster_hart.sv /tmp/aster-phase6-verify-PHy1Sn/rtl/soc/aster_multicore.sv \
	/tmp/aster-phase6-verify-PHy1Sn/verification/soc/tb_aster_multicore.cpp
make[1]: warning: jobserver unavailable: using -j1.  Add '+' to parent make rule.
g++  -I.  -MMD -I/home/elfo/tools/verilator/root/include -I/home/elfo/tools/verilator/root/include/vltstd -DVM_COVERAGE=0 -DVM_SC=0 -DVM_TRACE=0 -DVM_TRACE_FST=0 -DVM_TRACE_VCD=0 -faligned-new -fcf-protection=none -Wno-bool-operation -Wno-overloaded-virtual -Wno-shadow -Wno-sign-compare -Wno-uninitialized -Wno-unused-but-set-parameter -Wno-unused-but-set-variable -Wno-unused-parameter -Wno-unused-variable     -DASTER_HART_COUNT=2   -Os -c -o tb_aster_multicore.o /tmp/aster-phase6-verify-PHy1Sn/verification/soc/tb_aster_multicore.cpp
g++ -Os  -I.  -MMD -I/home/elfo/tools/verilator/root/include -I/home/elfo/tools/verilator/root/include/vltstd -DVM_COVERAGE=0 -DVM_SC=0 -DVM_TRACE=0 -DVM_TRACE_FST=0 -DVM_TRACE_VCD=0 -faligned-new -fcf-protection=none -Wno-bool-operation -Wno-overloaded-virtual -Wno-shadow -Wno-sign-compare -Wno-uninitialized -Wno-unused-but-set-parameter -Wno-unused-but-set-variable -Wno-unused-parameter -Wno-unused-variable     -DASTER_HART_COUNT=2   -c -o verilated.o /home/elfo/tools/verilator/root/include/verilated.cpp
g++ -Os  -I.  -MMD -I/home/elfo/tools/verilator/root/include -I/home/elfo/tools/verilator/root/include/vltstd -DVM_COVERAGE=0 -DVM_SC=0 -DVM_TRACE=0 -DVM_TRACE_FST=0 -DVM_TRACE_VCD=0 -faligned-new -fcf-protection=none -Wno-bool-operation -Wno-overloaded-virtual -Wno-shadow -Wno-sign-compare -Wno-uninitialized -Wno-unused-but-set-parameter -Wno-unused-but-set-variable -Wno-unused-parameter -Wno-unused-variable     -DASTER_HART_COUNT=2 -DASTER_MEMORY_WAIT=0 -DASTER_SYNC_MEMORY=0 -DASTER_ENABLE_L1=1 -DASTER_LINE_WORDS=4 -DASTER_LINE_COUNT=16   -c -o verilated_threads.o /home/elfo/tools/verilator/root/include/verilated_threads.cpp
/usr/bin/python3 /home/elfo/tools/verilator/root/bin/verilator_includer -DVL_INCLUDE_OPT=include Vaster_shared_fabric.cpp Vaster_shared_fabric___024root__DepSet_h4a87bb73__0.cpp Vaster_shared_fabric___024root__DepSet_h6205f4b1__0.cpp Vaster_shared_fabric___024root__Slow.cpp Vaster_shared_fabric___024root__DepSet_h4a87bb73__0__Slow.cpp Vaster_shared_fabric___024root__DepSet_h6205f4b1__0__Slow.cpp Vaster_shared_fabric__Syms.cpp > Vaster_shared_fabric__ALL.cpp
g++ -Os  -I.  -MMD -I/home/elfo/tools/verilator/root/include -I/home/elfo/tools/verilator/root/include/vltstd -DVM_COVERAGE=0 -DVM_SC=0 -DVM_TRACE=0 -DVM_TRACE_FST=0 -DVM_TRACE_VCD=0 -faligned-new -fcf-protection=none -Wno-bool-operation -Wno-overloaded-virtual -Wno-shadow -Wno-sign-compare -Wno-uninitialized -Wno-unused-but-set-parameter -Wno-unused-but-set-variable -Wno-unused-parameter -Wno-unused-variable     -DASTER_HART_COUNT=2 -DASTER_MEMORY_WAIT=0 -DASTER_SYNC_MEMORY=0 -DASTER_ENABLE_L1=1 -DASTER_LINE_WORDS=4 -DASTER_LINE_COUNT=16   -c -o Vaster_shared_fabric__ALL.o Vaster_shared_fabric__ALL.cpp
echo "" > Vaster_shared_fabric__ALL.verilator_deplist.tmp
Archive ar -rcs Vaster_shared_fabric__ALL.a Vaster_shared_fabric__ALL.o
g++     tb_aster_shared_fabric.o verilated.o verilated_threads.o Vaster_shared_fabric__ALL.a    -pthread -lpthread -latomic   -o /home/elfo/Documents/Aster/build/phase6-215b2d0/regressions/build/fabric_h2_l11_sync0_wait0_w4_n16/aster_fabric_sim
rm Vaster_shared_fabric__ALL.verilator_deplist.tmp
mkdir -p /home/elfo/Documents/Aster/build/phase6-215b2d0/regressions/build/adversarial_l11_sync0_wait0_w4_n16
verilator --cc --exe --build --timing --Wall -DRISCV_FORMAL --Wno-DECLFILENAME --Wno-GENUNNAMED --Wno-UNUSEDSIGNAL --Wno-BLKSEQ \
	--top-module aster_multicore_probe --Mdir /home/elfo/Documents/Aster/build/phase6-215b2d0/regressions/build/adversarial_l11_sync0_wait0_w4_n16/obj -o /home/elfo/Documents/Aster/build/phase6-215b2d0/regressions/build/adversarial_l11_sync0_wait0_w4_n16/aster_multicore_adversarial_sim \
	"-GENABLE_L1=1'b1" "-GSYNC_MEMORY=1'b0" -GMEMORY_WAIT_CYCLES=0 \
	/tmp/aster-phase6-verify-PHy1Sn/rtl/core/aster_picorv32.sv /tmp/aster-phase6-verify-PHy1Sn/vendor/picorv32/picorv32.v /tmp/aster-phase6-verify-PHy1Sn/rtl/cache/aster_l1_cache.sv /tmp/aster-phase6-verify-PHy1Sn/rtl/memory/aster_rom.sv /tmp/aster-phase6-verify-PHy1Sn/rtl/memory/aster_ram.sv /tmp/aster-phase6-verify-PHy1Sn/rtl/peripherals/aster_uart.sv /tmp/aster-phase6-verify-PHy1Sn/rtl/peripherals/aster_perf_counters.sv /tmp/aster-phase6-verify-PHy1Sn/rtl/interconnect/aster_arbiter2.sv /tmp/aster-phase6-verify-PHy1Sn/rtl/soc/aster_shared_fabric.sv /tmp/aster-phase6-verify-PHy1Sn/rtl/core/aster_hart.sv /tmp/aster-phase6-verify-PHy1Sn/rtl/soc/aster_multicore.sv \
	/tmp/aster-phase6-verify-PHy1Sn/verification/soc/aster_multicore_probe.sv /tmp/aster-phase6-verify-PHy1Sn/verification/soc/tb_multicore_adversarial.cpp
g++ -Os  -I.  -MMD -I/home/elfo/tools/verilator/root/include -I/home/elfo/tools/verilator/root/include/vltstd -DVM_COVERAGE=0 -DVM_SC=0 -DVM_TRACE=0 -DVM_TRACE_FST=0 -DVM_TRACE_VCD=0 -faligned-new -fcf-protection=none -Wno-bool-operation -Wno-overloaded-virtual -Wno-shadow -Wno-sign-compare -Wno-uninitialized -Wno-unused-but-set-parameter -Wno-unused-but-set-variable -Wno-unused-parameter -Wno-unused-variable     -DASTER_HART_COUNT=2   -c -o verilated_threads.o /home/elfo/tools/verilator/root/include/verilated_threads.cpp
make[1]: warning: jobserver unavailable: using -j1.  Add '+' to parent make rule.
g++  -I.  -MMD -I/home/elfo/tools/verilator/root/include -I/home/elfo/tools/verilator/root/include/vltstd -DVM_COVERAGE=0 -DVM_SC=0 -DVM_TRACE=0 -DVM_TRACE_FST=0 -DVM_TRACE_VCD=0 -faligned-new -fcf-protection=none -Wno-bool-operation -Wno-overloaded-virtual -Wno-shadow -Wno-sign-compare -Wno-uninitialized -Wno-unused-but-set-parameter -Wno-unused-but-set-variable -Wno-unused-parameter -Wno-unused-variable       -Os -c -o tb_multicore_adversarial.o /tmp/aster-phase6-verify-PHy1Sn/verification/soc/tb_multicore_adversarial.cpp
/usr/bin/python3 /home/elfo/tools/verilator/root/bin/verilator_includer -DVL_INCLUDE_OPT=include Vaster_multicore.cpp Vaster_multicore___024root__DepSet_h171db9e5__0.cpp Vaster_multicore___024root__DepSet_ha3570658__0.cpp Vaster_multicore_aster_picorv32__DepSet_hba852829__0.cpp Vaster_multicore___024root__Slow.cpp Vaster_multicore___024root__DepSet_h171db9e5__0__Slow.cpp Vaster_multicore___024root__DepSet_ha3570658__0__Slow.cpp Vaster_multicore_aster_picorv32__Slow.cpp Vaster_multicore_aster_picorv32__DepSet_hba852829__0__Slow.cpp Vaster_multicore_aster_picorv32__DepSet_h0dde77a4__0__Slow.cpp Vaster_multicore__Syms.cpp > Vaster_multicore__ALL.cpp
g++ -Os  -I.  -MMD -I/home/elfo/tools/verilator/root/include -I/home/elfo/tools/verilator/root/include/vltstd -DVM_COVERAGE=0 -DVM_SC=0 -DVM_TRACE=0 -DVM_TRACE_FST=0 -DVM_TRACE_VCD=0 -faligned-new -fcf-protection=none -Wno-bool-operation -Wno-overloaded-virtual -Wno-shadow -Wno-sign-compare -Wno-uninitialized -Wno-unused-but-set-parameter -Wno-unused-but-set-variable -Wno-unused-parameter -Wno-unused-variable     -DASTER_HART_COUNT=2   -c -o Vaster_multicore__ALL.o Vaster_multicore__ALL.cpp
g++ -Os  -I.  -MMD -I/home/elfo/tools/verilator/root/include -I/home/elfo/tools/verilator/root/include/vltstd -DVM_COVERAGE=0 -DVM_SC=0 -DVM_TRACE=0 -DVM_TRACE_FST=0 -DVM_TRACE_VCD=0 -faligned-new -fcf-protection=none -Wno-bool-operation -Wno-overloaded-virtual -Wno-shadow -Wno-sign-compare -Wno-uninitialized -Wno-unused-but-set-parameter -Wno-unused-but-set-variable -Wno-unused-parameter -Wno-unused-variable       -c -o verilated.o /home/elfo/tools/verilator/root/include/verilated.cpp
echo "" > Vaster_multicore__ALL.verilator_deplist.tmp
Archive ar -rcs Vaster_multicore__ALL.a Vaster_multicore__ALL.o
g++     tb_aster_multicore.o verilated.o verilated_threads.o Vaster_multicore__ALL.a    -pthread -lpthread -latomic   -o /home/elfo/Documents/Aster/build/phase6-215b2d0/regressions/build/multicore_h2_l11_sync0_wait0_w4_n16/aster_multicore_sim
rm Vaster_multicore__ALL.verilator_deplist.tmp
riscv32-unknown-elf-gcc -march=rv32im -mabi=ilp32 -nostdlib -nostartfiles -nodefaultlibs -ffreestanding -Wall -Wextra -Werror -O2 -fno-pic -fno-stack-protector -msmall-data-limit=0 -Isoftware/runtime -T software/boot/link_multicore.ld -o /home/elfo/Documents/Aster/build/phase6-215b2d0/regressions/build/software/multicore_faults.elf software/runtime/start_multicore.S software/tests/multicore_faults.c
riscv32-unknown-elf-gcc -march=rv32im -mabi=ilp32 -nostdlib -nostartfiles -nodefaultlibs -ffreestanding -Wall -Wextra -Werror -O2 -fno-pic -fno-stack-protector -msmall-data-limit=0 -Isoftware/runtime -T software/boot/link_multicore.ld -o /home/elfo/Documents/Aster/build/phase6-215b2d0/regressions/build/software/multicore_reset_stress.elf software/runtime/start_multicore.S software/tests/multicore_reset_stress.c
mkdir -p /home/elfo/Documents/Aster/build/phase6-215b2d0/regressions/build/software/parallel_w64_r4_j3_p2_s0x13570000
riscv32-unknown-elf-gcc -march=rv32im -mabi=ilp32 -nostdlib -nostartfiles -nodefaultlibs -ffreestanding -Wall -Wextra -Werror -O2 -fno-pic -fno-stack-protector -msmall-data-limit=0 -Isoftware/runtime -DPARALLEL_WORDS=64 -DPARALLEL_ROUNDS=4 -DPARALLEL_JOBS=3 -DPARALLEL_WORKERS=2 -DPARALLEL_SEED=0x13570000 -T software/boot/link_multicore.ld -Wl,-Map,/home/elfo/Documents/Aster/build/phase6-215b2d0/regressions/build/software/parallel_w64_r4_j3_p2_s0x13570000/parallel.map -o /home/elfo/Documents/Aster/build/phase6-215b2d0/regressions/build/software/parallel_w64_r4_j3_p2_s0x13570000/parallel.elf software/runtime/start_multicore.S software/benchmarks/parallel_mix.c
mkdir -p /home/elfo/Documents/Aster/build/phase6-215b2d0/regressions/build/multicore_h2_l11_sync0_wait0_w4_n16
verilator --cc --exe --build --timing --Wall -DRISCV_FORMAL --Wno-DECLFILENAME --Wno-GENUNNAMED --Wno-UNUSEDSIGNAL --Wno-BLKSEQ \
	--top-module aster_multicore --Mdir /home/elfo/Documents/Aster/build/phase6-215b2d0/regressions/build/multicore_h2_l11_sync0_wait0_w4_n16/parallel_obj -o /home/elfo/Documents/Aster/build/phase6-215b2d0/regressions/build/multicore_h2_l11_sync0_wait0_w4_n16/aster_parallel_sim \
	-GHART_COUNT=2 "-GSYNC_MEMORY=1'b0" "-GENABLE_L1=1'b1" \
	-GMEMORY_WAIT_CYCLES=0 -GL1_LINE_WORDS=4 -GL1_LINE_COUNT=16 \
	/tmp/aster-phase6-verify-PHy1Sn/rtl/core/aster_picorv32.sv /tmp/aster-phase6-verify-PHy1Sn/vendor/picorv32/picorv32.v /tmp/aster-phase6-verify-PHy1Sn/rtl/cache/aster_l1_cache.sv /tmp/aster-phase6-verify-PHy1Sn/rtl/memory/aster_rom.sv /tmp/aster-phase6-verify-PHy1Sn/rtl/memory/aster_ram.sv /tmp/aster-phase6-verify-PHy1Sn/rtl/peripherals/aster_uart.sv /tmp/aster-phase6-verify-PHy1Sn/rtl/peripherals/aster_perf_counters.sv /tmp/aster-phase6-verify-PHy1Sn/rtl/interconnect/aster_arbiter2.sv /tmp/aster-phase6-verify-PHy1Sn/rtl/soc/aster_shared_fabric.sv /tmp/aster-phase6-verify-PHy1Sn/rtl/core/aster_hart.sv /tmp/aster-phase6-verify-PHy1Sn/rtl/soc/aster_multicore.sv \
	/tmp/aster-phase6-verify-PHy1Sn/verification/soc/tb_aster_parallel.cpp
make[1]: warning: jobserver unavailable: using -j1.  Add '+' to parent make rule.
g++  -I.  -MMD -I/home/elfo/tools/verilator/root/include -I/home/elfo/tools/verilator/root/include/vltstd -DVM_COVERAGE=0 -DVM_SC=0 -DVM_TRACE=0 -DVM_TRACE_FST=0 -DVM_TRACE_VCD=0 -faligned-new -fcf-protection=none -Wno-bool-operation -Wno-overloaded-virtual -Wno-shadow -Wno-sign-compare -Wno-uninitialized -Wno-unused-but-set-parameter -Wno-unused-but-set-variable -Wno-unused-parameter -Wno-unused-variable       -Os -c -o tb_aster_parallel.o /tmp/aster-phase6-verify-PHy1Sn/verification/soc/tb_aster_parallel.cpp
g++ -Os  -I.  -MMD -I/home/elfo/tools/verilator/root/include -I/home/elfo/tools/verilator/root/include/vltstd -DVM_COVERAGE=0 -DVM_SC=0 -DVM_TRACE=0 -DVM_TRACE_FST=0 -DVM_TRACE_VCD=0 -faligned-new -fcf-protection=none -Wno-bool-operation -Wno-overloaded-virtual -Wno-shadow -Wno-sign-compare -Wno-uninitialized -Wno-unused-but-set-parameter -Wno-unused-but-set-variable -Wno-unused-parameter -Wno-unused-variable       -c -o verilated_threads.o /home/elfo/tools/verilator/root/include/verilated_threads.cpp
/usr/bin/python3 /home/elfo/tools/verilator/root/bin/verilator_includer -DVL_INCLUDE_OPT=include Vaster_multicore_probe.cpp Vaster_multicore_probe___024root__DepSet_h752dbbb1__0.cpp Vaster_multicore_probe___024root__DepSet_hc8bc0555__0.cpp Vaster_multicore_probe_aster_picorv32__DepSet_h70c71e93__0.cpp Vaster_multicore_probe___024root__Slow.cpp Vaster_multicore_probe___024root__DepSet_h752dbbb1__0__Slow.cpp Vaster_multicore_probe___024root__DepSet_hc8bc0555__0__Slow.cpp Vaster_multicore_probe_aster_picorv32__Slow.cpp Vaster_multicore_probe_aster_picorv32__DepSet_h70c71e93__0__Slow.cpp Vaster_multicore_probe_aster_picorv32__DepSet_hcae56077__0__Slow.cpp Vaster_multicore_probe__Syms.cpp > Vaster_multicore_probe__ALL.cpp
g++ -Os  -I.  -MMD -I/home/elfo/tools/verilator/root/include -I/home/elfo/tools/verilator/root/include/vltstd -DVM_COVERAGE=0 -DVM_SC=0 -DVM_TRACE=0 -DVM_TRACE_FST=0 -DVM_TRACE_VCD=0 -faligned-new -fcf-protection=none -Wno-bool-operation -Wno-overloaded-virtual -Wno-shadow -Wno-sign-compare -Wno-uninitialized -Wno-unused-but-set-parameter -Wno-unused-but-set-variable -Wno-unused-parameter -Wno-unused-variable       -c -o Vaster_multicore_probe__ALL.o Vaster_multicore_probe__ALL.cpp
echo "" > Vaster_multicore_probe__ALL.verilator_deplist.tmp
Archive ar -rcs Vaster_multicore_probe__ALL.a Vaster_multicore_probe__ALL.o
g++     tb_multicore_adversarial.o verilated.o verilated_threads.o Vaster_multicore_probe__ALL.a    -pthread -lpthread -latomic   -o /home/elfo/Documents/Aster/build/phase6-215b2d0/regressions/build/adversarial_l11_sync0_wait0_w4_n16/aster_multicore_adversarial_sim
rm Vaster_multicore_probe__ALL.verilator_deplist.tmp
verilator --cc --exe --build --timing --Wall --Wno-fatal \
	--top-module aster_smoke \
	--Mdir /home/elfo/Documents/Aster/build/phase6-215b2d0/regressions/build/obj_smoke \
	-o /home/elfo/Documents/Aster/build/phase6-215b2d0/regressions/build/aster_smoke_sim \
	/tmp/aster-phase6-verify-PHy1Sn/rtl/verification/aster_smoke.sv \
	/tmp/aster-phase6-verify-PHy1Sn/verification/unit/tb_aster_smoke.cpp
make[1]: warning: jobserver unavailable: using -j1.  Add '+' to parent make rule.
g++  -I.  -MMD -I/home/elfo/tools/verilator/root/include -I/home/elfo/tools/verilator/root/include/vltstd -DVM_COVERAGE=0 -DVM_SC=0 -DVM_TRACE=0 -DVM_TRACE_FST=0 -DVM_TRACE_VCD=0 -faligned-new -fcf-protection=none -Wno-bool-operation -Wno-overloaded-virtual -Wno-shadow -Wno-sign-compare -Wno-uninitialized -Wno-unused-but-set-parameter -Wno-unused-but-set-variable -Wno-unused-parameter -Wno-unused-variable       -Os -c -o tb_aster_smoke.o /tmp/aster-phase6-verify-PHy1Sn/verification/unit/tb_aster_smoke.cpp
g++ -Os  -I.  -MMD -I/home/elfo/tools/verilator/root/include -I/home/elfo/tools/verilator/root/include/vltstd -DVM_COVERAGE=0 -DVM_SC=0 -DVM_TRACE=0 -DVM_TRACE_FST=0 -DVM_TRACE_VCD=0 -faligned-new -fcf-protection=none -Wno-bool-operation -Wno-overloaded-virtual -Wno-shadow -Wno-sign-compare -Wno-uninitialized -Wno-unused-but-set-parameter -Wno-unused-but-set-variable -Wno-unused-parameter -Wno-unused-variable       -c -o verilated.o /home/elfo/tools/verilator/root/include/verilated.cpp
g++ -Os  -I.  -MMD -I/home/elfo/tools/verilator/root/include -I/home/elfo/tools/verilator/root/include/vltstd -DVM_COVERAGE=0 -DVM_SC=0 -DVM_TRACE=0 -DVM_TRACE_FST=0 -DVM_TRACE_VCD=0 -faligned-new -fcf-protection=none -Wno-bool-operation -Wno-overloaded-virtual -Wno-shadow -Wno-sign-compare -Wno-uninitialized -Wno-unused-but-set-parameter -Wno-unused-but-set-variable -Wno-unused-parameter -Wno-unused-variable       -c -o verilated.o /home/elfo/tools/verilator/root/include/verilated.cpp
g++ -Os  -I.  -MMD -I/home/elfo/tools/verilator/root/include -I/home/elfo/tools/verilator/root/include/vltstd -DVM_COVERAGE=0 -DVM_SC=0 -DVM_TRACE=0 -DVM_TRACE_FST=0 -DVM_TRACE_VCD=0 -faligned-new -fcf-protection=none -Wno-bool-operation -Wno-overloaded-virtual -Wno-shadow -Wno-sign-compare -Wno-uninitialized -Wno-unused-but-set-parameter -Wno-unused-but-set-variable -Wno-unused-parameter -Wno-unused-variable       -c -o verilated_threads.o /home/elfo/tools/verilator/root/include/verilated_threads.cpp
g++ -Os  -I.  -MMD -I/home/elfo/tools/verilator/root/include -I/home/elfo/tools/verilator/root/include/vltstd -DVM_COVERAGE=0 -DVM_SC=0 -DVM_TRACE=0 -DVM_TRACE_FST=0 -DVM_TRACE_VCD=0 -faligned-new -fcf-protection=none -Wno-bool-operation -Wno-overloaded-virtual -Wno-shadow -Wno-sign-compare -Wno-uninitialized -Wno-unused-but-set-parameter -Wno-unused-but-set-variable -Wno-unused-parameter -Wno-unused-variable       -c -o verilated_threads.o /home/elfo/tools/verilator/root/include/verilated_threads.cpp
/usr/bin/python3 /home/elfo/tools/verilator/root/bin/verilator_includer -DVL_INCLUDE_OPT=include Vaster_multicore.cpp Vaster_multicore___024root__DepSet_h171db9e5__0.cpp Vaster_multicore___024root__DepSet_ha3570658__0.cpp Vaster_multicore_aster_picorv32__DepSet_hba852829__0.cpp Vaster_multicore___024root__Slow.cpp Vaster_multicore___024root__DepSet_h171db9e5__0__Slow.cpp Vaster_multicore___024root__DepSet_ha3570658__0__Slow.cpp Vaster_multicore_aster_picorv32__Slow.cpp Vaster_multicore_aster_picorv32__DepSet_hba852829__0__Slow.cpp Vaster_multicore_aster_picorv32__DepSet_h0dde77a4__0__Slow.cpp Vaster_multicore__Syms.cpp > Vaster_multicore__ALL.cpp
g++ -Os  -I.  -MMD -I/home/elfo/tools/verilator/root/include -I/home/elfo/tools/verilator/root/include/vltstd -DVM_COVERAGE=0 -DVM_SC=0 -DVM_TRACE=0 -DVM_TRACE_FST=0 -DVM_TRACE_VCD=0 -faligned-new -fcf-protection=none -Wno-bool-operation -Wno-overloaded-virtual -Wno-shadow -Wno-sign-compare -Wno-uninitialized -Wno-unused-but-set-parameter -Wno-unused-but-set-variable -Wno-unused-parameter -Wno-unused-variable       -c -o Vaster_multicore__ALL.o Vaster_multicore__ALL.cpp
/usr/bin/python3 /home/elfo/tools/verilator/root/bin/verilator_includer -DVL_INCLUDE_OPT=include Vaster_smoke.cpp Vaster_smoke___024root__DepSet_h7c569d73__0.cpp Vaster_smoke___024root__DepSet_h578a97ca__0.cpp Vaster_smoke___024root__Slow.cpp Vaster_smoke___024root__DepSet_h578a97ca__0__Slow.cpp Vaster_smoke__Syms.cpp > Vaster_smoke__ALL.cpp
g++ -Os  -I.  -MMD -I/home/elfo/tools/verilator/root/include -I/home/elfo/tools/verilator/root/include/vltstd -DVM_COVERAGE=0 -DVM_SC=0 -DVM_TRACE=0 -DVM_TRACE_FST=0 -DVM_TRACE_VCD=0 -faligned-new -fcf-protection=none -Wno-bool-operation -Wno-overloaded-virtual -Wno-shadow -Wno-sign-compare -Wno-uninitialized -Wno-unused-but-set-parameter -Wno-unused-but-set-variable -Wno-unused-parameter -Wno-unused-variable       -c -o Vaster_smoke__ALL.o Vaster_smoke__ALL.cpp
echo "" > Vaster_smoke__ALL.verilator_deplist.tmp
Archive ar -rcs Vaster_smoke__ALL.a Vaster_smoke__ALL.o
g++     tb_aster_smoke.o verilated.o verilated_threads.o Vaster_smoke__ALL.a    -pthread -lpthread -latomic   -o /home/elfo/Documents/Aster/build/phase6-215b2d0/regressions/build/aster_smoke_sim
rm Vaster_smoke__ALL.verilator_deplist.tmp
riscv32-unknown-elf-gcc -march=rv32im -mabi=ilp32 -nostdlib -ffreestanding -Wa,-I,/home/elfo/Documents/Aster/build/phase6-215b2d0/regressions/build/software -T software/tests/link_directed.ld \
	-Wl,--gc-sections -Wl,-Map,/home/elfo/Documents/Aster/build/phase6-215b2d0/regressions/build/software/rv32im_directed.map -o /home/elfo/Documents/Aster/build/phase6-215b2d0/regressions/build/software/rv32im_directed.elf software/tests/rv32im_directed.S
RUNTIME PASS
RUNTIME PASS
PASS: RUNTIME PASS (2 boot(s))
MEMORY MAP PASS
PASS: MEMORY MAP PASS (1 boot(s))
Trap case 0
TRAP ARMED
TRAP ARMED
PASS: TRAP ARMED (2 boot(s))
Trap case 1
TRAP ARMED
TRAP ARMED
PASS: TRAP ARMED (2 boot(s))
Trap case 2
TRAP ARMED
TRAP ARMED
PASS: TRAP ARMED (2 boot(s))
Trap case 3
TRAP ARMED
TRAP ARMED
PASS: TRAP ARMED (2 boot(s))
Trap case 4
TRAP ARMED
TRAP ARMED
PASS: TRAP ARMED (2 boot(s))
Trap case 5
TRAP ARMED
TRAP ARMED
PASS: TRAP ARMED (2 boot(s))
Trap case 6
TRAP ARMED
TRAP ARMED
PASS: TRAP ARMED (2 boot(s))
Trap case 7
TRAP ARMED
TRAP ARMED
PASS: TRAP ARMED (2 boot(s))
Trap case 8
TRAP ARMED
TRAP ARMED
PASS: TRAP ARMED (2 boot(s))
Trap case 9
TRAP ARMED
TRAP ARMED
PASS: TRAP ARMED (2 boot(s))
Trap case 10
TRAP ARMED
TRAP ARMED
PASS: TRAP ARMED (2 boot(s))
Trap case 11
TRAP ARMED
TRAP ARMED
PASS: TRAP ARMED (2 boot(s))
verilator --cc --exe --build --timing --Wall --Wno-fatal \
	-DRISCV_FORMAL --Wno-DECLFILENAME --Wno-GENUNNAMED --Wno-UNUSEDSIGNAL --Wno-BLKSEQ \
	--top-module aster_minimal \
	--Mdir /home/elfo/Documents/Aster/build/phase6-215b2d0/regressions/build/obj_hello \
	-o /home/elfo/Documents/Aster/build/phase6-215b2d0/regressions/build/aster_hello_sim \
	-GMEM_INIT_FILE=\"/home/elfo/Documents/Aster/build/phase6-215b2d0/regressions/build/software/hello.hex\" \
	/tmp/aster-phase6-verify-PHy1Sn/rtl/core/aster_picorv32.sv /tmp/aster-phase6-verify-PHy1Sn/vendor/picorv32/picorv32.v /tmp/aster-phase6-verify-PHy1Sn/rtl/cache/aster_l1_cache.sv \
	/tmp/aster-phase6-verify-PHy1Sn/rtl/memory/aster_rom.sv /tmp/aster-phase6-verify-PHy1Sn/rtl/memory/aster_ram.sv \
	/tmp/aster-phase6-verify-PHy1Sn/rtl/peripherals/aster_uart.sv /tmp/aster-phase6-verify-PHy1Sn/rtl/peripherals/aster_perf_counters.sv /tmp/aster-phase6-verify-PHy1Sn/rtl/core/aster_hart.sv /tmp/aster-phase6-verify-PHy1Sn/rtl/soc/aster_minimal.sv \
	/tmp/aster-phase6-verify-PHy1Sn/verification/soc/tb_aster_hello.cpp
make[1]: warning: jobserver unavailable: using -j1.  Add '+' to parent make rule.
g++  -I.  -MMD -I/home/elfo/tools/verilator/root/include -I/home/elfo/tools/verilator/root/include/vltstd -DVM_COVERAGE=0 -DVM_SC=0 -DVM_TRACE=0 -DVM_TRACE_FST=0 -DVM_TRACE_VCD=0 -faligned-new -fcf-protection=none -Wno-bool-operation -Wno-overloaded-virtual -Wno-shadow -Wno-sign-compare -Wno-uninitialized -Wno-unused-but-set-parameter -Wno-unused-but-set-variable -Wno-unused-parameter -Wno-unused-variable       -Os -c -o tb_aster_hello.o /tmp/aster-phase6-verify-PHy1Sn/verification/soc/tb_aster_hello.cpp
echo "" > Vaster_multicore__ALL.verilator_deplist.tmp
Archive ar -rcs Vaster_multicore__ALL.a Vaster_multicore__ALL.o
g++     tb_aster_parallel.o verilated.o verilated_threads.o Vaster_multicore__ALL.a    -pthread -lpthread -latomic   -o /home/elfo/Documents/Aster/build/phase6-215b2d0/regressions/build/multicore_h2_l11_sync0_wait0_w4_n16/aster_parallel_sim
rm Vaster_multicore__ALL.verilator_deplist.tmp
riscv32-unknown-elf-objcopy -O binary /home/elfo/Documents/Aster/build/phase6-215b2d0/regressions/build/software/bench_memcpy_w64_r4_s0x13570000/benchmark.elf /home/elfo/Documents/Aster/build/phase6-215b2d0/regressions/build/software/bench_memcpy_w64_r4_s0x13570000/benchmark.bin
python3 scripts/elf_to_hex.py --rom-bytes 65536 /home/elfo/Documents/Aster/build/phase6-215b2d0/regressions/build/software/bench_memcpy_w64_r4_s0x13570000/benchmark.elf /home/elfo/Documents/Aster/build/phase6-215b2d0/regressions/build/software/bench_memcpy_w64_r4_s0x13570000/benchmark.hex
PASS: cache scoreboard words=4 lines=16 seed=1 completed=5092 aborted=5 stalls=35198 reads=8537 writes=1642
g++ -Os  -I.  -MMD -I/home/elfo/tools/verilator/root/include -I/home/elfo/tools/verilator/root/include/vltstd -DVM_COVERAGE=0 -DVM_SC=0 -DVM_TRACE=0 -DVM_TRACE_FST=0 -DVM_TRACE_VCD=0 -faligned-new -fcf-protection=none -Wno-bool-operation -Wno-overloaded-virtual -Wno-shadow -Wno-sign-compare -Wno-uninitialized -Wno-unused-but-set-parameter -Wno-unused-but-set-variable -Wno-unused-parameter -Wno-unused-variable       -c -o verilated.o /home/elfo/tools/verilator/root/include/verilated.cpp
PASS: cache scoreboard words=4 lines=16 seed=42366 completed=5092 aborted=5 stalls=34509 reads=8100 writes=1740
PASS: cache scoreboard words=4 lines=16 seed=12648430 completed=5092 aborted=5 stalls=35790 reads=8549 writes=1672
PASS: UART FIFO backpressure, wraparound, all byte values and mid-frame reset
PASS: UART RX false starts, framing errors, reset and all 256 bytes
verilator --cc --exe --build --timing --Wall --Wno-fatal \
	-DRISCV_FORMAL --Wno-DECLFILENAME --Wno-GENUNNAMED --Wno-UNUSEDSIGNAL --Wno-BLKSEQ \
	--top-module aster_pynq_z1 \
	--Mdir /home/elfo/Documents/Aster/build/phase6-215b2d0/regressions/build/obj_pynq_z1 \
	-o /home/elfo/Documents/Aster/build/phase6-215b2d0/regressions/build/aster_pynq_z1_sim \
	-GMEM_INIT_FILE=\"/home/elfo/Documents/Aster/build/phase6-215b2d0/regressions/build/software/hello.hex\" \
	/tmp/aster-phase6-verify-PHy1Sn/rtl/core/aster_picorv32.sv /tmp/aster-phase6-verify-PHy1Sn/vendor/picorv32/picorv32.v /tmp/aster-phase6-verify-PHy1Sn/rtl/cache/aster_l1_cache.sv \
	/tmp/aster-phase6-verify-PHy1Sn/rtl/memory/aster_rom.sv /tmp/aster-phase6-verify-PHy1Sn/rtl/memory/aster_ram.sv \
	/tmp/aster-phase6-verify-PHy1Sn/rtl/peripherals/aster_uart.sv /tmp/aster-phase6-verify-PHy1Sn/rtl/peripherals/aster_perf_counters.sv /tmp/aster-phase6-verify-PHy1Sn/rtl/peripherals/aster_uart_tx.sv /tmp/aster-phase6-verify-PHy1Sn/rtl/soc/aster_pynq_z1.sv \
	/tmp/aster-phase6-verify-PHy1Sn/rtl/core/aster_hart.sv /tmp/aster-phase6-verify-PHy1Sn/rtl/soc/aster_minimal.sv /tmp/aster-phase6-verify-PHy1Sn/verification/soc/tb_pynq_z1.cpp
make[1]: warning: jobserver unavailable: using -j1.  Add '+' to parent make rule.
g++  -I.  -MMD -I/home/elfo/tools/verilator/root/include -I/home/elfo/tools/verilator/root/include/vltstd -DVM_COVERAGE=0 -DVM_SC=0 -DVM_TRACE=0 -DVM_TRACE_FST=0 -DVM_TRACE_VCD=0 -faligned-new -fcf-protection=none -Wno-bool-operation -Wno-overloaded-virtual -Wno-shadow -Wno-sign-compare -Wno-uninitialized -Wno-unused-but-set-parameter -Wno-unused-but-set-variable -Wno-unused-parameter -Wno-unused-variable       -Os -c -o tb_pynq_z1.o /tmp/aster-phase6-verify-PHy1Sn/verification/soc/tb_pynq_z1.cpp
g++ -Os  -I.  -MMD -I/home/elfo/tools/verilator/root/include -I/home/elfo/tools/verilator/root/include/vltstd -DVM_COVERAGE=0 -DVM_SC=0 -DVM_TRACE=0 -DVM_TRACE_FST=0 -DVM_TRACE_VCD=0 -faligned-new -fcf-protection=none -Wno-bool-operation -Wno-overloaded-virtual -Wno-shadow -Wno-sign-compare -Wno-uninitialized -Wno-unused-but-set-parameter -Wno-unused-but-set-variable -Wno-unused-parameter -Wno-unused-variable       -c -o verilated_threads.o /home/elfo/tools/verilator/root/include/verilated_threads.cpp
g++ -Os  -I.  -MMD -I/home/elfo/tools/verilator/root/include -I/home/elfo/tools/verilator/root/include/vltstd -DVM_COVERAGE=0 -DVM_SC=0 -DVM_TRACE=0 -DVM_TRACE_FST=0 -DVM_TRACE_VCD=0 -faligned-new -fcf-protection=none -Wno-bool-operation -Wno-overloaded-virtual -Wno-shadow -Wno-sign-compare -Wno-uninitialized -Wno-unused-but-set-parameter -Wno-unused-but-set-variable -Wno-unused-parameter -Wno-unused-variable       -c -o verilated.o /home/elfo/tools/verilator/root/include/verilated.cpp
/usr/bin/python3 /home/elfo/tools/verilator/root/bin/verilator_includer -DVL_INCLUDE_OPT=include Vaster_minimal.cpp Vaster_minimal___024root__DepSet_h32747b0f__0.cpp Vaster_minimal___024root__DepSet_h1d8fc093__0.cpp Vaster_minimal___024root__Slow.cpp Vaster_minimal___024root__DepSet_h32747b0f__0__Slow.cpp Vaster_minimal___024root__DepSet_h1d8fc093__0__Slow.cpp Vaster_minimal__Syms.cpp > Vaster_minimal__ALL.cpp
g++ -Os  -I.  -MMD -I/home/elfo/tools/verilator/root/include -I/home/elfo/tools/verilator/root/include/vltstd -DVM_COVERAGE=0 -DVM_SC=0 -DVM_TRACE=0 -DVM_TRACE_FST=0 -DVM_TRACE_VCD=0 -faligned-new -fcf-protection=none -Wno-bool-operation -Wno-overloaded-virtual -Wno-shadow -Wno-sign-compare -Wno-uninitialized -Wno-unused-but-set-parameter -Wno-unused-but-set-variable -Wno-unused-parameter -Wno-unused-variable       -c -o Vaster_minimal__ALL.o Vaster_minimal__ALL.cpp
echo "" > Vaster_minimal__ALL.verilator_deplist.tmp
Archive ar -rcs Vaster_minimal__ALL.a Vaster_minimal__ALL.o
g++     tb_aster_hello.o verilated.o verilated_threads.o Vaster_minimal__ALL.a    -pthread -lpthread -latomic   -o /home/elfo/Documents/Aster/build/phase6-215b2d0/regressions/build/aster_hello_sim
rm Vaster_minimal__ALL.verilator_deplist.tmp
PASS: Linux AXI boot + UART serial capture (17 bytes)
PASS: Linux AXI boot + UART serial capture (17 bytes)
PASS: Linux AXI boot + UART serial capture (1060 bytes)
PASS: Linux AXI boot + UART serial capture (1060 bytes)
g++ -Os  -I.  -MMD -I/home/elfo/tools/verilator/root/include -I/home/elfo/tools/verilator/root/include/vltstd -DVM_COVERAGE=0 -DVM_SC=0 -DVM_TRACE=0 -DVM_TRACE_FST=0 -DVM_TRACE_VCD=0 -faligned-new -fcf-protection=none -Wno-bool-operation -Wno-overloaded-virtual -Wno-shadow -Wno-sign-compare -Wno-uninitialized -Wno-unused-but-set-parameter -Wno-unused-but-set-variable -Wno-unused-parameter -Wno-unused-variable       -c -o verilated_threads.o /home/elfo/tools/verilator/root/include/verilated_threads.cpp
PASS: Linux AXI boot + UART serial capture (443 bytes)
PASS: Linux AXI boot + UART serial capture (443 bytes)
/usr/bin/python3 /home/elfo/tools/verilator/root/bin/verilator_includer -DVL_INCLUDE_OPT=include Vaster_pynq_z1.cpp Vaster_pynq_z1___024root__DepSet_h28096f94__0.cpp Vaster_pynq_z1___024root__DepSet_h5729cf8c__0.cpp Vaster_pynq_z1___024root__Slow.cpp Vaster_pynq_z1___024root__DepSet_h28096f94__0__Slow.cpp Vaster_pynq_z1___024root__DepSet_h5729cf8c__0__Slow.cpp Vaster_pynq_z1__Syms.cpp > Vaster_pynq_z1__ALL.cpp
g++ -Os  -I.  -MMD -I/home/elfo/tools/verilator/root/include -I/home/elfo/tools/verilator/root/include/vltstd -DVM_COVERAGE=0 -DVM_SC=0 -DVM_TRACE=0 -DVM_TRACE_FST=0 -DVM_TRACE_VCD=0 -faligned-new -fcf-protection=none -Wno-bool-operation -Wno-overloaded-virtual -Wno-shadow -Wno-sign-compare -Wno-uninitialized -Wno-unused-but-set-parameter -Wno-unused-but-set-variable -Wno-unused-parameter -Wno-unused-variable       -c -o Vaster_pynq_z1__ALL.o Vaster_pynq_z1__ALL.cpp
PASS: dual Linux AXI/serial runtime boot=0 jobs=1 workers=2 bytes=23 h0_retired=168444 h1_retired=1563
PASS: dual Linux AXI/serial runtime boot=1 jobs=1 workers=2 bytes=23 h0_retired=168444 h1_retired=1563
mkdir -p /home/elfo/Documents/Aster/build/phase6-215b2d0/regressions/build/software/parallel_w64_r4_j3_p1_s0x13570000
riscv32-unknown-elf-gcc -march=rv32im -mabi=ilp32 -nostdlib -nostartfiles -nodefaultlibs -ffreestanding -Wall -Wextra -Werror -O2 -fno-pic -fno-stack-protector -msmall-data-limit=0 -Isoftware/runtime -DPARALLEL_WORDS=64 -DPARALLEL_ROUNDS=4 -DPARALLEL_JOBS=3 -DPARALLEL_WORKERS=1 -DPARALLEL_SEED=0x13570000 -T software/boot/link_multicore.ld -Wl,-Map,/home/elfo/Documents/Aster/build/phase6-215b2d0/regressions/build/software/parallel_w64_r4_j3_p1_s0x13570000/parallel.map -o /home/elfo/Documents/Aster/build/phase6-215b2d0/regressions/build/software/parallel_w64_r4_j3_p1_s0x13570000/parallel.elf software/runtime/start_multicore.S software/benchmarks/parallel_mix.c
python3 scripts/elf_to_hex.py --rom-bytes 65536 /home/elfo/Documents/Aster/build/phase6-215b2d0/regressions/build/software/parallel_w64_r4_j3_p1_s0x13570000/parallel.elf /home/elfo/Documents/Aster/build/phase6-215b2d0/regressions/build/software/parallel_w64_r4_j3_p1_s0x13570000/parallel.hex
echo "" > Vaster_pynq_z1__ALL.verilator_deplist.tmp
Archive ar -rcs Vaster_pynq_z1__ALL.a Vaster_pynq_z1__ALL.o
g++     tb_pynq_z1.o verilated.o verilated_threads.o Vaster_pynq_z1__ALL.a    -pthread -lpthread -latomic   -o /home/elfo/Documents/Aster/build/phase6-215b2d0/regressions/build/aster_pynq_z1_sim
rm Vaster_pynq_z1__ALL.verilator_deplist.tmp
PASS: dual Linux AXI/serial parallel boot=0 jobs=3 workers=1 bytes=2712 h0_retired=66602 h1_retired=0
PASS: dual Linux AXI/serial parallel boot=1 jobs=3 workers=1 bytes=2712 h0_retired=66602 h1_retired=0
python3 scripts/elf_to_hex.py --rom-bytes 65536 /home/elfo/Documents/Aster/build/phase6-215b2d0/regressions/build/software/parallel_w64_r4_j3_p2_s0x13570000/parallel.elf /home/elfo/Documents/Aster/build/phase6-215b2d0/regressions/build/software/parallel_w64_r4_j3_p2_s0x13570000/parallel.hex
PASS: coherent AXI/serial runtime harts=2 cache=1 boot=0 bytes=65 retired=35602,15674 retained_RAM=65536
PASS: coherent AXI/serial runtime harts=2 cache=1 boot=1 bytes=65 retired=35600,15672 retained_RAM=65536
PASS: coherent AXI stop/boot/RAM gates, split channels, held replies, fault diagnostics, full-UART stop; snapshots=6 observed_stores=16154
PASS: coherent AXI/serial lifecycle harts=2 cache=1 boot=0 bytes=24 retired=53636,6476 retained_RAM=65536
PASS: coherent AXI/serial lifecycle harts=2 cache=1 boot=1 bytes=24 retired=53634,6476 retained_RAM=65536
PASS: coherent AXI stop/boot/RAM gates, split channels, held replies, fault diagnostics, full-UART stop; snapshots=6 observed_stores=1824
PASS: counters/events, command strobes, freeze/resume, reset and 64-bit rollover
PASS: exact RVFI retirement, no fault side effects, six traps, four latencies and warm reset
PASS: dual Linux AXI/serial parallel boot=0 jobs=3 workers=2 bytes=2715 h0_retired=61544 h1_retired=72676
PASS: dual Linux AXI/serial parallel boot=1 jobs=3 workers=2 bytes=2715 h0_retired=61544 h1_retired=72676
PASS: RV32A uncached fabric seed=1: 57183 operations, 70026 backing transfers, 36945 committed stores, SC=4857/378 success/failure, 1406177 stalled cycles
PASS: PCPI real-core boundary: 4744 programs, 4072 command responses, 3544 exactly-once completions, 24 destructive reset probes, 84791 overlapping native-fetch cycles; seed=0xa57e6
PASS: PCPI adapter: 32768 decode combinations, 44 stalled/held-response transactions
PASS: RV32A uncached fabric seed=677862: 57108 operations, 69962 backing transfers, 36926 committed stores, SC=4806/354 success/failure, 1401425 stalled cycles
PASS: RV32A uncached fabric seed=12648430: 57124 operations, 70114 backing transfers, 36858 committed stores, SC=4755/421 success/failure, 1398620 stalled cycles
PASS: integrated RV32A faults cache=0 programs=3432; both real harts, all A/order bits, misalignment/access/.D, SC with/without LR, no fault effects/retirement
PASS: coherent cache enabled=1 geometry=4x16 seed=1 requests=12428 backing=35872/33088 read/write stalled=652313 flushes=140 interventions=2115
PASS: coherent cache enabled=1 geometry=4x16 seed=788198 requests=12428 backing=35766/33032 read/write stalled=648862 flushes=140 interventions=1873
PASS: coherent cache enabled=1 geometry=4x16 seed=12648430 requests=12428 backing=36135/33360 read/write stalled=657018 flushes=140 interventions=2018
PASS: warm-stop sequencing cases=34; drain, response settlement, held flush, selective/global stop, escalation/restart
PASS: ABI 4 fourteen-counter scoreboard, common command edges, frozen reads, metadata, 32/64-bit carry
PASS: compiled RV32IMA runtime harts=2 cache=0 latency=0 boot=0 jobs=3 cycles=318981 retired=33323,12667 A-retired=3605,2307 SC=1537/2
PASS: compiled RV32IMA runtime harts=2 cache=0 latency=0 boot=1 jobs=3 cycles=318981 retired=33323,12667 A-retired=3605,2307 SC=1537/2
PASS: compiled RV32IMA runtime harts=2 cache=0 latency=1 boot=0 jobs=3 cycles=386071 retired=33273,12616 A-retired=3605,2307 SC=1537/2
PASS: compiled RV32IMA runtime harts=2 cache=0 latency=1 boot=1 jobs=3 cycles=386071 retired=33273,12616 A-retired=3605,2307 SC=1537/2
PASS: compiled RV32IMA runtime harts=2 cache=0 latency=19 boot=0 jobs=3 cycles=1593908 retired=33116,12460 A-retired=3605,2307 SC=1537/2
PASS: compiled RV32IMA runtime harts=2 cache=0 latency=19 boot=1 jobs=3 cycles=1593908 retired=33116,12460 A-retired=3605,2307 SC=1537/2
PASS: compiled RV32IMA runtime harts=2 cache=0 latency=-1 boot=0 jobs=3 cycles=1395059 retired=33119,12463 A-retired=3605,2307 SC=1537/2
PASS: compiled RV32IMA runtime harts=2 cache=0 latency=-1 boot=1 jobs=3 cycles=1394970 retired=33122,12466 A-retired=3605,2307 SC=1537/2
python3 scripts/elf_to_hex.py --rom-bytes 65536 /home/elfo/Documents/Aster/build/phase6-215b2d0/regressions/build/software/coherent_atomic_add_i64_r4_j3_p2_s0x13570000/coherent.elf /home/elfo/Documents/Aster/build/phase6-215b2d0/regressions/build/software/coherent_atomic_add_i64_r4_j3_p2_s0x13570000/coherent.hex
python3 scripts/elf_to_hex.py --rom-bytes 65536 /home/elfo/Documents/Aster/build/phase6-215b2d0/regressions/build/software/riscv_reference/amoand_w_h0.elf /home/elfo/Documents/Aster/build/phase6-215b2d0/regressions/build/software/riscv_reference/amoand_w_h0.hex
python3 scripts/elf_to_hex.py --rom-bytes 65536 /home/elfo/Documents/Aster/build/phase6-215b2d0/regressions/build/software/riscv_reference/amomax_w_h0.elf /home/elfo/Documents/Aster/build/phase6-215b2d0/regressions/build/software/riscv_reference/amomax_w_h0.hex
PASS: coherent SoC runtime harts=2 caches=1 wait=0 jobs=3 cycles=288041 retired=33099,13029 safe RAM snapshot=65536 bytes
PASS: coherent SoC runtime harts=2 caches=1 wait=0 jobs=3 cycles=288041 retired=33099,13029 safe RAM snapshot=65536 bytes
PASS: coherent SoC adversarial warm stop point=0 all acknowledged RAM retained, reservations cleared
PASS: coherent SoC adversarial warm stop point=1 all acknowledged RAM retained, reservations cleared
PASS: coherent SoC adversarial warm stop point=2 all acknowledged RAM retained, reservations cleared
PASS: coherent SoC adversarial warm stop point=3 all acknowledged RAM retained, reservations cleared
PASS: coherent SoC adversarial warm stop point=4 all acknowledged RAM retained, reservations cleared
PASS: coherent SoC adversarial warm stop point=5 all acknowledged RAM retained, reservations cleared
PASS: coherent SoC adversarial warm stop point=6 all acknowledged RAM retained, reservations cleared
PASS: coherent SoC adversarial warm stop point=7 all acknowledged RAM retained, reservations cleared
PASS: coherent SoC adversarial warm stop point=8 all acknowledged RAM retained, reservations cleared
PASS: coherent SoC runtime harts=2 caches=1 wait=0 jobs=3 cycles=288040 retired=33099,13029 safe RAM snapshot=65536 bytes
PASS: coherent SoC closeout stops=12 architectural stores=34735; no destructive reset used after initial POR
python3 scripts/elf_to_hex.py --rom-bytes 65536 /home/elfo/Documents/Aster/build/phase6-215b2d0/regressions/build/software/riscv_reference/amomaxu_w_h0.elf /home/elfo/Documents/Aster/build/phase6-215b2d0/regressions/build/software/riscv_reference/amomaxu_w_h0.hex
python3 scripts/elf_to_hex.py --rom-bytes 65536 /home/elfo/Documents/Aster/build/phase6-215b2d0/regressions/build/software/riscv_reference/amomin_w_h0.elf /home/elfo/Documents/Aster/build/phase6-215b2d0/regressions/build/software/riscv_reference/amomin_w_h0.hex
python3 scripts/elf_to_hex.py --rom-bytes 65536 /home/elfo/Documents/Aster/build/phase6-215b2d0/regressions/build/software/riscv_reference/amominu_w_h0.elf /home/elfo/Documents/Aster/build/phase6-215b2d0/regressions/build/software/riscv_reference/amominu_w_h0.hex
python3 scripts/elf_to_hex.py --rom-bytes 65536 /home/elfo/Documents/Aster/build/phase6-215b2d0/regressions/build/software/riscv_reference/amoor_w_h0.elf /home/elfo/Documents/Aster/build/phase6-215b2d0/regressions/build/software/riscv_reference/amoor_w_h0.hex
python3 scripts/elf_to_hex.py --rom-bytes 65536 /home/elfo/Documents/Aster/build/phase6-215b2d0/regressions/build/software/riscv_reference/amoswap_w_h0.elf /home/elfo/Documents/Aster/build/phase6-215b2d0/regressions/build/software/riscv_reference/amoswap_w_h0.hex
python3 scripts/elf_to_hex.py --rom-bytes 65536 /home/elfo/Documents/Aster/build/phase6-215b2d0/regressions/build/software/riscv_reference/amoxor_w_h0.elf /home/elfo/Documents/Aster/build/phase6-215b2d0/regressions/build/software/riscv_reference/amoxor_w_h0.hex
python3 scripts/elf_to_hex.py --rom-bytes 65536 /home/elfo/Documents/Aster/build/phase6-215b2d0/regressions/build/software/riscv_reference/lrsc_h0.elf /home/elfo/Documents/Aster/build/phase6-215b2d0/regressions/build/software/riscv_reference/lrsc_h0.hex
python3 scripts/elf_to_hex.py --rom-bytes 65536 /home/elfo/Documents/Aster/build/phase6-215b2d0/regressions/build/software/riscv_reference/amoand_w_h1.elf /home/elfo/Documents/Aster/build/phase6-215b2d0/regressions/build/software/riscv_reference/amoand_w_h1.hex
python3 scripts/elf_to_hex.py --rom-bytes 65536 /home/elfo/Documents/Aster/build/phase6-215b2d0/regressions/build/software/riscv_reference/amomax_w_h1.elf /home/elfo/Documents/Aster/build/phase6-215b2d0/regressions/build/software/riscv_reference/amomax_w_h1.hex
python3 scripts/elf_to_hex.py --rom-bytes 65536 /home/elfo/Documents/Aster/build/phase6-215b2d0/regressions/build/software/riscv_reference/amomaxu_w_h1.elf /home/elfo/Documents/Aster/build/phase6-215b2d0/regressions/build/software/riscv_reference/amomaxu_w_h1.hex
python3 scripts/elf_to_hex.py --rom-bytes 65536 /home/elfo/Documents/Aster/build/phase6-215b2d0/regressions/build/software/riscv_reference/amomin_w_h1.elf /home/elfo/Documents/Aster/build/phase6-215b2d0/regressions/build/software/riscv_reference/amomin_w_h1.hex
python3 scripts/elf_to_hex.py --rom-bytes 65536 /home/elfo/Documents/Aster/build/phase6-215b2d0/regressions/build/software/riscv_reference/amominu_w_h1.elf /home/elfo/Documents/Aster/build/phase6-215b2d0/regressions/build/software/riscv_reference/amominu_w_h1.hex
python3 scripts/elf_to_hex.py --rom-bytes 65536 /home/elfo/Documents/Aster/build/phase6-215b2d0/regressions/build/software/riscv_reference/amoor_w_h1.elf /home/elfo/Documents/Aster/build/phase6-215b2d0/regressions/build/software/riscv_reference/amoor_w_h1.hex
PASS: coherent SoC lifecycle harts=2 caches=1 wait=0 jobs=1 cycles=78545 retired=13640,6262 safe RAM snapshot=65536 bytes
PASS: coherent SoC lifecycle harts=2 caches=1 wait=0 jobs=1 cycles=78545 retired=13640,6262 safe RAM snapshot=65536 bytes
PASS: coherent SoC lifecycle harts=2 caches=1 wait=0 jobs=1 cycles=78546 retired=13640,6262 safe RAM snapshot=65536 bytes
PASS: coherent SoC closeout stops=3 architectural stores=2733; no destructive reset used after initial POR
python3 scripts/elf_to_hex.py --rom-bytes 65536 /home/elfo/Documents/Aster/build/phase6-215b2d0/regressions/build/software/riscv_reference/amoswap_w_h1.elf /home/elfo/Documents/Aster/build/phase6-215b2d0/regressions/build/software/riscv_reference/amoswap_w_h1.hex
python3 scripts/elf_to_hex.py --rom-bytes 65536 /home/elfo/Documents/Aster/build/phase6-215b2d0/regressions/build/software/riscv_reference/amoxor_w_h1.elf /home/elfo/Documents/Aster/build/phase6-215b2d0/regressions/build/software/riscv_reference/amoxor_w_h1.hex
python3 scripts/elf_to_hex.py --rom-bytes 65536 /home/elfo/Documents/Aster/build/phase6-215b2d0/regressions/build/software/riscv_reference/lrsc_h1.elf /home/elfo/Documents/Aster/build/phase6-215b2d0/regressions/build/software/riscv_reference/lrsc_h1.hex
python3 scripts/elf_to_hex.py --rom-bytes 65536 /home/elfo/Documents/Aster/build/phase6-215b2d0/regressions/build/software/litmus_e128_n64_s0xa57e6/litmus.elf /home/elfo/Documents/Aster/build/phase6-215b2d0/regressions/build/software/litmus_e128_n64_s0xa57e6/litmus.hex
PASS: upstream negative comparison hart=0, original test_2 fail path detected; vendor unchanged
PASS: arbiter seed=1 completions=10733 hart0=5390 hart1=5343 stores=8086 aborted=92 simultaneous=10503 stalled=89395 identical=128
PASS: arbiter seed=42366 completions=10686 hart0=5356 hart1=5330 stores=8011 aborted=90 simultaneous=10437 stalled=89437 identical=128
PASS: upstream negative comparison hart=1, original test_2 fail path detected; vendor unchanged
PASS: arbiter seed=12648430 completions=10692 hart0=5359 hart1=5333 stores=8091 aborted=90 simultaneous=10438 stalled=89446 identical=128
PASS: shared fabric harts=2 seed=1 transfers=76049 dual_pending=41479 denied=23635 memory_wait=0
MULTICORE RUNTIME PASS
PASS: runtime boot=0 hart0_retired=1612 hart1_retired=1474 hart0_pcs=195 hart1_pcs=115
MULTICORE RUNTIME PASS
PASS: runtime boot=1 hart0_retired=1612 hart1_retired=1474 hart0_pcs=195 hart1_pcs=115
python3 scripts/elf_to_hex.py --rom-bytes 65536 /home/elfo/Documents/Aster/build/phase6-215b2d0/regressions/build/software/multicore_faults.elf /home/elfo/Documents/Aster/build/phase6-215b2d0/regressions/build/software/multicore_faults.hex
PASS: shared fabric harts=2 seed=42366 transfers=76116 dual_pending=41449 denied=23390 memory_wait=0
PASS: shared fabric harts=2 seed=12648430 transfers=76118 dual_pending=41417 denied=23520 memory_wait=0
python3 scripts/elf_to_hex.py --rom-bytes 65536 /home/elfo/Documents/Aster/build/phase6-215b2d0/regressions/build/software/multicore_reset_stress.elf /home/elfo/Documents/Aster/build/phase6-215b2d0/regressions/build/software/multicore_reset_stress.hex
python3 scripts/elf_to_hex.py --rom-bytes 65536 /home/elfo/Documents/Aster/build/phase6-215b2d0/regressions/build/software/parallel_w64_r4_j3_p2_s0x13570000/parallel.elf /home/elfo/Documents/Aster/build/phase6-215b2d0/regressions/build/software/parallel_w64_r4_j3_p2_s0x13570000/parallel.hex
PASS: Aster Verilator smoke test (16 cycles)
riscv32-unknown-elf-objcopy -O binary /home/elfo/Documents/Aster/build/phase6-215b2d0/regressions/build/software/rv32im_directed.elf /home/elfo/Documents/Aster/build/phase6-215b2d0/regressions/build/software/rv32im_directed.bin
python3 scripts/elf_to_hex.py --rom-bytes 65536 /home/elfo/Documents/Aster/build/phase6-215b2d0/regressions/build/software/rv32im_directed.elf /home/elfo/Documents/Aster/build/phase6-215b2d0/regressions/build/software/rv32im_directed.hex
Hello from Aster
PASS: Hello from Aster reached the simulated UART
ASTERBENCH,version=2,name=memcpy,bytes=256,repetitions=4,seed=0x13570000,status=PASS,checksum=0xc4be3200,clock_hz=31250000,l1=1,sync_memory=0,line_words=4,line_count=16,memory_wait=0,cycles=0x0000000000001e93,retired=0x0000000000000611,memory_transactions=0x0000000000000910,backing_transactions=0x000000000000014c,cache_accesses=0x0000000000000910,cache_misses=0x0000000000000113,dma_bytes=0x0000000000000000,accelerator_cycles=0x0000000000000000
PASS: strict AsterBench v2 record
PASS: L1 cache refill, hit, byte-write, eviction and bypass tests
PASS: PYNQ-Z1 UART serial decode (17 bytes)
PASS: PYNQ-Z1 UART serial decode (17 bytes)
ASTERBOOT 1
ASTERBENCH,version=4,name=atomic_add,window=dispatch_work_join,status=PASS,items=64,rounds=4,jobs=3,job=1,base_seed=0x13570000,seed=0x8d6079b9,harts=2,workers=2,h0_units=32,h1_units=32,result0=0x00000040,result1=0x000007e0,checksum=0x000007e0,errors=0,clock_hz=31250000,l1=1,sync_memory=0,line_words=4,line_count=16,memory_wait=0,counter0_addr=0x00000000,counter1_addr=0x00000000,h0_cycles=0x0000000000000912,h0_retired=0x00000000000000f3,h0_memory=0x0000000000000165,h0_i_access=0x0000000000000128,h0_i_miss=0x000000000000000a,h0_d_access=0x000000000000005b,h0_d_miss=0x0000000000000010,h0_backing=0x00000000000000b0,h0_atomic=0x0000000000000020,h0_sc_success=0x0000000000000000,h0_sc_failure=0x0000000000000000,h0_intervention=0x000000000000000e,h0_invalidation=0x000000000000000e,h0_writeback=0x0000000000000048,h1_cycles=0x0000000000000912,h1_retired=0x00000000000000cd,h1_memory=0x000000000000011b,h1_i_access=0x00000000000000f1,h1_i_miss=0x0000000000000012,h1_d_access=0x0000000000000049,h1_d_miss=0x0000000000000012,h1_backing=0x00000000000000c8,h1_atomic=0x0000000000000020,h1_sc_success=0x0000000000000000,h1_sc_failure=0x0000000000000000,h1_intervention=0x0000000000000010,h1_invalidation=0x0000000000000010,h1_writeback=0x0000000000000038
COHERENT_OBS {"boot":1,"job":1,"counters":[[2322,243,357,296,10,91,16,176,32,0,0,14,14,72],[2322,205,283,241,18,73,18,200,32,0,0,16,16,56]],"kernel_retired":[147,149],"kernel_first":[159,755],"kernel_last":[1644,2224]}
ASTERBENCH,version=4,name=atomic_add,window=dispatch_work_join,status=PASS,items=64,rounds=4,jobs=3,job=2,base_seed=0x13570000,seed=0x2f39f372,harts=2,workers=2,h0_units=32,h1_units=32,result0=0x00000040,result1=0x000007e0,checksum=0x000007e0,errors=0,clock_hz=31250000,l1=1,sync_memory=0,line_words=4,line_count=16,memory_wait=0,counter0_addr=0x00000000,counter1_addr=0x00000000,h0_cycles=0x0000000000000912,h0_retired=0x00000000000000f3,h0_memory=0x0000000000000165,h0_i_access=0x0000000000000128,h0_i_miss=0x000000000000000a,h0_d_access=0x000000000000005b,h0_d_miss=0x0000000000000010,h0_backing=0x00000000000000b0,h0_atomic=0x0000000000000020,h0_sc_success=0x0000000000000000,h0_sc_failure=0x0000000000000000,h0_intervention=0x000000000000000e,h0_invalidation=0x000000000000000e,h0_writeback=0x0000000000000048,h1_cycles=0x0000000000000912,h1_retired=0x00000000000000cd,h1_memory=0x000000000000011b,h1_i_access=0x00000000000000f1,h1_i_miss=0x0000000000000012,h1_d_access=0x0000000000000049,h1_d_miss=0x0000000000000012,h1_backing=0x00000000000000c8,h1_atomic=0x0000000000000020,h1_sc_success=0x0000000000000000,h1_sc_failure=0x0000000000000000,h1_intervention=0x0000000000000010,h1_invalidation=0x0000000000000010,h1_writeback=0x0000000000000038
COHERENT_OBS {"boot":1,"job":2,"counters":[[2322,243,357,296,10,91,16,176,32,0,0,14,14,72],[2322,205,283,241,18,73,18,200,32,0,0,16,16,56]],"kernel_retired":[147,149],"kernel_first":[159,755],"kernel_last":[1644,2224]}
ASTERBENCH,version=4,name=atomic_add,window=dispatch_work_join,status=PASS,items=64,rounds=4,jobs=3,job=3,base_seed=0x13570000,seed=0xc9f16d2b,harts=2,workers=2,h0_units=32,h1_units=32,result0=0x00000040,result1=0x000007e0,checksum=0x000007e0,errors=0,clock_hz=31250000,l1=1,sync_memory=0,line_words=4,line_count=16,memory_wait=0,counter0_addr=0x00000000,counter1_addr=0x00000000,h0_cycles=0x0000000000000912,h0_retired=0x00000000000000f3,h0_memory=0x0000000000000165,h0_i_access=0x0000000000000128,h0_i_miss=0x000000000000000a,h0_d_access=0x000000000000005b,h0_d_miss=0x0000000000000010,h0_backing=0x00000000000000b0,h0_atomic=0x0000000000000020,h0_sc_success=0x0000000000000000,h0_sc_failure=0x0000000000000000,h0_intervention=0x000000000000000e,h0_invalidation=0x000000000000000e,h0_writeback=0x0000000000000048,h1_cycles=0x0000000000000912,h1_retired=0x00000000000000cd,h1_memory=0x000000000000011b,h1_i_access=0x00000000000000f1,h1_i_miss=0x0000000000000012,h1_d_access=0x0000000000000049,h1_d_miss=0x0000000000000012,h1_backing=0x00000000000000c8,h1_atomic=0x0000000000000020,h1_sc_success=0x0000000000000000,h1_sc_failure=0x0000000000000000,h1_intervention=0x0000000000000010,h1_invalidation=0x0000000000000010,h1_writeback=0x0000000000000038
COHERENT_OBS {"boot":1,"job":3,"counters":[[2322,243,357,296,10,91,16,176,32,0,0,14,14,72],[2322,205,283,241,18,73,18,200,32,0,0,16,16,56]],"kernel_retired":[147,149],"kernel_first":[159,755],"kernel_last":[1644,2224]}
ASTERSTOP {"boot":1,"jobs":3,"ram_bytes":65536,"stores":4872,"lifetime_retired":[41228,3135]}
ASTERBOOT 2
ASTERBENCH,version=4,name=atomic_add,window=dispatch_work_join,status=PASS,items=64,rounds=4,jobs=3,job=1,base_seed=0x13570000,seed=0x8d6079b9,harts=2,workers=2,h0_units=32,h1_units=32,result0=0x00000040,result1=0x000007e0,checksum=0x000007e0,errors=0,clock_hz=31250000,l1=1,sync_memory=0,line_words=4,line_count=16,memory_wait=0,counter0_addr=0x00000000,counter1_addr=0x00000000,h0_cycles=0x0000000000000912,h0_retired=0x00000000000000f3,h0_memory=0x0000000000000165,h0_i_access=0x0000000000000128,h0_i_miss=0x000000000000000a,h0_d_access=0x000000000000005b,h0_d_miss=0x0000000000000010,h0_backing=0x00000000000000b0,h0_atomic=0x0000000000000020,h0_sc_success=0x0000000000000000,h0_sc_failure=0x0000000000000000,h0_intervention=0x000000000000000e,h0_invalidation=0x000000000000000e,h0_writeback=0x0000000000000048,h1_cycles=0x0000000000000912,h1_retired=0x00000000000000cd,h1_memory=0x000000000000011b,h1_i_access=0x00000000000000f1,h1_i_miss=0x0000000000000012,h1_d_access=0x0000000000000049,h1_d_miss=0x0000000000000012,h1_backing=0x00000000000000c8,h1_atomic=0x0000000000000020,h1_sc_success=0x0000000000000000,h1_sc_failure=0x0000000000000000,h1_intervention=0x0000000000000010,h1_invalidation=0x0000000000000010,h1_writeback=0x0000000000000038
COHERENT_OBS {"boot":2,"job":1,"counters":[[2322,243,357,296,10,91,16,176,32,0,0,14,14,72],[2322,205,283,241,18,73,18,200,32,0,0,16,16,56]],"kernel_retired":[147,149],"kernel_first":[159,755],"kernel_last":[1644,2224]}
ASTERBENCH,version=4,name=atomic_add,window=dispatch_work_join,status=PASS,items=64,rounds=4,jobs=3,job=2,base_seed=0x13570000,seed=0x2f39f372,harts=2,workers=2,h0_units=32,h1_units=32,result0=0x00000040,result1=0x000007e0,checksum=0x000007e0,errors=0,clock_hz=31250000,l1=1,sync_memory=0,line_words=4,line_count=16,memory_wait=0,counter0_addr=0x00000000,counter1_addr=0x00000000,h0_cycles=0x0000000000000912,h0_retired=0x00000000000000f3,h0_memory=0x0000000000000165,h0_i_access=0x0000000000000128,h0_i_miss=0x000000000000000a,h0_d_access=0x000000000000005b,h0_d_miss=0x0000000000000010,h0_backing=0x00000000000000b0,h0_atomic=0x0000000000000020,h0_sc_success=0x0000000000000000,h0_sc_failure=0x0000000000000000,h0_intervention=0x000000000000000e,h0_invalidation=0x000000000000000e,h0_writeback=0x0000000000000048,h1_cycles=0x0000000000000912,h1_retired=0x00000000000000cd,h1_memory=0x000000000000011b,h1_i_access=0x00000000000000f1,h1_i_miss=0x0000000000000012,h1_d_access=0x0000000000000049,h1_d_miss=0x0000000000000012,h1_backing=0x00000000000000c8,h1_atomic=0x0000000000000020,h1_sc_success=0x0000000000000000,h1_sc_failure=0x0000000000000000,h1_intervention=0x0000000000000010,h1_invalidation=0x0000000000000010,h1_writeback=0x0000000000000038
COHERENT_OBS {"boot":2,"job":2,"counters":[[2322,243,357,296,10,91,16,176,32,0,0,14,14,72],[2322,205,283,241,18,73,18,200,32,0,0,16,16,56]],"kernel_retired":[147,149],"kernel_first":[159,755],"kernel_last":[1644,2224]}
ASTERBENCH,version=4,name=atomic_add,window=dispatch_work_join,status=PASS,items=64,rounds=4,jobs=3,job=3,base_seed=0x13570000,seed=0xc9f16d2b,harts=2,workers=2,h0_units=32,h1_units=32,result0=0x00000040,result1=0x000007e0,checksum=0x000007e0,errors=0,clock_hz=31250000,l1=1,sync_memory=0,line_words=4,line_count=16,memory_wait=0,counter0_addr=0x00000000,counter1_addr=0x00000000,h0_cycles=0x0000000000000912,h0_retired=0x00000000000000f3,h0_memory=0x0000000000000165,h0_i_access=0x0000000000000128,h0_i_miss=0x000000000000000a,h0_d_access=0x000000000000005b,h0_d_miss=0x0000000000000010,h0_backing=0x00000000000000b0,h0_atomic=0x0000000000000020,h0_sc_success=0x0000000000000000,h0_sc_failure=0x0000000000000000,h0_intervention=0x000000000000000e,h0_invalidation=0x000000000000000e,h0_writeback=0x0000000000000048,h1_cycles=0x0000000000000912,h1_retired=0x00000000000000cd,h1_memory=0x000000000000011b,h1_i_access=0x00000000000000f1,h1_i_miss=0x0000000000000012,h1_d_access=0x0000000000000049,h1_d_miss=0x0000000000000012,h1_backing=0x00000000000000c8,h1_atomic=0x0000000000000020,h1_sc_success=0x0000000000000000,h1_sc_failure=0x0000000000000000,h1_intervention=0x0000000000000010,h1_invalidation=0x0000000000000010,h1_writeback=0x0000000000000038
COHERENT_OBS {"boot":2,"job":3,"counters":[[2322,243,357,296,10,91,16,176,32,0,0,14,14,72],[2322,205,283,241,18,73,18,200,32,0,0,16,16,56]],"kernel_retired":[147,149],"kernel_first":[159,755],"kernel_last":[1644,2224]}
ASTERSTOP {"boot":2,"jobs":3,"ram_bytes":65536,"stores":4872,"lifetime_retired":[41228,3135]}
PASS: coherent benchmark boots=2 jobs=6; exact 14-counter/hart windows, independent full outputs, retained RAM
PASS: pinned RV32UA test=amoadd_w hart=0 boot=1 cases=4 body_retired=27 cycles=1011 stores=13 retained_ram=65536
PASS: pinned RV32UA test=amoadd_w hart=0 boot=2 cases=4 body_retired=27 cycles=1011 stores=13 retained_ram=65536
PASS: pinned RV32UA test=amoadd_w hart=1 boot=1 cases=4 body_retired=27 cycles=1229 stores=13 retained_ram=65536
PASS: pinned RV32UA test=amoadd_w hart=1 boot=2 cases=4 body_retired=27 cycles=1229 stores=13 retained_ram=65536
PASS: pinned RV32UA test=amoand_w hart=0 boot=1 cases=4 body_retired=25 cycles=977 stores=13 retained_ram=65536
PASS: pinned RV32UA test=amoand_w hart=0 boot=2 cases=4 body_retired=25 cycles=977 stores=13 retained_ram=65536
PASS: pinned RV32UA test=amoand_w hart=1 boot=1 cases=4 body_retired=25 cycles=1195 stores=13 retained_ram=65536
PASS: pinned RV32UA test=amoand_w hart=1 boot=2 cases=4 body_retired=25 cycles=1195 stores=13 retained_ram=65536
PASS: pinned RV32UA test=amomax_w hart=0 boot=1 cases=6 body_retired=39 cycles=1174 stores=16 retained_ram=65536
PASS: pinned RV32UA test=amomax_w hart=0 boot=2 cases=6 body_retired=39 cycles=1174 stores=16 retained_ram=65536
PASS: pinned RV32UA test=amomax_w hart=1 boot=1 cases=6 body_retired=39 cycles=1392 stores=16 retained_ram=65536
PASS: pinned RV32UA test=amomax_w hart=1 boot=2 cases=6 body_retired=39 cycles=1392 stores=16 retained_ram=65536
PASS: pinned RV32UA test=amomaxu_w hart=0 boot=1 cases=4 body_retired=26 cycles=988 stores=14 retained_ram=65536
PASS: pinned RV32UA test=amomaxu_w hart=0 boot=2 cases=4 body_retired=26 cycles=988 stores=14 retained_ram=65536
PASS: pinned RV32UA test=amomaxu_w hart=1 boot=1 cases=4 body_retired=26 cycles=1206 stores=14 retained_ram=65536
PASS: pinned RV32UA test=amomaxu_w hart=1 boot=2 cases=4 body_retired=26 cycles=1206 stores=14 retained_ram=65536
PASS: pinned RV32UA test=amomin_w hart=0 boot=1 cases=6 body_retired=39 cycles=1174 stores=16 retained_ram=65536
PASS: pinned RV32UA test=amomin_w hart=0 boot=2 cases=6 body_retired=39 cycles=1174 stores=16 retained_ram=65536
PASS: pinned RV32UA test=amomin_w hart=1 boot=1 cases=6 body_retired=39 cycles=1392 stores=16 retained_ram=65536
PASS: pinned RV32UA test=amomin_w hart=1 boot=2 cases=6 body_retired=39 cycles=1392 stores=16 retained_ram=65536
PASS: pinned RV32UA test=amominu_w hart=0 boot=1 cases=4 body_retired=26 cycles=988 stores=14 retained_ram=65536
PASS: pinned RV32UA test=amominu_w hart=0 boot=2 cases=4 body_retired=26 cycles=988 stores=14 retained_ram=65536
PASS: pinned RV32UA test=amominu_w hart=1 boot=1 cases=4 body_retired=26 cycles=1206 stores=14 retained_ram=65536
PASS: pinned RV32UA test=amominu_w hart=1 boot=2 cases=4 body_retired=26 cycles=1206 stores=14 retained_ram=65536
PASS: pinned RV32UA test=amoor_w hart=0 boot=1 cases=4 body_retired=25 cycles=977 stores=13 retained_ram=65536
PASS: pinned RV32UA test=amoor_w hart=0 boot=2 cases=4 body_retired=25 cycles=977 stores=13 retained_ram=65536
PASS: pinned RV32UA test=amoor_w hart=1 boot=1 cases=4 body_retired=25 cycles=1195 stores=13 retained_ram=65536
PASS: pinned RV32UA test=amoor_w hart=1 boot=2 cases=4 body_retired=25 cycles=1195 stores=13 retained_ram=65536
PASS: pinned RV32UA test=amoswap_w hart=0 boot=1 cases=4 body_retired=25 cycles=977 stores=13 retained_ram=65536
PASS: pinned RV32UA test=amoswap_w hart=0 boot=2 cases=4 body_retired=25 cycles=977 stores=13 retained_ram=65536
PASS: pinned RV32UA test=amoswap_w hart=1 boot=1 cases=4 body_retired=25 cycles=1195 stores=13 retained_ram=65536
PASS: pinned RV32UA test=amoswap_w hart=1 boot=2 cases=4 body_retired=25 cycles=1195 stores=13 retained_ram=65536
PASS: pinned RV32UA test=amoxor_w hart=0 boot=1 cases=4 body_retired=29 cycles=1018 stores=13 retained_ram=65536
PASS: pinned RV32UA test=amoxor_w hart=0 boot=2 cases=4 body_retired=29 cycles=1018 stores=13 retained_ram=65536
PASS: PYNQ-Z1 UART serial decode (1060 bytes)
PASS: PYNQ-Z1 UART serial decode (1060 bytes)
PASS: pinned RV32UA test=amoxor_w hart=1 boot=1 cases=4 body_retired=29 cycles=1236 stores=13 retained_ram=65536
PASS: pinned RV32UA test=amoxor_w hart=1 boot=2 cases=4 body_retired=29 cycles=1236 stores=13 retained_ram=65536
PASS: pinned RV32UA test=lrsc hart=0 boot=1 cases=4 body_retired=6202 cycles=50158 stores=1295 retained_ram=65536
PASS: pinned RV32UA test=lrsc hart=0 boot=2 cases=4 body_retired=6202 cycles=50158 stores=1295 retained_ram=65536
PASS: pinned RV32UA test=lrsc hart=1 boot=1 cases=4 body_retired=6202 cycles=50372 stores=1295 retained_ram=65536
PASS: pinned RV32UA test=lrsc hart=1 boot=2 cases=4 body_retired=6202 cycles=50372 stores=1295 retained_ram=65536
PASS: PYNQ-Z1 UART serial decode (448 bytes)
PASS: PYNQ-Z1 UART serial decode (448 bytes)
PASS: real-core faults boot=0 traps=12 primary_retired_while_peer_trapped=9453
PASS: real-core faults boot=1 traps=12 primary_retired_while_peer_trapped=9453
ASTERBENCH,version=3,name=parallel_mix,status=PASS,bytes=256,rounds=4,jobs=3,job=1,base_seed=0x13570000,seed=0x8d6079b9,harts=2,workers=2,h0_words=32,h1_words=32,h0_checksum=0xff055ff7,h1_checksum=0xc153b60d,checksum=0xc0591604,clock_hz=31250000,l1=1,sync_memory=0,line_words=4,line_count=16,memory_wait=0,cycles=0x0000000000005058,h0_cycles=0x0000000000005058,h0_retired=0x00000000000008d4,h0_memory_transactions=0x0000000000000b19,h0_cache_accesses=0x0000000000000ad5,h0_cache_misses=0x000000000000003e,h0_dma_bytes=0x0000000000000000,h0_accelerator_cycles=0x0000000000000000,h0_backing_transactions=0x000000000000015b,h1_cycles=0x0000000000005058,h1_retired=0x00000000000008db,h1_memory_transactions=0x0000000000000b25,h1_cache_accesses=0x0000000000000adc,h1_cache_misses=0x0000000000000038,h1_dma_bytes=0x0000000000000000,h1_accelerator_cycles=0x0000000000000000,h1_backing_transactions=0x0000000000000142
ASTEROBS,{"boot":0,"job":1,"cycles":20568,"kernel_overlap_cycles":17931,"h0_kernel_retired":1688,"h0_kernel_first":1181,"h0_kernel_last":19112,"h1_kernel_retired":1688,"h1_kernel_first":1176,"h1_kernel_last":19111}
ASTERBENCH,version=3,name=parallel_mix,status=PASS,bytes=256,rounds=4,jobs=3,job=2,base_seed=0x13570000,seed=0x2f39f372,harts=2,workers=2,h0_words=32,h1_words=32,h0_checksum=0x21e97907,h1_checksum=0x42671933,checksum=0x6450923a,clock_hz=31250000,l1=1,sync_memory=0,line_words=4,line_count=16,memory_wait=0,cycles=0x000000000000504f,h0_cycles=0x000000000000504f,h0_retired=0x00000000000008d4,h0_memory_transactions=0x0000000000000b19,h0_cache_accesses=0x0000000000000ad5,h0_cache_misses=0x0000000000000038,h0_dma_bytes=0x0000000000000000,h0_accelerator_cycles=0x0000000000000000,h0_backing_transactions=0x0000000000000153,h1_cycles=0x000000000000504f,h1_retired=0x00000000000008e2,h1_memory_transactions=0x0000000000000b32,h1_cache_accesses=0x0000000000000ae7,h1_cache_misses=0x000000000000000e,h1_dma_bytes=0x0000000000000000,h1_accelerator_cycles=0x0000000000000000,h1_backing_transactions=0x000000000000011a
ASTEROBS,{"boot":0,"job":2,"cycles":20559,"kernel_overlap_cycles":17886,"h0_kernel_retired":1688,"h0_kernel_first":1171,"h0_kernel_last":19104,"h1_kernel_retired":1688,"h1_kernel_first":1151,"h1_kernel_last":19056}
ASTERBENCH,version=3,name=parallel_mix,status=PASS,bytes=256,rounds=4,jobs=3,job=3,base_seed=0x13570000,seed=0xc9f16d2b,harts=2,workers=2,h0_words=32,h1_words=32,h0_checksum=0x2760a968,h1_checksum=0xa400e5c3,checksum=0xcb618f2b,clock_hz=31250000,l1=1,sync_memory=0,line_words=4,line_count=16,memory_wait=0,cycles=0x000000000000504d,h0_cycles=0x000000000000504d,h0_retired=0x00000000000008d4,h0_memory_transactions=0x0000000000000b19,h0_cache_accesses=0x0000000000000ad5,h0_cache_misses=0x0000000000000038,h0_dma_bytes=0x0000000000000000,h0_accelerator_cycles=0x0000000000000000,h0_backing_transactions=0x0000000000000153,h1_cycles=0x000000000000504d,h1_retired=0x00000000000008da,h1_memory_transactions=0x0000000000000b27,h1_cache_accesses=0x0000000000000ae2,h1_cache_misses=0x0000000000000014,h1_dma_bytes=0x0000000000000000,h1_accelerator_cycles=0x0000000000000000,h1_backing_transactions=0x0000000000000132
ASTEROBS,{"boot":0,"job":3,"cycles":20557,"kernel_overlap_cycles":17878,"h0_kernel_retired":1688,"h0_kernel_first":1172,"h0_kernel_last":19100,"h1_kernel_retired":1688,"h1_kernel_first":1148,"h1_kernel_last":19049}
ASTERBENCH,version=3,name=parallel_mix,status=PASS,bytes=256,rounds=4,jobs=3,job=1,base_seed=0x13570000,seed=0x8d6079b9,harts=2,workers=2,h0_words=32,h1_words=32,h0_checksum=0xff055ff7,h1_checksum=0xc153b60d,checksum=0xc0591604,clock_hz=31250000,l1=1,sync_memory=0,line_words=4,line_count=16,memory_wait=0,cycles=0x0000000000005058,h0_cycles=0x0000000000005058,h0_retired=0x00000000000008d4,h0_memory_transactions=0x0000000000000b19,h0_cache_accesses=0x0000000000000ad5,h0_cache_misses=0x000000000000003e,h0_dma_bytes=0x0000000000000000,h0_accelerator_cycles=0x0000000000000000,h0_backing_transactions=0x000000000000015b,h1_cycles=0x0000000000005058,h1_retired=0x00000000000008db,h1_memory_transactions=0x0000000000000b25,h1_cache_accesses=0x0000000000000adc,h1_cache_misses=0x0000000000000038,h1_dma_bytes=0x0000000000000000,h1_accelerator_cycles=0x0000000000000000,h1_backing_transactions=0x0000000000000142
ASTEROBS,{"boot":1,"job":1,"cycles":20568,"kernel_overlap_cycles":17931,"h0_kernel_retired":1688,"h0_kernel_first":1181,"h0_kernel_last":19112,"h1_kernel_retired":1688,"h1_kernel_first":1176,"h1_kernel_last":19111}
ASTERBENCH,version=3,name=parallel_mix,status=PASS,bytes=256,rounds=4,jobs=3,job=2,base_seed=0x13570000,seed=0x2f39f372,harts=2,workers=2,h0_words=32,h1_words=32,h0_checksum=0x21e97907,h1_checksum=0x42671933,checksum=0x6450923a,clock_hz=31250000,l1=1,sync_memory=0,line_words=4,line_count=16,memory_wait=0,cycles=0x000000000000504f,h0_cycles=0x000000000000504f,h0_retired=0x00000000000008d4,h0_memory_transactions=0x0000000000000b19,h0_cache_accesses=0x0000000000000ad5,h0_cache_misses=0x0000000000000038,h0_dma_bytes=0x0000000000000000,h0_accelerator_cycles=0x0000000000000000,h0_backing_transactions=0x0000000000000153,h1_cycles=0x000000000000504f,h1_retired=0x00000000000008e2,h1_memory_transactions=0x0000000000000b32,h1_cache_accesses=0x0000000000000ae7,h1_cache_misses=0x000000000000000e,h1_dma_bytes=0x0000000000000000,h1_accelerator_cycles=0x0000000000000000,h1_backing_transactions=0x000000000000011a
ASTEROBS,{"boot":1,"job":2,"cycles":20559,"kernel_overlap_cycles":17886,"h0_kernel_retired":1688,"h0_kernel_first":1171,"h0_kernel_last":19104,"h1_kernel_retired":1688,"h1_kernel_first":1151,"h1_kernel_last":19056}
ASTERBENCH,version=3,name=parallel_mix,status=PASS,bytes=256,rounds=4,jobs=3,job=3,base_seed=0x13570000,seed=0xc9f16d2b,harts=2,workers=2,h0_words=32,h1_words=32,h0_checksum=0x2760a968,h1_checksum=0xa400e5c3,checksum=0xcb618f2b,clock_hz=31250000,l1=1,sync_memory=0,line_words=4,line_count=16,memory_wait=0,cycles=0x000000000000504d,h0_cycles=0x000000000000504d,h0_retired=0x00000000000008d4,h0_memory_transactions=0x0000000000000b19,h0_cache_accesses=0x0000000000000ad5,h0_cache_misses=0x0000000000000038,h0_dma_bytes=0x0000000000000000,h0_accelerator_cycles=0x0000000000000000,h0_backing_transactions=0x0000000000000153,h1_cycles=0x000000000000504d,h1_retired=0x00000000000008da,h1_memory_transactions=0x0000000000000b27,h1_cache_accesses=0x0000000000000ae2,h1_cache_misses=0x0000000000000014,h1_dma_bytes=0x0000000000000000,h1_accelerator_cycles=0x0000000000000000,h1_backing_transactions=0x0000000000000132
ASTEROBS,{"boot":1,"job":3,"cycles":20557,"kernel_overlap_cycles":17878,"h0_kernel_retired":1688,"h0_kernel_first":1172,"h0_kernel_last":19100,"h1_kernel_retired":1688,"h1_kernel_first":1148,"h1_kernel_last":19049}
PASS: parallel jobs, independent kernel retirement and exact RTL counter scoreboard (2 boots)
RV32IM PASS
PASS: RV32IM PASS (1 boot(s))
PASS: coherent litmus boot=1 mode=0 epochs=128 seed=677862 histogram=0,36,80,12 sc_failure=0,0 exact per-hart counters
PASS: coherent litmus boot=1 mode=1 epochs=128 seed=677862 histogram=0,44,72,12 sc_failure=0,0 exact per-hart counters
PASS: coherent litmus boot=1 mode=2 epochs=128 seed=677862 histogram=24,44,60,0 sc_failure=0,0 exact per-hart counters
PASS: coherent litmus boot=1 mode=3 epochs=128 seed=677862 histogram=16,44,68,0 sc_failure=0,0 exact per-hart counters
PASS: coherent litmus boot=1 mode=4 epochs=128 seed=677862 histogram=128,0,0,0 sc_failure=0,0 exact per-hart counters
PASS: coherent litmus boot=1 mode=5 epochs=128 seed=677862 histogram=0,40,76,12 sc_failure=0,0 exact per-hart counters
PASS: coherent litmus boot=1 mode=6 epochs=128 seed=677862 histogram=128,0,0,0 sc_failure=0,0 exact per-hart counters
PASS: coherent litmus boot=1 mode=7 epochs=128 seed=677862 histogram=128,0,0,0 sc_failure=7491,7451 exact per-hart counters
PASS: coherent litmus boot=2 mode=0 epochs=128 seed=677862 histogram=0,36,80,12 sc_failure=0,0 exact per-hart counters
PASS: coherent litmus boot=2 mode=1 epochs=128 seed=677862 histogram=0,44,72,12 sc_failure=0,0 exact per-hart counters
PASS: coherent litmus boot=2 mode=2 epochs=128 seed=677862 histogram=24,44,60,0 sc_failure=0,0 exact per-hart counters
PASS: coherent litmus boot=2 mode=3 epochs=128 seed=677862 histogram=16,44,68,0 sc_failure=0,0 exact per-hart counters
PASS: coherent litmus boot=2 mode=4 epochs=128 seed=677862 histogram=128,0,0,0 sc_failure=0,0 exact per-hart counters
PASS: coherent litmus boot=2 mode=5 epochs=128 seed=677862 histogram=0,40,76,12 sc_failure=0,0 exact per-hart counters
PASS: coherent litmus boot=2 mode=6 epochs=128 seed=677862 histogram=128,0,0,0 sc_failure=0,0 exact per-hart counters
PASS: coherent litmus boot=2 mode=7 epochs=128 seed=677862 histogram=128,0,0,0 sc_failure=7491,7451 exact per-hart counters
PASS: coherent litmus closeout trials=2048 contended_sc_failures=29884 warm_boots=2 complete_ram=65536; no destructive reset after POR
