Copyright 1986-2022 Xilinx, Inc. All Rights Reserved. Copyright 2022-2025 Advanced Micro Devices, Inc. All Rights Reserved.
---------------------------------------------------------------------------------------------------------------------------------------------
| Tool Version : Vivado v.2025.1 (lin64) Build 6140274 Wed May 21 22:58:25 MDT 2025
| Date         : Fri Oct  2 12:18:32 2026
| Host         : gondor running 64-bit Ubuntu 24.04.5 LTS
| Command      : report_timing_summary -max_paths 10 -file /home/elfo/Documents/Aster/build/timing/fpga/aster_bram/timing_summary.rpt
| Design       : timing_aster_bram
| Device       : 7z020-clg400
| Speed File   : -1  PRODUCTION 1.12 2019-11-22
| Design State : Routed
---------------------------------------------------------------------------------------------------------------------------------------------

Timing Summary Report

------------------------------------------------------------------------------------------------
| Timer Settings
| --------------
------------------------------------------------------------------------------------------------

  Enable Multi Corner Analysis               :  Yes
  Enable Pessimism Removal                   :  Yes
  Pessimism Removal Resolution               :  Nearest Common Node
  Enable Input Delay Default Clock           :  No
  Enable Preset / Clear Arcs                 :  No
  Disable Flight Delays                      :  No
  Ignore I/O Paths                           :  No
  Timing Early Launch at Borrowing Latches   :  No
  Borrow Time for Max Delay Exceptions       :  Yes
  Merge Timing Exceptions                    :  Yes
  Inter-SLR Compensation                     :  Conservative

  Corner  Analyze    Analyze    
  Name    Max Paths  Min Paths  
  ------  ---------  ---------  
  Slow    Yes        Yes        
  Fast    Yes        Yes        


------------------------------------------------------------------------------------------------
| Report Methodology
| ------------------
------------------------------------------------------------------------------------------------

No report available as report_methodology has not been run prior. Run report_methodology on the current design for the summary of methodology violations.



check_timing report

Table of Contents
-----------------
1. checking no_clock (0)
2. checking constant_clock (0)
3. checking pulse_width_clock (0)
4. checking unconstrained_internal_endpoints (0)
5. checking no_input_delay (4)
6. checking no_output_delay (32)
7. checking multiple_clock (0)
8. checking generated_clocks (0)
9. checking loops (0)
10. checking partial_input_delay (0)
11. checking partial_output_delay (0)
12. checking latch_loops (0)

1. checking no_clock (0)
------------------------
 There are 0 register/latch pins with no clock.


2. checking constant_clock (0)
------------------------------
 There are 0 register/latch pins with constant_clock.


3. checking pulse_width_clock (0)
---------------------------------
 There are 0 register/latch pins which need pulse_width check


4. checking unconstrained_internal_endpoints (0)
------------------------------------------------
 There are 0 pins that are not constrained for maximum delay.

 There are 0 pins that are not constrained for maximum delay due to constant clock.


5. checking no_input_delay (4)
------------------------------
 There are 4 input ports with no input delay specified. (HIGH)

 There are 0 input ports with no input delay but user has a false path constraint.


6. checking no_output_delay (32)
--------------------------------
 There are 32 ports with no output delay specified. (HIGH)

 There are 0 ports with no output delay but user has a false path constraint

 There are 0 ports with no output delay but with a timing clock defined on it or propagating through it


7. checking multiple_clock (0)
------------------------------
 There are 0 register/latch pins with multiple clocks.


8. checking generated_clocks (0)
--------------------------------
 There are 0 generated clocks that are not connected to a clock source.


9. checking loops (0)
---------------------
 There are 0 combinational loops in the design.


10. checking partial_input_delay (0)
------------------------------------
 There are 0 input ports with partial input delay specified.


11. checking partial_output_delay (0)
-------------------------------------
 There are 0 ports with partial output delay specified.


12. checking latch_loops (0)
----------------------------
 There are 0 combinational latch loops in the design through latch input



------------------------------------------------------------------------------------------------
| Design Timing Summary
| ---------------------
------------------------------------------------------------------------------------------------

    WNS(ns)      TNS(ns)  TNS Failing Endpoints  TNS Total Endpoints      WHS(ns)      THS(ns)  THS Failing Endpoints  THS Total Endpoints     WPWS(ns)     TPWS(ns)  TPWS Failing Endpoints  TPWS Total Endpoints  
    -------      -------  ---------------------  -------------------      -------      -------  ---------------------  -------------------     --------     --------  ----------------------  --------------------  
      0.448        0.000                      0                 5147        0.098        0.000                      0                 5147        3.750        0.000                       0                  1703  


All user specified timing constraints are met.


------------------------------------------------------------------------------------------------
| Clock Summary
| -------------
------------------------------------------------------------------------------------------------

Clock  Waveform(ns)       Period(ns)      Frequency(MHz)
-----  ------------       ----------      --------------
clk    {0.000 5.000}      10.000          100.000         


------------------------------------------------------------------------------------------------
| Intra Clock Table
| -----------------
------------------------------------------------------------------------------------------------

Clock             WNS(ns)      TNS(ns)  TNS Failing Endpoints  TNS Total Endpoints      WHS(ns)      THS(ns)  THS Failing Endpoints  THS Total Endpoints     WPWS(ns)     TPWS(ns)  TPWS Failing Endpoints  TPWS Total Endpoints  
-----             -------      -------  ---------------------  -------------------      -------      -------  ---------------------  -------------------     --------     --------  ----------------------  --------------------  
clk                 0.448        0.000                      0                 5147        0.098        0.000                      0                 5147        3.750        0.000                       0                  1703  


------------------------------------------------------------------------------------------------
| Inter Clock Table
| -----------------
------------------------------------------------------------------------------------------------

From Clock    To Clock          WNS(ns)      TNS(ns)  TNS Failing Endpoints  TNS Total Endpoints      WHS(ns)      THS(ns)  THS Failing Endpoints  THS Total Endpoints  
----------    --------          -------      -------  ---------------------  -------------------      -------      -------  ---------------------  -------------------  


------------------------------------------------------------------------------------------------
| Other Path Groups Table
| -----------------------
------------------------------------------------------------------------------------------------

Path Group    From Clock    To Clock          WNS(ns)      TNS(ns)  TNS Failing Endpoints  TNS Total Endpoints      WHS(ns)      THS(ns)  THS Failing Endpoints  THS Total Endpoints  
----------    ----------    --------          -------      -------  ---------------------  -------------------      -------      -------  ---------------------  -------------------  


------------------------------------------------------------------------------------------------
| Timing Details
| --------------
------------------------------------------------------------------------------------------------


---------------------------------------------------------------------------------------------------
From Clock:  clk
  To Clock:  clk

Setup :            0  Failing Endpoints,  Worst Slack        0.448ns,  Total Violation        0.000ns
Hold  :            0  Failing Endpoints,  Worst Slack        0.098ns,  Total Violation        0.000ns
PW    :            0  Failing Endpoints,  Worst Slack        3.750ns,  Total Violation        0.000ns
---------------------------------------------------------------------------------------------------


Max Delay Paths
--------------------------------------------------------------------------------------
Slack (MET) :             0.448ns  (required time - arrival time)
  Source:                 core/fsel1_reg[0]/C
                            (rising edge-triggered cell FDSE clocked by clk  {rise@0.000ns fall@5.000ns period=10.000ns})
  Destination:            bram_samples_request.ram_reg_3_0_6/WEA[0]
                            (rising edge-triggered cell RAMB36E1 clocked by clk  {rise@0.000ns fall@5.000ns period=10.000ns})
  Path Group:             clk
  Path Type:              Setup (Max at Slow Process Corner)
  Requirement:            10.000ns  (clk rise@10.000ns - clk rise@0.000ns)
  Data Path Delay:        8.936ns  (logic 2.625ns (29.377%)  route 6.311ns (70.623%))
  Logic Levels:           12  (CARRY4=7 LUT4=1 LUT5=2 LUT6=2)
  Clock Path Skew:        -0.049ns (DCD - SCD + CPR)
    Destination Clock Delay (DCD):    0.924ns = ( 10.924 - 10.000 ) 
    Source Clock Delay      (SCD):    0.973ns
    Clock Pessimism Removal (CPR):    0.000ns
  Clock Uncertainty:      0.035ns  ((TSJ^2 + TIJ^2)^1/2 + DJ) / 2 + PE
    Total System Jitter     (TSJ):    0.071ns
    Total Input Jitter      (TIJ):    0.000ns
    Discrete Jitter          (DJ):    0.000ns
    Phase Error              (PE):    0.000ns

    Location             Delay type                Incr(ns)  Path(ns)    Netlist Resource(s)
  -------------------------------------------------------------------    -------------------
                         (clock clk rise edge)        0.000     0.000 r  
                                                      0.000     0.000 r  clk (IN)
                         net (fo=1702, unset)         0.973     0.973    core/clk
    SLICE_X39Y11         FDSE                                         r  core/fsel1_reg[0]/C
  -------------------------------------------------------------------    -------------------
    SLICE_X39Y11         FDSE (Prop_fdse_C_Q)         0.419     1.392 r  core/fsel1_reg[0]/Q
                         net (fo=32, routed)          1.345     2.737    core/fetch/m1_reg[rs1v][31][0]
    SLICE_X37Y7          LUT5 (Prop_lut5_I0_O)        0.296     3.033 r  core/fetch/e_rs1v[7]_i_2/O
                         net (fo=32, routed)          0.861     3.893    core/fetch/m1[addr][7]_i_2_n_0
    SLICE_X38Y10         CARRY4 (Prop_carry4_DI[3]_CO[3])
                                                      0.396     4.289 r  core/fetch/m1_reg[addr][7]_i_1/CO[3]
                         net (fo=1, routed)           0.000     4.289    core/fetch/m1_reg[addr][7]_i_1_n_0
    SLICE_X38Y11         CARRY4 (Prop_carry4_CI_CO[3])
                                                      0.117     4.406 r  core/fetch/m1_reg[addr][11]_i_1/CO[3]
                         net (fo=1, routed)           0.000     4.406    core/fetch/m1_reg[addr][11]_i_1_n_0
    SLICE_X38Y12         CARRY4 (Prop_carry4_CI_CO[3])
                                                      0.117     4.523 r  core/fetch/m1_reg[addr][15]_i_1/CO[3]
                         net (fo=1, routed)           0.000     4.523    core/fetch/m1_reg[addr][15]_i_1_n_0
    SLICE_X38Y13         CARRY4 (Prop_carry4_CI_CO[3])
                                                      0.117     4.640 r  core/fetch/m1_reg[addr][19]_i_1/CO[3]
                         net (fo=1, routed)           0.000     4.640    core/fetch/m1_reg[addr][19]_i_1_n_0
    SLICE_X38Y14         CARRY4 (Prop_carry4_CI_CO[3])
                                                      0.117     4.757 r  core/fetch/m1_reg[addr][23]_i_1/CO[3]
                         net (fo=1, routed)           0.000     4.757    core/fetch/m1_reg[addr][23]_i_1_n_0
    SLICE_X38Y15         CARRY4 (Prop_carry4_CI_CO[3])
                                                      0.117     4.874 r  core/fetch/m1_reg[addr][27]_i_1/CO[3]
                         net (fo=1, routed)           0.000     4.874    core/fetch/m1_reg[addr][27]_i_1_n_0
    SLICE_X38Y16         CARRY4 (Prop_carry4_CI_O[2])
                                                      0.256     5.130 f  core/fetch/m1_reg[addr][31]_i_1/O[2]
                         net (fo=5, routed)           0.836     5.966    core/d_req_addr[30]
    SLICE_X36Y16         LUT4 (Prop_lut4_I0_O)        0.301     6.267 r  core/d_err1_i_5/O
                         net (fo=1, routed)           0.658     6.925    core/d_err1_i_5_n_0
    SLICE_X36Y15         LUT6 (Prop_lut6_I5_O)        0.124     7.049 f  core/d_err1_i_2/O
                         net (fo=3, routed)           0.179     7.228    core/d_err1_i_2_0
    SLICE_X36Y15         LUT6 (Prop_lut6_I5_O)        0.124     7.352 r  core/bram_samples_request.ram_reg_0_0_0_i_21/O
                         net (fo=12, routed)          0.905     8.257    core/bram_samples_request.ram_reg_0_0_0_i_21_n_0
    SLICE_X31Y18         LUT5 (Prop_lut5_I4_O)        0.124     8.381 r  core/bram_samples_request.ram_reg_3_0_5_i_2/O
                         net (fo=3, routed)           1.528     9.909    core_n_96
    RAMB36_X0Y7          RAMB36E1                                     r  bram_samples_request.ram_reg_3_0_6/WEA[0]
  -------------------------------------------------------------------    -------------------

                         (clock clk rise edge)       10.000    10.000 r  
                                                      0.000    10.000 r  clk (IN)
                         net (fo=1702, unset)         0.924    10.924    clk
    RAMB36_X0Y7          RAMB36E1                                     r  bram_samples_request.ram_reg_3_0_6/CLKARDCLK
                         clock pessimism              0.000    10.924    
                         clock uncertainty           -0.035    10.889    
    RAMB36_X0Y7          RAMB36E1 (Setup_ramb36e1_CLKARDCLK_WEA[0])
                                                     -0.532    10.357    bram_samples_request.ram_reg_3_0_6
  -------------------------------------------------------------------
                         required time                         10.357    
                         arrival time                          -9.909    
  -------------------------------------------------------------------
                         slack                                  0.448    

Slack (MET) :             0.494ns  (required time - arrival time)
  Source:                 core/fsel1_reg[0]/C
                            (rising edge-triggered cell FDSE clocked by clk  {rise@0.000ns fall@5.000ns period=10.000ns})
  Destination:            bram_samples_request.ram_reg_2_0_3/WEA[0]
                            (rising edge-triggered cell RAMB36E1 clocked by clk  {rise@0.000ns fall@5.000ns period=10.000ns})
  Path Group:             clk
  Path Type:              Setup (Max at Slow Process Corner)
  Requirement:            10.000ns  (clk rise@10.000ns - clk rise@0.000ns)
  Data Path Delay:        8.890ns  (logic 2.625ns (29.527%)  route 6.265ns (70.473%))
  Logic Levels:           12  (CARRY4=7 LUT4=1 LUT5=1 LUT6=3)
  Clock Path Skew:        -0.049ns (DCD - SCD + CPR)
    Destination Clock Delay (DCD):    0.924ns = ( 10.924 - 10.000 ) 
    Source Clock Delay      (SCD):    0.973ns
    Clock Pessimism Removal (CPR):    0.000ns
  Clock Uncertainty:      0.035ns  ((TSJ^2 + TIJ^2)^1/2 + DJ) / 2 + PE
    Total System Jitter     (TSJ):    0.071ns
    Total Input Jitter      (TIJ):    0.000ns
    Discrete Jitter          (DJ):    0.000ns
    Phase Error              (PE):    0.000ns

    Location             Delay type                Incr(ns)  Path(ns)    Netlist Resource(s)
  -------------------------------------------------------------------    -------------------
                         (clock clk rise edge)        0.000     0.000 r  
                                                      0.000     0.000 r  clk (IN)
                         net (fo=1702, unset)         0.973     0.973    core/clk
    SLICE_X39Y11         FDSE                                         r  core/fsel1_reg[0]/C
  -------------------------------------------------------------------    -------------------
    SLICE_X39Y11         FDSE (Prop_fdse_C_Q)         0.419     1.392 r  core/fsel1_reg[0]/Q
                         net (fo=32, routed)          1.345     2.737    core/fetch/m1_reg[rs1v][31][0]
    SLICE_X37Y7          LUT5 (Prop_lut5_I0_O)        0.296     3.033 r  core/fetch/e_rs1v[7]_i_2/O
                         net (fo=32, routed)          0.861     3.893    core/fetch/m1[addr][7]_i_2_n_0
    SLICE_X38Y10         CARRY4 (Prop_carry4_DI[3]_CO[3])
                                                      0.396     4.289 r  core/fetch/m1_reg[addr][7]_i_1/CO[3]
                         net (fo=1, routed)           0.000     4.289    core/fetch/m1_reg[addr][7]_i_1_n_0
    SLICE_X38Y11         CARRY4 (Prop_carry4_CI_CO[3])
                                                      0.117     4.406 r  core/fetch/m1_reg[addr][11]_i_1/CO[3]
                         net (fo=1, routed)           0.000     4.406    core/fetch/m1_reg[addr][11]_i_1_n_0
    SLICE_X38Y12         CARRY4 (Prop_carry4_CI_CO[3])
                                                      0.117     4.523 r  core/fetch/m1_reg[addr][15]_i_1/CO[3]
                         net (fo=1, routed)           0.000     4.523    core/fetch/m1_reg[addr][15]_i_1_n_0
    SLICE_X38Y13         CARRY4 (Prop_carry4_CI_CO[3])
                                                      0.117     4.640 r  core/fetch/m1_reg[addr][19]_i_1/CO[3]
                         net (fo=1, routed)           0.000     4.640    core/fetch/m1_reg[addr][19]_i_1_n_0
    SLICE_X38Y14         CARRY4 (Prop_carry4_CI_CO[3])
                                                      0.117     4.757 r  core/fetch/m1_reg[addr][23]_i_1/CO[3]
                         net (fo=1, routed)           0.000     4.757    core/fetch/m1_reg[addr][23]_i_1_n_0
    SLICE_X38Y15         CARRY4 (Prop_carry4_CI_CO[3])
                                                      0.117     4.874 r  core/fetch/m1_reg[addr][27]_i_1/CO[3]
                         net (fo=1, routed)           0.000     4.874    core/fetch/m1_reg[addr][27]_i_1_n_0
    SLICE_X38Y16         CARRY4 (Prop_carry4_CI_O[2])
                                                      0.256     5.130 f  core/fetch/m1_reg[addr][31]_i_1/O[2]
                         net (fo=5, routed)           0.836     5.966    core/d_req_addr[30]
    SLICE_X36Y16         LUT4 (Prop_lut4_I0_O)        0.301     6.267 r  core/d_err1_i_5/O
                         net (fo=1, routed)           0.658     6.925    core/d_err1_i_5_n_0
    SLICE_X36Y15         LUT6 (Prop_lut6_I5_O)        0.124     7.049 f  core/d_err1_i_2/O
                         net (fo=3, routed)           0.179     7.228    core/d_err1_i_2_0
    SLICE_X36Y15         LUT6 (Prop_lut6_I5_O)        0.124     7.352 r  core/bram_samples_request.ram_reg_0_0_0_i_21/O
                         net (fo=12, routed)          0.784     8.136    core/bram_samples_request.ram_reg_0_0_0_i_21_n_0
    SLICE_X31Y18         LUT6 (Prop_lut6_I5_O)        0.124     8.260 r  core/bram_samples_request.ram_reg_2_0_2_i_2/O
                         net (fo=2, routed)           1.603     9.863    core_n_97
    RAMB36_X0Y6          RAMB36E1                                     r  bram_samples_request.ram_reg_2_0_3/WEA[0]
  -------------------------------------------------------------------    -------------------

                         (clock clk rise edge)       10.000    10.000 r  
                                                      0.000    10.000 r  clk (IN)
                         net (fo=1702, unset)         0.924    10.924    clk
    RAMB36_X0Y6          RAMB36E1                                     r  bram_samples_request.ram_reg_2_0_3/CLKARDCLK
                         clock pessimism              0.000    10.924    
                         clock uncertainty           -0.035    10.889    
    RAMB36_X0Y6          RAMB36E1 (Setup_ramb36e1_CLKARDCLK_WEA[0])
                                                     -0.532    10.357    bram_samples_request.ram_reg_2_0_3
  -------------------------------------------------------------------
                         required time                         10.357    
                         arrival time                          -9.863    
  -------------------------------------------------------------------
                         slack                                  0.494    

Slack (MET) :             0.495ns  (required time - arrival time)
  Source:                 core/fsel1_reg[0]/C
                            (rising edge-triggered cell FDSE clocked by clk  {rise@0.000ns fall@5.000ns period=10.000ns})
  Destination:            bram_samples_request.ram_reg_1_0_5/WEA[0]
                            (rising edge-triggered cell RAMB36E1 clocked by clk  {rise@0.000ns fall@5.000ns period=10.000ns})
  Path Group:             clk
  Path Type:              Setup (Max at Slow Process Corner)
  Requirement:            10.000ns  (clk rise@10.000ns - clk rise@0.000ns)
  Data Path Delay:        8.687ns  (logic 2.619ns (30.149%)  route 6.068ns (69.851%))
  Logic Levels:           12  (CARRY4=7 LUT4=1 LUT5=2 LUT6=2)
  Clock Path Skew:        -0.049ns (DCD - SCD + CPR)
    Destination Clock Delay (DCD):    0.924ns = ( 10.924 - 10.000 ) 
    Source Clock Delay      (SCD):    0.973ns
    Clock Pessimism Removal (CPR):    0.000ns
  Clock Uncertainty:      0.035ns  ((TSJ^2 + TIJ^2)^1/2 + DJ) / 2 + PE
    Total System Jitter     (TSJ):    0.071ns
    Total Input Jitter      (TIJ):    0.000ns
    Discrete Jitter          (DJ):    0.000ns
    Phase Error              (PE):    0.000ns

    Location             Delay type                Incr(ns)  Path(ns)    Netlist Resource(s)
  -------------------------------------------------------------------    -------------------
                         (clock clk rise edge)        0.000     0.000 r  
                                                      0.000     0.000 r  clk (IN)
                         net (fo=1702, unset)         0.973     0.973    core/clk
    SLICE_X39Y11         FDSE                                         r  core/fsel1_reg[0]/C
  -------------------------------------------------------------------    -------------------
    SLICE_X39Y11         FDSE (Prop_fdse_C_Q)         0.419     1.392 r  core/fsel1_reg[0]/Q
                         net (fo=32, routed)          1.345     2.737    core/fetch/m1_reg[rs1v][31][0]
    SLICE_X37Y7          LUT5 (Prop_lut5_I0_O)        0.296     3.033 r  core/fetch/e_rs1v[7]_i_2/O
                         net (fo=32, routed)          0.861     3.893    core/fetch/m1[addr][7]_i_2_n_0
    SLICE_X38Y10         CARRY4 (Prop_carry4_DI[3]_CO[3])
                                                      0.396     4.289 r  core/fetch/m1_reg[addr][7]_i_1/CO[3]
                         net (fo=1, routed)           0.000     4.289    core/fetch/m1_reg[addr][7]_i_1_n_0
    SLICE_X38Y11         CARRY4 (Prop_carry4_CI_CO[3])
                                                      0.117     4.406 r  core/fetch/m1_reg[addr][11]_i_1/CO[3]
                         net (fo=1, routed)           0.000     4.406    core/fetch/m1_reg[addr][11]_i_1_n_0
    SLICE_X38Y12         CARRY4 (Prop_carry4_CI_CO[3])
                                                      0.117     4.523 r  core/fetch/m1_reg[addr][15]_i_1/CO[3]
                         net (fo=1, routed)           0.000     4.523    core/fetch/m1_reg[addr][15]_i_1_n_0
    SLICE_X38Y13         CARRY4 (Prop_carry4_CI_CO[3])
                                                      0.117     4.640 r  core/fetch/m1_reg[addr][19]_i_1/CO[3]
                         net (fo=1, routed)           0.000     4.640    core/fetch/m1_reg[addr][19]_i_1_n_0
    SLICE_X38Y14         CARRY4 (Prop_carry4_CI_CO[3])
                                                      0.117     4.757 r  core/fetch/m1_reg[addr][23]_i_1/CO[3]
                         net (fo=1, routed)           0.000     4.757    core/fetch/m1_reg[addr][23]_i_1_n_0
    SLICE_X38Y15         CARRY4 (Prop_carry4_CI_CO[3])
                                                      0.117     4.874 r  core/fetch/m1_reg[addr][27]_i_1/CO[3]
                         net (fo=1, routed)           0.000     4.874    core/fetch/m1_reg[addr][27]_i_1_n_0
    SLICE_X38Y16         CARRY4 (Prop_carry4_CI_O[2])
                                                      0.256     5.130 f  core/fetch/m1_reg[addr][31]_i_1/O[2]
                         net (fo=5, routed)           0.836     5.966    core/d_req_addr[30]
    SLICE_X36Y16         LUT4 (Prop_lut4_I0_O)        0.301     6.267 r  core/d_err1_i_5/O
                         net (fo=1, routed)           0.658     6.925    core/d_err1_i_5_n_0
    SLICE_X36Y15         LUT6 (Prop_lut6_I5_O)        0.124     7.049 f  core/d_err1_i_2/O
                         net (fo=3, routed)           0.179     7.228    core/d_err1_i_2_0
    SLICE_X36Y15         LUT6 (Prop_lut6_I5_O)        0.124     7.352 r  core/bram_samples_request.ram_reg_0_0_0_i_21/O
                         net (fo=12, routed)          0.905     8.257    core/bram_samples_request.ram_reg_0_0_0_i_21_n_0
    SLICE_X31Y18         LUT5 (Prop_lut5_I4_O)        0.118     8.375 r  core/bram_samples_request.ram_reg_1_0_5_i_2/O
                         net (fo=3, routed)           1.285     9.660    core_n_104
    RAMB36_X2Y6          RAMB36E1                                     r  bram_samples_request.ram_reg_1_0_5/WEA[0]
  -------------------------------------------------------------------    -------------------

                         (clock clk rise edge)       10.000    10.000 r  
                                                      0.000    10.000 r  clk (IN)
                         net (fo=1702, unset)         0.924    10.924    clk
    RAMB36_X2Y6          RAMB36E1                                     r  bram_samples_request.ram_reg_1_0_5/CLKARDCLK
                         clock pessimism              0.000    10.924    
                         clock uncertainty           -0.035    10.889    
    RAMB36_X2Y6          RAMB36E1 (Setup_ramb36e1_CLKARDCLK_WEA[0])
                                                     -0.734    10.155    bram_samples_request.ram_reg_1_0_5
  -------------------------------------------------------------------
                         required time                         10.155    
                         arrival time                          -9.660    
  -------------------------------------------------------------------
                         slack                                  0.495    

Slack (MET) :             0.502ns  (required time - arrival time)
  Source:                 core/fsel1_reg[0]/C
                            (rising edge-triggered cell FDSE clocked by clk  {rise@0.000ns fall@5.000ns period=10.000ns})
  Destination:            bram_samples_request.ram_reg_1_0_6/WEA[0]
                            (rising edge-triggered cell RAMB36E1 clocked by clk  {rise@0.000ns fall@5.000ns period=10.000ns})
  Path Group:             clk
  Path Type:              Setup (Max at Slow Process Corner)
  Requirement:            10.000ns  (clk rise@10.000ns - clk rise@0.000ns)
  Data Path Delay:        8.680ns  (logic 2.619ns (30.171%)  route 6.061ns (69.829%))
  Logic Levels:           12  (CARRY4=7 LUT4=1 LUT5=2 LUT6=2)
  Clock Path Skew:        -0.049ns (DCD - SCD + CPR)
    Destination Clock Delay (DCD):    0.924ns = ( 10.924 - 10.000 ) 
    Source Clock Delay      (SCD):    0.973ns
    Clock Pessimism Removal (CPR):    0.000ns
  Clock Uncertainty:      0.035ns  ((TSJ^2 + TIJ^2)^1/2 + DJ) / 2 + PE
    Total System Jitter     (TSJ):    0.071ns
    Total Input Jitter      (TIJ):    0.000ns
    Discrete Jitter          (DJ):    0.000ns
    Phase Error              (PE):    0.000ns

    Location             Delay type                Incr(ns)  Path(ns)    Netlist Resource(s)
  -------------------------------------------------------------------    -------------------
                         (clock clk rise edge)        0.000     0.000 r  
                                                      0.000     0.000 r  clk (IN)
                         net (fo=1702, unset)         0.973     0.973    core/clk
    SLICE_X39Y11         FDSE                                         r  core/fsel1_reg[0]/C
  -------------------------------------------------------------------    -------------------
    SLICE_X39Y11         FDSE (Prop_fdse_C_Q)         0.419     1.392 r  core/fsel1_reg[0]/Q
                         net (fo=32, routed)          1.345     2.737    core/fetch/m1_reg[rs1v][31][0]
    SLICE_X37Y7          LUT5 (Prop_lut5_I0_O)        0.296     3.033 r  core/fetch/e_rs1v[7]_i_2/O
                         net (fo=32, routed)          0.861     3.893    core/fetch/m1[addr][7]_i_2_n_0
    SLICE_X38Y10         CARRY4 (Prop_carry4_DI[3]_CO[3])
                                                      0.396     4.289 r  core/fetch/m1_reg[addr][7]_i_1/CO[3]
                         net (fo=1, routed)           0.000     4.289    core/fetch/m1_reg[addr][7]_i_1_n_0
    SLICE_X38Y11         CARRY4 (Prop_carry4_CI_CO[3])
                                                      0.117     4.406 r  core/fetch/m1_reg[addr][11]_i_1/CO[3]
                         net (fo=1, routed)           0.000     4.406    core/fetch/m1_reg[addr][11]_i_1_n_0
    SLICE_X38Y12         CARRY4 (Prop_carry4_CI_CO[3])
                                                      0.117     4.523 r  core/fetch/m1_reg[addr][15]_i_1/CO[3]
                         net (fo=1, routed)           0.000     4.523    core/fetch/m1_reg[addr][15]_i_1_n_0
    SLICE_X38Y13         CARRY4 (Prop_carry4_CI_CO[3])
                                                      0.117     4.640 r  core/fetch/m1_reg[addr][19]_i_1/CO[3]
                         net (fo=1, routed)           0.000     4.640    core/fetch/m1_reg[addr][19]_i_1_n_0
    SLICE_X38Y14         CARRY4 (Prop_carry4_CI_CO[3])
                                                      0.117     4.757 r  core/fetch/m1_reg[addr][23]_i_1/CO[3]
                         net (fo=1, routed)           0.000     4.757    core/fetch/m1_reg[addr][23]_i_1_n_0
    SLICE_X38Y15         CARRY4 (Prop_carry4_CI_CO[3])
                                                      0.117     4.874 r  core/fetch/m1_reg[addr][27]_i_1/CO[3]
                         net (fo=1, routed)           0.000     4.874    core/fetch/m1_reg[addr][27]_i_1_n_0
    SLICE_X38Y16         CARRY4 (Prop_carry4_CI_O[2])
                                                      0.256     5.130 f  core/fetch/m1_reg[addr][31]_i_1/O[2]
                         net (fo=5, routed)           0.836     5.966    core/d_req_addr[30]
    SLICE_X36Y16         LUT4 (Prop_lut4_I0_O)        0.301     6.267 r  core/d_err1_i_5/O
                         net (fo=1, routed)           0.658     6.925    core/d_err1_i_5_n_0
    SLICE_X36Y15         LUT6 (Prop_lut6_I5_O)        0.124     7.049 f  core/d_err1_i_2/O
                         net (fo=3, routed)           0.179     7.228    core/d_err1_i_2_0
    SLICE_X36Y15         LUT6 (Prop_lut6_I5_O)        0.124     7.352 r  core/bram_samples_request.ram_reg_0_0_0_i_21/O
                         net (fo=12, routed)          0.905     8.257    core/bram_samples_request.ram_reg_0_0_0_i_21_n_0
    SLICE_X31Y18         LUT5 (Prop_lut5_I4_O)        0.118     8.375 r  core/bram_samples_request.ram_reg_1_0_5_i_2/O
                         net (fo=3, routed)           1.279     9.653    core_n_104
    RAMB36_X1Y6          RAMB36E1                                     r  bram_samples_request.ram_reg_1_0_6/WEA[0]
  -------------------------------------------------------------------    -------------------

                         (clock clk rise edge)       10.000    10.000 r  
                                                      0.000    10.000 r  clk (IN)
                         net (fo=1702, unset)         0.924    10.924    clk
    RAMB36_X1Y6          RAMB36E1                                     r  bram_samples_request.ram_reg_1_0_6/CLKARDCLK
                         clock pessimism              0.000    10.924    
                         clock uncertainty           -0.035    10.889    
    RAMB36_X1Y6          RAMB36E1 (Setup_ramb36e1_CLKARDCLK_WEA[0])
                                                     -0.734    10.155    bram_samples_request.ram_reg_1_0_6
  -------------------------------------------------------------------
                         required time                         10.155    
                         arrival time                          -9.653    
  -------------------------------------------------------------------
                         slack                                  0.502    

Slack (MET) :             0.509ns  (required time - arrival time)
  Source:                 core/fsel1_reg[0]/C
                            (rising edge-triggered cell FDSE clocked by clk  {rise@0.000ns fall@5.000ns period=10.000ns})
  Destination:            bram_samples_request.ram_reg_2_0_1/WEA[0]
                            (rising edge-triggered cell RAMB36E1 clocked by clk  {rise@0.000ns fall@5.000ns period=10.000ns})
  Path Group:             clk
  Path Type:              Setup (Max at Slow Process Corner)
  Requirement:            10.000ns  (clk rise@10.000ns - clk rise@0.000ns)
  Data Path Delay:        8.875ns  (logic 2.625ns (29.577%)  route 6.250ns (70.423%))
  Logic Levels:           12  (CARRY4=7 LUT4=1 LUT5=1 LUT6=3)
  Clock Path Skew:        -0.049ns (DCD - SCD + CPR)
    Destination Clock Delay (DCD):    0.924ns = ( 10.924 - 10.000 ) 
    Source Clock Delay      (SCD):    0.973ns
    Clock Pessimism Removal (CPR):    0.000ns
  Clock Uncertainty:      0.035ns  ((TSJ^2 + TIJ^2)^1/2 + DJ) / 2 + PE
    Total System Jitter     (TSJ):    0.071ns
    Total Input Jitter      (TIJ):    0.000ns
    Discrete Jitter          (DJ):    0.000ns
    Phase Error              (PE):    0.000ns

    Location             Delay type                Incr(ns)  Path(ns)    Netlist Resource(s)
  -------------------------------------------------------------------    -------------------
                         (clock clk rise edge)        0.000     0.000 r  
                                                      0.000     0.000 r  clk (IN)
                         net (fo=1702, unset)         0.973     0.973    core/clk
    SLICE_X39Y11         FDSE                                         r  core/fsel1_reg[0]/C
  -------------------------------------------------------------------    -------------------
    SLICE_X39Y11         FDSE (Prop_fdse_C_Q)         0.419     1.392 r  core/fsel1_reg[0]/Q
                         net (fo=32, routed)          1.345     2.737    core/fetch/m1_reg[rs1v][31][0]
    SLICE_X37Y7          LUT5 (Prop_lut5_I0_O)        0.296     3.033 r  core/fetch/e_rs1v[7]_i_2/O
                         net (fo=32, routed)          0.861     3.893    core/fetch/m1[addr][7]_i_2_n_0
    SLICE_X38Y10         CARRY4 (Prop_carry4_DI[3]_CO[3])
                                                      0.396     4.289 r  core/fetch/m1_reg[addr][7]_i_1/CO[3]
                         net (fo=1, routed)           0.000     4.289    core/fetch/m1_reg[addr][7]_i_1_n_0
    SLICE_X38Y11         CARRY4 (Prop_carry4_CI_CO[3])
                                                      0.117     4.406 r  core/fetch/m1_reg[addr][11]_i_1/CO[3]
                         net (fo=1, routed)           0.000     4.406    core/fetch/m1_reg[addr][11]_i_1_n_0
    SLICE_X38Y12         CARRY4 (Prop_carry4_CI_CO[3])
                                                      0.117     4.523 r  core/fetch/m1_reg[addr][15]_i_1/CO[3]
                         net (fo=1, routed)           0.000     4.523    core/fetch/m1_reg[addr][15]_i_1_n_0
    SLICE_X38Y13         CARRY4 (Prop_carry4_CI_CO[3])
                                                      0.117     4.640 r  core/fetch/m1_reg[addr][19]_i_1/CO[3]
                         net (fo=1, routed)           0.000     4.640    core/fetch/m1_reg[addr][19]_i_1_n_0
    SLICE_X38Y14         CARRY4 (Prop_carry4_CI_CO[3])
                                                      0.117     4.757 r  core/fetch/m1_reg[addr][23]_i_1/CO[3]
                         net (fo=1, routed)           0.000     4.757    core/fetch/m1_reg[addr][23]_i_1_n_0
    SLICE_X38Y15         CARRY4 (Prop_carry4_CI_CO[3])
                                                      0.117     4.874 r  core/fetch/m1_reg[addr][27]_i_1/CO[3]
                         net (fo=1, routed)           0.000     4.874    core/fetch/m1_reg[addr][27]_i_1_n_0
    SLICE_X38Y16         CARRY4 (Prop_carry4_CI_O[2])
                                                      0.256     5.130 f  core/fetch/m1_reg[addr][31]_i_1/O[2]
                         net (fo=5, routed)           0.836     5.966    core/d_req_addr[30]
    SLICE_X36Y16         LUT4 (Prop_lut4_I0_O)        0.301     6.267 r  core/d_err1_i_5/O
                         net (fo=1, routed)           0.658     6.925    core/d_err1_i_5_n_0
    SLICE_X36Y15         LUT6 (Prop_lut6_I5_O)        0.124     7.049 f  core/d_err1_i_2/O
                         net (fo=3, routed)           0.179     7.228    core/d_err1_i_2_0
    SLICE_X36Y15         LUT6 (Prop_lut6_I5_O)        0.124     7.352 r  core/bram_samples_request.ram_reg_0_0_0_i_21/O
                         net (fo=12, routed)          0.632     7.984    core/bram_samples_request.ram_reg_0_0_0_i_21_n_0
    SLICE_X36Y18         LUT6 (Prop_lut6_I5_O)        0.124     8.108 r  core/bram_samples_request.ram_reg_2_0_0_i_2/O
                         net (fo=3, routed)           1.740     9.848    core_n_98
    RAMB36_X0Y5          RAMB36E1                                     r  bram_samples_request.ram_reg_2_0_1/WEA[0]
  -------------------------------------------------------------------    -------------------

                         (clock clk rise edge)       10.000    10.000 r  
                                                      0.000    10.000 r  clk (IN)
                         net (fo=1702, unset)         0.924    10.924    clk
    RAMB36_X0Y5          RAMB36E1                                     r  bram_samples_request.ram_reg_2_0_1/CLKARDCLK
                         clock pessimism              0.000    10.924    
                         clock uncertainty           -0.035    10.889    
    RAMB36_X0Y5          RAMB36E1 (Setup_ramb36e1_CLKARDCLK_WEA[0])
                                                     -0.532    10.357    bram_samples_request.ram_reg_2_0_1
  -------------------------------------------------------------------
                         required time                         10.357    
                         arrival time                          -9.848    
  -------------------------------------------------------------------
                         slack                                  0.509    

Slack (MET) :             0.583ns  (required time - arrival time)
  Source:                 core/fsel1_reg[0]/C
                            (rising edge-triggered cell FDSE clocked by clk  {rise@0.000ns fall@5.000ns period=10.000ns})
  Destination:            bram_samples_request.ram_reg_0_0_3/WEA[0]
                            (rising edge-triggered cell RAMB36E1 clocked by clk  {rise@0.000ns fall@5.000ns period=10.000ns})
  Path Group:             clk
  Path Type:              Setup (Max at Slow Process Corner)
  Requirement:            10.000ns  (clk rise@10.000ns - clk rise@0.000ns)
  Data Path Delay:        8.801ns  (logic 2.625ns (29.826%)  route 6.176ns (70.174%))
  Logic Levels:           12  (CARRY4=7 LUT4=2 LUT5=1 LUT6=2)
  Clock Path Skew:        -0.049ns (DCD - SCD + CPR)
    Destination Clock Delay (DCD):    0.924ns = ( 10.924 - 10.000 ) 
    Source Clock Delay      (SCD):    0.973ns
    Clock Pessimism Removal (CPR):    0.000ns
  Clock Uncertainty:      0.035ns  ((TSJ^2 + TIJ^2)^1/2 + DJ) / 2 + PE
    Total System Jitter     (TSJ):    0.071ns
    Total Input Jitter      (TIJ):    0.000ns
    Discrete Jitter          (DJ):    0.000ns
    Phase Error              (PE):    0.000ns

    Location             Delay type                Incr(ns)  Path(ns)    Netlist Resource(s)
  -------------------------------------------------------------------    -------------------
                         (clock clk rise edge)        0.000     0.000 r  
                                                      0.000     0.000 r  clk (IN)
                         net (fo=1702, unset)         0.973     0.973    core/clk
    SLICE_X39Y11         FDSE                                         r  core/fsel1_reg[0]/C
  -------------------------------------------------------------------    -------------------
    SLICE_X39Y11         FDSE (Prop_fdse_C_Q)         0.419     1.392 r  core/fsel1_reg[0]/Q
                         net (fo=32, routed)          1.345     2.737    core/fetch/m1_reg[rs1v][31][0]
    SLICE_X37Y7          LUT5 (Prop_lut5_I0_O)        0.296     3.033 r  core/fetch/e_rs1v[7]_i_2/O
                         net (fo=32, routed)          0.861     3.893    core/fetch/m1[addr][7]_i_2_n_0
    SLICE_X38Y10         CARRY4 (Prop_carry4_DI[3]_CO[3])
                                                      0.396     4.289 r  core/fetch/m1_reg[addr][7]_i_1/CO[3]
                         net (fo=1, routed)           0.000     4.289    core/fetch/m1_reg[addr][7]_i_1_n_0
    SLICE_X38Y11         CARRY4 (Prop_carry4_CI_CO[3])
                                                      0.117     4.406 r  core/fetch/m1_reg[addr][11]_i_1/CO[3]
                         net (fo=1, routed)           0.000     4.406    core/fetch/m1_reg[addr][11]_i_1_n_0
    SLICE_X38Y12         CARRY4 (Prop_carry4_CI_CO[3])
                                                      0.117     4.523 r  core/fetch/m1_reg[addr][15]_i_1/CO[3]
                         net (fo=1, routed)           0.000     4.523    core/fetch/m1_reg[addr][15]_i_1_n_0
    SLICE_X38Y13         CARRY4 (Prop_carry4_CI_CO[3])
                                                      0.117     4.640 r  core/fetch/m1_reg[addr][19]_i_1/CO[3]
                         net (fo=1, routed)           0.000     4.640    core/fetch/m1_reg[addr][19]_i_1_n_0
    SLICE_X38Y14         CARRY4 (Prop_carry4_CI_CO[3])
                                                      0.117     4.757 r  core/fetch/m1_reg[addr][23]_i_1/CO[3]
                         net (fo=1, routed)           0.000     4.757    core/fetch/m1_reg[addr][23]_i_1_n_0
    SLICE_X38Y15         CARRY4 (Prop_carry4_CI_CO[3])
                                                      0.117     4.874 r  core/fetch/m1_reg[addr][27]_i_1/CO[3]
                         net (fo=1, routed)           0.000     4.874    core/fetch/m1_reg[addr][27]_i_1_n_0
    SLICE_X38Y16         CARRY4 (Prop_carry4_CI_O[2])
                                                      0.256     5.130 f  core/fetch/m1_reg[addr][31]_i_1/O[2]
                         net (fo=5, routed)           0.836     5.966    core/d_req_addr[30]
    SLICE_X36Y16         LUT4 (Prop_lut4_I0_O)        0.301     6.267 r  core/d_err1_i_5/O
                         net (fo=1, routed)           0.658     6.925    core/d_err1_i_5_n_0
    SLICE_X36Y15         LUT6 (Prop_lut6_I5_O)        0.124     7.049 f  core/d_err1_i_2/O
                         net (fo=3, routed)           0.179     7.228    core/d_err1_i_2_0
    SLICE_X36Y15         LUT6 (Prop_lut6_I5_O)        0.124     7.352 r  core/bram_samples_request.ram_reg_0_0_0_i_21/O
                         net (fo=12, routed)          1.077     8.429    core/bram_samples_request.ram_reg_0_0_0_i_21_n_0
    SLICE_X25Y16         LUT4 (Prop_lut4_I3_O)        0.124     8.553 r  core/bram_samples_request.ram_reg_0_0_2_i_18/O
                         net (fo=2, routed)           1.221     9.774    core_n_51
    RAMB36_X0Y4          RAMB36E1                                     r  bram_samples_request.ram_reg_0_0_3/WEA[0]
  -------------------------------------------------------------------    -------------------

                         (clock clk rise edge)       10.000    10.000 r  
                                                      0.000    10.000 r  clk (IN)
                         net (fo=1702, unset)         0.924    10.924    clk
    RAMB36_X0Y4          RAMB36E1                                     r  bram_samples_request.ram_reg_0_0_3/CLKARDCLK
                         clock pessimism              0.000    10.924    
                         clock uncertainty           -0.035    10.889    
    RAMB36_X0Y4          RAMB36E1 (Setup_ramb36e1_CLKARDCLK_WEA[0])
                                                     -0.532    10.357    bram_samples_request.ram_reg_0_0_3
  -------------------------------------------------------------------
                         required time                         10.357    
                         arrival time                          -9.774    
  -------------------------------------------------------------------
                         slack                                  0.583    

Slack (MET) :             0.609ns  (required time - arrival time)
  Source:                 core/fsel1_reg[0]/C
                            (rising edge-triggered cell FDSE clocked by clk  {rise@0.000ns fall@5.000ns period=10.000ns})
  Destination:            bram_samples_request.ram_reg_3_0_4/WEA[0]
                            (rising edge-triggered cell RAMB36E1 clocked by clk  {rise@0.000ns fall@5.000ns period=10.000ns})
  Path Group:             clk
  Path Type:              Setup (Max at Slow Process Corner)
  Requirement:            10.000ns  (clk rise@10.000ns - clk rise@0.000ns)
  Data Path Delay:        8.571ns  (logic 2.617ns (30.533%)  route 5.954ns (69.467%))
  Logic Levels:           12  (CARRY4=7 LUT4=1 LUT5=2 LUT6=2)
  Clock Path Skew:        -0.049ns (DCD - SCD + CPR)
    Destination Clock Delay (DCD):    0.924ns = ( 10.924 - 10.000 ) 
    Source Clock Delay      (SCD):    0.973ns
    Clock Pessimism Removal (CPR):    0.000ns
  Clock Uncertainty:      0.035ns  ((TSJ^2 + TIJ^2)^1/2 + DJ) / 2 + PE
    Total System Jitter     (TSJ):    0.071ns
    Total Input Jitter      (TIJ):    0.000ns
    Discrete Jitter          (DJ):    0.000ns
    Phase Error              (PE):    0.000ns

    Location             Delay type                Incr(ns)  Path(ns)    Netlist Resource(s)
  -------------------------------------------------------------------    -------------------
                         (clock clk rise edge)        0.000     0.000 r  
                                                      0.000     0.000 r  clk (IN)
                         net (fo=1702, unset)         0.973     0.973    core/clk
    SLICE_X39Y11         FDSE                                         r  core/fsel1_reg[0]/C
  -------------------------------------------------------------------    -------------------
    SLICE_X39Y11         FDSE (Prop_fdse_C_Q)         0.419     1.392 r  core/fsel1_reg[0]/Q
                         net (fo=32, routed)          1.345     2.737    core/fetch/m1_reg[rs1v][31][0]
    SLICE_X37Y7          LUT5 (Prop_lut5_I0_O)        0.296     3.033 r  core/fetch/e_rs1v[7]_i_2/O
                         net (fo=32, routed)          0.861     3.893    core/fetch/m1[addr][7]_i_2_n_0
    SLICE_X38Y10         CARRY4 (Prop_carry4_DI[3]_CO[3])
                                                      0.396     4.289 r  core/fetch/m1_reg[addr][7]_i_1/CO[3]
                         net (fo=1, routed)           0.000     4.289    core/fetch/m1_reg[addr][7]_i_1_n_0
    SLICE_X38Y11         CARRY4 (Prop_carry4_CI_CO[3])
                                                      0.117     4.406 r  core/fetch/m1_reg[addr][11]_i_1/CO[3]
                         net (fo=1, routed)           0.000     4.406    core/fetch/m1_reg[addr][11]_i_1_n_0
    SLICE_X38Y12         CARRY4 (Prop_carry4_CI_CO[3])
                                                      0.117     4.523 r  core/fetch/m1_reg[addr][15]_i_1/CO[3]
                         net (fo=1, routed)           0.000     4.523    core/fetch/m1_reg[addr][15]_i_1_n_0
    SLICE_X38Y13         CARRY4 (Prop_carry4_CI_CO[3])
                                                      0.117     4.640 r  core/fetch/m1_reg[addr][19]_i_1/CO[3]
                         net (fo=1, routed)           0.000     4.640    core/fetch/m1_reg[addr][19]_i_1_n_0
    SLICE_X38Y14         CARRY4 (Prop_carry4_CI_CO[3])
                                                      0.117     4.757 r  core/fetch/m1_reg[addr][23]_i_1/CO[3]
                         net (fo=1, routed)           0.000     4.757    core/fetch/m1_reg[addr][23]_i_1_n_0
    SLICE_X38Y15         CARRY4 (Prop_carry4_CI_CO[3])
                                                      0.117     4.874 r  core/fetch/m1_reg[addr][27]_i_1/CO[3]
                         net (fo=1, routed)           0.000     4.874    core/fetch/m1_reg[addr][27]_i_1_n_0
    SLICE_X38Y16         CARRY4 (Prop_carry4_CI_O[2])
                                                      0.256     5.130 f  core/fetch/m1_reg[addr][31]_i_1/O[2]
                         net (fo=5, routed)           0.836     5.966    core/d_req_addr[30]
    SLICE_X36Y16         LUT4 (Prop_lut4_I0_O)        0.301     6.267 r  core/d_err1_i_5/O
                         net (fo=1, routed)           0.658     6.925    core/d_err1_i_5_n_0
    SLICE_X36Y15         LUT6 (Prop_lut6_I5_O)        0.124     7.049 f  core/d_err1_i_2/O
                         net (fo=3, routed)           0.179     7.228    core/d_err1_i_2_0
    SLICE_X36Y15         LUT6 (Prop_lut6_I5_O)        0.124     7.352 r  core/bram_samples_request.ram_reg_0_0_0_i_21/O
                         net (fo=12, routed)          0.802     8.155    core/bram_samples_request.ram_reg_0_0_0_i_21_n_0
    SLICE_X46Y12         LUT5 (Prop_lut5_I4_O)        0.116     8.271 r  core/bram_samples_request.ram_reg_3_0_2_i_2/O
                         net (fo=2, routed)           1.274     9.544    core_n_93
    RAMB36_X3Y5          RAMB36E1                                     r  bram_samples_request.ram_reg_3_0_4/WEA[0]
  -------------------------------------------------------------------    -------------------

                         (clock clk rise edge)       10.000    10.000 r  
                                                      0.000    10.000 r  clk (IN)
                         net (fo=1702, unset)         0.924    10.924    clk
    RAMB36_X3Y5          RAMB36E1                                     r  bram_samples_request.ram_reg_3_0_4/CLKARDCLK
                         clock pessimism              0.000    10.924    
                         clock uncertainty           -0.035    10.889    
    RAMB36_X3Y5          RAMB36E1 (Setup_ramb36e1_CLKARDCLK_WEA[0])
                                                     -0.736    10.153    bram_samples_request.ram_reg_3_0_4
  -------------------------------------------------------------------
                         required time                         10.153    
                         arrival time                          -9.544    
  -------------------------------------------------------------------
                         slack                                  0.609    

Slack (MET) :             0.645ns  (required time - arrival time)
  Source:                 core/fsel1_reg[0]/C
                            (rising edge-triggered cell FDSE clocked by clk  {rise@0.000ns fall@5.000ns period=10.000ns})
  Destination:            bram_samples_request.ram_reg_1_0_7/WEA[0]
                            (rising edge-triggered cell RAMB36E1 clocked by clk  {rise@0.000ns fall@5.000ns period=10.000ns})
  Path Group:             clk
  Path Type:              Setup (Max at Slow Process Corner)
  Requirement:            10.000ns  (clk rise@10.000ns - clk rise@0.000ns)
  Data Path Delay:        8.537ns  (logic 2.619ns (30.678%)  route 5.918ns (69.322%))
  Logic Levels:           12  (CARRY4=7 LUT4=1 LUT5=2 LUT6=2)
  Clock Path Skew:        -0.049ns (DCD - SCD + CPR)
    Destination Clock Delay (DCD):    0.924ns = ( 10.924 - 10.000 ) 
    Source Clock Delay      (SCD):    0.973ns
    Clock Pessimism Removal (CPR):    0.000ns
  Clock Uncertainty:      0.035ns  ((TSJ^2 + TIJ^2)^1/2 + DJ) / 2 + PE
    Total System Jitter     (TSJ):    0.071ns
    Total Input Jitter      (TIJ):    0.000ns
    Discrete Jitter          (DJ):    0.000ns
    Phase Error              (PE):    0.000ns

    Location             Delay type                Incr(ns)  Path(ns)    Netlist Resource(s)
  -------------------------------------------------------------------    -------------------
                         (clock clk rise edge)        0.000     0.000 r  
                                                      0.000     0.000 r  clk (IN)
                         net (fo=1702, unset)         0.973     0.973    core/clk
    SLICE_X39Y11         FDSE                                         r  core/fsel1_reg[0]/C
  -------------------------------------------------------------------    -------------------
    SLICE_X39Y11         FDSE (Prop_fdse_C_Q)         0.419     1.392 r  core/fsel1_reg[0]/Q
                         net (fo=32, routed)          1.345     2.737    core/fetch/m1_reg[rs1v][31][0]
    SLICE_X37Y7          LUT5 (Prop_lut5_I0_O)        0.296     3.033 r  core/fetch/e_rs1v[7]_i_2/O
                         net (fo=32, routed)          0.861     3.893    core/fetch/m1[addr][7]_i_2_n_0
    SLICE_X38Y10         CARRY4 (Prop_carry4_DI[3]_CO[3])
                                                      0.396     4.289 r  core/fetch/m1_reg[addr][7]_i_1/CO[3]
                         net (fo=1, routed)           0.000     4.289    core/fetch/m1_reg[addr][7]_i_1_n_0
    SLICE_X38Y11         CARRY4 (Prop_carry4_CI_CO[3])
                                                      0.117     4.406 r  core/fetch/m1_reg[addr][11]_i_1/CO[3]
                         net (fo=1, routed)           0.000     4.406    core/fetch/m1_reg[addr][11]_i_1_n_0
    SLICE_X38Y12         CARRY4 (Prop_carry4_CI_CO[3])
                                                      0.117     4.523 r  core/fetch/m1_reg[addr][15]_i_1/CO[3]
                         net (fo=1, routed)           0.000     4.523    core/fetch/m1_reg[addr][15]_i_1_n_0
    SLICE_X38Y13         CARRY4 (Prop_carry4_CI_CO[3])
                                                      0.117     4.640 r  core/fetch/m1_reg[addr][19]_i_1/CO[3]
                         net (fo=1, routed)           0.000     4.640    core/fetch/m1_reg[addr][19]_i_1_n_0
    SLICE_X38Y14         CARRY4 (Prop_carry4_CI_CO[3])
                                                      0.117     4.757 r  core/fetch/m1_reg[addr][23]_i_1/CO[3]
                         net (fo=1, routed)           0.000     4.757    core/fetch/m1_reg[addr][23]_i_1_n_0
    SLICE_X38Y15         CARRY4 (Prop_carry4_CI_CO[3])
                                                      0.117     4.874 r  core/fetch/m1_reg[addr][27]_i_1/CO[3]
                         net (fo=1, routed)           0.000     4.874    core/fetch/m1_reg[addr][27]_i_1_n_0
    SLICE_X38Y16         CARRY4 (Prop_carry4_CI_O[2])
                                                      0.256     5.130 f  core/fetch/m1_reg[addr][31]_i_1/O[2]
                         net (fo=5, routed)           0.836     5.966    core/d_req_addr[30]
    SLICE_X36Y16         LUT4 (Prop_lut4_I0_O)        0.301     6.267 r  core/d_err1_i_5/O
                         net (fo=1, routed)           0.658     6.925    core/d_err1_i_5_n_0
    SLICE_X36Y15         LUT6 (Prop_lut6_I5_O)        0.124     7.049 f  core/d_err1_i_2/O
                         net (fo=3, routed)           0.179     7.228    core/d_err1_i_2_0
    SLICE_X36Y15         LUT6 (Prop_lut6_I5_O)        0.124     7.352 r  core/bram_samples_request.ram_reg_0_0_0_i_21/O
                         net (fo=12, routed)          0.905     8.257    core/bram_samples_request.ram_reg_0_0_0_i_21_n_0
    SLICE_X31Y18         LUT5 (Prop_lut5_I4_O)        0.118     8.375 r  core/bram_samples_request.ram_reg_1_0_5_i_2/O
                         net (fo=3, routed)           1.135     9.510    core_n_104
    RAMB36_X1Y5          RAMB36E1                                     r  bram_samples_request.ram_reg_1_0_7/WEA[0]
  -------------------------------------------------------------------    -------------------

                         (clock clk rise edge)       10.000    10.000 r  
                                                      0.000    10.000 r  clk (IN)
                         net (fo=1702, unset)         0.924    10.924    clk
    RAMB36_X1Y5          RAMB36E1                                     r  bram_samples_request.ram_reg_1_0_7/CLKARDCLK
                         clock pessimism              0.000    10.924    
                         clock uncertainty           -0.035    10.889    
    RAMB36_X1Y5          RAMB36E1 (Setup_ramb36e1_CLKARDCLK_WEA[0])
                                                     -0.734    10.155    bram_samples_request.ram_reg_1_0_7
  -------------------------------------------------------------------
                         required time                         10.155    
                         arrival time                          -9.510    
  -------------------------------------------------------------------
                         slack                                  0.645    

Slack (MET) :             0.670ns  (required time - arrival time)
  Source:                 core/fsel1_reg[0]/C
                            (rising edge-triggered cell FDSE clocked by clk  {rise@0.000ns fall@5.000ns period=10.000ns})
  Destination:            bram_samples_request.ram_reg_3_0_7/WEA[0]
                            (rising edge-triggered cell RAMB36E1 clocked by clk  {rise@0.000ns fall@5.000ns period=10.000ns})
  Path Group:             clk
  Path Type:              Setup (Max at Slow Process Corner)
  Requirement:            10.000ns  (clk rise@10.000ns - clk rise@0.000ns)
  Data Path Delay:        8.714ns  (logic 2.625ns (30.124%)  route 6.089ns (69.876%))
  Logic Levels:           12  (CARRY4=7 LUT4=1 LUT5=2 LUT6=2)
  Clock Path Skew:        -0.049ns (DCD - SCD + CPR)
    Destination Clock Delay (DCD):    0.924ns = ( 10.924 - 10.000 ) 
    Source Clock Delay      (SCD):    0.973ns
    Clock Pessimism Removal (CPR):    0.000ns
  Clock Uncertainty:      0.035ns  ((TSJ^2 + TIJ^2)^1/2 + DJ) / 2 + PE
    Total System Jitter     (TSJ):    0.071ns
    Total Input Jitter      (TIJ):    0.000ns
    Discrete Jitter          (DJ):    0.000ns
    Phase Error              (PE):    0.000ns

    Location             Delay type                Incr(ns)  Path(ns)    Netlist Resource(s)
  -------------------------------------------------------------------    -------------------
                         (clock clk rise edge)        0.000     0.000 r  
                                                      0.000     0.000 r  clk (IN)
                         net (fo=1702, unset)         0.973     0.973    core/clk
    SLICE_X39Y11         FDSE                                         r  core/fsel1_reg[0]/C
  -------------------------------------------------------------------    -------------------
    SLICE_X39Y11         FDSE (Prop_fdse_C_Q)         0.419     1.392 r  core/fsel1_reg[0]/Q
                         net (fo=32, routed)          1.345     2.737    core/fetch/m1_reg[rs1v][31][0]
    SLICE_X37Y7          LUT5 (Prop_lut5_I0_O)        0.296     3.033 r  core/fetch/e_rs1v[7]_i_2/O
                         net (fo=32, routed)          0.861     3.893    core/fetch/m1[addr][7]_i_2_n_0
    SLICE_X38Y10         CARRY4 (Prop_carry4_DI[3]_CO[3])
                                                      0.396     4.289 r  core/fetch/m1_reg[addr][7]_i_1/CO[3]
                         net (fo=1, routed)           0.000     4.289    core/fetch/m1_reg[addr][7]_i_1_n_0
    SLICE_X38Y11         CARRY4 (Prop_carry4_CI_CO[3])
                                                      0.117     4.406 r  core/fetch/m1_reg[addr][11]_i_1/CO[3]
                         net (fo=1, routed)           0.000     4.406    core/fetch/m1_reg[addr][11]_i_1_n_0
    SLICE_X38Y12         CARRY4 (Prop_carry4_CI_CO[3])
                                                      0.117     4.523 r  core/fetch/m1_reg[addr][15]_i_1/CO[3]
                         net (fo=1, routed)           0.000     4.523    core/fetch/m1_reg[addr][15]_i_1_n_0
    SLICE_X38Y13         CARRY4 (Prop_carry4_CI_CO[3])
                                                      0.117     4.640 r  core/fetch/m1_reg[addr][19]_i_1/CO[3]
                         net (fo=1, routed)           0.000     4.640    core/fetch/m1_reg[addr][19]_i_1_n_0
    SLICE_X38Y14         CARRY4 (Prop_carry4_CI_CO[3])
                                                      0.117     4.757 r  core/fetch/m1_reg[addr][23]_i_1/CO[3]
                         net (fo=1, routed)           0.000     4.757    core/fetch/m1_reg[addr][23]_i_1_n_0
    SLICE_X38Y15         CARRY4 (Prop_carry4_CI_CO[3])
                                                      0.117     4.874 r  core/fetch/m1_reg[addr][27]_i_1/CO[3]
                         net (fo=1, routed)           0.000     4.874    core/fetch/m1_reg[addr][27]_i_1_n_0
    SLICE_X38Y16         CARRY4 (Prop_carry4_CI_O[2])
                                                      0.256     5.130 f  core/fetch/m1_reg[addr][31]_i_1/O[2]
                         net (fo=5, routed)           0.836     5.966    core/d_req_addr[30]
    SLICE_X36Y16         LUT4 (Prop_lut4_I0_O)        0.301     6.267 r  core/d_err1_i_5/O
                         net (fo=1, routed)           0.658     6.925    core/d_err1_i_5_n_0
    SLICE_X36Y15         LUT6 (Prop_lut6_I5_O)        0.124     7.049 f  core/d_err1_i_2/O
                         net (fo=3, routed)           0.179     7.228    core/d_err1_i_2_0
    SLICE_X36Y15         LUT6 (Prop_lut6_I5_O)        0.124     7.352 r  core/bram_samples_request.ram_reg_0_0_0_i_21/O
                         net (fo=12, routed)          0.905     8.257    core/bram_samples_request.ram_reg_0_0_0_i_21_n_0
    SLICE_X31Y18         LUT5 (Prop_lut5_I4_O)        0.124     8.381 r  core/bram_samples_request.ram_reg_3_0_5_i_2/O
                         net (fo=3, routed)           1.306     9.687    core_n_96
    RAMB36_X1Y7          RAMB36E1                                     r  bram_samples_request.ram_reg_3_0_7/WEA[0]
  -------------------------------------------------------------------    -------------------

                         (clock clk rise edge)       10.000    10.000 r  
                                                      0.000    10.000 r  clk (IN)
                         net (fo=1702, unset)         0.924    10.924    clk
    RAMB36_X1Y7          RAMB36E1                                     r  bram_samples_request.ram_reg_3_0_7/CLKARDCLK
                         clock pessimism              0.000    10.924    
                         clock uncertainty           -0.035    10.889    
    RAMB36_X1Y7          RAMB36E1 (Setup_ramb36e1_CLKARDCLK_WEA[0])
                                                     -0.532    10.357    bram_samples_request.ram_reg_3_0_7
  -------------------------------------------------------------------
                         required time                         10.357    
                         arrival time                          -9.687    
  -------------------------------------------------------------------
                         slack                                  0.670    

Slack (MET) :             0.675ns  (required time - arrival time)
  Source:                 core/fsel1_reg[0]/C
                            (rising edge-triggered cell FDSE clocked by clk  {rise@0.000ns fall@5.000ns period=10.000ns})
  Destination:            bram_samples_request.ram_reg_1_0_1/WEA[0]
                            (rising edge-triggered cell RAMB36E1 clocked by clk  {rise@0.000ns fall@5.000ns period=10.000ns})
  Path Group:             clk
  Path Type:              Setup (Max at Slow Process Corner)
  Requirement:            10.000ns  (clk rise@10.000ns - clk rise@0.000ns)
  Data Path Delay:        8.709ns  (logic 2.625ns (30.142%)  route 6.084ns (69.858%))
  Logic Levels:           12  (CARRY4=7 LUT4=1 LUT5=2 LUT6=2)
  Clock Path Skew:        -0.049ns (DCD - SCD + CPR)
    Destination Clock Delay (DCD):    0.924ns = ( 10.924 - 10.000 ) 
    Source Clock Delay      (SCD):    0.973ns
    Clock Pessimism Removal (CPR):    0.000ns
  Clock Uncertainty:      0.035ns  ((TSJ^2 + TIJ^2)^1/2 + DJ) / 2 + PE
    Total System Jitter     (TSJ):    0.071ns
    Total Input Jitter      (TIJ):    0.000ns
    Discrete Jitter          (DJ):    0.000ns
    Phase Error              (PE):    0.000ns

    Location             Delay type                Incr(ns)  Path(ns)    Netlist Resource(s)
  -------------------------------------------------------------------    -------------------
                         (clock clk rise edge)        0.000     0.000 r  
                                                      0.000     0.000 r  clk (IN)
                         net (fo=1702, unset)         0.973     0.973    core/clk
    SLICE_X39Y11         FDSE                                         r  core/fsel1_reg[0]/C
  -------------------------------------------------------------------    -------------------
    SLICE_X39Y11         FDSE (Prop_fdse_C_Q)         0.419     1.392 r  core/fsel1_reg[0]/Q
                         net (fo=32, routed)          1.345     2.737    core/fetch/m1_reg[rs1v][31][0]
    SLICE_X37Y7          LUT5 (Prop_lut5_I0_O)        0.296     3.033 r  core/fetch/e_rs1v[7]_i_2/O
                         net (fo=32, routed)          0.861     3.893    core/fetch/m1[addr][7]_i_2_n_0
    SLICE_X38Y10         CARRY4 (Prop_carry4_DI[3]_CO[3])
                                                      0.396     4.289 r  core/fetch/m1_reg[addr][7]_i_1/CO[3]
                         net (fo=1, routed)           0.000     4.289    core/fetch/m1_reg[addr][7]_i_1_n_0
    SLICE_X38Y11         CARRY4 (Prop_carry4_CI_CO[3])
                                                      0.117     4.406 r  core/fetch/m1_reg[addr][11]_i_1/CO[3]
                         net (fo=1, routed)           0.000     4.406    core/fetch/m1_reg[addr][11]_i_1_n_0
    SLICE_X38Y12         CARRY4 (Prop_carry4_CI_CO[3])
                                                      0.117     4.523 r  core/fetch/m1_reg[addr][15]_i_1/CO[3]
                         net (fo=1, routed)           0.000     4.523    core/fetch/m1_reg[addr][15]_i_1_n_0
    SLICE_X38Y13         CARRY4 (Prop_carry4_CI_CO[3])
                                                      0.117     4.640 r  core/fetch/m1_reg[addr][19]_i_1/CO[3]
                         net (fo=1, routed)           0.000     4.640    core/fetch/m1_reg[addr][19]_i_1_n_0
    SLICE_X38Y14         CARRY4 (Prop_carry4_CI_CO[3])
                                                      0.117     4.757 r  core/fetch/m1_reg[addr][23]_i_1/CO[3]
                         net (fo=1, routed)           0.000     4.757    core/fetch/m1_reg[addr][23]_i_1_n_0
    SLICE_X38Y15         CARRY4 (Prop_carry4_CI_CO[3])
                                                      0.117     4.874 r  core/fetch/m1_reg[addr][27]_i_1/CO[3]
                         net (fo=1, routed)           0.000     4.874    core/fetch/m1_reg[addr][27]_i_1_n_0
    SLICE_X38Y16         CARRY4 (Prop_carry4_CI_O[2])
                                                      0.256     5.130 f  core/fetch/m1_reg[addr][31]_i_1/O[2]
                         net (fo=5, routed)           0.836     5.966    core/d_req_addr[30]
    SLICE_X36Y16         LUT4 (Prop_lut4_I0_O)        0.301     6.267 r  core/d_err1_i_5/O
                         net (fo=1, routed)           0.658     6.925    core/d_err1_i_5_n_0
    SLICE_X36Y15         LUT6 (Prop_lut6_I5_O)        0.124     7.049 f  core/d_err1_i_2/O
                         net (fo=3, routed)           0.179     7.228    core/d_err1_i_2_0
    SLICE_X36Y15         LUT6 (Prop_lut6_I5_O)        0.124     7.352 r  core/bram_samples_request.ram_reg_0_0_0_i_21/O
                         net (fo=12, routed)          0.975     8.327    core/bram_samples_request.ram_reg_0_0_0_i_21_n_0
    SLICE_X28Y9          LUT5 (Prop_lut5_I4_O)        0.124     8.451 r  core/bram_samples_request.ram_reg_1_0_0_i_2/O
                         net (fo=3, routed)           1.231     9.682    core_n_102
    RAMB36_X0Y1          RAMB36E1                                     r  bram_samples_request.ram_reg_1_0_1/WEA[0]
  -------------------------------------------------------------------    -------------------

                         (clock clk rise edge)       10.000    10.000 r  
                                                      0.000    10.000 r  clk (IN)
                         net (fo=1702, unset)         0.924    10.924    clk
    RAMB36_X0Y1          RAMB36E1                                     r  bram_samples_request.ram_reg_1_0_1/CLKARDCLK
                         clock pessimism              0.000    10.924    
                         clock uncertainty           -0.035    10.889    
    RAMB36_X0Y1          RAMB36E1 (Setup_ramb36e1_CLKARDCLK_WEA[0])
                                                     -0.532    10.357    bram_samples_request.ram_reg_1_0_1
  -------------------------------------------------------------------
                         required time                         10.357    
                         arrival time                          -9.682    
  -------------------------------------------------------------------
                         slack                                  0.675    





Min Delay Paths
--------------------------------------------------------------------------------------
Slack (MET) :             0.098ns  (arrival time - required time)
  Source:                 core/e_insn_reg[10]/C
                            (rising edge-triggered cell FDRE clocked by clk  {rise@0.000ns fall@5.000ns period=10.000ns})
  Destination:            core/m1_reg[insn][10]/D
                            (rising edge-triggered cell FDRE clocked by clk  {rise@0.000ns fall@5.000ns period=10.000ns})
  Path Group:             clk
  Path Type:              Hold (Min at Fast Process Corner)
  Requirement:            0.000ns  (clk rise@0.000ns - clk rise@0.000ns)
  Data Path Delay:        0.195ns  (logic 0.141ns (72.269%)  route 0.054ns (27.731%))
  Logic Levels:           0  
  Clock Path Skew:        0.022ns (DCD - SCD - CPR)
    Destination Clock Delay (DCD):    0.432ns
    Source Clock Delay      (SCD):    0.410ns
    Clock Pessimism Removal (CPR):    -0.000ns

    Location             Delay type                Incr(ns)  Path(ns)    Netlist Resource(s)
  -------------------------------------------------------------------    -------------------
                         (clock clk rise edge)        0.000     0.000 r  
                                                      0.000     0.000 r  clk (IN)
                         net (fo=1702, unset)         0.410     0.410    core/clk
    SLICE_X19Y6          FDRE                                         r  core/e_insn_reg[10]/C
  -------------------------------------------------------------------    -------------------
    SLICE_X19Y6          FDRE (Prop_fdre_C_Q)         0.141     0.551 r  core/e_insn_reg[10]/Q
                         net (fo=1, routed)           0.054     0.605    core/e_insn[10]
    SLICE_X18Y6          FDRE                                         r  core/m1_reg[insn][10]/D
  -------------------------------------------------------------------    -------------------

                         (clock clk rise edge)        0.000     0.000 r  
                                                      0.000     0.000 r  clk (IN)
                         net (fo=1702, unset)         0.432     0.432    core/clk
    SLICE_X18Y6          FDRE                                         r  core/m1_reg[insn][10]/C
                         clock pessimism              0.000     0.432    
    SLICE_X18Y6          FDRE (Hold_fdre_C_D)         0.076     0.508    core/m1_reg[insn][10]
  -------------------------------------------------------------------
                         required time                         -0.508    
                         arrival time                           0.605    
  -------------------------------------------------------------------
                         slack                                  0.098    

Slack (MET) :             0.120ns  (arrival time - required time)
  Source:                 core/w_reg[rd][0]/C
                            (rising edge-triggered cell FDRE clocked by clk  {rise@0.000ns fall@5.000ns period=10.000ns})
  Destination:            core/rf_reg_r2_0_31_0_5/RAMA/WADR0
                            (rising edge-triggered cell RAMD32 clocked by clk  {rise@0.000ns fall@5.000ns period=10.000ns})
  Path Group:             clk
  Path Type:              Hold (Min at Fast Process Corner)
  Requirement:            0.000ns  (clk rise@0.000ns - clk rise@0.000ns)
  Data Path Delay:        0.452ns  (logic 0.141ns (31.226%)  route 0.311ns (68.774%))
  Logic Levels:           0  
  Clock Path Skew:        0.022ns (DCD - SCD - CPR)
    Destination Clock Delay (DCD):    0.432ns
    Source Clock Delay      (SCD):    0.410ns
    Clock Pessimism Removal (CPR):    -0.000ns

    Location             Delay type                Incr(ns)  Path(ns)    Netlist Resource(s)
  -------------------------------------------------------------------    -------------------
                         (clock clk rise edge)        0.000     0.000 r  
                                                      0.000     0.000 r  clk (IN)
                         net (fo=1702, unset)         0.410     0.410    core/clk
    SLICE_X39Y5          FDRE                                         r  core/w_reg[rd][0]/C
  -------------------------------------------------------------------    -------------------
    SLICE_X39Y5          FDRE (Prop_fdre_C_Q)         0.141     0.551 r  core/w_reg[rd][0]/Q
                         net (fo=92, routed)          0.311     0.862    core/rf_reg_r2_0_31_0_5/ADDRD0
    SLICE_X42Y5          RAMD32                                       r  core/rf_reg_r2_0_31_0_5/RAMA/WADR0
  -------------------------------------------------------------------    -------------------

                         (clock clk rise edge)        0.000     0.000 r  
                                                      0.000     0.000 r  clk (IN)
                         net (fo=1702, unset)         0.432     0.432    core/rf_reg_r2_0_31_0_5/WCLK
    SLICE_X42Y5          RAMD32                                       r  core/rf_reg_r2_0_31_0_5/RAMA/CLK
                         clock pessimism              0.000     0.432    
    SLICE_X42Y5          RAMD32 (Hold_ramd32_CLK_WADR0)
                                                      0.310     0.742    core/rf_reg_r2_0_31_0_5/RAMA
  -------------------------------------------------------------------
                         required time                         -0.742    
                         arrival time                           0.862    
  -------------------------------------------------------------------
                         slack                                  0.120    

Slack (MET) :             0.120ns  (arrival time - required time)
  Source:                 core/w_reg[rd][0]/C
                            (rising edge-triggered cell FDRE clocked by clk  {rise@0.000ns fall@5.000ns period=10.000ns})
  Destination:            core/rf_reg_r2_0_31_0_5/RAMA_D1/WADR0
                            (rising edge-triggered cell RAMD32 clocked by clk  {rise@0.000ns fall@5.000ns period=10.000ns})
  Path Group:             clk
  Path Type:              Hold (Min at Fast Process Corner)
  Requirement:            0.000ns  (clk rise@0.000ns - clk rise@0.000ns)
  Data Path Delay:        0.452ns  (logic 0.141ns (31.226%)  route 0.311ns (68.774%))
  Logic Levels:           0  
  Clock Path Skew:        0.022ns (DCD - SCD - CPR)
    Destination Clock Delay (DCD):    0.432ns
    Source Clock Delay      (SCD):    0.410ns
    Clock Pessimism Removal (CPR):    -0.000ns

    Location             Delay type                Incr(ns)  Path(ns)    Netlist Resource(s)
  -------------------------------------------------------------------    -------------------
                         (clock clk rise edge)        0.000     0.000 r  
                                                      0.000     0.000 r  clk (IN)
                         net (fo=1702, unset)         0.410     0.410    core/clk
    SLICE_X39Y5          FDRE                                         r  core/w_reg[rd][0]/C
  -------------------------------------------------------------------    -------------------
    SLICE_X39Y5          FDRE (Prop_fdre_C_Q)         0.141     0.551 r  core/w_reg[rd][0]/Q
                         net (fo=92, routed)          0.311     0.862    core/rf_reg_r2_0_31_0_5/ADDRD0
    SLICE_X42Y5          RAMD32                                       r  core/rf_reg_r2_0_31_0_5/RAMA_D1/WADR0
  -------------------------------------------------------------------    -------------------

                         (clock clk rise edge)        0.000     0.000 r  
                                                      0.000     0.000 r  clk (IN)
                         net (fo=1702, unset)         0.432     0.432    core/rf_reg_r2_0_31_0_5/WCLK
    SLICE_X42Y5          RAMD32                                       r  core/rf_reg_r2_0_31_0_5/RAMA_D1/CLK
                         clock pessimism              0.000     0.432    
    SLICE_X42Y5          RAMD32 (Hold_ramd32_CLK_WADR0)
                                                      0.310     0.742    core/rf_reg_r2_0_31_0_5/RAMA_D1
  -------------------------------------------------------------------
                         required time                         -0.742    
                         arrival time                           0.862    
  -------------------------------------------------------------------
                         slack                                  0.120    

Slack (MET) :             0.120ns  (arrival time - required time)
  Source:                 core/w_reg[rd][0]/C
                            (rising edge-triggered cell FDRE clocked by clk  {rise@0.000ns fall@5.000ns period=10.000ns})
  Destination:            core/rf_reg_r2_0_31_0_5/RAMB/WADR0
                            (rising edge-triggered cell RAMD32 clocked by clk  {rise@0.000ns fall@5.000ns period=10.000ns})
  Path Group:             clk
  Path Type:              Hold (Min at Fast Process Corner)
  Requirement:            0.000ns  (clk rise@0.000ns - clk rise@0.000ns)
  Data Path Delay:        0.452ns  (logic 0.141ns (31.226%)  route 0.311ns (68.774%))
  Logic Levels:           0  
  Clock Path Skew:        0.022ns (DCD - SCD - CPR)
    Destination Clock Delay (DCD):    0.432ns
    Source Clock Delay      (SCD):    0.410ns
    Clock Pessimism Removal (CPR):    -0.000ns

    Location             Delay type                Incr(ns)  Path(ns)    Netlist Resource(s)
  -------------------------------------------------------------------    -------------------
                         (clock clk rise edge)        0.000     0.000 r  
                                                      0.000     0.000 r  clk (IN)
                         net (fo=1702, unset)         0.410     0.410    core/clk
    SLICE_X39Y5          FDRE                                         r  core/w_reg[rd][0]/C
  -------------------------------------------------------------------    -------------------
    SLICE_X39Y5          FDRE (Prop_fdre_C_Q)         0.141     0.551 r  core/w_reg[rd][0]/Q
                         net (fo=92, routed)          0.311     0.862    core/rf_reg_r2_0_31_0_5/ADDRD0
    SLICE_X42Y5          RAMD32                                       r  core/rf_reg_r2_0_31_0_5/RAMB/WADR0
  -------------------------------------------------------------------    -------------------

                         (clock clk rise edge)        0.000     0.000 r  
                                                      0.000     0.000 r  clk (IN)
                         net (fo=1702, unset)         0.432     0.432    core/rf_reg_r2_0_31_0_5/WCLK
    SLICE_X42Y5          RAMD32                                       r  core/rf_reg_r2_0_31_0_5/RAMB/CLK
                         clock pessimism              0.000     0.432    
    SLICE_X42Y5          RAMD32 (Hold_ramd32_CLK_WADR0)
                                                      0.310     0.742    core/rf_reg_r2_0_31_0_5/RAMB
  -------------------------------------------------------------------
                         required time                         -0.742    
                         arrival time                           0.862    
  -------------------------------------------------------------------
                         slack                                  0.120    

Slack (MET) :             0.120ns  (arrival time - required time)
  Source:                 core/w_reg[rd][0]/C
                            (rising edge-triggered cell FDRE clocked by clk  {rise@0.000ns fall@5.000ns period=10.000ns})
  Destination:            core/rf_reg_r2_0_31_0_5/RAMB_D1/WADR0
                            (rising edge-triggered cell RAMD32 clocked by clk  {rise@0.000ns fall@5.000ns period=10.000ns})
  Path Group:             clk
  Path Type:              Hold (Min at Fast Process Corner)
  Requirement:            0.000ns  (clk rise@0.000ns - clk rise@0.000ns)
  Data Path Delay:        0.452ns  (logic 0.141ns (31.226%)  route 0.311ns (68.774%))
  Logic Levels:           0  
  Clock Path Skew:        0.022ns (DCD - SCD - CPR)
    Destination Clock Delay (DCD):    0.432ns
    Source Clock Delay      (SCD):    0.410ns
    Clock Pessimism Removal (CPR):    -0.000ns

    Location             Delay type                Incr(ns)  Path(ns)    Netlist Resource(s)
  -------------------------------------------------------------------    -------------------
                         (clock clk rise edge)        0.000     0.000 r  
                                                      0.000     0.000 r  clk (IN)
                         net (fo=1702, unset)         0.410     0.410    core/clk
    SLICE_X39Y5          FDRE                                         r  core/w_reg[rd][0]/C
  -------------------------------------------------------------------    -------------------
    SLICE_X39Y5          FDRE (Prop_fdre_C_Q)         0.141     0.551 r  core/w_reg[rd][0]/Q
                         net (fo=92, routed)          0.311     0.862    core/rf_reg_r2_0_31_0_5/ADDRD0
    SLICE_X42Y5          RAMD32                                       r  core/rf_reg_r2_0_31_0_5/RAMB_D1/WADR0
  -------------------------------------------------------------------    -------------------

                         (clock clk rise edge)        0.000     0.000 r  
                                                      0.000     0.000 r  clk (IN)
                         net (fo=1702, unset)         0.432     0.432    core/rf_reg_r2_0_31_0_5/WCLK
    SLICE_X42Y5          RAMD32                                       r  core/rf_reg_r2_0_31_0_5/RAMB_D1/CLK
                         clock pessimism              0.000     0.432    
    SLICE_X42Y5          RAMD32 (Hold_ramd32_CLK_WADR0)
                                                      0.310     0.742    core/rf_reg_r2_0_31_0_5/RAMB_D1
  -------------------------------------------------------------------
                         required time                         -0.742    
                         arrival time                           0.862    
  -------------------------------------------------------------------
                         slack                                  0.120    

Slack (MET) :             0.120ns  (arrival time - required time)
  Source:                 core/w_reg[rd][0]/C
                            (rising edge-triggered cell FDRE clocked by clk  {rise@0.000ns fall@5.000ns period=10.000ns})
  Destination:            core/rf_reg_r2_0_31_0_5/RAMC/WADR0
                            (rising edge-triggered cell RAMD32 clocked by clk  {rise@0.000ns fall@5.000ns period=10.000ns})
  Path Group:             clk
  Path Type:              Hold (Min at Fast Process Corner)
  Requirement:            0.000ns  (clk rise@0.000ns - clk rise@0.000ns)
  Data Path Delay:        0.452ns  (logic 0.141ns (31.226%)  route 0.311ns (68.774%))
  Logic Levels:           0  
  Clock Path Skew:        0.022ns (DCD - SCD - CPR)
    Destination Clock Delay (DCD):    0.432ns
    Source Clock Delay      (SCD):    0.410ns
    Clock Pessimism Removal (CPR):    -0.000ns

    Location             Delay type                Incr(ns)  Path(ns)    Netlist Resource(s)
  -------------------------------------------------------------------    -------------------
                         (clock clk rise edge)        0.000     0.000 r  
                                                      0.000     0.000 r  clk (IN)
                         net (fo=1702, unset)         0.410     0.410    core/clk
    SLICE_X39Y5          FDRE                                         r  core/w_reg[rd][0]/C
  -------------------------------------------------------------------    -------------------
    SLICE_X39Y5          FDRE (Prop_fdre_C_Q)         0.141     0.551 r  core/w_reg[rd][0]/Q
                         net (fo=92, routed)          0.311     0.862    core/rf_reg_r2_0_31_0_5/ADDRD0
    SLICE_X42Y5          RAMD32                                       r  core/rf_reg_r2_0_31_0_5/RAMC/WADR0
  -------------------------------------------------------------------    -------------------

                         (clock clk rise edge)        0.000     0.000 r  
                                                      0.000     0.000 r  clk (IN)
                         net (fo=1702, unset)         0.432     0.432    core/rf_reg_r2_0_31_0_5/WCLK
    SLICE_X42Y5          RAMD32                                       r  core/rf_reg_r2_0_31_0_5/RAMC/CLK
                         clock pessimism              0.000     0.432    
    SLICE_X42Y5          RAMD32 (Hold_ramd32_CLK_WADR0)
                                                      0.310     0.742    core/rf_reg_r2_0_31_0_5/RAMC
  -------------------------------------------------------------------
                         required time                         -0.742    
                         arrival time                           0.862    
  -------------------------------------------------------------------
                         slack                                  0.120    

Slack (MET) :             0.120ns  (arrival time - required time)
  Source:                 core/w_reg[rd][0]/C
                            (rising edge-triggered cell FDRE clocked by clk  {rise@0.000ns fall@5.000ns period=10.000ns})
  Destination:            core/rf_reg_r2_0_31_0_5/RAMC_D1/WADR0
                            (rising edge-triggered cell RAMD32 clocked by clk  {rise@0.000ns fall@5.000ns period=10.000ns})
  Path Group:             clk
  Path Type:              Hold (Min at Fast Process Corner)
  Requirement:            0.000ns  (clk rise@0.000ns - clk rise@0.000ns)
  Data Path Delay:        0.452ns  (logic 0.141ns (31.226%)  route 0.311ns (68.774%))
  Logic Levels:           0  
  Clock Path Skew:        0.022ns (DCD - SCD - CPR)
    Destination Clock Delay (DCD):    0.432ns
    Source Clock Delay      (SCD):    0.410ns
    Clock Pessimism Removal (CPR):    -0.000ns

    Location             Delay type                Incr(ns)  Path(ns)    Netlist Resource(s)
  -------------------------------------------------------------------    -------------------
                         (clock clk rise edge)        0.000     0.000 r  
                                                      0.000     0.000 r  clk (IN)
                         net (fo=1702, unset)         0.410     0.410    core/clk
    SLICE_X39Y5          FDRE                                         r  core/w_reg[rd][0]/C
  -------------------------------------------------------------------    -------------------
    SLICE_X39Y5          FDRE (Prop_fdre_C_Q)         0.141     0.551 r  core/w_reg[rd][0]/Q
                         net (fo=92, routed)          0.311     0.862    core/rf_reg_r2_0_31_0_5/ADDRD0
    SLICE_X42Y5          RAMD32                                       r  core/rf_reg_r2_0_31_0_5/RAMC_D1/WADR0
  -------------------------------------------------------------------    -------------------

                         (clock clk rise edge)        0.000     0.000 r  
                                                      0.000     0.000 r  clk (IN)
                         net (fo=1702, unset)         0.432     0.432    core/rf_reg_r2_0_31_0_5/WCLK
    SLICE_X42Y5          RAMD32                                       r  core/rf_reg_r2_0_31_0_5/RAMC_D1/CLK
                         clock pessimism              0.000     0.432    
    SLICE_X42Y5          RAMD32 (Hold_ramd32_CLK_WADR0)
                                                      0.310     0.742    core/rf_reg_r2_0_31_0_5/RAMC_D1
  -------------------------------------------------------------------
                         required time                         -0.742    
                         arrival time                           0.862    
  -------------------------------------------------------------------
                         slack                                  0.120    

Slack (MET) :             0.120ns  (arrival time - required time)
  Source:                 core/w_reg[rd][0]/C
                            (rising edge-triggered cell FDRE clocked by clk  {rise@0.000ns fall@5.000ns period=10.000ns})
  Destination:            core/rf_reg_r2_0_31_0_5/RAMD/ADR0
                            (rising edge-triggered cell RAMS32 clocked by clk  {rise@0.000ns fall@5.000ns period=10.000ns})
  Path Group:             clk
  Path Type:              Hold (Min at Fast Process Corner)
  Requirement:            0.000ns  (clk rise@0.000ns - clk rise@0.000ns)
  Data Path Delay:        0.452ns  (logic 0.141ns (31.226%)  route 0.311ns (68.774%))
  Logic Levels:           0  
  Clock Path Skew:        0.022ns (DCD - SCD - CPR)
    Destination Clock Delay (DCD):    0.432ns
    Source Clock Delay      (SCD):    0.410ns
    Clock Pessimism Removal (CPR):    -0.000ns

    Location             Delay type                Incr(ns)  Path(ns)    Netlist Resource(s)
  -------------------------------------------------------------------    -------------------
                         (clock clk rise edge)        0.000     0.000 r  
                                                      0.000     0.000 r  clk (IN)
                         net (fo=1702, unset)         0.410     0.410    core/clk
    SLICE_X39Y5          FDRE                                         r  core/w_reg[rd][0]/C
  -------------------------------------------------------------------    -------------------
    SLICE_X39Y5          FDRE (Prop_fdre_C_Q)         0.141     0.551 r  core/w_reg[rd][0]/Q
                         net (fo=92, routed)          0.311     0.862    core/rf_reg_r2_0_31_0_5/ADDRD0
    SLICE_X42Y5          RAMS32                                       r  core/rf_reg_r2_0_31_0_5/RAMD/ADR0
  -------------------------------------------------------------------    -------------------

                         (clock clk rise edge)        0.000     0.000 r  
                                                      0.000     0.000 r  clk (IN)
                         net (fo=1702, unset)         0.432     0.432    core/rf_reg_r2_0_31_0_5/WCLK
    SLICE_X42Y5          RAMS32                                       r  core/rf_reg_r2_0_31_0_5/RAMD/CLK
                         clock pessimism              0.000     0.432    
    SLICE_X42Y5          RAMS32 (Hold_rams32_CLK_ADR0)
                                                      0.310     0.742    core/rf_reg_r2_0_31_0_5/RAMD
  -------------------------------------------------------------------
                         required time                         -0.742    
                         arrival time                           0.862    
  -------------------------------------------------------------------
                         slack                                  0.120    

Slack (MET) :             0.120ns  (arrival time - required time)
  Source:                 core/w_reg[rd][0]/C
                            (rising edge-triggered cell FDRE clocked by clk  {rise@0.000ns fall@5.000ns period=10.000ns})
  Destination:            core/rf_reg_r2_0_31_0_5/RAMD_D1/ADR0
                            (rising edge-triggered cell RAMS32 clocked by clk  {rise@0.000ns fall@5.000ns period=10.000ns})
  Path Group:             clk
  Path Type:              Hold (Min at Fast Process Corner)
  Requirement:            0.000ns  (clk rise@0.000ns - clk rise@0.000ns)
  Data Path Delay:        0.452ns  (logic 0.141ns (31.226%)  route 0.311ns (68.774%))
  Logic Levels:           0  
  Clock Path Skew:        0.022ns (DCD - SCD - CPR)
    Destination Clock Delay (DCD):    0.432ns
    Source Clock Delay      (SCD):    0.410ns
    Clock Pessimism Removal (CPR):    -0.000ns

    Location             Delay type                Incr(ns)  Path(ns)    Netlist Resource(s)
  -------------------------------------------------------------------    -------------------
                         (clock clk rise edge)        0.000     0.000 r  
                                                      0.000     0.000 r  clk (IN)
                         net (fo=1702, unset)         0.410     0.410    core/clk
    SLICE_X39Y5          FDRE                                         r  core/w_reg[rd][0]/C
  -------------------------------------------------------------------    -------------------
    SLICE_X39Y5          FDRE (Prop_fdre_C_Q)         0.141     0.551 r  core/w_reg[rd][0]/Q
                         net (fo=92, routed)          0.311     0.862    core/rf_reg_r2_0_31_0_5/ADDRD0
    SLICE_X42Y5          RAMS32                                       r  core/rf_reg_r2_0_31_0_5/RAMD_D1/ADR0
  -------------------------------------------------------------------    -------------------

                         (clock clk rise edge)        0.000     0.000 r  
                                                      0.000     0.000 r  clk (IN)
                         net (fo=1702, unset)         0.432     0.432    core/rf_reg_r2_0_31_0_5/WCLK
    SLICE_X42Y5          RAMS32                                       r  core/rf_reg_r2_0_31_0_5/RAMD_D1/CLK
                         clock pessimism              0.000     0.432    
    SLICE_X42Y5          RAMS32 (Hold_rams32_CLK_ADR0)
                                                      0.310     0.742    core/rf_reg_r2_0_31_0_5/RAMD_D1
  -------------------------------------------------------------------
                         required time                         -0.742    
                         arrival time                           0.862    
  -------------------------------------------------------------------
                         slack                                  0.120    

Slack (MET) :             0.121ns  (arrival time - required time)
  Source:                 core/w_reg[rd][3]/C
                            (rising edge-triggered cell FDRE clocked by clk  {rise@0.000ns fall@5.000ns period=10.000ns})
  Destination:            core/rf_reg_r1_0_31_6_11/RAMA/WADR3
                            (rising edge-triggered cell RAMD32 clocked by clk  {rise@0.000ns fall@5.000ns period=10.000ns})
  Path Group:             clk
  Path Type:              Hold (Min at Fast Process Corner)
  Requirement:            0.000ns  (clk rise@0.000ns - clk rise@0.000ns)
  Data Path Delay:        0.383ns  (logic 0.141ns (36.822%)  route 0.242ns (63.178%))
  Logic Levels:           0  
  Clock Path Skew:        0.022ns (DCD - SCD - CPR)
    Destination Clock Delay (DCD):    0.432ns
    Source Clock Delay      (SCD):    0.410ns
    Clock Pessimism Removal (CPR):    -0.000ns

    Location             Delay type                Incr(ns)  Path(ns)    Netlist Resource(s)
  -------------------------------------------------------------------    -------------------
                         (clock clk rise edge)        0.000     0.000 r  
                                                      0.000     0.000 r  clk (IN)
                         net (fo=1702, unset)         0.410     0.410    core/clk
    SLICE_X39Y5          FDRE                                         r  core/w_reg[rd][3]/C
  -------------------------------------------------------------------    -------------------
    SLICE_X39Y5          FDRE (Prop_fdre_C_Q)         0.141     0.551 r  core/w_reg[rd][3]/Q
                         net (fo=92, routed)          0.242     0.793    core/rf_reg_r1_0_31_6_11/ADDRD3
    SLICE_X38Y7          RAMD32                                       r  core/rf_reg_r1_0_31_6_11/RAMA/WADR3
  -------------------------------------------------------------------    -------------------

                         (clock clk rise edge)        0.000     0.000 r  
                                                      0.000     0.000 r  clk (IN)
                         net (fo=1702, unset)         0.432     0.432    core/rf_reg_r1_0_31_6_11/WCLK
    SLICE_X38Y7          RAMD32                                       r  core/rf_reg_r1_0_31_6_11/RAMA/CLK
                         clock pessimism              0.000     0.432    
    SLICE_X38Y7          RAMD32 (Hold_ramd32_CLK_WADR3)
                                                      0.240     0.672    core/rf_reg_r1_0_31_6_11/RAMA
  -------------------------------------------------------------------
                         required time                         -0.672    
                         arrival time                           0.793    
  -------------------------------------------------------------------
                         slack                                  0.121    





Pulse Width Checks
--------------------------------------------------------------------------------------
Clock Name:         clk
Waveform(ns):       { 0.000 5.000 }
Period(ns):         10.000
Sources:            { clk }

Check Type        Corner  Lib Pin             Reference Pin  Required(ns)  Actual(ns)  Slack(ns)  Location      Pin
Min Period        n/a     DSP48E1/CLK         n/a            3.884         10.000      6.116      DSP48_X1Y5    core/pp_lh_reg/CLK
Min Period        n/a     DSP48E1/CLK         n/a            3.884         10.000      6.116      DSP48_X1Y3    core/pp_ll_reg/CLK
Min Period        n/a     DSP48E1/CLK         n/a            3.687         10.000      6.313      DSP48_X1Y2    core/pp_hl_reg/CLK
Min Period        n/a     RAMB36E1/CLKARDCLK  n/a            2.944         10.000      7.056      RAMB36_X2Y1   bram_samples_request.ram_reg_0_0_0/CLKARDCLK
Min Period        n/a     RAMB36E1/CLKARDCLK  n/a            2.944         10.000      7.056      RAMB36_X1Y1   bram_samples_request.ram_reg_0_0_1/CLKARDCLK
Min Period        n/a     RAMB36E1/CLKARDCLK  n/a            2.944         10.000      7.056      RAMB36_X2Y2   bram_samples_request.ram_reg_0_0_2/CLKARDCLK
Min Period        n/a     RAMB36E1/CLKARDCLK  n/a            2.944         10.000      7.056      RAMB36_X0Y4   bram_samples_request.ram_reg_0_0_3/CLKARDCLK
Min Period        n/a     RAMB36E1/CLKARDCLK  n/a            2.944         10.000      7.056      RAMB36_X1Y2   bram_samples_request.ram_reg_0_0_4/CLKARDCLK
Min Period        n/a     RAMB36E1/CLKARDCLK  n/a            2.944         10.000      7.056      RAMB36_X0Y2   bram_samples_request.ram_reg_0_0_5/CLKARDCLK
Min Period        n/a     RAMB36E1/CLKARDCLK  n/a            2.944         10.000      7.056      RAMB36_X0Y0   bram_samples_request.ram_reg_0_0_6/CLKARDCLK
Low Pulse Width   Slow    RAMD32/CLK          n/a            1.250         5.000       3.750      SLICE_X10Y15  core/fetch/buf_err_reg_0_3_0_0/DP/CLK
Low Pulse Width   Fast    RAMD32/CLK          n/a            1.250         5.000       3.750      SLICE_X10Y15  core/fetch/buf_err_reg_0_3_0_0/DP/CLK
Low Pulse Width   Slow    RAMD32/CLK          n/a            1.250         5.000       3.750      SLICE_X10Y15  core/fetch/buf_err_reg_0_3_0_0/SP/CLK
Low Pulse Width   Fast    RAMD32/CLK          n/a            1.250         5.000       3.750      SLICE_X10Y15  core/fetch/buf_err_reg_0_3_0_0/SP/CLK
Low Pulse Width   Slow    RAMD32/CLK          n/a            1.250         5.000       3.750      SLICE_X10Y8   core/fetch/buf_insn_reg_0_3_0_5/RAMA/CLK
Low Pulse Width   Fast    RAMD32/CLK          n/a            1.250         5.000       3.750      SLICE_X10Y8   core/fetch/buf_insn_reg_0_3_0_5/RAMA/CLK
Low Pulse Width   Slow    RAMD32/CLK          n/a            1.250         5.000       3.750      SLICE_X10Y8   core/fetch/buf_insn_reg_0_3_0_5/RAMA_D1/CLK
Low Pulse Width   Fast    RAMD32/CLK          n/a            1.250         5.000       3.750      SLICE_X10Y8   core/fetch/buf_insn_reg_0_3_0_5/RAMA_D1/CLK
Low Pulse Width   Slow    RAMD32/CLK          n/a            1.250         5.000       3.750      SLICE_X10Y8   core/fetch/buf_insn_reg_0_3_0_5/RAMB/CLK
Low Pulse Width   Fast    RAMD32/CLK          n/a            1.250         5.000       3.750      SLICE_X10Y8   core/fetch/buf_insn_reg_0_3_0_5/RAMB/CLK
High Pulse Width  Slow    RAMD32/CLK          n/a            1.250         5.000       3.750      SLICE_X10Y15  core/fetch/buf_err_reg_0_3_0_0/DP/CLK
High Pulse Width  Fast    RAMD32/CLK          n/a            1.250         5.000       3.750      SLICE_X10Y15  core/fetch/buf_err_reg_0_3_0_0/DP/CLK
High Pulse Width  Slow    RAMD32/CLK          n/a            1.250         5.000       3.750      SLICE_X10Y15  core/fetch/buf_err_reg_0_3_0_0/SP/CLK
High Pulse Width  Fast    RAMD32/CLK          n/a            1.250         5.000       3.750      SLICE_X10Y15  core/fetch/buf_err_reg_0_3_0_0/SP/CLK
High Pulse Width  Slow    RAMD32/CLK          n/a            1.250         5.000       3.750      SLICE_X10Y8   core/fetch/buf_insn_reg_0_3_0_5/RAMA/CLK
High Pulse Width  Fast    RAMD32/CLK          n/a            1.250         5.000       3.750      SLICE_X10Y8   core/fetch/buf_insn_reg_0_3_0_5/RAMA/CLK
High Pulse Width  Slow    RAMD32/CLK          n/a            1.250         5.000       3.750      SLICE_X10Y8   core/fetch/buf_insn_reg_0_3_0_5/RAMA_D1/CLK
High Pulse Width  Fast    RAMD32/CLK          n/a            1.250         5.000       3.750      SLICE_X10Y8   core/fetch/buf_insn_reg_0_3_0_5/RAMA_D1/CLK
High Pulse Width  Slow    RAMD32/CLK          n/a            1.250         5.000       3.750      SLICE_X10Y8   core/fetch/buf_insn_reg_0_3_0_5/RAMB/CLK
High Pulse Width  Fast    RAMD32/CLK          n/a            1.250         5.000       3.750      SLICE_X10Y8   core/fetch/buf_insn_reg_0_3_0_5/RAMB/CLK



