Copyright 1986-2022 Xilinx, Inc. All Rights Reserved. Copyright 2022-2025 Advanced Micro Devices, Inc. All Rights Reserved.
---------------------------------------------------------------------------------------------------------------------------------------------
| Tool Version : Vivado v.2025.1 (lin64) Build 6140274 Wed May 21 22:58:25 MDT 2025
| Date         : Sat Oct  3 10:39:41 2026
| Host         : gondor running 64-bit Ubuntu 24.04.5 LTS
| Command      : report_timing_summary -max_paths 10 -file /home/elfo/Documents/Aster/build/timing/fpga/aster_bram/timing_summary.rpt
| Design       : timing_aster_bram
| Device       : 7z020-clg400
| Speed File   : -1  PRODUCTION 1.12 2019-11-22
| Design State : Routed
---------------------------------------------------------------------------------------------------------------------------------------------

Timing Summary Report

------------------------------------------------------------------------------------------------
| Timer Settings
| --------------
------------------------------------------------------------------------------------------------

  Enable Multi Corner Analysis               :  Yes
  Enable Pessimism Removal                   :  Yes
  Pessimism Removal Resolution               :  Nearest Common Node
  Enable Input Delay Default Clock           :  No
  Enable Preset / Clear Arcs                 :  No
  Disable Flight Delays                      :  No
  Ignore I/O Paths                           :  No
  Timing Early Launch at Borrowing Latches   :  No
  Borrow Time for Max Delay Exceptions       :  Yes
  Merge Timing Exceptions                    :  Yes
  Inter-SLR Compensation                     :  Conservative

  Corner  Analyze    Analyze    
  Name    Max Paths  Min Paths  
  ------  ---------  ---------  
  Slow    Yes        Yes        
  Fast    Yes        Yes        


------------------------------------------------------------------------------------------------
| Report Methodology
| ------------------
------------------------------------------------------------------------------------------------

No report available as report_methodology has not been run prior. Run report_methodology on the current design for the summary of methodology violations.



check_timing report

Table of Contents
-----------------
1. checking no_clock (0)
2. checking constant_clock (0)
3. checking pulse_width_clock (0)
4. checking unconstrained_internal_endpoints (0)
5. checking no_input_delay (68)
6. checking no_output_delay (32)
7. checking multiple_clock (0)
8. checking generated_clocks (0)
9. checking loops (0)
10. checking partial_input_delay (0)
11. checking partial_output_delay (0)
12. checking latch_loops (0)

1. checking no_clock (0)
------------------------
 There are 0 register/latch pins with no clock.


2. checking constant_clock (0)
------------------------------
 There are 0 register/latch pins with constant_clock.


3. checking pulse_width_clock (0)
---------------------------------
 There are 0 register/latch pins which need pulse_width check


4. checking unconstrained_internal_endpoints (0)
------------------------------------------------
 There are 0 pins that are not constrained for maximum delay.

 There are 0 pins that are not constrained for maximum delay due to constant clock.


5. checking no_input_delay (68)
-------------------------------
 There are 68 input ports with no input delay specified. (HIGH)

 There are 0 input ports with no input delay but user has a false path constraint.


6. checking no_output_delay (32)
--------------------------------
 There are 32 ports with no output delay specified. (HIGH)

 There are 0 ports with no output delay but user has a false path constraint

 There are 0 ports with no output delay but with a timing clock defined on it or propagating through it


7. checking multiple_clock (0)
------------------------------
 There are 0 register/latch pins with multiple clocks.


8. checking generated_clocks (0)
--------------------------------
 There are 0 generated clocks that are not connected to a clock source.


9. checking loops (0)
---------------------
 There are 0 combinational loops in the design.


10. checking partial_input_delay (0)
------------------------------------
 There are 0 input ports with partial input delay specified.


11. checking partial_output_delay (0)
-------------------------------------
 There are 0 ports with partial output delay specified.


12. checking latch_loops (0)
----------------------------
 There are 0 combinational latch loops in the design through latch input



------------------------------------------------------------------------------------------------
| Design Timing Summary
| ---------------------
------------------------------------------------------------------------------------------------

    WNS(ns)      TNS(ns)  TNS Failing Endpoints  TNS Total Endpoints      WHS(ns)      THS(ns)  THS Failing Endpoints  THS Total Endpoints     WPWS(ns)     TPWS(ns)  TPWS Failing Endpoints  TPWS Total Endpoints  
    -------      -------  ---------------------  -------------------      -------      -------  ---------------------  -------------------     --------     --------  ----------------------  --------------------  
      0.106        0.000                      0                 5290        0.110        0.000                      0                 5290        3.750        0.000                       0                  1705  


All user specified timing constraints are met.


------------------------------------------------------------------------------------------------
| Clock Summary
| -------------
------------------------------------------------------------------------------------------------

Clock  Waveform(ns)       Period(ns)      Frequency(MHz)
-----  ------------       ----------      --------------
clk    {0.000 5.000}      10.000          100.000         


------------------------------------------------------------------------------------------------
| Intra Clock Table
| -----------------
------------------------------------------------------------------------------------------------

Clock             WNS(ns)      TNS(ns)  TNS Failing Endpoints  TNS Total Endpoints      WHS(ns)      THS(ns)  THS Failing Endpoints  THS Total Endpoints     WPWS(ns)     TPWS(ns)  TPWS Failing Endpoints  TPWS Total Endpoints  
-----             -------      -------  ---------------------  -------------------      -------      -------  ---------------------  -------------------     --------     --------  ----------------------  --------------------  
clk                 0.106        0.000                      0                 5290        0.110        0.000                      0                 5290        3.750        0.000                       0                  1705  


------------------------------------------------------------------------------------------------
| Inter Clock Table
| -----------------
------------------------------------------------------------------------------------------------

From Clock    To Clock          WNS(ns)      TNS(ns)  TNS Failing Endpoints  TNS Total Endpoints      WHS(ns)      THS(ns)  THS Failing Endpoints  THS Total Endpoints  
----------    --------          -------      -------  ---------------------  -------------------      -------      -------  ---------------------  -------------------  


------------------------------------------------------------------------------------------------
| Other Path Groups Table
| -----------------------
------------------------------------------------------------------------------------------------

Path Group    From Clock    To Clock          WNS(ns)      TNS(ns)  TNS Failing Endpoints  TNS Total Endpoints      WHS(ns)      THS(ns)  THS Failing Endpoints  THS Total Endpoints  
----------    ----------    --------          -------      -------  ---------------------  -------------------      -------      -------  ---------------------  -------------------  


------------------------------------------------------------------------------------------------
| Timing Details
| --------------
------------------------------------------------------------------------------------------------


---------------------------------------------------------------------------------------------------
From Clock:  clk
  To Clock:  clk

Setup :            0  Failing Endpoints,  Worst Slack        0.106ns,  Total Violation        0.000ns
Hold  :            0  Failing Endpoints,  Worst Slack        0.110ns,  Total Violation        0.000ns
PW    :            0  Failing Endpoints,  Worst Slack        3.750ns,  Total Violation        0.000ns
---------------------------------------------------------------------------------------------------


Max Delay Paths
--------------------------------------------------------------------------------------
Slack (MET) :             0.106ns  (required time - arrival time)
  Source:                 core/w_reg[result][9]/C
                            (rising edge-triggered cell FDRE clocked by clk  {rise@0.000ns fall@5.000ns period=10.000ns})
  Destination:            bram_samples_request.ram_reg_1_0_0/WEA[0]
                            (rising edge-triggered cell RAMB36E1 clocked by clk  {rise@0.000ns fall@5.000ns period=10.000ns})
  Path Group:             clk
  Path Type:              Setup (Max at Slow Process Corner)
  Requirement:            10.000ns  (clk rise@10.000ns - clk rise@0.000ns)
  Data Path Delay:        9.278ns  (logic 2.613ns (28.162%)  route 6.665ns (71.838%))
  Logic Levels:           11  (CARRY4=4 LUT2=1 LUT4=2 LUT5=2 LUT6=2)
  Clock Path Skew:        -0.049ns (DCD - SCD + CPR)
    Destination Clock Delay (DCD):    0.924ns = ( 10.924 - 10.000 ) 
    Source Clock Delay      (SCD):    0.973ns
    Clock Pessimism Removal (CPR):    0.000ns
  Clock Uncertainty:      0.035ns  ((TSJ^2 + TIJ^2)^1/2 + DJ) / 2 + PE
    Total System Jitter     (TSJ):    0.071ns
    Total Input Jitter      (TIJ):    0.000ns
    Discrete Jitter          (DJ):    0.000ns
    Phase Error              (PE):    0.000ns

    Location             Delay type                Incr(ns)  Path(ns)    Netlist Resource(s)
  -------------------------------------------------------------------    -------------------
                         (clock clk rise edge)        0.000     0.000 r  
                                                      0.000     0.000 r  clk (IN)
                         net (fo=1708, unset)         0.973     0.973    core/clk
    SLICE_X43Y5          FDRE                                         r  core/w_reg[result][9]/C
  -------------------------------------------------------------------    -------------------
    SLICE_X43Y5          FDRE (Prop_fdre_C_Q)         0.456     1.429 r  core/w_reg[result][9]/Q
                         net (fo=6, routed)           1.153     2.582    core/fetch/e_rs1v[31]_i_4_0[9]
    SLICE_X46Y8          LUT4 (Prop_lut4_I0_O)        0.124     2.706 r  core/fetch/e_rs1v[9]_i_3/O
                         net (fo=1, routed)           0.564     3.270    core/fetch/e_rs1v[9]_i_3_n_0
    SLICE_X45Y8          LUT5 (Prop_lut5_I4_O)        0.124     3.394 r  core/fetch/e_rs1v[9]_i_2/O
                         net (fo=28, routed)          0.585     3.979    core/fetch/m1[addr][11]_i_4_n_0
    SLICE_X43Y9          LUT2 (Prop_lut2_I0_O)        0.124     4.103 r  core/fetch/m1[addr][11]_i_8/O
                         net (fo=1, routed)           0.000     4.103    core/fetch/m1[addr][11]_i_8_n_0
    SLICE_X43Y9          CARRY4 (Prop_carry4_S[1]_CO[3])
                                                      0.550     4.653 r  core/fetch/m1_reg[addr][11]_i_1/CO[3]
                         net (fo=1, routed)           0.000     4.653    core/fetch/m1_reg[addr][11]_i_1_n_0
    SLICE_X43Y10         CARRY4 (Prop_carry4_CI_CO[3])
                                                      0.114     4.767 r  core/fetch/m1_reg[addr][15]_i_1/CO[3]
                         net (fo=1, routed)           0.000     4.767    core/fetch/m1_reg[addr][15]_i_1_n_0
    SLICE_X43Y11         CARRY4 (Prop_carry4_CI_CO[3])
                                                      0.114     4.881 r  core/fetch/m1_reg[addr][19]_i_1/CO[3]
                         net (fo=1, routed)           0.000     4.881    core/fetch/m1_reg[addr][19]_i_1_n_0
    SLICE_X43Y12         CARRY4 (Prop_carry4_CI_O[3])
                                                      0.329     5.210 f  core/fetch/m1_reg[addr][23]_i_1/O[3]
                         net (fo=5, routed)           0.962     6.172    core/d_req_addr[23]
    SLICE_X43Y16         LUT4 (Prop_lut4_I0_O)        0.306     6.478 r  core/d_err1_i_3/O
                         net (fo=1, routed)           0.433     6.911    core/d_err1_i_3_n_0
    SLICE_X43Y16         LUT6 (Prop_lut6_I0_O)        0.124     7.035 f  core/d_err1_i_2/O
                         net (fo=3, routed)           0.297     7.333    core/d_err1_i_2_0
    SLICE_X41Y16         LUT6 (Prop_lut6_I5_O)        0.124     7.457 r  core/bram_samples_request.ram_reg_0_0_0_i_21/O
                         net (fo=12, routed)          0.976     8.433    core/bram_samples_request.ram_reg_0_0_0_i_21_n_0
    SLICE_X30Y15         LUT5 (Prop_lut5_I4_O)        0.124     8.557 r  core/bram_samples_request.ram_reg_1_0_0_i_2/O
                         net (fo=3, routed)           1.695    10.251    core_n_98
    RAMB36_X0Y0          RAMB36E1                                     r  bram_samples_request.ram_reg_1_0_0/WEA[0]
  -------------------------------------------------------------------    -------------------

                         (clock clk rise edge)       10.000    10.000 r  
                                                      0.000    10.000 r  clk (IN)
                         net (fo=1708, unset)         0.924    10.924    clk
    RAMB36_X0Y0          RAMB36E1                                     r  bram_samples_request.ram_reg_1_0_0/CLKARDCLK
                         clock pessimism              0.000    10.924    
                         clock uncertainty           -0.035    10.889    
    RAMB36_X0Y0          RAMB36E1 (Setup_ramb36e1_CLKARDCLK_WEA[0])
                                                     -0.532    10.357    bram_samples_request.ram_reg_1_0_0
  -------------------------------------------------------------------
                         required time                         10.357    
                         arrival time                         -10.251    
  -------------------------------------------------------------------
                         slack                                  0.106    

Slack (MET) :             0.196ns  (required time - arrival time)
  Source:                 core/m2_reg[result][5]/C
                            (rising edge-triggered cell FDRE clocked by clk  {rise@0.000ns fall@5.000ns period=10.000ns})
  Destination:            core/m1_reg[mul]/D
                            (rising edge-triggered cell FDRE clocked by clk  {rise@0.000ns fall@5.000ns period=10.000ns})
  Path Group:             clk
  Path Type:              Setup (Max at Slow Process Corner)
  Requirement:            10.000ns  (clk rise@10.000ns - clk rise@0.000ns)
  Data Path Delay:        9.471ns  (logic 2.691ns (28.414%)  route 6.780ns (71.586%))
  Logic Levels:           12  (CARRY4=3 LUT2=1 LUT4=2 LUT5=3 LUT6=3)
  Clock Path Skew:        -0.049ns (DCD - SCD + CPR)
    Destination Clock Delay (DCD):    0.924ns = ( 10.924 - 10.000 ) 
    Source Clock Delay      (SCD):    0.973ns
    Clock Pessimism Removal (CPR):    0.000ns
  Clock Uncertainty:      0.035ns  ((TSJ^2 + TIJ^2)^1/2 + DJ) / 2 + PE
    Total System Jitter     (TSJ):    0.071ns
    Total Input Jitter      (TIJ):    0.000ns
    Discrete Jitter          (DJ):    0.000ns
    Phase Error              (PE):    0.000ns

    Location             Delay type                Incr(ns)  Path(ns)    Netlist Resource(s)
  -------------------------------------------------------------------    -------------------
                         (clock clk rise edge)        0.000     0.000 r  
                                                      0.000     0.000 r  clk (IN)
                         net (fo=1708, unset)         0.973     0.973    core/clk
    SLICE_X42Y6          FDRE                                         r  core/m2_reg[result][5]/C
  -------------------------------------------------------------------    -------------------
    SLICE_X42Y6          FDRE (Prop_fdre_C_Q)         0.518     1.491 r  core/m2_reg[result][5]/Q
                         net (fo=3, routed)           1.001     2.492    core/fetch/e_rs1v[31]_i_4_1[5]
    SLICE_X44Y8          LUT4 (Prop_lut4_I0_O)        0.124     2.616 r  core/fetch/e_rs1v[5]_i_3/O
                         net (fo=1, routed)           0.640     3.256    core/fetch/e_rs1v[5]_i_3_n_0
    SLICE_X44Y8          LUT5 (Prop_lut5_I4_O)        0.124     3.380 r  core/fetch/e_rs1v[5]_i_2/O
                         net (fo=30, routed)          1.193     4.573    core/fetch/m1[addr][7]_i_4_n_0
    SLICE_X34Y8          LUT6 (Prop_lut6_I3_O)        0.124     4.697 r  core/fetch/e_pending_i_125/O
                         net (fo=1, routed)           0.000     4.697    core/fetch/e_pending_i_125_n_0
    SLICE_X34Y8          CARRY4 (Prop_carry4_S[1]_CO[3])
                                                      0.533     5.230 r  core/fetch/e_pending_reg_i_87/CO[3]
                         net (fo=1, routed)           0.000     5.230    core/fetch/e_pending_reg_i_87_n_0
    SLICE_X34Y9          CARRY4 (Prop_carry4_CI_CO[3])
                                                      0.117     5.347 r  core/fetch/e_pending_reg_i_51/CO[3]
                         net (fo=1, routed)           0.000     5.347    core/fetch/e_pending_reg_i_51_n_0
    SLICE_X34Y10         CARRY4 (Prop_carry4_CI_CO[2])
                                                      0.229     5.576 f  core/fetch/e_pending_reg_i_19/CO[2]
                         net (fo=1, routed)           0.874     6.450    core/fetch/data0
    SLICE_X33Y13         LUT6 (Prop_lut6_I5_O)        0.310     6.760 f  core/fetch/e_pending_i_12/O
                         net (fo=1, routed)           0.452     7.212    core/fetch/e_pending_i_12_n_0
    SLICE_X33Y13         LUT6 (Prop_lut6_I0_O)        0.124     7.336 f  core/fetch/e_pending_i_6/O
                         net (fo=2, routed)           0.399     7.735    core/fetch_n_330
    SLICE_X31Y13         LUT2 (Prop_lut2_I1_O)        0.124     7.859 r  core/m1[next_pc][0]_i_3/O
                         net (fo=32, routed)          0.586     8.446    core/m1[next_pc][0]_i_3_n_0
    SLICE_X27Y10         LUT4 (Prop_lut4_I0_O)        0.124     8.570 f  core/m1[next_pc][1]_i_2/O
                         net (fo=3, routed)           0.456     9.026    core/m1[next_pc][1]_i_2_n_0
    SLICE_X26Y9          LUT5 (Prop_lut5_I0_O)        0.124     9.150 f  core/m1[writes_rd]_i_6/O
                         net (fo=9, routed)           0.674     9.824    core/m1[writes_rd]_i_6_n_0
    SLICE_X26Y10         LUT5 (Prop_lut5_I3_O)        0.116     9.940 r  core/m1[mul]_i_1/O
                         net (fo=1, routed)           0.504    10.444    core/e_slot[mul]
    SLICE_X26Y9          FDRE                                         r  core/m1_reg[mul]/D
  -------------------------------------------------------------------    -------------------

                         (clock clk rise edge)       10.000    10.000 r  
                                                      0.000    10.000 r  clk (IN)
                         net (fo=1708, unset)         0.924    10.924    core/clk
    SLICE_X26Y9          FDRE                                         r  core/m1_reg[mul]/C
                         clock pessimism              0.000    10.924    
                         clock uncertainty           -0.035    10.889    
    SLICE_X26Y9          FDRE (Setup_fdre_C_D)       -0.249    10.640    core/m1_reg[mul]
  -------------------------------------------------------------------
                         required time                         10.640    
                         arrival time                         -10.444    
  -------------------------------------------------------------------
                         slack                                  0.196    

Slack (MET) :             0.321ns  (required time - arrival time)
  Source:                 core/w_reg[result][9]/C
                            (rising edge-triggered cell FDRE clocked by clk  {rise@0.000ns fall@5.000ns period=10.000ns})
  Destination:            bram_samples_request.ram_reg_1_0_1/WEA[0]
                            (rising edge-triggered cell RAMB36E1 clocked by clk  {rise@0.000ns fall@5.000ns period=10.000ns})
  Path Group:             clk
  Path Type:              Setup (Max at Slow Process Corner)
  Requirement:            10.000ns  (clk rise@10.000ns - clk rise@0.000ns)
  Data Path Delay:        9.063ns  (logic 2.613ns (28.833%)  route 6.450ns (71.167%))
  Logic Levels:           11  (CARRY4=4 LUT2=1 LUT4=2 LUT5=2 LUT6=2)
  Clock Path Skew:        -0.049ns (DCD - SCD + CPR)
    Destination Clock Delay (DCD):    0.924ns = ( 10.924 - 10.000 ) 
    Source Clock Delay      (SCD):    0.973ns
    Clock Pessimism Removal (CPR):    0.000ns
  Clock Uncertainty:      0.035ns  ((TSJ^2 + TIJ^2)^1/2 + DJ) / 2 + PE
    Total System Jitter     (TSJ):    0.071ns
    Total Input Jitter      (TIJ):    0.000ns
    Discrete Jitter          (DJ):    0.000ns
    Phase Error              (PE):    0.000ns

    Location             Delay type                Incr(ns)  Path(ns)    Netlist Resource(s)
  -------------------------------------------------------------------    -------------------
                         (clock clk rise edge)        0.000     0.000 r  
                                                      0.000     0.000 r  clk (IN)
                         net (fo=1708, unset)         0.973     0.973    core/clk
    SLICE_X43Y5          FDRE                                         r  core/w_reg[result][9]/C
  -------------------------------------------------------------------    -------------------
    SLICE_X43Y5          FDRE (Prop_fdre_C_Q)         0.456     1.429 r  core/w_reg[result][9]/Q
                         net (fo=6, routed)           1.153     2.582    core/fetch/e_rs1v[31]_i_4_0[9]
    SLICE_X46Y8          LUT4 (Prop_lut4_I0_O)        0.124     2.706 r  core/fetch/e_rs1v[9]_i_3/O
                         net (fo=1, routed)           0.564     3.270    core/fetch/e_rs1v[9]_i_3_n_0
    SLICE_X45Y8          LUT5 (Prop_lut5_I4_O)        0.124     3.394 r  core/fetch/e_rs1v[9]_i_2/O
                         net (fo=28, routed)          0.585     3.979    core/fetch/m1[addr][11]_i_4_n_0
    SLICE_X43Y9          LUT2 (Prop_lut2_I0_O)        0.124     4.103 r  core/fetch/m1[addr][11]_i_8/O
                         net (fo=1, routed)           0.000     4.103    core/fetch/m1[addr][11]_i_8_n_0
    SLICE_X43Y9          CARRY4 (Prop_carry4_S[1]_CO[3])
                                                      0.550     4.653 r  core/fetch/m1_reg[addr][11]_i_1/CO[3]
                         net (fo=1, routed)           0.000     4.653    core/fetch/m1_reg[addr][11]_i_1_n_0
    SLICE_X43Y10         CARRY4 (Prop_carry4_CI_CO[3])
                                                      0.114     4.767 r  core/fetch/m1_reg[addr][15]_i_1/CO[3]
                         net (fo=1, routed)           0.000     4.767    core/fetch/m1_reg[addr][15]_i_1_n_0
    SLICE_X43Y11         CARRY4 (Prop_carry4_CI_CO[3])
                                                      0.114     4.881 r  core/fetch/m1_reg[addr][19]_i_1/CO[3]
                         net (fo=1, routed)           0.000     4.881    core/fetch/m1_reg[addr][19]_i_1_n_0
    SLICE_X43Y12         CARRY4 (Prop_carry4_CI_O[3])
                                                      0.329     5.210 f  core/fetch/m1_reg[addr][23]_i_1/O[3]
                         net (fo=5, routed)           0.962     6.172    core/d_req_addr[23]
    SLICE_X43Y16         LUT4 (Prop_lut4_I0_O)        0.306     6.478 r  core/d_err1_i_3/O
                         net (fo=1, routed)           0.433     6.911    core/d_err1_i_3_n_0
    SLICE_X43Y16         LUT6 (Prop_lut6_I0_O)        0.124     7.035 f  core/d_err1_i_2/O
                         net (fo=3, routed)           0.297     7.333    core/d_err1_i_2_0
    SLICE_X41Y16         LUT6 (Prop_lut6_I5_O)        0.124     7.457 r  core/bram_samples_request.ram_reg_0_0_0_i_21/O
                         net (fo=12, routed)          0.976     8.433    core/bram_samples_request.ram_reg_0_0_0_i_21_n_0
    SLICE_X30Y15         LUT5 (Prop_lut5_I4_O)        0.124     8.557 r  core/bram_samples_request.ram_reg_1_0_0_i_2/O
                         net (fo=3, routed)           1.479    10.036    core_n_98
    RAMB36_X0Y3          RAMB36E1                                     r  bram_samples_request.ram_reg_1_0_1/WEA[0]
  -------------------------------------------------------------------    -------------------

                         (clock clk rise edge)       10.000    10.000 r  
                                                      0.000    10.000 r  clk (IN)
                         net (fo=1708, unset)         0.924    10.924    clk
    RAMB36_X0Y3          RAMB36E1                                     r  bram_samples_request.ram_reg_1_0_1/CLKARDCLK
                         clock pessimism              0.000    10.924    
                         clock uncertainty           -0.035    10.889    
    RAMB36_X0Y3          RAMB36E1 (Setup_ramb36e1_CLKARDCLK_WEA[0])
                                                     -0.532    10.357    bram_samples_request.ram_reg_1_0_1
  -------------------------------------------------------------------
                         required time                         10.357    
                         arrival time                         -10.036    
  -------------------------------------------------------------------
                         slack                                  0.321    

Slack (MET) :             0.408ns  (required time - arrival time)
  Source:                 core/w_reg[result][9]/C
                            (rising edge-triggered cell FDRE clocked by clk  {rise@0.000ns fall@5.000ns period=10.000ns})
  Destination:            bram_samples_request.ram_reg_0_0_3/WEA[0]
                            (rising edge-triggered cell RAMB36E1 clocked by clk  {rise@0.000ns fall@5.000ns period=10.000ns})
  Path Group:             clk
  Path Type:              Setup (Max at Slow Process Corner)
  Requirement:            10.000ns  (clk rise@10.000ns - clk rise@0.000ns)
  Data Path Delay:        8.976ns  (logic 2.613ns (29.112%)  route 6.363ns (70.888%))
  Logic Levels:           11  (CARRY4=4 LUT2=1 LUT4=3 LUT5=1 LUT6=2)
  Clock Path Skew:        -0.049ns (DCD - SCD + CPR)
    Destination Clock Delay (DCD):    0.924ns = ( 10.924 - 10.000 ) 
    Source Clock Delay      (SCD):    0.973ns
    Clock Pessimism Removal (CPR):    0.000ns
  Clock Uncertainty:      0.035ns  ((TSJ^2 + TIJ^2)^1/2 + DJ) / 2 + PE
    Total System Jitter     (TSJ):    0.071ns
    Total Input Jitter      (TIJ):    0.000ns
    Discrete Jitter          (DJ):    0.000ns
    Phase Error              (PE):    0.000ns

    Location             Delay type                Incr(ns)  Path(ns)    Netlist Resource(s)
  -------------------------------------------------------------------    -------------------
                         (clock clk rise edge)        0.000     0.000 r  
                                                      0.000     0.000 r  clk (IN)
                         net (fo=1708, unset)         0.973     0.973    core/clk
    SLICE_X43Y5          FDRE                                         r  core/w_reg[result][9]/C
  -------------------------------------------------------------------    -------------------
    SLICE_X43Y5          FDRE (Prop_fdre_C_Q)         0.456     1.429 r  core/w_reg[result][9]/Q
                         net (fo=6, routed)           1.153     2.582    core/fetch/e_rs1v[31]_i_4_0[9]
    SLICE_X46Y8          LUT4 (Prop_lut4_I0_O)        0.124     2.706 r  core/fetch/e_rs1v[9]_i_3/O
                         net (fo=1, routed)           0.564     3.270    core/fetch/e_rs1v[9]_i_3_n_0
    SLICE_X45Y8          LUT5 (Prop_lut5_I4_O)        0.124     3.394 r  core/fetch/e_rs1v[9]_i_2/O
                         net (fo=28, routed)          0.585     3.979    core/fetch/m1[addr][11]_i_4_n_0
    SLICE_X43Y9          LUT2 (Prop_lut2_I0_O)        0.124     4.103 r  core/fetch/m1[addr][11]_i_8/O
                         net (fo=1, routed)           0.000     4.103    core/fetch/m1[addr][11]_i_8_n_0
    SLICE_X43Y9          CARRY4 (Prop_carry4_S[1]_CO[3])
                                                      0.550     4.653 r  core/fetch/m1_reg[addr][11]_i_1/CO[3]
                         net (fo=1, routed)           0.000     4.653    core/fetch/m1_reg[addr][11]_i_1_n_0
    SLICE_X43Y10         CARRY4 (Prop_carry4_CI_CO[3])
                                                      0.114     4.767 r  core/fetch/m1_reg[addr][15]_i_1/CO[3]
                         net (fo=1, routed)           0.000     4.767    core/fetch/m1_reg[addr][15]_i_1_n_0
    SLICE_X43Y11         CARRY4 (Prop_carry4_CI_CO[3])
                                                      0.114     4.881 r  core/fetch/m1_reg[addr][19]_i_1/CO[3]
                         net (fo=1, routed)           0.000     4.881    core/fetch/m1_reg[addr][19]_i_1_n_0
    SLICE_X43Y12         CARRY4 (Prop_carry4_CI_O[3])
                                                      0.329     5.210 f  core/fetch/m1_reg[addr][23]_i_1/O[3]
                         net (fo=5, routed)           0.962     6.172    core/d_req_addr[23]
    SLICE_X43Y16         LUT4 (Prop_lut4_I0_O)        0.306     6.478 r  core/d_err1_i_3/O
                         net (fo=1, routed)           0.433     6.911    core/d_err1_i_3_n_0
    SLICE_X43Y16         LUT6 (Prop_lut6_I0_O)        0.124     7.035 f  core/d_err1_i_2/O
                         net (fo=3, routed)           0.297     7.333    core/d_err1_i_2_0
    SLICE_X41Y16         LUT6 (Prop_lut6_I5_O)        0.124     7.457 r  core/bram_samples_request.ram_reg_0_0_0_i_21/O
                         net (fo=12, routed)          0.973     8.430    core/bram_samples_request.ram_reg_0_0_0_i_21_n_0
    SLICE_X30Y15         LUT4 (Prop_lut4_I3_O)        0.124     8.554 r  core/bram_samples_request.ram_reg_0_0_2_i_18/O
                         net (fo=2, routed)           1.395     9.949    core_n_101
    RAMB36_X0Y1          RAMB36E1                                     r  bram_samples_request.ram_reg_0_0_3/WEA[0]
  -------------------------------------------------------------------    -------------------

                         (clock clk rise edge)       10.000    10.000 r  
                                                      0.000    10.000 r  clk (IN)
                         net (fo=1708, unset)         0.924    10.924    clk
    RAMB36_X0Y1          RAMB36E1                                     r  bram_samples_request.ram_reg_0_0_3/CLKARDCLK
                         clock pessimism              0.000    10.924    
                         clock uncertainty           -0.035    10.889    
    RAMB36_X0Y1          RAMB36E1 (Setup_ramb36e1_CLKARDCLK_WEA[0])
                                                     -0.532    10.357    bram_samples_request.ram_reg_0_0_3
  -------------------------------------------------------------------
                         required time                         10.357    
                         arrival time                          -9.949    
  -------------------------------------------------------------------
                         slack                                  0.408    

Slack (MET) :             0.430ns  (required time - arrival time)
  Source:                 core/w_reg[result][9]/C
                            (rising edge-triggered cell FDRE clocked by clk  {rise@0.000ns fall@5.000ns period=10.000ns})
  Destination:            bram_samples_request.ram_reg_0_0_1/WEA[0]
                            (rising edge-triggered cell RAMB36E1 clocked by clk  {rise@0.000ns fall@5.000ns period=10.000ns})
  Path Group:             clk
  Path Type:              Setup (Max at Slow Process Corner)
  Requirement:            10.000ns  (clk rise@10.000ns - clk rise@0.000ns)
  Data Path Delay:        8.954ns  (logic 2.613ns (29.183%)  route 6.341ns (70.817%))
  Logic Levels:           11  (CARRY4=4 LUT2=1 LUT4=3 LUT5=1 LUT6=2)
  Clock Path Skew:        -0.049ns (DCD - SCD + CPR)
    Destination Clock Delay (DCD):    0.924ns = ( 10.924 - 10.000 ) 
    Source Clock Delay      (SCD):    0.973ns
    Clock Pessimism Removal (CPR):    0.000ns
  Clock Uncertainty:      0.035ns  ((TSJ^2 + TIJ^2)^1/2 + DJ) / 2 + PE
    Total System Jitter     (TSJ):    0.071ns
    Total Input Jitter      (TIJ):    0.000ns
    Discrete Jitter          (DJ):    0.000ns
    Phase Error              (PE):    0.000ns

    Location             Delay type                Incr(ns)  Path(ns)    Netlist Resource(s)
  -------------------------------------------------------------------    -------------------
                         (clock clk rise edge)        0.000     0.000 r  
                                                      0.000     0.000 r  clk (IN)
                         net (fo=1708, unset)         0.973     0.973    core/clk
    SLICE_X43Y5          FDRE                                         r  core/w_reg[result][9]/C
  -------------------------------------------------------------------    -------------------
    SLICE_X43Y5          FDRE (Prop_fdre_C_Q)         0.456     1.429 r  core/w_reg[result][9]/Q
                         net (fo=6, routed)           1.153     2.582    core/fetch/e_rs1v[31]_i_4_0[9]
    SLICE_X46Y8          LUT4 (Prop_lut4_I0_O)        0.124     2.706 r  core/fetch/e_rs1v[9]_i_3/O
                         net (fo=1, routed)           0.564     3.270    core/fetch/e_rs1v[9]_i_3_n_0
    SLICE_X45Y8          LUT5 (Prop_lut5_I4_O)        0.124     3.394 r  core/fetch/e_rs1v[9]_i_2/O
                         net (fo=28, routed)          0.585     3.979    core/fetch/m1[addr][11]_i_4_n_0
    SLICE_X43Y9          LUT2 (Prop_lut2_I0_O)        0.124     4.103 r  core/fetch/m1[addr][11]_i_8/O
                         net (fo=1, routed)           0.000     4.103    core/fetch/m1[addr][11]_i_8_n_0
    SLICE_X43Y9          CARRY4 (Prop_carry4_S[1]_CO[3])
                                                      0.550     4.653 r  core/fetch/m1_reg[addr][11]_i_1/CO[3]
                         net (fo=1, routed)           0.000     4.653    core/fetch/m1_reg[addr][11]_i_1_n_0
    SLICE_X43Y10         CARRY4 (Prop_carry4_CI_CO[3])
                                                      0.114     4.767 r  core/fetch/m1_reg[addr][15]_i_1/CO[3]
                         net (fo=1, routed)           0.000     4.767    core/fetch/m1_reg[addr][15]_i_1_n_0
    SLICE_X43Y11         CARRY4 (Prop_carry4_CI_CO[3])
                                                      0.114     4.881 r  core/fetch/m1_reg[addr][19]_i_1/CO[3]
                         net (fo=1, routed)           0.000     4.881    core/fetch/m1_reg[addr][19]_i_1_n_0
    SLICE_X43Y12         CARRY4 (Prop_carry4_CI_O[3])
                                                      0.329     5.210 f  core/fetch/m1_reg[addr][23]_i_1/O[3]
                         net (fo=5, routed)           0.962     6.172    core/d_req_addr[23]
    SLICE_X43Y16         LUT4 (Prop_lut4_I0_O)        0.306     6.478 r  core/d_err1_i_3/O
                         net (fo=1, routed)           0.433     6.911    core/d_err1_i_3_n_0
    SLICE_X43Y16         LUT6 (Prop_lut6_I0_O)        0.124     7.035 f  core/d_err1_i_2/O
                         net (fo=3, routed)           0.297     7.333    core/d_err1_i_2_0
    SLICE_X41Y16         LUT6 (Prop_lut6_I5_O)        0.124     7.457 r  core/bram_samples_request.ram_reg_0_0_0_i_21/O
                         net (fo=12, routed)          1.005     8.462    core/bram_samples_request.ram_reg_0_0_0_i_21_n_0
    SLICE_X30Y13         LUT4 (Prop_lut4_I3_O)        0.124     8.586 r  core/bram_samples_request.ram_reg_0_0_0_i_18/O
                         net (fo=3, routed)           1.341     9.927    core_n_102
    RAMB36_X0Y2          RAMB36E1                                     r  bram_samples_request.ram_reg_0_0_1/WEA[0]
  -------------------------------------------------------------------    -------------------

                         (clock clk rise edge)       10.000    10.000 r  
                                                      0.000    10.000 r  clk (IN)
                         net (fo=1708, unset)         0.924    10.924    clk
    RAMB36_X0Y2          RAMB36E1                                     r  bram_samples_request.ram_reg_0_0_1/CLKARDCLK
                         clock pessimism              0.000    10.924    
                         clock uncertainty           -0.035    10.889    
    RAMB36_X0Y2          RAMB36E1 (Setup_ramb36e1_CLKARDCLK_WEA[0])
                                                     -0.532    10.357    bram_samples_request.ram_reg_0_0_1
  -------------------------------------------------------------------
                         required time                         10.357    
                         arrival time                          -9.927    
  -------------------------------------------------------------------
                         slack                                  0.430    

Slack (MET) :             0.474ns  (required time - arrival time)
  Source:                 core/w_reg[result][9]/C
                            (rising edge-triggered cell FDRE clocked by clk  {rise@0.000ns fall@5.000ns period=10.000ns})
  Destination:            bram_samples_request.ram_reg_1_0_5/WEA[0]
                            (rising edge-triggered cell RAMB36E1 clocked by clk  {rise@0.000ns fall@5.000ns period=10.000ns})
  Path Group:             clk
  Path Type:              Setup (Max at Slow Process Corner)
  Requirement:            10.000ns  (clk rise@10.000ns - clk rise@0.000ns)
  Data Path Delay:        8.910ns  (logic 2.613ns (29.327%)  route 6.297ns (70.673%))
  Logic Levels:           11  (CARRY4=4 LUT2=1 LUT4=2 LUT5=2 LUT6=2)
  Clock Path Skew:        -0.049ns (DCD - SCD + CPR)
    Destination Clock Delay (DCD):    0.924ns = ( 10.924 - 10.000 ) 
    Source Clock Delay      (SCD):    0.973ns
    Clock Pessimism Removal (CPR):    0.000ns
  Clock Uncertainty:      0.035ns  ((TSJ^2 + TIJ^2)^1/2 + DJ) / 2 + PE
    Total System Jitter     (TSJ):    0.071ns
    Total Input Jitter      (TIJ):    0.000ns
    Discrete Jitter          (DJ):    0.000ns
    Phase Error              (PE):    0.000ns

    Location             Delay type                Incr(ns)  Path(ns)    Netlist Resource(s)
  -------------------------------------------------------------------    -------------------
                         (clock clk rise edge)        0.000     0.000 r  
                                                      0.000     0.000 r  clk (IN)
                         net (fo=1708, unset)         0.973     0.973    core/clk
    SLICE_X43Y5          FDRE                                         r  core/w_reg[result][9]/C
  -------------------------------------------------------------------    -------------------
    SLICE_X43Y5          FDRE (Prop_fdre_C_Q)         0.456     1.429 r  core/w_reg[result][9]/Q
                         net (fo=6, routed)           1.153     2.582    core/fetch/e_rs1v[31]_i_4_0[9]
    SLICE_X46Y8          LUT4 (Prop_lut4_I0_O)        0.124     2.706 r  core/fetch/e_rs1v[9]_i_3/O
                         net (fo=1, routed)           0.564     3.270    core/fetch/e_rs1v[9]_i_3_n_0
    SLICE_X45Y8          LUT5 (Prop_lut5_I4_O)        0.124     3.394 r  core/fetch/e_rs1v[9]_i_2/O
                         net (fo=28, routed)          0.585     3.979    core/fetch/m1[addr][11]_i_4_n_0
    SLICE_X43Y9          LUT2 (Prop_lut2_I0_O)        0.124     4.103 r  core/fetch/m1[addr][11]_i_8/O
                         net (fo=1, routed)           0.000     4.103    core/fetch/m1[addr][11]_i_8_n_0
    SLICE_X43Y9          CARRY4 (Prop_carry4_S[1]_CO[3])
                                                      0.550     4.653 r  core/fetch/m1_reg[addr][11]_i_1/CO[3]
                         net (fo=1, routed)           0.000     4.653    core/fetch/m1_reg[addr][11]_i_1_n_0
    SLICE_X43Y10         CARRY4 (Prop_carry4_CI_CO[3])
                                                      0.114     4.767 r  core/fetch/m1_reg[addr][15]_i_1/CO[3]
                         net (fo=1, routed)           0.000     4.767    core/fetch/m1_reg[addr][15]_i_1_n_0
    SLICE_X43Y11         CARRY4 (Prop_carry4_CI_CO[3])
                                                      0.114     4.881 r  core/fetch/m1_reg[addr][19]_i_1/CO[3]
                         net (fo=1, routed)           0.000     4.881    core/fetch/m1_reg[addr][19]_i_1_n_0
    SLICE_X43Y12         CARRY4 (Prop_carry4_CI_O[3])
                                                      0.329     5.210 f  core/fetch/m1_reg[addr][23]_i_1/O[3]
                         net (fo=5, routed)           0.962     6.172    core/d_req_addr[23]
    SLICE_X43Y16         LUT4 (Prop_lut4_I0_O)        0.306     6.478 r  core/d_err1_i_3/O
                         net (fo=1, routed)           0.433     6.911    core/d_err1_i_3_n_0
    SLICE_X43Y16         LUT6 (Prop_lut6_I0_O)        0.124     7.035 f  core/d_err1_i_2/O
                         net (fo=3, routed)           0.297     7.333    core/d_err1_i_2_0
    SLICE_X41Y16         LUT6 (Prop_lut6_I5_O)        0.124     7.457 r  core/bram_samples_request.ram_reg_0_0_0_i_21/O
                         net (fo=12, routed)          0.794     8.251    core/bram_samples_request.ram_reg_0_0_0_i_21_n_0
    SLICE_X32Y22         LUT5 (Prop_lut5_I4_O)        0.124     8.375 r  core/bram_samples_request.ram_reg_1_0_5_i_2/O
                         net (fo=3, routed)           1.508     9.883    core_n_100
    RAMB36_X0Y5          RAMB36E1                                     r  bram_samples_request.ram_reg_1_0_5/WEA[0]
  -------------------------------------------------------------------    -------------------

                         (clock clk rise edge)       10.000    10.000 r  
                                                      0.000    10.000 r  clk (IN)
                         net (fo=1708, unset)         0.924    10.924    clk
    RAMB36_X0Y5          RAMB36E1                                     r  bram_samples_request.ram_reg_1_0_5/CLKARDCLK
                         clock pessimism              0.000    10.924    
                         clock uncertainty           -0.035    10.889    
    RAMB36_X0Y5          RAMB36E1 (Setup_ramb36e1_CLKARDCLK_WEA[0])
                                                     -0.532    10.357    bram_samples_request.ram_reg_1_0_5
  -------------------------------------------------------------------
                         required time                         10.357    
                         arrival time                          -9.883    
  -------------------------------------------------------------------
                         slack                                  0.474    

Slack (MET) :             0.475ns  (required time - arrival time)
  Source:                 core/w_reg[result][9]/C
                            (rising edge-triggered cell FDRE clocked by clk  {rise@0.000ns fall@5.000ns period=10.000ns})
  Destination:            bram_samples_request.ram_reg_3_0_7/WEA[0]
                            (rising edge-triggered cell RAMB36E1 clocked by clk  {rise@0.000ns fall@5.000ns period=10.000ns})
  Path Group:             clk
  Path Type:              Setup (Max at Slow Process Corner)
  Requirement:            10.000ns  (clk rise@10.000ns - clk rise@0.000ns)
  Data Path Delay:        8.909ns  (logic 2.613ns (29.329%)  route 6.296ns (70.671%))
  Logic Levels:           11  (CARRY4=4 LUT2=1 LUT4=2 LUT5=2 LUT6=2)
  Clock Path Skew:        -0.049ns (DCD - SCD + CPR)
    Destination Clock Delay (DCD):    0.924ns = ( 10.924 - 10.000 ) 
    Source Clock Delay      (SCD):    0.973ns
    Clock Pessimism Removal (CPR):    0.000ns
  Clock Uncertainty:      0.035ns  ((TSJ^2 + TIJ^2)^1/2 + DJ) / 2 + PE
    Total System Jitter     (TSJ):    0.071ns
    Total Input Jitter      (TIJ):    0.000ns
    Discrete Jitter          (DJ):    0.000ns
    Phase Error              (PE):    0.000ns

    Location             Delay type                Incr(ns)  Path(ns)    Netlist Resource(s)
  -------------------------------------------------------------------    -------------------
                         (clock clk rise edge)        0.000     0.000 r  
                                                      0.000     0.000 r  clk (IN)
                         net (fo=1708, unset)         0.973     0.973    core/clk
    SLICE_X43Y5          FDRE                                         r  core/w_reg[result][9]/C
  -------------------------------------------------------------------    -------------------
    SLICE_X43Y5          FDRE (Prop_fdre_C_Q)         0.456     1.429 r  core/w_reg[result][9]/Q
                         net (fo=6, routed)           1.153     2.582    core/fetch/e_rs1v[31]_i_4_0[9]
    SLICE_X46Y8          LUT4 (Prop_lut4_I0_O)        0.124     2.706 r  core/fetch/e_rs1v[9]_i_3/O
                         net (fo=1, routed)           0.564     3.270    core/fetch/e_rs1v[9]_i_3_n_0
    SLICE_X45Y8          LUT5 (Prop_lut5_I4_O)        0.124     3.394 r  core/fetch/e_rs1v[9]_i_2/O
                         net (fo=28, routed)          0.585     3.979    core/fetch/m1[addr][11]_i_4_n_0
    SLICE_X43Y9          LUT2 (Prop_lut2_I0_O)        0.124     4.103 r  core/fetch/m1[addr][11]_i_8/O
                         net (fo=1, routed)           0.000     4.103    core/fetch/m1[addr][11]_i_8_n_0
    SLICE_X43Y9          CARRY4 (Prop_carry4_S[1]_CO[3])
                                                      0.550     4.653 r  core/fetch/m1_reg[addr][11]_i_1/CO[3]
                         net (fo=1, routed)           0.000     4.653    core/fetch/m1_reg[addr][11]_i_1_n_0
    SLICE_X43Y10         CARRY4 (Prop_carry4_CI_CO[3])
                                                      0.114     4.767 r  core/fetch/m1_reg[addr][15]_i_1/CO[3]
                         net (fo=1, routed)           0.000     4.767    core/fetch/m1_reg[addr][15]_i_1_n_0
    SLICE_X43Y11         CARRY4 (Prop_carry4_CI_CO[3])
                                                      0.114     4.881 r  core/fetch/m1_reg[addr][19]_i_1/CO[3]
                         net (fo=1, routed)           0.000     4.881    core/fetch/m1_reg[addr][19]_i_1_n_0
    SLICE_X43Y12         CARRY4 (Prop_carry4_CI_O[3])
                                                      0.329     5.210 f  core/fetch/m1_reg[addr][23]_i_1/O[3]
                         net (fo=5, routed)           0.962     6.172    core/d_req_addr[23]
    SLICE_X43Y16         LUT4 (Prop_lut4_I0_O)        0.306     6.478 r  core/d_err1_i_3/O
                         net (fo=1, routed)           0.433     6.911    core/d_err1_i_3_n_0
    SLICE_X43Y16         LUT6 (Prop_lut6_I0_O)        0.124     7.035 f  core/d_err1_i_2/O
                         net (fo=3, routed)           0.297     7.333    core/d_err1_i_2_0
    SLICE_X41Y16         LUT6 (Prop_lut6_I5_O)        0.124     7.457 r  core/bram_samples_request.ram_reg_0_0_0_i_21/O
                         net (fo=12, routed)          1.123     8.579    core/bram_samples_request.ram_reg_0_0_0_i_21_n_0
    SLICE_X70Y22         LUT5 (Prop_lut5_I4_O)        0.124     8.703 r  core/bram_samples_request.ram_reg_3_0_5_i_2/O
                         net (fo=3, routed)           1.179     9.882    core_n_92
    RAMB36_X4Y4          RAMB36E1                                     r  bram_samples_request.ram_reg_3_0_7/WEA[0]
  -------------------------------------------------------------------    -------------------

                         (clock clk rise edge)       10.000    10.000 r  
                                                      0.000    10.000 r  clk (IN)
                         net (fo=1708, unset)         0.924    10.924    clk
    RAMB36_X4Y4          RAMB36E1                                     r  bram_samples_request.ram_reg_3_0_7/CLKARDCLK
                         clock pessimism              0.000    10.924    
                         clock uncertainty           -0.035    10.889    
    RAMB36_X4Y4          RAMB36E1 (Setup_ramb36e1_CLKARDCLK_WEA[0])
                                                     -0.532    10.357    bram_samples_request.ram_reg_3_0_7
  -------------------------------------------------------------------
                         required time                         10.357    
                         arrival time                          -9.882    
  -------------------------------------------------------------------
                         slack                                  0.475    

Slack (MET) :             0.497ns  (required time - arrival time)
  Source:                 core/w_reg[result][9]/C
                            (rising edge-triggered cell FDRE clocked by clk  {rise@0.000ns fall@5.000ns period=10.000ns})
  Destination:            bram_samples_request.ram_reg_2_0_3/WEA[0]
                            (rising edge-triggered cell RAMB36E1 clocked by clk  {rise@0.000ns fall@5.000ns period=10.000ns})
  Path Group:             clk
  Path Type:              Setup (Max at Slow Process Corner)
  Requirement:            10.000ns  (clk rise@10.000ns - clk rise@0.000ns)
  Data Path Delay:        8.887ns  (logic 2.613ns (29.404%)  route 6.274ns (70.596%))
  Logic Levels:           11  (CARRY4=4 LUT2=1 LUT4=2 LUT5=1 LUT6=3)
  Clock Path Skew:        -0.049ns (DCD - SCD + CPR)
    Destination Clock Delay (DCD):    0.924ns = ( 10.924 - 10.000 ) 
    Source Clock Delay      (SCD):    0.973ns
    Clock Pessimism Removal (CPR):    0.000ns
  Clock Uncertainty:      0.035ns  ((TSJ^2 + TIJ^2)^1/2 + DJ) / 2 + PE
    Total System Jitter     (TSJ):    0.071ns
    Total Input Jitter      (TIJ):    0.000ns
    Discrete Jitter          (DJ):    0.000ns
    Phase Error              (PE):    0.000ns

    Location             Delay type                Incr(ns)  Path(ns)    Netlist Resource(s)
  -------------------------------------------------------------------    -------------------
                         (clock clk rise edge)        0.000     0.000 r  
                                                      0.000     0.000 r  clk (IN)
                         net (fo=1708, unset)         0.973     0.973    core/clk
    SLICE_X43Y5          FDRE                                         r  core/w_reg[result][9]/C
  -------------------------------------------------------------------    -------------------
    SLICE_X43Y5          FDRE (Prop_fdre_C_Q)         0.456     1.429 r  core/w_reg[result][9]/Q
                         net (fo=6, routed)           1.153     2.582    core/fetch/e_rs1v[31]_i_4_0[9]
    SLICE_X46Y8          LUT4 (Prop_lut4_I0_O)        0.124     2.706 r  core/fetch/e_rs1v[9]_i_3/O
                         net (fo=1, routed)           0.564     3.270    core/fetch/e_rs1v[9]_i_3_n_0
    SLICE_X45Y8          LUT5 (Prop_lut5_I4_O)        0.124     3.394 r  core/fetch/e_rs1v[9]_i_2/O
                         net (fo=28, routed)          0.585     3.979    core/fetch/m1[addr][11]_i_4_n_0
    SLICE_X43Y9          LUT2 (Prop_lut2_I0_O)        0.124     4.103 r  core/fetch/m1[addr][11]_i_8/O
                         net (fo=1, routed)           0.000     4.103    core/fetch/m1[addr][11]_i_8_n_0
    SLICE_X43Y9          CARRY4 (Prop_carry4_S[1]_CO[3])
                                                      0.550     4.653 r  core/fetch/m1_reg[addr][11]_i_1/CO[3]
                         net (fo=1, routed)           0.000     4.653    core/fetch/m1_reg[addr][11]_i_1_n_0
    SLICE_X43Y10         CARRY4 (Prop_carry4_CI_CO[3])
                                                      0.114     4.767 r  core/fetch/m1_reg[addr][15]_i_1/CO[3]
                         net (fo=1, routed)           0.000     4.767    core/fetch/m1_reg[addr][15]_i_1_n_0
    SLICE_X43Y11         CARRY4 (Prop_carry4_CI_CO[3])
                                                      0.114     4.881 r  core/fetch/m1_reg[addr][19]_i_1/CO[3]
                         net (fo=1, routed)           0.000     4.881    core/fetch/m1_reg[addr][19]_i_1_n_0
    SLICE_X43Y12         CARRY4 (Prop_carry4_CI_O[3])
                                                      0.329     5.210 f  core/fetch/m1_reg[addr][23]_i_1/O[3]
                         net (fo=5, routed)           0.962     6.172    core/d_req_addr[23]
    SLICE_X43Y16         LUT4 (Prop_lut4_I0_O)        0.306     6.478 r  core/d_err1_i_3/O
                         net (fo=1, routed)           0.433     6.911    core/d_err1_i_3_n_0
    SLICE_X43Y16         LUT6 (Prop_lut6_I0_O)        0.124     7.035 f  core/d_err1_i_2/O
                         net (fo=3, routed)           0.297     7.333    core/d_err1_i_2_0
    SLICE_X41Y16         LUT6 (Prop_lut6_I5_O)        0.124     7.457 r  core/bram_samples_request.ram_reg_0_0_0_i_21/O
                         net (fo=12, routed)          0.698     8.155    core/bram_samples_request.ram_reg_0_0_0_i_21_n_0
    SLICE_X37Y19         LUT6 (Prop_lut6_I5_O)        0.124     8.279 r  core/bram_samples_request.ram_reg_2_0_2_i_2/O
                         net (fo=2, routed)           1.581     9.860    core_n_93
    RAMB36_X1Y7          RAMB36E1                                     r  bram_samples_request.ram_reg_2_0_3/WEA[0]
  -------------------------------------------------------------------    -------------------

                         (clock clk rise edge)       10.000    10.000 r  
                                                      0.000    10.000 r  clk (IN)
                         net (fo=1708, unset)         0.924    10.924    clk
    RAMB36_X1Y7          RAMB36E1                                     r  bram_samples_request.ram_reg_2_0_3/CLKARDCLK
                         clock pessimism              0.000    10.924    
                         clock uncertainty           -0.035    10.889    
    RAMB36_X1Y7          RAMB36E1 (Setup_ramb36e1_CLKARDCLK_WEA[0])
                                                     -0.532    10.357    bram_samples_request.ram_reg_2_0_3
  -------------------------------------------------------------------
                         required time                         10.357    
                         arrival time                          -9.860    
  -------------------------------------------------------------------
                         slack                                  0.497    

Slack (MET) :             0.498ns  (required time - arrival time)
  Source:                 core/w_reg[result][9]/C
                            (rising edge-triggered cell FDRE clocked by clk  {rise@0.000ns fall@5.000ns period=10.000ns})
  Destination:            bram_samples_request.ram_reg_3_0_6/WEA[0]
                            (rising edge-triggered cell RAMB36E1 clocked by clk  {rise@0.000ns fall@5.000ns period=10.000ns})
  Path Group:             clk
  Path Type:              Setup (Max at Slow Process Corner)
  Requirement:            10.000ns  (clk rise@10.000ns - clk rise@0.000ns)
  Data Path Delay:        8.886ns  (logic 2.613ns (29.406%)  route 6.273ns (70.594%))
  Logic Levels:           11  (CARRY4=4 LUT2=1 LUT4=2 LUT5=2 LUT6=2)
  Clock Path Skew:        -0.049ns (DCD - SCD + CPR)
    Destination Clock Delay (DCD):    0.924ns = ( 10.924 - 10.000 ) 
    Source Clock Delay      (SCD):    0.973ns
    Clock Pessimism Removal (CPR):    0.000ns
  Clock Uncertainty:      0.035ns  ((TSJ^2 + TIJ^2)^1/2 + DJ) / 2 + PE
    Total System Jitter     (TSJ):    0.071ns
    Total Input Jitter      (TIJ):    0.000ns
    Discrete Jitter          (DJ):    0.000ns
    Phase Error              (PE):    0.000ns

    Location             Delay type                Incr(ns)  Path(ns)    Netlist Resource(s)
  -------------------------------------------------------------------    -------------------
                         (clock clk rise edge)        0.000     0.000 r  
                                                      0.000     0.000 r  clk (IN)
                         net (fo=1708, unset)         0.973     0.973    core/clk
    SLICE_X43Y5          FDRE                                         r  core/w_reg[result][9]/C
  -------------------------------------------------------------------    -------------------
    SLICE_X43Y5          FDRE (Prop_fdre_C_Q)         0.456     1.429 r  core/w_reg[result][9]/Q
                         net (fo=6, routed)           1.153     2.582    core/fetch/e_rs1v[31]_i_4_0[9]
    SLICE_X46Y8          LUT4 (Prop_lut4_I0_O)        0.124     2.706 r  core/fetch/e_rs1v[9]_i_3/O
                         net (fo=1, routed)           0.564     3.270    core/fetch/e_rs1v[9]_i_3_n_0
    SLICE_X45Y8          LUT5 (Prop_lut5_I4_O)        0.124     3.394 r  core/fetch/e_rs1v[9]_i_2/O
                         net (fo=28, routed)          0.585     3.979    core/fetch/m1[addr][11]_i_4_n_0
    SLICE_X43Y9          LUT2 (Prop_lut2_I0_O)        0.124     4.103 r  core/fetch/m1[addr][11]_i_8/O
                         net (fo=1, routed)           0.000     4.103    core/fetch/m1[addr][11]_i_8_n_0
    SLICE_X43Y9          CARRY4 (Prop_carry4_S[1]_CO[3])
                                                      0.550     4.653 r  core/fetch/m1_reg[addr][11]_i_1/CO[3]
                         net (fo=1, routed)           0.000     4.653    core/fetch/m1_reg[addr][11]_i_1_n_0
    SLICE_X43Y10         CARRY4 (Prop_carry4_CI_CO[3])
                                                      0.114     4.767 r  core/fetch/m1_reg[addr][15]_i_1/CO[3]
                         net (fo=1, routed)           0.000     4.767    core/fetch/m1_reg[addr][15]_i_1_n_0
    SLICE_X43Y11         CARRY4 (Prop_carry4_CI_CO[3])
                                                      0.114     4.881 r  core/fetch/m1_reg[addr][19]_i_1/CO[3]
                         net (fo=1, routed)           0.000     4.881    core/fetch/m1_reg[addr][19]_i_1_n_0
    SLICE_X43Y12         CARRY4 (Prop_carry4_CI_O[3])
                                                      0.329     5.210 f  core/fetch/m1_reg[addr][23]_i_1/O[3]
                         net (fo=5, routed)           0.962     6.172    core/d_req_addr[23]
    SLICE_X43Y16         LUT4 (Prop_lut4_I0_O)        0.306     6.478 r  core/d_err1_i_3/O
                         net (fo=1, routed)           0.433     6.911    core/d_err1_i_3_n_0
    SLICE_X43Y16         LUT6 (Prop_lut6_I0_O)        0.124     7.035 f  core/d_err1_i_2/O
                         net (fo=3, routed)           0.297     7.333    core/d_err1_i_2_0
    SLICE_X41Y16         LUT6 (Prop_lut6_I5_O)        0.124     7.457 r  core/bram_samples_request.ram_reg_0_0_0_i_21/O
                         net (fo=12, routed)          1.123     8.579    core/bram_samples_request.ram_reg_0_0_0_i_21_n_0
    SLICE_X70Y22         LUT5 (Prop_lut5_I4_O)        0.124     8.703 r  core/bram_samples_request.ram_reg_3_0_5_i_2/O
                         net (fo=3, routed)           1.156     9.859    core_n_92
    RAMB36_X4Y5          RAMB36E1                                     r  bram_samples_request.ram_reg_3_0_6/WEA[0]
  -------------------------------------------------------------------    -------------------

                         (clock clk rise edge)       10.000    10.000 r  
                                                      0.000    10.000 r  clk (IN)
                         net (fo=1708, unset)         0.924    10.924    clk
    RAMB36_X4Y5          RAMB36E1                                     r  bram_samples_request.ram_reg_3_0_6/CLKARDCLK
                         clock pessimism              0.000    10.924    
                         clock uncertainty           -0.035    10.889    
    RAMB36_X4Y5          RAMB36E1 (Setup_ramb36e1_CLKARDCLK_WEA[0])
                                                     -0.532    10.357    bram_samples_request.ram_reg_3_0_6
  -------------------------------------------------------------------
                         required time                         10.357    
                         arrival time                          -9.859    
  -------------------------------------------------------------------
                         slack                                  0.498    

Slack (MET) :             0.536ns  (required time - arrival time)
  Source:                 core/w_reg[result][9]/C
                            (rising edge-triggered cell FDRE clocked by clk  {rise@0.000ns fall@5.000ns period=10.000ns})
  Destination:            bram_samples_request.ram_reg_3_0_2/WEA[0]
                            (rising edge-triggered cell RAMB36E1 clocked by clk  {rise@0.000ns fall@5.000ns period=10.000ns})
  Path Group:             clk
  Path Type:              Setup (Max at Slow Process Corner)
  Requirement:            10.000ns  (clk rise@10.000ns - clk rise@0.000ns)
  Data Path Delay:        8.848ns  (logic 2.613ns (29.532%)  route 6.235ns (70.468%))
  Logic Levels:           11  (CARRY4=4 LUT2=1 LUT4=2 LUT5=2 LUT6=2)
  Clock Path Skew:        -0.049ns (DCD - SCD + CPR)
    Destination Clock Delay (DCD):    0.924ns = ( 10.924 - 10.000 ) 
    Source Clock Delay      (SCD):    0.973ns
    Clock Pessimism Removal (CPR):    0.000ns
  Clock Uncertainty:      0.035ns  ((TSJ^2 + TIJ^2)^1/2 + DJ) / 2 + PE
    Total System Jitter     (TSJ):    0.071ns
    Total Input Jitter      (TIJ):    0.000ns
    Discrete Jitter          (DJ):    0.000ns
    Phase Error              (PE):    0.000ns

    Location             Delay type                Incr(ns)  Path(ns)    Netlist Resource(s)
  -------------------------------------------------------------------    -------------------
                         (clock clk rise edge)        0.000     0.000 r  
                                                      0.000     0.000 r  clk (IN)
                         net (fo=1708, unset)         0.973     0.973    core/clk
    SLICE_X43Y5          FDRE                                         r  core/w_reg[result][9]/C
  -------------------------------------------------------------------    -------------------
    SLICE_X43Y5          FDRE (Prop_fdre_C_Q)         0.456     1.429 r  core/w_reg[result][9]/Q
                         net (fo=6, routed)           1.153     2.582    core/fetch/e_rs1v[31]_i_4_0[9]
    SLICE_X46Y8          LUT4 (Prop_lut4_I0_O)        0.124     2.706 r  core/fetch/e_rs1v[9]_i_3/O
                         net (fo=1, routed)           0.564     3.270    core/fetch/e_rs1v[9]_i_3_n_0
    SLICE_X45Y8          LUT5 (Prop_lut5_I4_O)        0.124     3.394 r  core/fetch/e_rs1v[9]_i_2/O
                         net (fo=28, routed)          0.585     3.979    core/fetch/m1[addr][11]_i_4_n_0
    SLICE_X43Y9          LUT2 (Prop_lut2_I0_O)        0.124     4.103 r  core/fetch/m1[addr][11]_i_8/O
                         net (fo=1, routed)           0.000     4.103    core/fetch/m1[addr][11]_i_8_n_0
    SLICE_X43Y9          CARRY4 (Prop_carry4_S[1]_CO[3])
                                                      0.550     4.653 r  core/fetch/m1_reg[addr][11]_i_1/CO[3]
                         net (fo=1, routed)           0.000     4.653    core/fetch/m1_reg[addr][11]_i_1_n_0
    SLICE_X43Y10         CARRY4 (Prop_carry4_CI_CO[3])
                                                      0.114     4.767 r  core/fetch/m1_reg[addr][15]_i_1/CO[3]
                         net (fo=1, routed)           0.000     4.767    core/fetch/m1_reg[addr][15]_i_1_n_0
    SLICE_X43Y11         CARRY4 (Prop_carry4_CI_CO[3])
                                                      0.114     4.881 r  core/fetch/m1_reg[addr][19]_i_1/CO[3]
                         net (fo=1, routed)           0.000     4.881    core/fetch/m1_reg[addr][19]_i_1_n_0
    SLICE_X43Y12         CARRY4 (Prop_carry4_CI_O[3])
                                                      0.329     5.210 f  core/fetch/m1_reg[addr][23]_i_1/O[3]
                         net (fo=5, routed)           0.962     6.172    core/d_req_addr[23]
    SLICE_X43Y16         LUT4 (Prop_lut4_I0_O)        0.306     6.478 r  core/d_err1_i_3/O
                         net (fo=1, routed)           0.433     6.911    core/d_err1_i_3_n_0
    SLICE_X43Y16         LUT6 (Prop_lut6_I0_O)        0.124     7.035 f  core/d_err1_i_2/O
                         net (fo=3, routed)           0.297     7.333    core/d_err1_i_2_0
    SLICE_X41Y16         LUT6 (Prop_lut6_I5_O)        0.124     7.457 r  core/bram_samples_request.ram_reg_0_0_0_i_21/O
                         net (fo=12, routed)          0.901     8.358    core/bram_samples_request.ram_reg_0_0_0_i_21_n_0
    SLICE_X52Y11         LUT5 (Prop_lut5_I4_O)        0.124     8.482 r  core/bram_samples_request.ram_reg_3_0_0_i_2/O
                         net (fo=3, routed)           1.339     9.821    core_n_90
    RAMB36_X3Y5          RAMB36E1                                     r  bram_samples_request.ram_reg_3_0_2/WEA[0]
  -------------------------------------------------------------------    -------------------

                         (clock clk rise edge)       10.000    10.000 r  
                                                      0.000    10.000 r  clk (IN)
                         net (fo=1708, unset)         0.924    10.924    clk
    RAMB36_X3Y5          RAMB36E1                                     r  bram_samples_request.ram_reg_3_0_2/CLKARDCLK
                         clock pessimism              0.000    10.924    
                         clock uncertainty           -0.035    10.889    
    RAMB36_X3Y5          RAMB36E1 (Setup_ramb36e1_CLKARDCLK_WEA[0])
                                                     -0.532    10.357    bram_samples_request.ram_reg_3_0_2
  -------------------------------------------------------------------
                         required time                         10.357    
                         arrival time                          -9.821    
  -------------------------------------------------------------------
                         slack                                  0.536    





Min Delay Paths
--------------------------------------------------------------------------------------
Slack (MET) :             0.110ns  (arrival time - required time)
  Source:                 core/mepc_reg[5]/C
                            (rising edge-triggered cell FDRE clocked by clk  {rise@0.000ns fall@5.000ns period=10.000ns})
  Destination:            core/fetch/e_pc_reg[5]/D
                            (rising edge-triggered cell FDRE clocked by clk  {rise@0.000ns fall@5.000ns period=10.000ns})
  Path Group:             clk
  Path Type:              Hold (Min at Fast Process Corner)
  Requirement:            0.000ns  (clk rise@0.000ns - clk rise@0.000ns)
  Data Path Delay:        0.252ns  (logic 0.186ns (73.740%)  route 0.066ns (26.260%))
  Logic Levels:           1  (LUT5=1)
  Clock Path Skew:        0.022ns (DCD - SCD - CPR)
    Destination Clock Delay (DCD):    0.432ns
    Source Clock Delay      (SCD):    0.410ns
    Clock Pessimism Removal (CPR):    -0.000ns

    Location             Delay type                Incr(ns)  Path(ns)    Netlist Resource(s)
  -------------------------------------------------------------------    -------------------
                         (clock clk rise edge)        0.000     0.000 r  
                                                      0.000     0.000 r  clk (IN)
                         net (fo=1708, unset)         0.410     0.410    core/clk
    SLICE_X15Y6          FDRE                                         r  core/mepc_reg[5]/C
  -------------------------------------------------------------------    -------------------
    SLICE_X15Y6          FDRE (Prop_fdre_C_Q)         0.141     0.551 r  core/mepc_reg[5]/Q
                         net (fo=3, routed)           0.066     0.617    core/fetch/e_pc_reg[31]_1[3]
    SLICE_X14Y6          LUT5 (Prop_lut5_I2_O)        0.045     0.662 r  core/fetch/e_pc[5]_i_1/O
                         net (fo=1, routed)           0.000     0.662    core/fetch/f_target[5]
    SLICE_X14Y6          FDRE                                         r  core/fetch/e_pc_reg[5]/D
  -------------------------------------------------------------------    -------------------

                         (clock clk rise edge)        0.000     0.000 r  
                                                      0.000     0.000 r  clk (IN)
                         net (fo=1708, unset)         0.432     0.432    core/fetch/clk
    SLICE_X14Y6          FDRE                                         r  core/fetch/e_pc_reg[5]/C
                         clock pessimism              0.000     0.432    
    SLICE_X14Y6          FDRE (Hold_fdre_C_D)         0.121     0.553    core/fetch/e_pc_reg[5]
  -------------------------------------------------------------------
                         required time                         -0.553    
                         arrival time                           0.662    
  -------------------------------------------------------------------
                         slack                                  0.110    

Slack (MET) :             0.110ns  (arrival time - required time)
  Source:                 core/div_quotient_reg[29]/C
                            (rising edge-triggered cell FDRE clocked by clk  {rise@0.000ns fall@5.000ns period=10.000ns})
  Destination:            core/div_quotient_reg[30]/D
                            (rising edge-triggered cell FDRE clocked by clk  {rise@0.000ns fall@5.000ns period=10.000ns})
  Path Group:             clk
  Path Type:              Hold (Min at Fast Process Corner)
  Requirement:            0.000ns  (clk rise@0.000ns - clk rise@0.000ns)
  Data Path Delay:        0.252ns  (logic 0.186ns (73.721%)  route 0.066ns (26.279%))
  Logic Levels:           1  (LUT5=1)
  Clock Path Skew:        0.022ns (DCD - SCD - CPR)
    Destination Clock Delay (DCD):    0.432ns
    Source Clock Delay      (SCD):    0.410ns
    Clock Pessimism Removal (CPR):    -0.000ns

    Location             Delay type                Incr(ns)  Path(ns)    Netlist Resource(s)
  -------------------------------------------------------------------    -------------------
                         (clock clk rise edge)        0.000     0.000 r  
                                                      0.000     0.000 r  clk (IN)
                         net (fo=1708, unset)         0.410     0.410    core/clk
    SLICE_X55Y20         FDRE                                         r  core/div_quotient_reg[29]/C
  -------------------------------------------------------------------    -------------------
    SLICE_X55Y20         FDRE (Prop_fdre_C_Q)         0.141     0.551 r  core/div_quotient_reg[29]/Q
                         net (fo=3, routed)           0.066     0.617    core/div_quotient_reg_n_0_[29]
    SLICE_X54Y20         LUT5 (Prop_lut5_I4_O)        0.045     0.662 r  core/div_quotient[30]_i_1/O
                         net (fo=1, routed)           0.000     0.662    core/div_quotient[30]_i_1_n_0
    SLICE_X54Y20         FDRE                                         r  core/div_quotient_reg[30]/D
  -------------------------------------------------------------------    -------------------

                         (clock clk rise edge)        0.000     0.000 r  
                                                      0.000     0.000 r  clk (IN)
                         net (fo=1708, unset)         0.432     0.432    core/clk
    SLICE_X54Y20         FDRE                                         r  core/div_quotient_reg[30]/C
                         clock pessimism              0.000     0.432    
    SLICE_X54Y20         FDRE (Hold_fdre_C_D)         0.121     0.553    core/div_quotient_reg[30]
  -------------------------------------------------------------------
                         required time                         -0.553    
                         arrival time                           0.662    
  -------------------------------------------------------------------
                         slack                                  0.110    

Slack (MET) :             0.121ns  (arrival time - required time)
  Source:                 core/div_quotient_reg[17]/C
                            (rising edge-triggered cell FDRE clocked by clk  {rise@0.000ns fall@5.000ns period=10.000ns})
  Destination:            core/div_quotient_reg[18]/D
                            (rising edge-triggered cell FDRE clocked by clk  {rise@0.000ns fall@5.000ns period=10.000ns})
  Path Group:             clk
  Path Type:              Hold (Min at Fast Process Corner)
  Requirement:            0.000ns  (clk rise@0.000ns - clk rise@0.000ns)
  Data Path Delay:        0.263ns  (logic 0.186ns (70.613%)  route 0.077ns (29.387%))
  Logic Levels:           1  (LUT5=1)
  Clock Path Skew:        0.022ns (DCD - SCD - CPR)
    Destination Clock Delay (DCD):    0.432ns
    Source Clock Delay      (SCD):    0.410ns
    Clock Pessimism Removal (CPR):    -0.000ns

    Location             Delay type                Incr(ns)  Path(ns)    Netlist Resource(s)
  -------------------------------------------------------------------    -------------------
                         (clock clk rise edge)        0.000     0.000 r  
                                                      0.000     0.000 r  clk (IN)
                         net (fo=1708, unset)         0.410     0.410    core/clk
    SLICE_X55Y17         FDRE                                         r  core/div_quotient_reg[17]/C
  -------------------------------------------------------------------    -------------------
    SLICE_X55Y17         FDRE (Prop_fdre_C_Q)         0.141     0.551 r  core/div_quotient_reg[17]/Q
                         net (fo=3, routed)           0.077     0.629    core/div_quotient_reg_n_0_[17]
    SLICE_X54Y17         LUT5 (Prop_lut5_I4_O)        0.045     0.674 r  core/div_quotient[18]_i_1/O
                         net (fo=1, routed)           0.000     0.674    core/div_quotient[18]_i_1_n_0
    SLICE_X54Y17         FDRE                                         r  core/div_quotient_reg[18]/D
  -------------------------------------------------------------------    -------------------

                         (clock clk rise edge)        0.000     0.000 r  
                                                      0.000     0.000 r  clk (IN)
                         net (fo=1708, unset)         0.432     0.432    core/clk
    SLICE_X54Y17         FDRE                                         r  core/div_quotient_reg[18]/C
                         clock pessimism              0.000     0.432    
    SLICE_X54Y17         FDRE (Hold_fdre_C_D)         0.121     0.553    core/div_quotient_reg[18]
  -------------------------------------------------------------------
                         required time                         -0.553    
                         arrival time                           0.674    
  -------------------------------------------------------------------
                         slack                                  0.121    

Slack (MET) :             0.132ns  (arrival time - required time)
  Source:                 bram_samples_request.d_q2_reg[16]_i_2/C
                            (rising edge-triggered cell FDRE clocked by clk  {rise@0.000ns fall@5.000ns period=10.000ns})
  Destination:            bram_samples_request.d_q2_reg[16]/D
                            (rising edge-triggered cell FDRE clocked by clk  {rise@0.000ns fall@5.000ns period=10.000ns})
  Path Group:             clk
  Path Type:              Hold (Min at Fast Process Corner)
  Requirement:            0.000ns  (clk rise@0.000ns - clk rise@0.000ns)
  Data Path Delay:        0.273ns  (logic 0.186ns (68.106%)  route 0.087ns (31.894%))
  Logic Levels:           1  (LUT3=1)
  Clock Path Skew:        0.022ns (DCD - SCD - CPR)
    Destination Clock Delay (DCD):    0.432ns
    Source Clock Delay      (SCD):    0.410ns
    Clock Pessimism Removal (CPR):    -0.000ns

    Location             Delay type                Incr(ns)  Path(ns)    Netlist Resource(s)
  -------------------------------------------------------------------    -------------------
                         (clock clk rise edge)        0.000     0.000 r  
                                                      0.000     0.000 r  clk (IN)
                         net (fo=1708, unset)         0.410     0.410    clk
    SLICE_X35Y23         FDRE                                         r  bram_samples_request.d_q2_reg[16]_i_2/C
  -------------------------------------------------------------------    -------------------
    SLICE_X35Y23         FDRE (Prop_fdre_C_Q)         0.141     0.551 r  bram_samples_request.d_q2_reg[16]_i_2/Q
                         net (fo=1, routed)           0.087     0.638    bram_samples_request.d_q2_reg[16]_i_2_n_0
    SLICE_X34Y23         LUT3 (Prop_lut3_I2_O)        0.045     0.683 r  bram_samples_request.d_q2[16]_i_1/O
                         net (fo=1, routed)           0.000     0.683    bram_samples_request.d_q[16]
    SLICE_X34Y23         FDRE                                         r  bram_samples_request.d_q2_reg[16]/D
  -------------------------------------------------------------------    -------------------

                         (clock clk rise edge)        0.000     0.000 r  
                                                      0.000     0.000 r  clk (IN)
                         net (fo=1708, unset)         0.432     0.432    clk
    SLICE_X34Y23         FDRE                                         r  bram_samples_request.d_q2_reg[16]/C
                         clock pessimism              0.000     0.432    
    SLICE_X34Y23         FDRE (Hold_fdre_C_D)         0.120     0.552    bram_samples_request.d_q2_reg[16]
  -------------------------------------------------------------------
                         required time                         -0.552    
                         arrival time                           0.683    
  -------------------------------------------------------------------
                         slack                                  0.132    

Slack (MET) :             0.132ns  (arrival time - required time)
  Source:                 bram_samples_request.d_q2_reg[20]_i_2/C
                            (rising edge-triggered cell FDRE clocked by clk  {rise@0.000ns fall@5.000ns period=10.000ns})
  Destination:            bram_samples_request.d_q2_reg[20]/D
                            (rising edge-triggered cell FDRE clocked by clk  {rise@0.000ns fall@5.000ns period=10.000ns})
  Path Group:             clk
  Path Type:              Hold (Min at Fast Process Corner)
  Requirement:            0.000ns  (clk rise@0.000ns - clk rise@0.000ns)
  Data Path Delay:        0.273ns  (logic 0.186ns (68.106%)  route 0.087ns (31.894%))
  Logic Levels:           1  (LUT3=1)
  Clock Path Skew:        0.022ns (DCD - SCD - CPR)
    Destination Clock Delay (DCD):    0.432ns
    Source Clock Delay      (SCD):    0.410ns
    Clock Pessimism Removal (CPR):    -0.000ns

    Location             Delay type                Incr(ns)  Path(ns)    Netlist Resource(s)
  -------------------------------------------------------------------    -------------------
                         (clock clk rise edge)        0.000     0.000 r  
                                                      0.000     0.000 r  clk (IN)
                         net (fo=1708, unset)         0.410     0.410    clk
    SLICE_X33Y25         FDRE                                         r  bram_samples_request.d_q2_reg[20]_i_2/C
  -------------------------------------------------------------------    -------------------
    SLICE_X33Y25         FDRE (Prop_fdre_C_Q)         0.141     0.551 r  bram_samples_request.d_q2_reg[20]_i_2/Q
                         net (fo=1, routed)           0.087     0.638    bram_samples_request.d_q2_reg[20]_i_2_n_0
    SLICE_X32Y25         LUT3 (Prop_lut3_I2_O)        0.045     0.683 r  bram_samples_request.d_q2[20]_i_1/O
                         net (fo=1, routed)           0.000     0.683    bram_samples_request.d_q[20]
    SLICE_X32Y25         FDRE                                         r  bram_samples_request.d_q2_reg[20]/D
  -------------------------------------------------------------------    -------------------

                         (clock clk rise edge)        0.000     0.000 r  
                                                      0.000     0.000 r  clk (IN)
                         net (fo=1708, unset)         0.432     0.432    clk
    SLICE_X32Y25         FDRE                                         r  bram_samples_request.d_q2_reg[20]/C
                         clock pessimism              0.000     0.432    
    SLICE_X32Y25         FDRE (Hold_fdre_C_D)         0.120     0.552    bram_samples_request.d_q2_reg[20]
  -------------------------------------------------------------------
                         required time                         -0.552    
                         arrival time                           0.683    
  -------------------------------------------------------------------
                         slack                                  0.132    

Slack (MET) :             0.133ns  (arrival time - required time)
  Source:                 core/fetch/rsp_pc_reg[4]/C
                            (rising edge-triggered cell FDRE clocked by clk  {rise@0.000ns fall@5.000ns period=10.000ns})
  Destination:            core/fetch/buf_pc_reg_0_3_0_5/RAMB/I
                            (rising edge-triggered cell RAMD32 clocked by clk  {rise@0.000ns fall@5.000ns period=10.000ns})
  Path Group:             clk
  Path Type:              Hold (Min at Fast Process Corner)
  Requirement:            0.000ns  (clk rise@0.000ns - clk rise@0.000ns)
  Data Path Delay:        0.301ns  (logic 0.164ns (54.540%)  route 0.137ns (45.460%))
  Logic Levels:           0  
  Clock Path Skew:        0.022ns (DCD - SCD - CPR)
    Destination Clock Delay (DCD):    0.432ns
    Source Clock Delay      (SCD):    0.410ns
    Clock Pessimism Removal (CPR):    -0.000ns

    Location             Delay type                Incr(ns)  Path(ns)    Netlist Resource(s)
  -------------------------------------------------------------------    -------------------
                         (clock clk rise edge)        0.000     0.000 r  
                                                      0.000     0.000 r  clk (IN)
                         net (fo=1708, unset)         0.410     0.410    core/fetch/clk
    SLICE_X8Y10          FDRE                                         r  core/fetch/rsp_pc_reg[4]/C
  -------------------------------------------------------------------    -------------------
    SLICE_X8Y10          FDRE (Prop_fdre_C_Q)         0.164     0.574 r  core/fetch/rsp_pc_reg[4]/Q
                         net (fo=3, routed)           0.137     0.711    core/fetch/buf_pc_reg_0_3_0_5/DIB0
    SLICE_X10Y11         RAMD32                                       r  core/fetch/buf_pc_reg_0_3_0_5/RAMB/I
  -------------------------------------------------------------------    -------------------

                         (clock clk rise edge)        0.000     0.000 r  
                                                      0.000     0.000 r  clk (IN)
                         net (fo=1708, unset)         0.432     0.432    core/fetch/buf_pc_reg_0_3_0_5/WCLK
    SLICE_X10Y11         RAMD32                                       r  core/fetch/buf_pc_reg_0_3_0_5/RAMB/CLK
                         clock pessimism              0.000     0.432    
    SLICE_X10Y11         RAMD32 (Hold_ramd32_CLK_I)
                                                      0.146     0.578    core/fetch/buf_pc_reg_0_3_0_5/RAMB
  -------------------------------------------------------------------
                         required time                         -0.578    
                         arrival time                           0.711    
  -------------------------------------------------------------------
                         slack                                  0.133    

Slack (MET) :             0.135ns  (arrival time - required time)
  Source:                 core/w_reg[result][13]/C
                            (rising edge-triggered cell FDRE clocked by clk  {rise@0.000ns fall@5.000ns period=10.000ns})
  Destination:            core/rf_reg_r1_0_31_12_17/RAMA_D1/I
                            (rising edge-triggered cell RAMD32 clocked by clk  {rise@0.000ns fall@5.000ns period=10.000ns})
  Path Group:             clk
  Path Type:              Hold (Min at Fast Process Corner)
  Requirement:            0.000ns  (clk rise@0.000ns - clk rise@0.000ns)
  Data Path Delay:        0.277ns  (logic 0.141ns (50.967%)  route 0.136ns (49.033%))
  Logic Levels:           0  
  Clock Path Skew:        0.022ns (DCD - SCD - CPR)
    Destination Clock Delay (DCD):    0.432ns
    Source Clock Delay      (SCD):    0.410ns
    Clock Pessimism Removal (CPR):    -0.000ns

    Location             Delay type                Incr(ns)  Path(ns)    Netlist Resource(s)
  -------------------------------------------------------------------    -------------------
                         (clock clk rise edge)        0.000     0.000 r  
                                                      0.000     0.000 r  clk (IN)
                         net (fo=1708, unset)         0.410     0.410    core/clk
    SLICE_X45Y10         FDRE                                         r  core/w_reg[result][13]/C
  -------------------------------------------------------------------    -------------------
    SLICE_X45Y10         FDRE (Prop_fdre_C_Q)         0.141     0.551 r  core/w_reg[result][13]/Q
                         net (fo=6, routed)           0.136     0.687    core/rf_reg_r1_0_31_12_17/DIA1
    SLICE_X46Y9          RAMD32                                       r  core/rf_reg_r1_0_31_12_17/RAMA_D1/I
  -------------------------------------------------------------------    -------------------

                         (clock clk rise edge)        0.000     0.000 r  
                                                      0.000     0.000 r  clk (IN)
                         net (fo=1708, unset)         0.432     0.432    core/rf_reg_r1_0_31_12_17/WCLK
    SLICE_X46Y9          RAMD32                                       r  core/rf_reg_r1_0_31_12_17/RAMA_D1/CLK
                         clock pessimism              0.000     0.432    
    SLICE_X46Y9          RAMD32 (Hold_ramd32_CLK_I)
                                                      0.120     0.552    core/rf_reg_r1_0_31_12_17/RAMA_D1
  -------------------------------------------------------------------
                         required time                         -0.552    
                         arrival time                           0.687    
  -------------------------------------------------------------------
                         slack                                  0.135    

Slack (MET) :             0.139ns  (arrival time - required time)
  Source:                 core/fetch/rsp_pc_reg[21]/C
                            (rising edge-triggered cell FDRE clocked by clk  {rise@0.000ns fall@5.000ns period=10.000ns})
  Destination:            core/fetch/buf_pc_reg_0_3_18_23/RAMA_D1/I
                            (rising edge-triggered cell RAMD32 clocked by clk  {rise@0.000ns fall@5.000ns period=10.000ns})
  Path Group:             clk
  Path Type:              Hold (Min at Fast Process Corner)
  Requirement:            0.000ns  (clk rise@0.000ns - clk rise@0.000ns)
  Data Path Delay:        0.281ns  (logic 0.141ns (50.217%)  route 0.140ns (49.783%))
  Logic Levels:           0  
  Clock Path Skew:        0.022ns (DCD - SCD - CPR)
    Destination Clock Delay (DCD):    0.432ns
    Source Clock Delay      (SCD):    0.410ns
    Clock Pessimism Removal (CPR):    -0.000ns

    Location             Delay type                Incr(ns)  Path(ns)    Netlist Resource(s)
  -------------------------------------------------------------------    -------------------
                         (clock clk rise edge)        0.000     0.000 r  
                                                      0.000     0.000 r  clk (IN)
                         net (fo=1708, unset)         0.410     0.410    core/fetch/clk
    SLICE_X11Y15         FDRE                                         r  core/fetch/rsp_pc_reg[21]/C
  -------------------------------------------------------------------    -------------------
    SLICE_X11Y15         FDRE (Prop_fdre_C_Q)         0.141     0.551 r  core/fetch/rsp_pc_reg[21]/Q
                         net (fo=5, routed)           0.140     0.691    core/fetch/buf_pc_reg_0_3_18_23/DIA1
    SLICE_X10Y15         RAMD32                                       r  core/fetch/buf_pc_reg_0_3_18_23/RAMA_D1/I
  -------------------------------------------------------------------    -------------------

                         (clock clk rise edge)        0.000     0.000 r  
                                                      0.000     0.000 r  clk (IN)
                         net (fo=1708, unset)         0.432     0.432    core/fetch/buf_pc_reg_0_3_18_23/WCLK
    SLICE_X10Y15         RAMD32                                       r  core/fetch/buf_pc_reg_0_3_18_23/RAMA_D1/CLK
                         clock pessimism              0.000     0.432    
    SLICE_X10Y15         RAMD32 (Hold_ramd32_CLK_I)
                                                      0.120     0.552    core/fetch/buf_pc_reg_0_3_18_23/RAMA_D1
  -------------------------------------------------------------------
                         required time                         -0.552    
                         arrival time                           0.691    
  -------------------------------------------------------------------
                         slack                                  0.139    

Slack (MET) :             0.144ns  (arrival time - required time)
  Source:                 core/mtvec_reg[30]/C
                            (rising edge-triggered cell FDRE clocked by clk  {rise@0.000ns fall@5.000ns period=10.000ns})
  Destination:            core/fetch/e_pc_reg[30]/D
                            (rising edge-triggered cell FDRE clocked by clk  {rise@0.000ns fall@5.000ns period=10.000ns})
  Path Group:             clk
  Path Type:              Hold (Min at Fast Process Corner)
  Requirement:            0.000ns  (clk rise@0.000ns - clk rise@0.000ns)
  Data Path Delay:        0.285ns  (logic 0.186ns (65.209%)  route 0.099ns (34.791%))
  Logic Levels:           1  (LUT5=1)
  Clock Path Skew:        0.022ns (DCD - SCD - CPR)
    Destination Clock Delay (DCD):    0.432ns
    Source Clock Delay      (SCD):    0.410ns
    Clock Pessimism Removal (CPR):    -0.000ns

    Location             Delay type                Incr(ns)  Path(ns)    Netlist Resource(s)
  -------------------------------------------------------------------    -------------------
                         (clock clk rise edge)        0.000     0.000 r  
                                                      0.000     0.000 r  clk (IN)
                         net (fo=1708, unset)         0.410     0.410    core/clk
    SLICE_X15Y18         FDRE                                         r  core/mtvec_reg[30]/C
  -------------------------------------------------------------------    -------------------
    SLICE_X15Y18         FDRE (Prop_fdre_C_Q)         0.141     0.551 r  core/mtvec_reg[30]/Q
                         net (fo=2, routed)           0.099     0.650    core/fetch/e_pc_reg[31]_0[28]
    SLICE_X14Y18         LUT5 (Prop_lut5_I0_O)        0.045     0.695 r  core/fetch/e_pc[30]_i_1/O
                         net (fo=1, routed)           0.000     0.695    core/fetch/f_target[30]
    SLICE_X14Y18         FDRE                                         r  core/fetch/e_pc_reg[30]/D
  -------------------------------------------------------------------    -------------------

                         (clock clk rise edge)        0.000     0.000 r  
                                                      0.000     0.000 r  clk (IN)
                         net (fo=1708, unset)         0.432     0.432    core/fetch/clk
    SLICE_X14Y18         FDRE                                         r  core/fetch/e_pc_reg[30]/C
                         clock pessimism              0.000     0.432    
    SLICE_X14Y18         FDRE (Hold_fdre_C_D)         0.120     0.552    core/fetch/e_pc_reg[30]
  -------------------------------------------------------------------
                         required time                         -0.552    
                         arrival time                           0.695    
  -------------------------------------------------------------------
                         slack                                  0.144    

Slack (MET) :             0.145ns  (arrival time - required time)
  Source:                 core/w_reg[result][17]/C
                            (rising edge-triggered cell FDRE clocked by clk  {rise@0.000ns fall@5.000ns period=10.000ns})
  Destination:            core/rf_reg_r2_0_31_12_17/RAMC_D1/I
                            (rising edge-triggered cell RAMD32 clocked by clk  {rise@0.000ns fall@5.000ns period=10.000ns})
  Path Group:             clk
  Path Type:              Hold (Min at Fast Process Corner)
  Requirement:            0.000ns  (clk rise@0.000ns - clk rise@0.000ns)
  Data Path Delay:        0.280ns  (logic 0.141ns (50.330%)  route 0.139ns (49.670%))
  Logic Levels:           0  
  Clock Path Skew:        0.022ns (DCD - SCD - CPR)
    Destination Clock Delay (DCD):    0.432ns
    Source Clock Delay      (SCD):    0.410ns
    Clock Pessimism Removal (CPR):    -0.000ns

    Location             Delay type                Incr(ns)  Path(ns)    Netlist Resource(s)
  -------------------------------------------------------------------    -------------------
                         (clock clk rise edge)        0.000     0.000 r  
                                                      0.000     0.000 r  clk (IN)
                         net (fo=1708, unset)         0.410     0.410    core/clk
    SLICE_X44Y11         FDRE                                         r  core/w_reg[result][17]/C
  -------------------------------------------------------------------    -------------------
    SLICE_X44Y11         FDRE (Prop_fdre_C_Q)         0.141     0.551 r  core/w_reg[result][17]/Q
                         net (fo=6, routed)           0.139     0.690    core/rf_reg_r2_0_31_12_17/DIC1
    SLICE_X46Y10         RAMD32                                       r  core/rf_reg_r2_0_31_12_17/RAMC_D1/I
  -------------------------------------------------------------------    -------------------

                         (clock clk rise edge)        0.000     0.000 r  
                                                      0.000     0.000 r  clk (IN)
                         net (fo=1708, unset)         0.432     0.432    core/rf_reg_r2_0_31_12_17/WCLK
    SLICE_X46Y10         RAMD32                                       r  core/rf_reg_r2_0_31_12_17/RAMC_D1/CLK
                         clock pessimism              0.000     0.432    
    SLICE_X46Y10         RAMD32 (Hold_ramd32_CLK_I)
                                                      0.114     0.546    core/rf_reg_r2_0_31_12_17/RAMC_D1
  -------------------------------------------------------------------
                         required time                         -0.546    
                         arrival time                           0.690    
  -------------------------------------------------------------------
                         slack                                  0.145    





Pulse Width Checks
--------------------------------------------------------------------------------------
Clock Name:         clk
Waveform(ns):       { 0.000 5.000 }
Period(ns):         10.000
Sources:            { clk }

Check Type        Corner  Lib Pin             Reference Pin  Required(ns)  Actual(ns)  Slack(ns)  Location      Pin
Min Period        n/a     DSP48E1/CLK         n/a            3.884         10.000      6.116      DSP48_X1Y2    core/pp_lh_reg/CLK
Min Period        n/a     DSP48E1/CLK         n/a            3.884         10.000      6.116      DSP48_X1Y3    core/pp_ll_reg/CLK
Min Period        n/a     DSP48E1/CLK         n/a            3.687         10.000      6.313      DSP48_X2Y1    core/pp_hl_reg/CLK
Min Period        n/a     RAMB36E1/CLKARDCLK  n/a            2.944         10.000      7.056      RAMB36_X1Y2   bram_samples_request.ram_reg_0_0_0/CLKARDCLK
Min Period        n/a     RAMB36E1/CLKARDCLK  n/a            2.944         10.000      7.056      RAMB36_X0Y2   bram_samples_request.ram_reg_0_0_1/CLKARDCLK
Min Period        n/a     RAMB36E1/CLKARDCLK  n/a            2.944         10.000      7.056      RAMB36_X1Y1   bram_samples_request.ram_reg_0_0_2/CLKARDCLK
Min Period        n/a     RAMB36E1/CLKARDCLK  n/a            2.944         10.000      7.056      RAMB36_X0Y1   bram_samples_request.ram_reg_0_0_3/CLKARDCLK
Min Period        n/a     RAMB36E1/CLKARDCLK  n/a            2.944         10.000      7.056      RAMB36_X1Y4   bram_samples_request.ram_reg_0_0_4/CLKARDCLK
Min Period        n/a     RAMB36E1/CLKARDCLK  n/a            2.944         10.000      7.056      RAMB36_X3Y2   bram_samples_request.ram_reg_0_0_5/CLKARDCLK
Min Period        n/a     RAMB36E1/CLKARDCLK  n/a            2.944         10.000      7.056      RAMB36_X1Y0   bram_samples_request.ram_reg_0_0_6/CLKARDCLK
Low Pulse Width   Slow    RAMD32/CLK          n/a            1.250         5.000       3.750      SLICE_X10Y14  core/fetch/buf_err_reg_0_3_0_0/DP/CLK
Low Pulse Width   Fast    RAMD32/CLK          n/a            1.250         5.000       3.750      SLICE_X10Y14  core/fetch/buf_err_reg_0_3_0_0/DP/CLK
Low Pulse Width   Slow    RAMD32/CLK          n/a            1.250         5.000       3.750      SLICE_X10Y14  core/fetch/buf_err_reg_0_3_0_0/SP/CLK
Low Pulse Width   Fast    RAMD32/CLK          n/a            1.250         5.000       3.750      SLICE_X10Y14  core/fetch/buf_err_reg_0_3_0_0/SP/CLK
Low Pulse Width   Slow    RAMD32/CLK          n/a            1.250         5.000       3.750      SLICE_X10Y9   core/fetch/buf_insn_reg_0_3_0_5/RAMA/CLK
Low Pulse Width   Fast    RAMD32/CLK          n/a            1.250         5.000       3.750      SLICE_X10Y9   core/fetch/buf_insn_reg_0_3_0_5/RAMA/CLK
Low Pulse Width   Slow    RAMD32/CLK          n/a            1.250         5.000       3.750      SLICE_X10Y9   core/fetch/buf_insn_reg_0_3_0_5/RAMA_D1/CLK
Low Pulse Width   Fast    RAMD32/CLK          n/a            1.250         5.000       3.750      SLICE_X10Y9   core/fetch/buf_insn_reg_0_3_0_5/RAMA_D1/CLK
Low Pulse Width   Slow    RAMD32/CLK          n/a            1.250         5.000       3.750      SLICE_X10Y9   core/fetch/buf_insn_reg_0_3_0_5/RAMB/CLK
Low Pulse Width   Fast    RAMD32/CLK          n/a            1.250         5.000       3.750      SLICE_X10Y9   core/fetch/buf_insn_reg_0_3_0_5/RAMB/CLK
High Pulse Width  Slow    RAMD32/CLK          n/a            1.250         5.000       3.750      SLICE_X10Y14  core/fetch/buf_err_reg_0_3_0_0/DP/CLK
High Pulse Width  Fast    RAMD32/CLK          n/a            1.250         5.000       3.750      SLICE_X10Y14  core/fetch/buf_err_reg_0_3_0_0/DP/CLK
High Pulse Width  Slow    RAMD32/CLK          n/a            1.250         5.000       3.750      SLICE_X10Y14  core/fetch/buf_err_reg_0_3_0_0/SP/CLK
High Pulse Width  Fast    RAMD32/CLK          n/a            1.250         5.000       3.750      SLICE_X10Y14  core/fetch/buf_err_reg_0_3_0_0/SP/CLK
High Pulse Width  Slow    RAMD32/CLK          n/a            1.250         5.000       3.750      SLICE_X10Y9   core/fetch/buf_insn_reg_0_3_0_5/RAMA/CLK
High Pulse Width  Fast    RAMD32/CLK          n/a            1.250         5.000       3.750      SLICE_X10Y9   core/fetch/buf_insn_reg_0_3_0_5/RAMA/CLK
High Pulse Width  Slow    RAMD32/CLK          n/a            1.250         5.000       3.750      SLICE_X10Y9   core/fetch/buf_insn_reg_0_3_0_5/RAMA_D1/CLK
High Pulse Width  Fast    RAMD32/CLK          n/a            1.250         5.000       3.750      SLICE_X10Y9   core/fetch/buf_insn_reg_0_3_0_5/RAMA_D1/CLK
High Pulse Width  Slow    RAMD32/CLK          n/a            1.250         5.000       3.750      SLICE_X10Y9   core/fetch/buf_insn_reg_0_3_0_5/RAMB/CLK
High Pulse Width  Fast    RAMD32/CLK          n/a            1.250         5.000       3.750      SLICE_X10Y9   core/fetch/buf_insn_reg_0_3_0_5/RAMB/CLK



